snapshot_date,snapshot_at_utc,source,format_slug,format_name,source_url,core_rank,core_size,core_label,pokemon_names,usage_pct,team_count
2026-05-21,2026-05-21T19:16:10Z,pikalytics,gen9championsvgc2026regma,Pokemon Champions VGC 2026 Regulation Set M-A,https://pikalytics.com/pokedex/gen9championsvgc2026regma,1,2,Kingambit / Sneasler,Kingambit:Sneasler,19.4,2501
2026-05-21,2026-05-21T19:16:10Z,pikalytics,gen9championsvgc2026regma,Pokemon Champions VGC 2026 Regulation Set M-A,https://pikalytics.com/pokedex/gen9championsvgc2026regma,2,2,Garchomp / Sneasler,Garchomp:Sneasler,19.2,2483
2026-05-21,2026-05-21T19:16:10Z,pikalytics,gen9championsvgc2026regma,Pokemon Champions VGC 2026 Regulation Set M-A,https://pikalytics.com/pokedex/gen9championsvgc2026regma,3,2,Basculegion / Sneasler,Basculegion:Sneasler,18.0,2323
2026-05-21,2026-05-21T19:16:10Z,pikalytics,gen9championsvgc2026regma,Pokemon Champions VGC 2026 Regulation Set M-A,https://pikalytics.com/pokedex/gen9championsvgc2026regma,4,2,Basculegion / Kingambit,Basculegion:Kingambit,17.1,2204
2026-05-21,2026-05-21T19:16:10Z,pikalytics,gen9championsvgc2026regma,Pokemon Champions VGC 2026 Regulation Set M-A,https://pikalytics.com/pokedex/gen9championsvgc2026regma,5,2,Garchomp / Kingambit,Garchomp:Kingambit,17.1,2201
2026-05-21,2026-05-21T19:16:10Z,pikalytics,gen9championsvgc2026regma,Pokemon Champions VGC 2026 Regulation Set M-A,https://pikalytics.com/pokedex/gen9championsvgc2026regma,1,3,Basculegion / Kingambit / Sneasler,Basculegion:Kingambit:Sneasler,9.7,1245
2026-05-21,2026-05-21T19:16:10Z,pikalytics,gen9championsvgc2026regma,Pokemon Champions VGC 2026 Regulation Set M-A,https://pikalytics.com/pokedex/gen9championsvgc2026regma,2,3,Garchomp / Kingambit / Sneasler,Garchomp:Kingambit:Sneasler,9.2,1184
2026-05-21,2026-05-21T19:16:10Z,pikalytics,gen9championsvgc2026regma,Pokemon Champions VGC 2026 Regulation Set M-A,https://pikalytics.com/pokedex/gen9championsvgc2026regma,3,3,Basculegion / Garchomp / Kingambit,Basculegion:Garchomp:Kingambit,8.9,1148
2026-05-21,2026-05-21T19:16:10Z,pikalytics,gen9championsvgc2026regma,Pokemon Champions VGC 2026 Regulation Set M-A,https://pikalytics.com/pokedex/gen9championsvgc2026regma,4,3,Archaludon / Basculegion / Pelipper,Archaludon:Basculegion:Pelipper,7.8,1003
2026-05-21,2026-05-21T19:16:10Z,pikalytics,gen9championsvgc2026regma,Pokemon Champions VGC 2026 Regulation Set M-A,https://pikalytics.com/pokedex/gen9championsvgc2026regma,5,3,Charizard-Mega-Y / Garchomp / Kingambit,Charizard-Mega-Y:Garchomp:Kingambit,7.2,927
2026-05-21,2026-05-21T19:16:10Z,pikalytics,gen9championsvgc2026regma,Pokemon Champions VGC 2026 Regulation Set M-A,https://pikalytics.com/pokedex/gen9championsvgc2026regma,1,4,Basculegion / Charizard-Mega-Y / Garchomp / Kingambit,Basculegion:Charizard-Mega-Y:Garchomp:Kingambit,4.2,543
2026-05-21,2026-05-21T19:16:10Z,pikalytics,gen9championsvgc2026regma,Pokemon Champions VGC 2026 Regulation Set M-A,https://pikalytics.com/pokedex/gen9championsvgc2026regma,2,4,Basculegion / Garchomp / Kingambit / Sneasler,Basculegion:Garchomp:Kingambit:Sneasler,3.9,503
2026-05-21,2026-05-21T19:16:10Z,pikalytics,gen9championsvgc2026regma,Pokemon Champions VGC 2026 Regulation Set M-A,https://pikalytics.com/pokedex/gen9championsvgc2026regma,3,4,Archaludon / Basculegion / Pelipper / Sneasler,Archaludon:Basculegion:Pelipper:Sneasler,3.4,439
2026-05-21,2026-05-21T19:16:10Z,pikalytics,gen9championsvgc2026regma,Pokemon Champions VGC 2026 Regulation Set M-A,https://pikalytics.com/pokedex/gen9championsvgc2026regma,4,4,Basculegion / Floette-Eternal-Mega / Garchomp / Kingambit,Basculegion:Floette-Eternal-Mega:Garchomp:Kingambit,3.2,417
2026-05-21,2026-05-21T19:16:10Z,pikalytics,gen9championsvgc2026regma,Pokemon Champions VGC 2026 Regulation Set M-A,https://pikalytics.com/pokedex/gen9championsvgc2026regma,5,4,Charizard-Mega-Y / Garchomp / Incineroar / Sneasler,Charizard-Mega-Y:Garchomp:Incineroar:Sneasler,3.2,415
2026-05-22,2026-05-22T12:00:02Z,pikalytics,gen9championsvgc2026regma,Pokemon Champions VGC 2026 Regulation Set M-A,https://pikalytics.com/pokedex/gen9championsvgc2026regma,1,2,Kingambit / Sneasler,Kingambit:Sneasler,19.4,2501
2026-05-22,2026-05-22T12:00:02Z,pikalytics,gen9championsvgc2026regma,Pokemon Champions VGC 2026 Regulation Set M-A,https://pikalytics.com/pokedex/gen9championsvgc2026regma,2,2,Garchomp / Sneasler,Garchomp:Sneasler,19.2,2483
2026-05-22,2026-05-22T12:00:02Z,pikalytics,gen9championsvgc2026regma,Pokemon Champions VGC 2026 Regulation Set M-A,https://pikalytics.com/pokedex/gen9championsvgc2026regma,3,2,Basculegion / Sneasler,Basculegion:Sneasler,18.0,2323
2026-05-22,2026-05-22T12:00:02Z,pikalytics,gen9championsvgc2026regma,Pokemon Champions VGC 2026 Regulation Set M-A,https://pikalytics.com/pokedex/gen9championsvgc2026regma,4,2,Basculegion / Kingambit,Basculegion:Kingambit,17.1,2204
2026-05-22,2026-05-22T12:00:02Z,pikalytics,gen9championsvgc2026regma,Pokemon Champions VGC 2026 Regulation Set M-A,https://pikalytics.com/pokedex/gen9championsvgc2026regma,5,2,Garchomp / Kingambit,Garchomp:Kingambit,17.1,2201
2026-05-22,2026-05-22T12:00:02Z,pikalytics,gen9championsvgc2026regma,Pokemon Champions VGC 2026 Regulation Set M-A,https://pikalytics.com/pokedex/gen9championsvgc2026regma,1,3,Basculegion / Kingambit / Sneasler,Basculegion:Kingambit:Sneasler,9.7,1245
2026-05-22,2026-05-22T12:00:02Z,pikalytics,gen9championsvgc2026regma,Pokemon Champions VGC 2026 Regulation Set M-A,https://pikalytics.com/pokedex/gen9championsvgc2026regma,2,3,Garchomp / Kingambit / Sneasler,Garchomp:Kingambit:Sneasler,9.2,1184
2026-05-22,2026-05-22T12:00:02Z,pikalytics,gen9championsvgc2026regma,Pokemon Champions VGC 2026 Regulation Set M-A,https://pikalytics.com/pokedex/gen9championsvgc2026regma,3,3,Basculegion / Garchomp / Kingambit,Basculegion:Garchomp:Kingambit,8.9,1148
2026-05-22,2026-05-22T12:00:02Z,pikalytics,gen9championsvgc2026regma,Pokemon Champions VGC 2026 Regulation Set M-A,https://pikalytics.com/pokedex/gen9championsvgc2026regma,4,3,Archaludon / Basculegion / Pelipper,Archaludon:Basculegion:Pelipper,7.8,1003
2026-05-22,2026-05-22T12:00:02Z,pikalytics,gen9championsvgc2026regma,Pokemon Champions VGC 2026 Regulation Set M-A,https://pikalytics.com/pokedex/gen9championsvgc2026regma,5,3,Charizard-Mega-Y / Garchomp / Kingambit,Charizard-Mega-Y:Garchomp:Kingambit,7.2,927
2026-05-22,2026-05-22T12:00:02Z,pikalytics,gen9championsvgc2026regma,Pokemon Champions VGC 2026 Regulation Set M-A,https://pikalytics.com/pokedex/gen9championsvgc2026regma,1,4,Basculegion / Charizard-Mega-Y / Garchomp / Kingambit,Basculegion:Charizard-Mega-Y:Garchomp:Kingambit,4.2,543
2026-05-22,2026-05-22T12:00:02Z,pikalytics,gen9championsvgc2026regma,Pokemon Champions VGC 2026 Regulation Set M-A,https://pikalytics.com/pokedex/gen9championsvgc2026regma,2,4,Basculegion / Garchomp / Kingambit / Sneasler,Basculegion:Garchomp:Kingambit:Sneasler,3.9,503
2026-05-22,2026-05-22T12:00:02Z,pikalytics,gen9championsvgc2026regma,Pokemon Champions VGC 2026 Regulation Set M-A,https://pikalytics.com/pokedex/gen9championsvgc2026regma,3,4,Archaludon / Basculegion / Pelipper / Sneasler,Archaludon:Basculegion:Pelipper:Sneasler,3.4,439
2026-05-22,2026-05-22T12:00:02Z,pikalytics,gen9championsvgc2026regma,Pokemon Champions VGC 2026 Regulation Set M-A,https://pikalytics.com/pokedex/gen9championsvgc2026regma,4,4,Basculegion / Floette-Eternal-Mega / Garchomp / Kingambit,Basculegion:Floette-Eternal-Mega:Garchomp:Kingambit,3.2,417
2026-05-22,2026-05-22T12:00:02Z,pikalytics,gen9championsvgc2026regma,Pokemon Champions VGC 2026 Regulation Set M-A,https://pikalytics.com/pokedex/gen9championsvgc2026regma,5,4,Charizard-Mega-Y / Garchomp / Incineroar / Sneasler,Charizard-Mega-Y:Garchomp:Incineroar:Sneasler,3.2,415
2026-05-23,2026-05-23T12:00:02Z,pikalytics,gen9championsvgc2026regma,Pokemon Champions VGC 2026 Regulation Set M-A,https://pikalytics.com/pokedex/gen9championsvgc2026regma,1,2,Kingambit / Sneasler,Kingambit:Sneasler,19.4,2501
2026-05-23,2026-05-23T12:00:02Z,pikalytics,gen9championsvgc2026regma,Pokemon Champions VGC 2026 Regulation Set M-A,https://pikalytics.com/pokedex/gen9championsvgc2026regma,2,2,Garchomp / Sneasler,Garchomp:Sneasler,19.2,2483
2026-05-23,2026-05-23T12:00:02Z,pikalytics,gen9championsvgc2026regma,Pokemon Champions VGC 2026 Regulation Set M-A,https://pikalytics.com/pokedex/gen9championsvgc2026regma,3,2,Basculegion / Sneasler,Basculegion:Sneasler,18.0,2323
2026-05-23,2026-05-23T12:00:02Z,pikalytics,gen9championsvgc2026regma,Pokemon Champions VGC 2026 Regulation Set M-A,https://pikalytics.com/pokedex/gen9championsvgc2026regma,4,2,Basculegion / Kingambit,Basculegion:Kingambit,17.1,2204
2026-05-23,2026-05-23T12:00:02Z,pikalytics,gen9championsvgc2026regma,Pokemon Champions VGC 2026 Regulation Set M-A,https://pikalytics.com/pokedex/gen9championsvgc2026regma,5,2,Garchomp / Kingambit,Garchomp:Kingambit,17.1,2201
2026-05-23,2026-05-23T12:00:02Z,pikalytics,gen9championsvgc2026regma,Pokemon Champions VGC 2026 Regulation Set M-A,https://pikalytics.com/pokedex/gen9championsvgc2026regma,1,3,Basculegion / Kingambit / Sneasler,Basculegion:Kingambit:Sneasler,9.7,1245
2026-05-23,2026-05-23T12:00:02Z,pikalytics,gen9championsvgc2026regma,Pokemon Champions VGC 2026 Regulation Set M-A,https://pikalytics.com/pokedex/gen9championsvgc2026regma,2,3,Garchomp / Kingambit / Sneasler,Garchomp:Kingambit:Sneasler,9.2,1184
2026-05-23,2026-05-23T12:00:02Z,pikalytics,gen9championsvgc2026regma,Pokemon Champions VGC 2026 Regulation Set M-A,https://pikalytics.com/pokedex/gen9championsvgc2026regma,3,3,Basculegion / Garchomp / Kingambit,Basculegion:Garchomp:Kingambit,8.9,1148
2026-05-23,2026-05-23T12:00:02Z,pikalytics,gen9championsvgc2026regma,Pokemon Champions VGC 2026 Regulation Set M-A,https://pikalytics.com/pokedex/gen9championsvgc2026regma,4,3,Archaludon / Basculegion / Pelipper,Archaludon:Basculegion:Pelipper,7.8,1003
2026-05-23,2026-05-23T12:00:02Z,pikalytics,gen9championsvgc2026regma,Pokemon Champions VGC 2026 Regulation Set M-A,https://pikalytics.com/pokedex/gen9championsvgc2026regma,5,3,Charizard-Mega-Y / Garchomp / Kingambit,Charizard-Mega-Y:Garchomp:Kingambit,7.2,927
2026-05-23,2026-05-23T12:00:02Z,pikalytics,gen9championsvgc2026regma,Pokemon Champions VGC 2026 Regulation Set M-A,https://pikalytics.com/pokedex/gen9championsvgc2026regma,1,4,Basculegion / Charizard-Mega-Y / Garchomp / Kingambit,Basculegion:Charizard-Mega-Y:Garchomp:Kingambit,4.2,543
2026-05-23,2026-05-23T12:00:02Z,pikalytics,gen9championsvgc2026regma,Pokemon Champions VGC 2026 Regulation Set M-A,https://pikalytics.com/pokedex/gen9championsvgc2026regma,2,4,Basculegion / Garchomp / Kingambit / Sneasler,Basculegion:Garchomp:Kingambit:Sneasler,3.9,503
2026-05-23,2026-05-23T12:00:02Z,pikalytics,gen9championsvgc2026regma,Pokemon Champions VGC 2026 Regulation Set M-A,https://pikalytics.com/pokedex/gen9championsvgc2026regma,3,4,Archaludon / Basculegion / Pelipper / Sneasler,Archaludon:Basculegion:Pelipper:Sneasler,3.4,439
2026-05-23,2026-05-23T12:00:02Z,pikalytics,gen9championsvgc2026regma,Pokemon Champions VGC 2026 Regulation Set M-A,https://pikalytics.com/pokedex/gen9championsvgc2026regma,4,4,Basculegion / Floette-Eternal-Mega / Garchomp / Kingambit,Basculegion:Floette-Eternal-Mega:Garchomp:Kingambit,3.2,417
2026-05-23,2026-05-23T12:00:02Z,pikalytics,gen9championsvgc2026regma,Pokemon Champions VGC 2026 Regulation Set M-A,https://pikalytics.com/pokedex/gen9championsvgc2026regma,5,4,Charizard-Mega-Y / Garchomp / Incineroar / Sneasler,Charizard-Mega-Y:Garchomp:Incineroar:Sneasler,3.2,415
2026-05-24,2026-05-24T12:00:03Z,pikalytics,gen9championsvgc2026regma,What's winning in competitive Pokémon right now,https://pikalytics.com/pokedex/gen9championsvgc2026regma,1,2,Basculegion / Kingambit,Basculegion:Kingambit,21.2,1461
2026-05-24,2026-05-24T12:00:03Z,pikalytics,gen9championsvgc2026regma,What's winning in competitive Pokémon right now,https://pikalytics.com/pokedex/gen9championsvgc2026regma,2,2,Charizard-Mega-Y / Garchomp,Charizard-Mega-Y:Garchomp,19.0,1308
2026-05-24,2026-05-24T12:00:03Z,pikalytics,gen9championsvgc2026regma,What's winning in competitive Pokémon right now,https://pikalytics.com/pokedex/gen9championsvgc2026regma,3,2,Garchomp / Kingambit,Garchomp:Kingambit,18.9,1300
2026-05-24,2026-05-24T12:00:03Z,pikalytics,gen9championsvgc2026regma,What's winning in competitive Pokémon right now,https://pikalytics.com/pokedex/gen9championsvgc2026regma,4,2,Basculegion / Sneasler,Basculegion:Sneasler,17.9,1233
2026-05-24,2026-05-24T12:00:03Z,pikalytics,gen9championsvgc2026regma,What's winning in competitive Pokémon right now,https://pikalytics.com/pokedex/gen9championsvgc2026regma,5,2,Kingambit / Sneasler,Kingambit:Sneasler,17.9,1233
2026-05-24,2026-05-24T12:00:03Z,pikalytics,gen9championsvgc2026regma,What's winning in competitive Pokémon right now,https://pikalytics.com/pokedex/gen9championsvgc2026regma,1,3,Basculegion / Garchomp / Kingambit,Basculegion:Garchomp:Kingambit,11.8,814
2026-05-24,2026-05-24T12:00:03Z,pikalytics,gen9championsvgc2026regma,What's winning in competitive Pokémon right now,https://pikalytics.com/pokedex/gen9championsvgc2026regma,2,3,Charizard-Mega-Y / Garchomp / Kingambit,Charizard-Mega-Y:Garchomp:Kingambit,10.9,753
2026-05-24,2026-05-24T12:00:03Z,pikalytics,gen9championsvgc2026regma,What's winning in competitive Pokémon right now,https://pikalytics.com/pokedex/gen9championsvgc2026regma,3,3,Basculegion / Charizard-Mega-Y / Garchomp,Basculegion:Charizard-Mega-Y:Garchomp,10.9,751
2026-05-24,2026-05-24T12:00:03Z,pikalytics,gen9championsvgc2026regma,What's winning in competitive Pokémon right now,https://pikalytics.com/pokedex/gen9championsvgc2026regma,4,3,Basculegion / Kingambit / Sneasler,Basculegion:Kingambit:Sneasler,9.7,670
2026-05-24,2026-05-24T12:00:03Z,pikalytics,gen9championsvgc2026regma,What's winning in competitive Pokémon right now,https://pikalytics.com/pokedex/gen9championsvgc2026regma,5,3,Archaludon / Basculegion / Pelipper,Archaludon:Basculegion:Pelipper,8.9,614
2026-05-24,2026-05-24T12:00:03Z,pikalytics,gen9championsvgc2026regma,What's winning in competitive Pokémon right now,https://pikalytics.com/pokedex/gen9championsvgc2026regma,1,4,Basculegion / Charizard-Mega-Y / Garchomp / Kingambit,Basculegion:Charizard-Mega-Y:Garchomp:Kingambit,7.6,520
2026-05-24,2026-05-24T12:00:03Z,pikalytics,gen9championsvgc2026regma,What's winning in competitive Pokémon right now,https://pikalytics.com/pokedex/gen9championsvgc2026regma,2,4,Aerodactyl / Charizard-Mega-Y / Garchomp / Kingambit,Aerodactyl:Charizard-Mega-Y:Garchomp:Kingambit,4.2,287
2026-05-24,2026-05-24T12:00:03Z,pikalytics,gen9championsvgc2026regma,What's winning in competitive Pokémon right now,https://pikalytics.com/pokedex/gen9championsvgc2026regma,3,4,Basculegion / Floette-Eternal-Mega / Garchomp / Kingambit,Basculegion:Floette-Eternal-Mega:Garchomp:Kingambit,4.0,275
2026-05-24,2026-05-24T12:00:03Z,pikalytics,gen9championsvgc2026regma,What's winning in competitive Pokémon right now,https://pikalytics.com/pokedex/gen9championsvgc2026regma,4,4,Charizard-Mega-Y / Garchomp / Kingambit / Whimsicott,Charizard-Mega-Y:Garchomp:Kingambit:Whimsicott,3.7,252
2026-05-24,2026-05-24T12:00:03Z,pikalytics,gen9championsvgc2026regma,What's winning in competitive Pokémon right now,https://pikalytics.com/pokedex/gen9championsvgc2026regma,5,4,Basculegion / Garchomp / Kingambit / Sneasler,Basculegion:Garchomp:Kingambit:Sneasler,3.6,248
2026-05-25,2026-05-25T12:00:02Z,pikalytics,gen9championsvgc2026regma,"Best Pokemon, Teams and Builds in Pokemon Champions",https://pikalytics.com/pokedex/gen9championsvgc2026regma,1,2,Basculegion / Kingambit,Basculegion:Kingambit,21.2,1461
2026-05-25,2026-05-25T12:00:02Z,pikalytics,gen9championsvgc2026regma,"Best Pokemon, Teams and Builds in Pokemon Champions",https://pikalytics.com/pokedex/gen9championsvgc2026regma,2,2,Charizard-Mega-Y / Garchomp,Charizard-Mega-Y:Garchomp,19.0,1308
2026-05-25,2026-05-25T12:00:02Z,pikalytics,gen9championsvgc2026regma,"Best Pokemon, Teams and Builds in Pokemon Champions",https://pikalytics.com/pokedex/gen9championsvgc2026regma,3,2,Garchomp / Kingambit,Garchomp:Kingambit,18.9,1300
2026-05-25,2026-05-25T12:00:02Z,pikalytics,gen9championsvgc2026regma,"Best Pokemon, Teams and Builds in Pokemon Champions",https://pikalytics.com/pokedex/gen9championsvgc2026regma,4,2,Basculegion / Sneasler,Basculegion:Sneasler,17.9,1233
2026-05-25,2026-05-25T12:00:02Z,pikalytics,gen9championsvgc2026regma,"Best Pokemon, Teams and Builds in Pokemon Champions",https://pikalytics.com/pokedex/gen9championsvgc2026regma,5,2,Kingambit / Sneasler,Kingambit:Sneasler,17.9,1233
2026-05-25,2026-05-25T12:00:02Z,pikalytics,gen9championsvgc2026regma,"Best Pokemon, Teams and Builds in Pokemon Champions",https://pikalytics.com/pokedex/gen9championsvgc2026regma,1,3,Basculegion / Garchomp / Kingambit,Basculegion:Garchomp:Kingambit,11.8,814
2026-05-25,2026-05-25T12:00:02Z,pikalytics,gen9championsvgc2026regma,"Best Pokemon, Teams and Builds in Pokemon Champions",https://pikalytics.com/pokedex/gen9championsvgc2026regma,2,3,Charizard-Mega-Y / Garchomp / Kingambit,Charizard-Mega-Y:Garchomp:Kingambit,10.9,753
2026-05-25,2026-05-25T12:00:02Z,pikalytics,gen9championsvgc2026regma,"Best Pokemon, Teams and Builds in Pokemon Champions",https://pikalytics.com/pokedex/gen9championsvgc2026regma,3,3,Basculegion / Charizard-Mega-Y / Garchomp,Basculegion:Charizard-Mega-Y:Garchomp,10.9,751
2026-05-25,2026-05-25T12:00:02Z,pikalytics,gen9championsvgc2026regma,"Best Pokemon, Teams and Builds in Pokemon Champions",https://pikalytics.com/pokedex/gen9championsvgc2026regma,4,3,Basculegion / Kingambit / Sneasler,Basculegion:Kingambit:Sneasler,9.7,670
2026-05-25,2026-05-25T12:00:02Z,pikalytics,gen9championsvgc2026regma,"Best Pokemon, Teams and Builds in Pokemon Champions",https://pikalytics.com/pokedex/gen9championsvgc2026regma,5,3,Archaludon / Basculegion / Pelipper,Archaludon:Basculegion:Pelipper,8.9,614
2026-05-25,2026-05-25T12:00:02Z,pikalytics,gen9championsvgc2026regma,"Best Pokemon, Teams and Builds in Pokemon Champions",https://pikalytics.com/pokedex/gen9championsvgc2026regma,1,4,Basculegion / Charizard-Mega-Y / Garchomp / Kingambit,Basculegion:Charizard-Mega-Y:Garchomp:Kingambit,7.6,520
2026-05-25,2026-05-25T12:00:02Z,pikalytics,gen9championsvgc2026regma,"Best Pokemon, Teams and Builds in Pokemon Champions",https://pikalytics.com/pokedex/gen9championsvgc2026regma,2,4,Aerodactyl / Charizard-Mega-Y / Garchomp / Kingambit,Aerodactyl:Charizard-Mega-Y:Garchomp:Kingambit,4.2,287
2026-05-25,2026-05-25T12:00:02Z,pikalytics,gen9championsvgc2026regma,"Best Pokemon, Teams and Builds in Pokemon Champions",https://pikalytics.com/pokedex/gen9championsvgc2026regma,3,4,Basculegion / Floette-Eternal-Mega / Garchomp / Kingambit,Basculegion:Floette-Eternal-Mega:Garchomp:Kingambit,4.0,275
2026-05-25,2026-05-25T12:00:02Z,pikalytics,gen9championsvgc2026regma,"Best Pokemon, Teams and Builds in Pokemon Champions",https://pikalytics.com/pokedex/gen9championsvgc2026regma,4,4,Charizard-Mega-Y / Garchomp / Kingambit / Whimsicott,Charizard-Mega-Y:Garchomp:Kingambit:Whimsicott,3.7,252
2026-05-25,2026-05-25T12:00:02Z,pikalytics,gen9championsvgc2026regma,"Best Pokemon, Teams and Builds in Pokemon Champions",https://pikalytics.com/pokedex/gen9championsvgc2026regma,5,4,Basculegion / Garchomp / Kingambit / Sneasler,Basculegion:Garchomp:Kingambit:Sneasler,3.6,248
2026-05-26,2026-05-26T12:00:06Z,pikalytics,gen9championsvgc2026regma,"Best Pokemon, Teams and Builds in Pokemon Champions",https://pikalytics.com/pokedex/gen9championsvgc2026regma,1,2,Basculegion / Kingambit,Basculegion:Kingambit,22.2,1524
2026-05-26,2026-05-26T12:00:06Z,pikalytics,gen9championsvgc2026regma,"Best Pokemon, Teams and Builds in Pokemon Champions",https://pikalytics.com/pokedex/gen9championsvgc2026regma,2,2,Charizard-Mega-Y / Garchomp,Charizard-Mega-Y:Garchomp,19.9,1371
2026-05-26,2026-05-26T12:00:06Z,pikalytics,gen9championsvgc2026regma,"Best Pokemon, Teams and Builds in Pokemon Champions",https://pikalytics.com/pokedex/gen9championsvgc2026regma,3,2,Garchomp / Kingambit,Garchomp:Kingambit,19.4,1336
2026-05-26,2026-05-26T12:00:06Z,pikalytics,gen9championsvgc2026regma,"Best Pokemon, Teams and Builds in Pokemon Champions",https://pikalytics.com/pokedex/gen9championsvgc2026regma,4,2,Basculegion / Garchomp,Basculegion:Garchomp,19.2,1322
2026-05-26,2026-05-26T12:00:06Z,pikalytics,gen9championsvgc2026regma,"Best Pokemon, Teams and Builds in Pokemon Champions",https://pikalytics.com/pokedex/gen9championsvgc2026regma,5,2,Basculegion / Sneasler,Basculegion:Sneasler,16.8,1156
2026-05-26,2026-05-26T12:00:06Z,pikalytics,gen9championsvgc2026regma,"Best Pokemon, Teams and Builds in Pokemon Champions",https://pikalytics.com/pokedex/gen9championsvgc2026regma,1,3,Basculegion / Garchomp / Kingambit,Basculegion:Garchomp:Kingambit,12.8,880
2026-05-26,2026-05-26T12:00:06Z,pikalytics,gen9championsvgc2026regma,"Best Pokemon, Teams and Builds in Pokemon Champions",https://pikalytics.com/pokedex/gen9championsvgc2026regma,2,3,Basculegion / Charizard-Mega-Y / Garchomp,Basculegion:Charizard-Mega-Y:Garchomp,12.5,862
2026-05-26,2026-05-26T12:00:06Z,pikalytics,gen9championsvgc2026regma,"Best Pokemon, Teams and Builds in Pokemon Champions",https://pikalytics.com/pokedex/gen9championsvgc2026regma,3,3,Charizard-Mega-Y / Garchomp / Kingambit,Charizard-Mega-Y:Garchomp:Kingambit,11.9,817
2026-05-26,2026-05-26T12:00:06Z,pikalytics,gen9championsvgc2026regma,"Best Pokemon, Teams and Builds in Pokemon Champions",https://pikalytics.com/pokedex/gen9championsvgc2026regma,4,3,Basculegion / Charizard-Mega-Y / Kingambit,Basculegion:Charizard-Mega-Y:Kingambit,9.7,666
2026-05-26,2026-05-26T12:00:06Z,pikalytics,gen9championsvgc2026regma,"Best Pokemon, Teams and Builds in Pokemon Champions",https://pikalytics.com/pokedex/gen9championsvgc2026regma,5,3,Basculegion / Kingambit / Sneasler,Basculegion:Kingambit:Sneasler,9.1,627
2026-05-26,2026-05-26T12:00:06Z,pikalytics,gen9championsvgc2026regma,"Best Pokemon, Teams and Builds in Pokemon Champions",https://pikalytics.com/pokedex/gen9championsvgc2026regma,1,4,Basculegion / Charizard-Mega-Y / Garchomp / Kingambit,Basculegion:Charizard-Mega-Y:Garchomp:Kingambit,8.7,601
2026-05-26,2026-05-26T12:00:06Z,pikalytics,gen9championsvgc2026regma,"Best Pokemon, Teams and Builds in Pokemon Champions",https://pikalytics.com/pokedex/gen9championsvgc2026regma,2,4,Basculegion / Charizard-Mega-Y / Garchomp / Whimsicott,Basculegion:Charizard-Mega-Y:Garchomp:Whimsicott,4.7,323
2026-05-26,2026-05-26T12:00:06Z,pikalytics,gen9championsvgc2026regma,"Best Pokemon, Teams and Builds in Pokemon Champions",https://pikalytics.com/pokedex/gen9championsvgc2026regma,3,4,Charizard-Mega-Y / Garchomp / Kingambit / Whimsicott,Charizard-Mega-Y:Garchomp:Kingambit:Whimsicott,4.5,310
2026-05-26,2026-05-26T12:00:06Z,pikalytics,gen9championsvgc2026regma,"Best Pokemon, Teams and Builds in Pokemon Champions",https://pikalytics.com/pokedex/gen9championsvgc2026regma,4,4,Aerodactyl / Charizard-Mega-Y / Garchomp / Kingambit,Aerodactyl:Charizard-Mega-Y:Garchomp:Kingambit,4.1,282
2026-05-26,2026-05-26T12:00:06Z,pikalytics,gen9championsvgc2026regma,"Best Pokemon, Teams and Builds in Pokemon Champions",https://pikalytics.com/pokedex/gen9championsvgc2026regma,5,4,Basculegion / Charizard-Mega-Y / Garchomp / Sylveon,Basculegion:Charizard-Mega-Y:Garchomp:Sylveon,3.9,271
2026-05-27,2026-05-27T12:00:02Z,pikalytics,gen9championsvgc2026regma,"Best Pokemon, Teams and Builds in Pokemon Champions",https://pikalytics.com/pokedex/gen9championsvgc2026regma,1,2,Basculegion / Kingambit,Basculegion:Kingambit,22.2,1524
2026-05-27,2026-05-27T12:00:02Z,pikalytics,gen9championsvgc2026regma,"Best Pokemon, Teams and Builds in Pokemon Champions",https://pikalytics.com/pokedex/gen9championsvgc2026regma,2,2,Charizard-Mega-Y / Garchomp,Charizard-Mega-Y:Garchomp,19.9,1371
2026-05-27,2026-05-27T12:00:02Z,pikalytics,gen9championsvgc2026regma,"Best Pokemon, Teams and Builds in Pokemon Champions",https://pikalytics.com/pokedex/gen9championsvgc2026regma,3,2,Garchomp / Kingambit,Garchomp:Kingambit,19.4,1336
2026-05-27,2026-05-27T12:00:02Z,pikalytics,gen9championsvgc2026regma,"Best Pokemon, Teams and Builds in Pokemon Champions",https://pikalytics.com/pokedex/gen9championsvgc2026regma,4,2,Basculegion / Garchomp,Basculegion:Garchomp,19.2,1322
2026-05-27,2026-05-27T12:00:02Z,pikalytics,gen9championsvgc2026regma,"Best Pokemon, Teams and Builds in Pokemon Champions",https://pikalytics.com/pokedex/gen9championsvgc2026regma,5,2,Basculegion / Sneasler,Basculegion:Sneasler,16.8,1156
2026-05-27,2026-05-27T12:00:02Z,pikalytics,gen9championsvgc2026regma,"Best Pokemon, Teams and Builds in Pokemon Champions",https://pikalytics.com/pokedex/gen9championsvgc2026regma,1,3,Basculegion / Garchomp / Kingambit,Basculegion:Garchomp:Kingambit,12.8,880
2026-05-27,2026-05-27T12:00:02Z,pikalytics,gen9championsvgc2026regma,"Best Pokemon, Teams and Builds in Pokemon Champions",https://pikalytics.com/pokedex/gen9championsvgc2026regma,2,3,Basculegion / Charizard-Mega-Y / Garchomp,Basculegion:Charizard-Mega-Y:Garchomp,12.5,862
2026-05-27,2026-05-27T12:00:02Z,pikalytics,gen9championsvgc2026regma,"Best Pokemon, Teams and Builds in Pokemon Champions",https://pikalytics.com/pokedex/gen9championsvgc2026regma,3,3,Charizard-Mega-Y / Garchomp / Kingambit,Charizard-Mega-Y:Garchomp:Kingambit,11.9,817
2026-05-27,2026-05-27T12:00:02Z,pikalytics,gen9championsvgc2026regma,"Best Pokemon, Teams and Builds in Pokemon Champions",https://pikalytics.com/pokedex/gen9championsvgc2026regma,4,3,Basculegion / Charizard-Mega-Y / Kingambit,Basculegion:Charizard-Mega-Y:Kingambit,9.7,666
2026-05-27,2026-05-27T12:00:02Z,pikalytics,gen9championsvgc2026regma,"Best Pokemon, Teams and Builds in Pokemon Champions",https://pikalytics.com/pokedex/gen9championsvgc2026regma,5,3,Basculegion / Kingambit / Sneasler,Basculegion:Kingambit:Sneasler,9.1,627
2026-05-27,2026-05-27T12:00:02Z,pikalytics,gen9championsvgc2026regma,"Best Pokemon, Teams and Builds in Pokemon Champions",https://pikalytics.com/pokedex/gen9championsvgc2026regma,1,4,Basculegion / Charizard-Mega-Y / Garchomp / Kingambit,Basculegion:Charizard-Mega-Y:Garchomp:Kingambit,8.7,601
2026-05-27,2026-05-27T12:00:02Z,pikalytics,gen9championsvgc2026regma,"Best Pokemon, Teams and Builds in Pokemon Champions",https://pikalytics.com/pokedex/gen9championsvgc2026regma,2,4,Basculegion / Charizard-Mega-Y / Garchomp / Whimsicott,Basculegion:Charizard-Mega-Y:Garchomp:Whimsicott,4.7,323
2026-05-27,2026-05-27T12:00:02Z,pikalytics,gen9championsvgc2026regma,"Best Pokemon, Teams and Builds in Pokemon Champions",https://pikalytics.com/pokedex/gen9championsvgc2026regma,3,4,Charizard-Mega-Y / Garchomp / Kingambit / Whimsicott,Charizard-Mega-Y:Garchomp:Kingambit:Whimsicott,4.5,310
2026-05-27,2026-05-27T12:00:02Z,pikalytics,gen9championsvgc2026regma,"Best Pokemon, Teams and Builds in Pokemon Champions",https://pikalytics.com/pokedex/gen9championsvgc2026regma,4,4,Aerodactyl / Charizard-Mega-Y / Garchomp / Kingambit,Aerodactyl:Charizard-Mega-Y:Garchomp:Kingambit,4.1,282
2026-05-27,2026-05-27T12:00:02Z,pikalytics,gen9championsvgc2026regma,"Best Pokemon, Teams and Builds in Pokemon Champions",https://pikalytics.com/pokedex/gen9championsvgc2026regma,5,4,Basculegion / Charizard-Mega-Y / Garchomp / Sylveon,Basculegion:Charizard-Mega-Y:Garchomp:Sylveon,3.9,271
2026-05-28,2026-05-28T12:00:02Z,pikalytics,gen9championsvgc2026regma,"Best Pokemon, Teams and Builds in Pokemon Champions",https://pikalytics.com/pokedex/gen9championsvgc2026regma,1,2,Basculegion / Kingambit,Basculegion:Kingambit,22.2,1524
2026-05-28,2026-05-28T12:00:02Z,pikalytics,gen9championsvgc2026regma,"Best Pokemon, Teams and Builds in Pokemon Champions",https://pikalytics.com/pokedex/gen9championsvgc2026regma,2,2,Charizard-Mega-Y / Garchomp,Charizard-Mega-Y:Garchomp,19.9,1371
2026-05-28,2026-05-28T12:00:02Z,pikalytics,gen9championsvgc2026regma,"Best Pokemon, Teams and Builds in Pokemon Champions",https://pikalytics.com/pokedex/gen9championsvgc2026regma,3,2,Garchomp / Kingambit,Garchomp:Kingambit,19.4,1336
2026-05-28,2026-05-28T12:00:02Z,pikalytics,gen9championsvgc2026regma,"Best Pokemon, Teams and Builds in Pokemon Champions",https://pikalytics.com/pokedex/gen9championsvgc2026regma,4,2,Basculegion / Garchomp,Basculegion:Garchomp,19.2,1322
2026-05-28,2026-05-28T12:00:02Z,pikalytics,gen9championsvgc2026regma,"Best Pokemon, Teams and Builds in Pokemon Champions",https://pikalytics.com/pokedex/gen9championsvgc2026regma,5,2,Basculegion / Sneasler,Basculegion:Sneasler,16.8,1156
2026-05-28,2026-05-28T12:00:02Z,pikalytics,gen9championsvgc2026regma,"Best Pokemon, Teams and Builds in Pokemon Champions",https://pikalytics.com/pokedex/gen9championsvgc2026regma,1,3,Basculegion / Garchomp / Kingambit,Basculegion:Garchomp:Kingambit,12.8,880
2026-05-28,2026-05-28T12:00:02Z,pikalytics,gen9championsvgc2026regma,"Best Pokemon, Teams and Builds in Pokemon Champions",https://pikalytics.com/pokedex/gen9championsvgc2026regma,2,3,Basculegion / Charizard-Mega-Y / Garchomp,Basculegion:Charizard-Mega-Y:Garchomp,12.5,862
2026-05-28,2026-05-28T12:00:02Z,pikalytics,gen9championsvgc2026regma,"Best Pokemon, Teams and Builds in Pokemon Champions",https://pikalytics.com/pokedex/gen9championsvgc2026regma,3,3,Charizard-Mega-Y / Garchomp / Kingambit,Charizard-Mega-Y:Garchomp:Kingambit,11.9,817
2026-05-28,2026-05-28T12:00:02Z,pikalytics,gen9championsvgc2026regma,"Best Pokemon, Teams and Builds in Pokemon Champions",https://pikalytics.com/pokedex/gen9championsvgc2026regma,4,3,Basculegion / Charizard-Mega-Y / Kingambit,Basculegion:Charizard-Mega-Y:Kingambit,9.7,666
2026-05-28,2026-05-28T12:00:02Z,pikalytics,gen9championsvgc2026regma,"Best Pokemon, Teams and Builds in Pokemon Champions",https://pikalytics.com/pokedex/gen9championsvgc2026regma,5,3,Basculegion / Kingambit / Sneasler,Basculegion:Kingambit:Sneasler,9.1,627
2026-05-28,2026-05-28T12:00:02Z,pikalytics,gen9championsvgc2026regma,"Best Pokemon, Teams and Builds in Pokemon Champions",https://pikalytics.com/pokedex/gen9championsvgc2026regma,1,4,Basculegion / Charizard-Mega-Y / Garchomp / Kingambit,Basculegion:Charizard-Mega-Y:Garchomp:Kingambit,8.7,601
2026-05-28,2026-05-28T12:00:02Z,pikalytics,gen9championsvgc2026regma,"Best Pokemon, Teams and Builds in Pokemon Champions",https://pikalytics.com/pokedex/gen9championsvgc2026regma,2,4,Basculegion / Charizard-Mega-Y / Garchomp / Whimsicott,Basculegion:Charizard-Mega-Y:Garchomp:Whimsicott,4.7,323
2026-05-28,2026-05-28T12:00:02Z,pikalytics,gen9championsvgc2026regma,"Best Pokemon, Teams and Builds in Pokemon Champions",https://pikalytics.com/pokedex/gen9championsvgc2026regma,3,4,Charizard-Mega-Y / Garchomp / Kingambit / Whimsicott,Charizard-Mega-Y:Garchomp:Kingambit:Whimsicott,4.5,310
2026-05-28,2026-05-28T12:00:02Z,pikalytics,gen9championsvgc2026regma,"Best Pokemon, Teams and Builds in Pokemon Champions",https://pikalytics.com/pokedex/gen9championsvgc2026regma,4,4,Aerodactyl / Charizard-Mega-Y / Garchomp / Kingambit,Aerodactyl:Charizard-Mega-Y:Garchomp:Kingambit,4.1,282
2026-05-28,2026-05-28T12:00:02Z,pikalytics,gen9championsvgc2026regma,"Best Pokemon, Teams and Builds in Pokemon Champions",https://pikalytics.com/pokedex/gen9championsvgc2026regma,5,4,Basculegion / Charizard-Mega-Y / Garchomp / Sylveon,Basculegion:Charizard-Mega-Y:Garchomp:Sylveon,3.9,271
2026-05-29,2026-05-29T12:00:03Z,pikalytics,gen9championsvgc2026regma,"Best Pokemon, Teams and Builds in Pokemon Champions",https://pikalytics.com/pokedex/gen9championsvgc2026regma,1,2,Basculegion / Kingambit,Basculegion:Kingambit,22.0,1152
2026-05-29,2026-05-29T12:00:03Z,pikalytics,gen9championsvgc2026regma,"Best Pokemon, Teams and Builds in Pokemon Champions",https://pikalytics.com/pokedex/gen9championsvgc2026regma,2,2,Charizard-Mega-Y / Garchomp,Charizard-Mega-Y:Garchomp,21.5,1124
2026-05-29,2026-05-29T12:00:03Z,pikalytics,gen9championsvgc2026regma,"Best Pokemon, Teams and Builds in Pokemon Champions",https://pikalytics.com/pokedex/gen9championsvgc2026regma,3,2,Garchomp / Kingambit,Garchomp:Kingambit,20.3,1063
2026-05-29,2026-05-29T12:00:03Z,pikalytics,gen9championsvgc2026regma,"Best Pokemon, Teams and Builds in Pokemon Champions",https://pikalytics.com/pokedex/gen9championsvgc2026regma,4,2,Basculegion / Garchomp,Basculegion:Garchomp,20.1,1052
2026-05-29,2026-05-29T12:00:03Z,pikalytics,gen9championsvgc2026regma,"Best Pokemon, Teams and Builds in Pokemon Champions",https://pikalytics.com/pokedex/gen9championsvgc2026regma,5,2,Basculegion / Charizard-Mega-Y,Basculegion:Charizard-Mega-Y,15.7,823
2026-05-29,2026-05-29T12:00:03Z,pikalytics,gen9championsvgc2026regma,"Best Pokemon, Teams and Builds in Pokemon Champions",https://pikalytics.com/pokedex/gen9championsvgc2026regma,1,3,Basculegion / Charizard-Mega-Y / Garchomp,Basculegion:Charizard-Mega-Y:Garchomp,14.2,740
2026-05-29,2026-05-29T12:00:03Z,pikalytics,gen9championsvgc2026regma,"Best Pokemon, Teams and Builds in Pokemon Champions",https://pikalytics.com/pokedex/gen9championsvgc2026regma,2,3,Basculegion / Garchomp / Kingambit,Basculegion:Garchomp:Kingambit,13.3,694
2026-05-29,2026-05-29T12:00:03Z,pikalytics,gen9championsvgc2026regma,"Best Pokemon, Teams and Builds in Pokemon Champions",https://pikalytics.com/pokedex/gen9championsvgc2026regma,3,3,Charizard-Mega-Y / Garchomp / Kingambit,Charizard-Mega-Y:Garchomp:Kingambit,13.2,690
2026-05-29,2026-05-29T12:00:03Z,pikalytics,gen9championsvgc2026regma,"Best Pokemon, Teams and Builds in Pokemon Champions",https://pikalytics.com/pokedex/gen9championsvgc2026regma,4,3,Basculegion / Charizard-Mega-Y / Kingambit,Basculegion:Charizard-Mega-Y:Kingambit,10.8,564
2026-05-29,2026-05-29T12:00:03Z,pikalytics,gen9championsvgc2026regma,"Best Pokemon, Teams and Builds in Pokemon Champions",https://pikalytics.com/pokedex/gen9championsvgc2026regma,5,3,Archaludon / Basculegion / Pelipper,Archaludon:Basculegion:Pelipper,8.7,456
2026-05-29,2026-05-29T12:00:03Z,pikalytics,gen9championsvgc2026regma,"Best Pokemon, Teams and Builds in Pokemon Champions",https://pikalytics.com/pokedex/gen9championsvgc2026regma,1,4,Basculegion / Charizard-Mega-Y / Garchomp / Kingambit,Basculegion:Charizard-Mega-Y:Garchomp:Kingambit,9.9,516
2026-05-29,2026-05-29T12:00:03Z,pikalytics,gen9championsvgc2026regma,"Best Pokemon, Teams and Builds in Pokemon Champions",https://pikalytics.com/pokedex/gen9championsvgc2026regma,2,4,Basculegion / Charizard-Mega-Y / Garchomp / Whimsicott,Basculegion:Charizard-Mega-Y:Garchomp:Whimsicott,5.9,306
2026-05-29,2026-05-29T12:00:03Z,pikalytics,gen9championsvgc2026regma,"Best Pokemon, Teams and Builds in Pokemon Champions",https://pikalytics.com/pokedex/gen9championsvgc2026regma,3,4,Charizard-Mega-Y / Garchomp / Kingambit / Whimsicott,Charizard-Mega-Y:Garchomp:Kingambit:Whimsicott,5.6,294
2026-05-29,2026-05-29T12:00:03Z,pikalytics,gen9championsvgc2026regma,"Best Pokemon, Teams and Builds in Pokemon Champions",https://pikalytics.com/pokedex/gen9championsvgc2026regma,4,4,Basculegion / Charizard-Mega-Y / Garchomp / Sylveon,Basculegion:Charizard-Mega-Y:Garchomp:Sylveon,4.7,247
2026-05-29,2026-05-29T12:00:03Z,pikalytics,gen9championsvgc2026regma,"Best Pokemon, Teams and Builds in Pokemon Champions",https://pikalytics.com/pokedex/gen9championsvgc2026regma,5,4,Basculegion / Charizard-Mega-Y / Kingambit / Whimsicott,Basculegion:Charizard-Mega-Y:Kingambit:Whimsicott,4.6,240
2026-05-30,2026-05-30T12:00:02Z,pikalytics,gen9championsvgc2026regma,"Best Pokemon, teams, and builds in Pokemon Champions VGC 2026",https://pikalytics.com/pokedex/gen9championsvgc2026regma,1,2,Basculegion / Kingambit,Basculegion:Kingambit,21.9,1467
2026-05-30,2026-05-30T12:00:02Z,pikalytics,gen9championsvgc2026regma,"Best Pokemon, teams, and builds in Pokemon Champions VGC 2026",https://pikalytics.com/pokedex/gen9championsvgc2026regma,2,2,Charizard-Mega-Y / Garchomp,Charizard-Mega-Y:Garchomp,20.6,1378
2026-05-30,2026-05-30T12:00:02Z,pikalytics,gen9championsvgc2026regma,"Best Pokemon, teams, and builds in Pokemon Champions VGC 2026",https://pikalytics.com/pokedex/gen9championsvgc2026regma,3,2,Basculegion / Garchomp,Basculegion:Garchomp,19.7,1320
2026-05-30,2026-05-30T12:00:02Z,pikalytics,gen9championsvgc2026regma,"Best Pokemon, teams, and builds in Pokemon Champions VGC 2026",https://pikalytics.com/pokedex/gen9championsvgc2026regma,4,2,Garchomp / Kingambit,Garchomp:Kingambit,19.5,1307
2026-05-30,2026-05-30T12:00:02Z,pikalytics,gen9championsvgc2026regma,"Best Pokemon, teams, and builds in Pokemon Champions VGC 2026",https://pikalytics.com/pokedex/gen9championsvgc2026regma,5,2,Basculegion / Sneasler,Basculegion:Sneasler,16.0,1073
2026-05-30,2026-05-30T12:00:02Z,pikalytics,gen9championsvgc2026regma,"Best Pokemon, teams, and builds in Pokemon Champions VGC 2026",https://pikalytics.com/pokedex/gen9championsvgc2026regma,1,3,Basculegion / Charizard-Mega-Y / Garchomp,Basculegion:Charizard-Mega-Y:Garchomp,13.5,903
2026-05-30,2026-05-30T12:00:02Z,pikalytics,gen9championsvgc2026regma,"Best Pokemon, teams, and builds in Pokemon Champions VGC 2026",https://pikalytics.com/pokedex/gen9championsvgc2026regma,2,3,Basculegion / Garchomp / Kingambit,Basculegion:Garchomp:Kingambit,12.8,859
2026-05-30,2026-05-30T12:00:02Z,pikalytics,gen9championsvgc2026regma,"Best Pokemon, teams, and builds in Pokemon Champions VGC 2026",https://pikalytics.com/pokedex/gen9championsvgc2026regma,3,3,Charizard-Mega-Y / Garchomp / Kingambit,Charizard-Mega-Y:Garchomp:Kingambit,12.4,828
2026-05-30,2026-05-30T12:00:02Z,pikalytics,gen9championsvgc2026regma,"Best Pokemon, teams, and builds in Pokemon Champions VGC 2026",https://pikalytics.com/pokedex/gen9championsvgc2026regma,4,3,Basculegion / Charizard-Mega-Y / Kingambit,Basculegion:Charizard-Mega-Y:Kingambit,10.2,681
2026-05-30,2026-05-30T12:00:02Z,pikalytics,gen9championsvgc2026regma,"Best Pokemon, teams, and builds in Pokemon Champions VGC 2026",https://pikalytics.com/pokedex/gen9championsvgc2026regma,5,3,Archaludon / Basculegion / Pelipper,Archaludon:Basculegion:Pelipper,8.9,593
2026-05-30,2026-05-30T12:00:02Z,pikalytics,gen9championsvgc2026regma,"Best Pokemon, teams, and builds in Pokemon Champions VGC 2026",https://pikalytics.com/pokedex/gen9championsvgc2026regma,1,4,Basculegion / Charizard-Mega-Y / Garchomp / Kingambit,Basculegion:Charizard-Mega-Y:Garchomp:Kingambit,9.3,620
2026-05-30,2026-05-30T12:00:02Z,pikalytics,gen9championsvgc2026regma,"Best Pokemon, teams, and builds in Pokemon Champions VGC 2026",https://pikalytics.com/pokedex/gen9championsvgc2026regma,2,4,Basculegion / Charizard-Mega-Y / Garchomp / Whimsicott,Basculegion:Charizard-Mega-Y:Garchomp:Whimsicott,5.6,376
2026-05-30,2026-05-30T12:00:02Z,pikalytics,gen9championsvgc2026regma,"Best Pokemon, teams, and builds in Pokemon Champions VGC 2026",https://pikalytics.com/pokedex/gen9championsvgc2026regma,3,4,Charizard-Mega-Y / Garchomp / Kingambit / Whimsicott,Charizard-Mega-Y:Garchomp:Kingambit:Whimsicott,5.2,347
2026-05-30,2026-05-30T12:00:02Z,pikalytics,gen9championsvgc2026regma,"Best Pokemon, teams, and builds in Pokemon Champions VGC 2026",https://pikalytics.com/pokedex/gen9championsvgc2026regma,4,4,Charizard-Mega-Y / Garchomp / Glimmora / Whimsicott,Charizard-Mega-Y:Garchomp:Glimmora:Whimsicott,4.7,314
2026-05-30,2026-05-30T12:00:02Z,pikalytics,gen9championsvgc2026regma,"Best Pokemon, teams, and builds in Pokemon Champions VGC 2026",https://pikalytics.com/pokedex/gen9championsvgc2026regma,5,4,Basculegion / Charizard-Mega-Y / Garchomp / Sylveon,Basculegion:Charizard-Mega-Y:Garchomp:Sylveon,4.4,295
2026-05-31,2026-05-31T12:00:02Z,pikalytics,gen9championsvgc2026regma,"Best Pokemon, teams, and builds in Pokemon Champions VGC 2026",https://pikalytics.com/pokedex/gen9championsvgc2026regma,1,2,Basculegion / Kingambit,Basculegion:Kingambit,22.7,1641
2026-05-31,2026-05-31T12:00:02Z,pikalytics,gen9championsvgc2026regma,"Best Pokemon, teams, and builds in Pokemon Champions VGC 2026",https://pikalytics.com/pokedex/gen9championsvgc2026regma,2,2,Charizard-Mega-Y / Garchomp,Charizard-Mega-Y:Garchomp,22.1,1597
2026-05-31,2026-05-31T12:00:02Z,pikalytics,gen9championsvgc2026regma,"Best Pokemon, teams, and builds in Pokemon Champions VGC 2026",https://pikalytics.com/pokedex/gen9championsvgc2026regma,3,2,Garchomp / Kingambit,Garchomp:Kingambit,20.9,1511
2026-05-31,2026-05-31T12:00:02Z,pikalytics,gen9championsvgc2026regma,"Best Pokemon, teams, and builds in Pokemon Champions VGC 2026",https://pikalytics.com/pokedex/gen9championsvgc2026regma,4,2,Basculegion / Garchomp,Basculegion:Garchomp,20.7,1497
2026-05-31,2026-05-31T12:00:02Z,pikalytics,gen9championsvgc2026regma,"Best Pokemon, teams, and builds in Pokemon Champions VGC 2026",https://pikalytics.com/pokedex/gen9championsvgc2026regma,5,2,Basculegion / Charizard-Mega-Y,Basculegion:Charizard-Mega-Y,16.6,1199
2026-05-31,2026-05-31T12:00:02Z,pikalytics,gen9championsvgc2026regma,"Best Pokemon, teams, and builds in Pokemon Champions VGC 2026",https://pikalytics.com/pokedex/gen9championsvgc2026regma,1,3,Basculegion / Charizard-Mega-Y / Garchomp,Basculegion:Charizard-Mega-Y:Garchomp,14.7,1060
2026-05-31,2026-05-31T12:00:02Z,pikalytics,gen9championsvgc2026regma,"Best Pokemon, teams, and builds in Pokemon Champions VGC 2026",https://pikalytics.com/pokedex/gen9championsvgc2026regma,2,3,Basculegion / Garchomp / Kingambit,Basculegion:Garchomp:Kingambit,13.6,985
2026-05-31,2026-05-31T12:00:02Z,pikalytics,gen9championsvgc2026regma,"Best Pokemon, teams, and builds in Pokemon Champions VGC 2026",https://pikalytics.com/pokedex/gen9championsvgc2026regma,3,3,Charizard-Mega-Y / Garchomp / Kingambit,Charizard-Mega-Y:Garchomp:Kingambit,13.6,981
2026-05-31,2026-05-31T12:00:02Z,pikalytics,gen9championsvgc2026regma,"Best Pokemon, teams, and builds in Pokemon Champions VGC 2026",https://pikalytics.com/pokedex/gen9championsvgc2026regma,4,3,Basculegion / Charizard-Mega-Y / Kingambit,Basculegion:Charizard-Mega-Y:Kingambit,11.5,828
2026-05-31,2026-05-31T12:00:02Z,pikalytics,gen9championsvgc2026regma,"Best Pokemon, teams, and builds in Pokemon Champions VGC 2026",https://pikalytics.com/pokedex/gen9championsvgc2026regma,5,3,Charizard-Mega-Y / Garchomp / Whimsicott,Charizard-Mega-Y:Garchomp:Whimsicott,9.7,697
2026-05-31,2026-05-31T12:00:02Z,pikalytics,gen9championsvgc2026regma,"Best Pokemon, teams, and builds in Pokemon Champions VGC 2026",https://pikalytics.com/pokedex/gen9championsvgc2026regma,1,4,Basculegion / Charizard-Mega-Y / Garchomp / Kingambit,Basculegion:Charizard-Mega-Y:Garchomp:Kingambit,10.3,743
2026-05-31,2026-05-31T12:00:02Z,pikalytics,gen9championsvgc2026regma,"Best Pokemon, teams, and builds in Pokemon Champions VGC 2026",https://pikalytics.com/pokedex/gen9championsvgc2026regma,2,4,Basculegion / Charizard-Mega-Y / Garchomp / Whimsicott,Basculegion:Charizard-Mega-Y:Garchomp:Whimsicott,7.1,511
2026-05-31,2026-05-31T12:00:02Z,pikalytics,gen9championsvgc2026regma,"Best Pokemon, teams, and builds in Pokemon Champions VGC 2026",https://pikalytics.com/pokedex/gen9championsvgc2026regma,3,4,Charizard-Mega-Y / Garchomp / Kingambit / Whimsicott,Charizard-Mega-Y:Garchomp:Kingambit:Whimsicott,6.7,481
2026-05-31,2026-05-31T12:00:02Z,pikalytics,gen9championsvgc2026regma,"Best Pokemon, teams, and builds in Pokemon Champions VGC 2026",https://pikalytics.com/pokedex/gen9championsvgc2026regma,4,4,Basculegion / Charizard-Mega-Y / Kingambit / Whimsicott,Basculegion:Charizard-Mega-Y:Kingambit:Whimsicott,6.0,433
2026-05-31,2026-05-31T12:00:02Z,pikalytics,gen9championsvgc2026regma,"Best Pokemon, teams, and builds in Pokemon Champions VGC 2026",https://pikalytics.com/pokedex/gen9championsvgc2026regma,5,4,Basculegion / Garchomp / Kingambit / Whimsicott,Basculegion:Garchomp:Kingambit:Whimsicott,5.6,403
2026-06-01,2026-06-01T12:00:02Z,pikalytics,gen9championsvgc2026regma,"Best Pokemon, teams, and builds in Pokemon Champions VGC 2026",https://pikalytics.com/pokedex/gen9championsvgc2026regma,1,2,Basculegion / Kingambit,Basculegion:Kingambit,21.9,1311
2026-06-01,2026-06-01T12:00:02Z,pikalytics,gen9championsvgc2026regma,"Best Pokemon, teams, and builds in Pokemon Champions VGC 2026",https://pikalytics.com/pokedex/gen9championsvgc2026regma,2,2,Charizard-Mega-Y / Garchomp,Charizard-Mega-Y:Garchomp,21.8,1308
2026-06-01,2026-06-01T12:00:02Z,pikalytics,gen9championsvgc2026regma,"Best Pokemon, teams, and builds in Pokemon Champions VGC 2026",https://pikalytics.com/pokedex/gen9championsvgc2026regma,3,2,Basculegion / Garchomp,Basculegion:Garchomp,20.6,1235
2026-06-01,2026-06-01T12:00:02Z,pikalytics,gen9championsvgc2026regma,"Best Pokemon, teams, and builds in Pokemon Champions VGC 2026",https://pikalytics.com/pokedex/gen9championsvgc2026regma,4,2,Garchomp / Kingambit,Garchomp:Kingambit,20.2,1208
2026-06-01,2026-06-01T12:00:02Z,pikalytics,gen9championsvgc2026regma,"Best Pokemon, teams, and builds in Pokemon Champions VGC 2026",https://pikalytics.com/pokedex/gen9championsvgc2026regma,5,2,Basculegion / Charizard-Mega-Y,Basculegion:Charizard-Mega-Y,16.4,981
2026-06-01,2026-06-01T12:00:02Z,pikalytics,gen9championsvgc2026regma,"Best Pokemon, teams, and builds in Pokemon Champions VGC 2026",https://pikalytics.com/pokedex/gen9championsvgc2026regma,1,3,Basculegion / Charizard-Mega-Y / Garchomp,Basculegion:Charizard-Mega-Y:Garchomp,14.7,882
2026-06-01,2026-06-01T12:00:02Z,pikalytics,gen9championsvgc2026regma,"Best Pokemon, teams, and builds in Pokemon Champions VGC 2026",https://pikalytics.com/pokedex/gen9championsvgc2026regma,2,3,Basculegion / Garchomp / Kingambit,Basculegion:Garchomp:Kingambit,13.2,791
2026-06-01,2026-06-01T12:00:02Z,pikalytics,gen9championsvgc2026regma,"Best Pokemon, teams, and builds in Pokemon Champions VGC 2026",https://pikalytics.com/pokedex/gen9championsvgc2026regma,3,3,Charizard-Mega-Y / Garchomp / Kingambit,Charizard-Mega-Y:Garchomp:Kingambit,13.1,787
2026-06-01,2026-06-01T12:00:02Z,pikalytics,gen9championsvgc2026regma,"Best Pokemon, teams, and builds in Pokemon Champions VGC 2026",https://pikalytics.com/pokedex/gen9championsvgc2026regma,4,3,Basculegion / Charizard-Mega-Y / Kingambit,Basculegion:Charizard-Mega-Y:Kingambit,10.9,655
2026-06-01,2026-06-01T12:00:02Z,pikalytics,gen9championsvgc2026regma,"Best Pokemon, teams, and builds in Pokemon Champions VGC 2026",https://pikalytics.com/pokedex/gen9championsvgc2026regma,5,3,Charizard-Mega-Y / Garchomp / Whimsicott,Charizard-Mega-Y:Garchomp:Whimsicott,9.1,545
2026-06-01,2026-06-01T12:00:02Z,pikalytics,gen9championsvgc2026regma,"Best Pokemon, teams, and builds in Pokemon Champions VGC 2026",https://pikalytics.com/pokedex/gen9championsvgc2026regma,1,4,Basculegion / Charizard-Mega-Y / Garchomp / Kingambit,Basculegion:Charizard-Mega-Y:Garchomp:Kingambit,10.0,597
2026-06-01,2026-06-01T12:00:02Z,pikalytics,gen9championsvgc2026regma,"Best Pokemon, teams, and builds in Pokemon Champions VGC 2026",https://pikalytics.com/pokedex/gen9championsvgc2026regma,2,4,Basculegion / Charizard-Mega-Y / Garchomp / Whimsicott,Basculegion:Charizard-Mega-Y:Garchomp:Whimsicott,6.7,403
2026-06-01,2026-06-01T12:00:02Z,pikalytics,gen9championsvgc2026regma,"Best Pokemon, teams, and builds in Pokemon Champions VGC 2026",https://pikalytics.com/pokedex/gen9championsvgc2026regma,3,4,Charizard-Mega-Y / Garchomp / Kingambit / Whimsicott,Charizard-Mega-Y:Garchomp:Kingambit:Whimsicott,6.0,362
2026-06-01,2026-06-01T12:00:02Z,pikalytics,gen9championsvgc2026regma,"Best Pokemon, teams, and builds in Pokemon Champions VGC 2026",https://pikalytics.com/pokedex/gen9championsvgc2026regma,4,4,Charizard-Mega-Y / Garchomp / Glimmora / Whimsicott,Charizard-Mega-Y:Garchomp:Glimmora:Whimsicott,5.7,341
2026-06-01,2026-06-01T12:00:02Z,pikalytics,gen9championsvgc2026regma,"Best Pokemon, teams, and builds in Pokemon Champions VGC 2026",https://pikalytics.com/pokedex/gen9championsvgc2026regma,5,4,Basculegion / Charizard-Mega-Y / Glimmora / Whimsicott,Basculegion:Charizard-Mega-Y:Glimmora:Whimsicott,5.3,317
2026-06-02,2026-06-02T12:00:03Z,pikalytics,gen9championsvgc2026regma,"Best Pokemon, teams, and builds in Pokemon Champions VGC 2026",https://pikalytics.com/pokedex/gen9championsvgc2026regma,1,2,Basculegion / Kingambit,Basculegion:Kingambit,22.8,1635
2026-06-02,2026-06-02T12:00:03Z,pikalytics,gen9championsvgc2026regma,"Best Pokemon, teams, and builds in Pokemon Champions VGC 2026",https://pikalytics.com/pokedex/gen9championsvgc2026regma,2,2,Charizard-Mega-Y / Garchomp,Charizard-Mega-Y:Garchomp,22.4,1610
2026-06-02,2026-06-02T12:00:03Z,pikalytics,gen9championsvgc2026regma,"Best Pokemon, teams, and builds in Pokemon Champions VGC 2026",https://pikalytics.com/pokedex/gen9championsvgc2026regma,3,2,Garchomp / Kingambit,Garchomp:Kingambit,21.3,1530
2026-06-02,2026-06-02T12:00:03Z,pikalytics,gen9championsvgc2026regma,"Best Pokemon, teams, and builds in Pokemon Champions VGC 2026",https://pikalytics.com/pokedex/gen9championsvgc2026regma,4,2,Basculegion / Garchomp,Basculegion:Garchomp,21.0,1509
2026-06-02,2026-06-02T12:00:03Z,pikalytics,gen9championsvgc2026regma,"Best Pokemon, teams, and builds in Pokemon Champions VGC 2026",https://pikalytics.com/pokedex/gen9championsvgc2026regma,5,2,Basculegion / Charizard-Mega-Y,Basculegion:Charizard-Mega-Y,16.9,1214
2026-06-02,2026-06-02T12:00:03Z,pikalytics,gen9championsvgc2026regma,"Best Pokemon, teams, and builds in Pokemon Champions VGC 2026",https://pikalytics.com/pokedex/gen9championsvgc2026regma,1,3,Basculegion / Charizard-Mega-Y / Garchomp,Basculegion:Charizard-Mega-Y:Garchomp,15.0,1081
2026-06-02,2026-06-02T12:00:03Z,pikalytics,gen9championsvgc2026regma,"Best Pokemon, teams, and builds in Pokemon Champions VGC 2026",https://pikalytics.com/pokedex/gen9championsvgc2026regma,2,3,Charizard-Mega-Y / Garchomp / Kingambit,Charizard-Mega-Y:Garchomp:Kingambit,13.9,998
2026-06-02,2026-06-02T12:00:03Z,pikalytics,gen9championsvgc2026regma,"Best Pokemon, teams, and builds in Pokemon Champions VGC 2026",https://pikalytics.com/pokedex/gen9championsvgc2026regma,3,3,Basculegion / Garchomp / Kingambit,Basculegion:Garchomp:Kingambit,13.9,996
2026-06-02,2026-06-02T12:00:03Z,pikalytics,gen9championsvgc2026regma,"Best Pokemon, teams, and builds in Pokemon Champions VGC 2026",https://pikalytics.com/pokedex/gen9championsvgc2026regma,4,3,Basculegion / Charizard-Mega-Y / Kingambit,Basculegion:Charizard-Mega-Y:Kingambit,11.7,839
2026-06-02,2026-06-02T12:00:03Z,pikalytics,gen9championsvgc2026regma,"Best Pokemon, teams, and builds in Pokemon Champions VGC 2026",https://pikalytics.com/pokedex/gen9championsvgc2026regma,5,3,Charizard-Mega-Y / Garchomp / Whimsicott,Charizard-Mega-Y:Garchomp:Whimsicott,10.0,717
2026-06-02,2026-06-02T12:00:03Z,pikalytics,gen9championsvgc2026regma,"Best Pokemon, teams, and builds in Pokemon Champions VGC 2026",https://pikalytics.com/pokedex/gen9championsvgc2026regma,1,4,Basculegion / Charizard-Mega-Y / Garchomp / Kingambit,Basculegion:Charizard-Mega-Y:Garchomp:Kingambit,10.6,759
2026-06-02,2026-06-02T12:00:03Z,pikalytics,gen9championsvgc2026regma,"Best Pokemon, teams, and builds in Pokemon Champions VGC 2026",https://pikalytics.com/pokedex/gen9championsvgc2026regma,2,4,Basculegion / Charizard-Mega-Y / Garchomp / Whimsicott,Basculegion:Charizard-Mega-Y:Garchomp:Whimsicott,7.5,539
2026-06-02,2026-06-02T12:00:03Z,pikalytics,gen9championsvgc2026regma,"Best Pokemon, teams, and builds in Pokemon Champions VGC 2026",https://pikalytics.com/pokedex/gen9championsvgc2026regma,3,4,Charizard-Mega-Y / Garchomp / Kingambit / Whimsicott,Charizard-Mega-Y:Garchomp:Kingambit:Whimsicott,7.0,506
2026-06-02,2026-06-02T12:00:03Z,pikalytics,gen9championsvgc2026regma,"Best Pokemon, teams, and builds in Pokemon Champions VGC 2026",https://pikalytics.com/pokedex/gen9championsvgc2026regma,4,4,Basculegion / Charizard-Mega-Y / Kingambit / Whimsicott,Basculegion:Charizard-Mega-Y:Kingambit:Whimsicott,6.3,456
2026-06-02,2026-06-02T12:00:03Z,pikalytics,gen9championsvgc2026regma,"Best Pokemon, teams, and builds in Pokemon Champions VGC 2026",https://pikalytics.com/pokedex/gen9championsvgc2026regma,5,4,Basculegion / Garchomp / Kingambit / Whimsicott,Basculegion:Garchomp:Kingambit:Whimsicott,6.0,429
2026-06-03,2026-06-03T12:00:02Z,pikalytics,gen9championsvgc2026regma,"Best Pokemon, teams, and builds in Pokemon Champions VGC 2026",https://pikalytics.com/pokedex/gen9championsvgc2026regma,1,2,Basculegion / Kingambit,Basculegion:Kingambit,22.8,1635
2026-06-03,2026-06-03T12:00:02Z,pikalytics,gen9championsvgc2026regma,"Best Pokemon, teams, and builds in Pokemon Champions VGC 2026",https://pikalytics.com/pokedex/gen9championsvgc2026regma,2,2,Charizard-Mega-Y / Garchomp,Charizard-Mega-Y:Garchomp,22.4,1610
2026-06-03,2026-06-03T12:00:02Z,pikalytics,gen9championsvgc2026regma,"Best Pokemon, teams, and builds in Pokemon Champions VGC 2026",https://pikalytics.com/pokedex/gen9championsvgc2026regma,3,2,Garchomp / Kingambit,Garchomp:Kingambit,21.3,1530
2026-06-03,2026-06-03T12:00:02Z,pikalytics,gen9championsvgc2026regma,"Best Pokemon, teams, and builds in Pokemon Champions VGC 2026",https://pikalytics.com/pokedex/gen9championsvgc2026regma,4,2,Basculegion / Garchomp,Basculegion:Garchomp,21.0,1509
2026-06-03,2026-06-03T12:00:02Z,pikalytics,gen9championsvgc2026regma,"Best Pokemon, teams, and builds in Pokemon Champions VGC 2026",https://pikalytics.com/pokedex/gen9championsvgc2026regma,5,2,Basculegion / Charizard-Mega-Y,Basculegion:Charizard-Mega-Y,16.9,1214
2026-06-03,2026-06-03T12:00:02Z,pikalytics,gen9championsvgc2026regma,"Best Pokemon, teams, and builds in Pokemon Champions VGC 2026",https://pikalytics.com/pokedex/gen9championsvgc2026regma,1,3,Basculegion / Charizard-Mega-Y / Garchomp,Basculegion:Charizard-Mega-Y:Garchomp,15.0,1081
2026-06-03,2026-06-03T12:00:02Z,pikalytics,gen9championsvgc2026regma,"Best Pokemon, teams, and builds in Pokemon Champions VGC 2026",https://pikalytics.com/pokedex/gen9championsvgc2026regma,2,3,Charizard-Mega-Y / Garchomp / Kingambit,Charizard-Mega-Y:Garchomp:Kingambit,13.9,998
2026-06-03,2026-06-03T12:00:02Z,pikalytics,gen9championsvgc2026regma,"Best Pokemon, teams, and builds in Pokemon Champions VGC 2026",https://pikalytics.com/pokedex/gen9championsvgc2026regma,3,3,Basculegion / Garchomp / Kingambit,Basculegion:Garchomp:Kingambit,13.9,996
2026-06-03,2026-06-03T12:00:02Z,pikalytics,gen9championsvgc2026regma,"Best Pokemon, teams, and builds in Pokemon Champions VGC 2026",https://pikalytics.com/pokedex/gen9championsvgc2026regma,4,3,Basculegion / Charizard-Mega-Y / Kingambit,Basculegion:Charizard-Mega-Y:Kingambit,11.7,839
2026-06-03,2026-06-03T12:00:02Z,pikalytics,gen9championsvgc2026regma,"Best Pokemon, teams, and builds in Pokemon Champions VGC 2026",https://pikalytics.com/pokedex/gen9championsvgc2026regma,5,3,Charizard-Mega-Y / Garchomp / Whimsicott,Charizard-Mega-Y:Garchomp:Whimsicott,10.0,717
2026-06-03,2026-06-03T12:00:02Z,pikalytics,gen9championsvgc2026regma,"Best Pokemon, teams, and builds in Pokemon Champions VGC 2026",https://pikalytics.com/pokedex/gen9championsvgc2026regma,1,4,Basculegion / Charizard-Mega-Y / Garchomp / Kingambit,Basculegion:Charizard-Mega-Y:Garchomp:Kingambit,10.6,759
2026-06-03,2026-06-03T12:00:02Z,pikalytics,gen9championsvgc2026regma,"Best Pokemon, teams, and builds in Pokemon Champions VGC 2026",https://pikalytics.com/pokedex/gen9championsvgc2026regma,2,4,Basculegion / Charizard-Mega-Y / Garchomp / Whimsicott,Basculegion:Charizard-Mega-Y:Garchomp:Whimsicott,7.5,539
2026-06-03,2026-06-03T12:00:02Z,pikalytics,gen9championsvgc2026regma,"Best Pokemon, teams, and builds in Pokemon Champions VGC 2026",https://pikalytics.com/pokedex/gen9championsvgc2026regma,3,4,Charizard-Mega-Y / Garchomp / Kingambit / Whimsicott,Charizard-Mega-Y:Garchomp:Kingambit:Whimsicott,7.0,506
2026-06-03,2026-06-03T12:00:02Z,pikalytics,gen9championsvgc2026regma,"Best Pokemon, teams, and builds in Pokemon Champions VGC 2026",https://pikalytics.com/pokedex/gen9championsvgc2026regma,4,4,Basculegion / Charizard-Mega-Y / Kingambit / Whimsicott,Basculegion:Charizard-Mega-Y:Kingambit:Whimsicott,6.3,456
2026-06-03,2026-06-03T12:00:02Z,pikalytics,gen9championsvgc2026regma,"Best Pokemon, teams, and builds in Pokemon Champions VGC 2026",https://pikalytics.com/pokedex/gen9championsvgc2026regma,5,4,Basculegion / Garchomp / Kingambit / Whimsicott,Basculegion:Garchomp:Kingambit:Whimsicott,6.0,429
2026-06-04,2026-06-04T12:00:02Z,pikalytics,gen9championsvgc2026regma,"Best Pokemon, teams, and builds in Pokemon Champions VGC 2026",https://pikalytics.com/pokedex/gen9championsvgc2026regma,1,2,Basculegion / Kingambit,Basculegion:Kingambit,22.8,1635
2026-06-04,2026-06-04T12:00:02Z,pikalytics,gen9championsvgc2026regma,"Best Pokemon, teams, and builds in Pokemon Champions VGC 2026",https://pikalytics.com/pokedex/gen9championsvgc2026regma,2,2,Charizard-Mega-Y / Garchomp,Charizard-Mega-Y:Garchomp,22.4,1610
2026-06-04,2026-06-04T12:00:02Z,pikalytics,gen9championsvgc2026regma,"Best Pokemon, teams, and builds in Pokemon Champions VGC 2026",https://pikalytics.com/pokedex/gen9championsvgc2026regma,3,2,Garchomp / Kingambit,Garchomp:Kingambit,21.3,1530
2026-06-04,2026-06-04T12:00:02Z,pikalytics,gen9championsvgc2026regma,"Best Pokemon, teams, and builds in Pokemon Champions VGC 2026",https://pikalytics.com/pokedex/gen9championsvgc2026regma,4,2,Basculegion / Garchomp,Basculegion:Garchomp,21.0,1509
2026-06-04,2026-06-04T12:00:02Z,pikalytics,gen9championsvgc2026regma,"Best Pokemon, teams, and builds in Pokemon Champions VGC 2026",https://pikalytics.com/pokedex/gen9championsvgc2026regma,5,2,Basculegion / Charizard-Mega-Y,Basculegion:Charizard-Mega-Y,16.9,1214
2026-06-04,2026-06-04T12:00:02Z,pikalytics,gen9championsvgc2026regma,"Best Pokemon, teams, and builds in Pokemon Champions VGC 2026",https://pikalytics.com/pokedex/gen9championsvgc2026regma,1,3,Basculegion / Charizard-Mega-Y / Garchomp,Basculegion:Charizard-Mega-Y:Garchomp,15.0,1081
2026-06-04,2026-06-04T12:00:02Z,pikalytics,gen9championsvgc2026regma,"Best Pokemon, teams, and builds in Pokemon Champions VGC 2026",https://pikalytics.com/pokedex/gen9championsvgc2026regma,2,3,Charizard-Mega-Y / Garchomp / Kingambit,Charizard-Mega-Y:Garchomp:Kingambit,13.9,998
2026-06-04,2026-06-04T12:00:02Z,pikalytics,gen9championsvgc2026regma,"Best Pokemon, teams, and builds in Pokemon Champions VGC 2026",https://pikalytics.com/pokedex/gen9championsvgc2026regma,3,3,Basculegion / Garchomp / Kingambit,Basculegion:Garchomp:Kingambit,13.9,996
2026-06-04,2026-06-04T12:00:02Z,pikalytics,gen9championsvgc2026regma,"Best Pokemon, teams, and builds in Pokemon Champions VGC 2026",https://pikalytics.com/pokedex/gen9championsvgc2026regma,4,3,Basculegion / Charizard-Mega-Y / Kingambit,Basculegion:Charizard-Mega-Y:Kingambit,11.7,839
2026-06-04,2026-06-04T12:00:02Z,pikalytics,gen9championsvgc2026regma,"Best Pokemon, teams, and builds in Pokemon Champions VGC 2026",https://pikalytics.com/pokedex/gen9championsvgc2026regma,5,3,Charizard-Mega-Y / Garchomp / Whimsicott,Charizard-Mega-Y:Garchomp:Whimsicott,10.0,717
2026-06-04,2026-06-04T12:00:02Z,pikalytics,gen9championsvgc2026regma,"Best Pokemon, teams, and builds in Pokemon Champions VGC 2026",https://pikalytics.com/pokedex/gen9championsvgc2026regma,1,4,Basculegion / Charizard-Mega-Y / Garchomp / Kingambit,Basculegion:Charizard-Mega-Y:Garchomp:Kingambit,10.6,759
2026-06-04,2026-06-04T12:00:02Z,pikalytics,gen9championsvgc2026regma,"Best Pokemon, teams, and builds in Pokemon Champions VGC 2026",https://pikalytics.com/pokedex/gen9championsvgc2026regma,2,4,Basculegion / Charizard-Mega-Y / Garchomp / Whimsicott,Basculegion:Charizard-Mega-Y:Garchomp:Whimsicott,7.5,539
2026-06-04,2026-06-04T12:00:02Z,pikalytics,gen9championsvgc2026regma,"Best Pokemon, teams, and builds in Pokemon Champions VGC 2026",https://pikalytics.com/pokedex/gen9championsvgc2026regma,3,4,Charizard-Mega-Y / Garchomp / Kingambit / Whimsicott,Charizard-Mega-Y:Garchomp:Kingambit:Whimsicott,7.0,506
2026-06-04,2026-06-04T12:00:02Z,pikalytics,gen9championsvgc2026regma,"Best Pokemon, teams, and builds in Pokemon Champions VGC 2026",https://pikalytics.com/pokedex/gen9championsvgc2026regma,4,4,Basculegion / Charizard-Mega-Y / Kingambit / Whimsicott,Basculegion:Charizard-Mega-Y:Kingambit:Whimsicott,6.3,456
2026-06-04,2026-06-04T12:00:02Z,pikalytics,gen9championsvgc2026regma,"Best Pokemon, teams, and builds in Pokemon Champions VGC 2026",https://pikalytics.com/pokedex/gen9championsvgc2026regma,5,4,Basculegion / Garchomp / Kingambit / Whimsicott,Basculegion:Garchomp:Kingambit:Whimsicott,6.0,429
2026-06-05,2026-06-05T12:00:02Z,pikalytics,gen9championsvgc2026regma,"Best Pokemon, teams, and builds in Pokemon Champions VGC 2026",https://pikalytics.com/pokedex/gen9championsvgc2026regma,1,2,Basculegion / Kingambit,Basculegion:Kingambit,22.8,1635
2026-06-05,2026-06-05T12:00:02Z,pikalytics,gen9championsvgc2026regma,"Best Pokemon, teams, and builds in Pokemon Champions VGC 2026",https://pikalytics.com/pokedex/gen9championsvgc2026regma,2,2,Charizard-Mega-Y / Garchomp,Charizard-Mega-Y:Garchomp,22.4,1610
2026-06-05,2026-06-05T12:00:02Z,pikalytics,gen9championsvgc2026regma,"Best Pokemon, teams, and builds in Pokemon Champions VGC 2026",https://pikalytics.com/pokedex/gen9championsvgc2026regma,3,2,Garchomp / Kingambit,Garchomp:Kingambit,21.3,1530
2026-06-05,2026-06-05T12:00:02Z,pikalytics,gen9championsvgc2026regma,"Best Pokemon, teams, and builds in Pokemon Champions VGC 2026",https://pikalytics.com/pokedex/gen9championsvgc2026regma,4,2,Basculegion / Garchomp,Basculegion:Garchomp,21.0,1509
2026-06-05,2026-06-05T12:00:02Z,pikalytics,gen9championsvgc2026regma,"Best Pokemon, teams, and builds in Pokemon Champions VGC 2026",https://pikalytics.com/pokedex/gen9championsvgc2026regma,5,2,Basculegion / Charizard-Mega-Y,Basculegion:Charizard-Mega-Y,16.9,1214
2026-06-05,2026-06-05T12:00:02Z,pikalytics,gen9championsvgc2026regma,"Best Pokemon, teams, and builds in Pokemon Champions VGC 2026",https://pikalytics.com/pokedex/gen9championsvgc2026regma,1,3,Basculegion / Charizard-Mega-Y / Garchomp,Basculegion:Charizard-Mega-Y:Garchomp,15.0,1081
2026-06-05,2026-06-05T12:00:02Z,pikalytics,gen9championsvgc2026regma,"Best Pokemon, teams, and builds in Pokemon Champions VGC 2026",https://pikalytics.com/pokedex/gen9championsvgc2026regma,2,3,Charizard-Mega-Y / Garchomp / Kingambit,Charizard-Mega-Y:Garchomp:Kingambit,13.9,998
2026-06-05,2026-06-05T12:00:02Z,pikalytics,gen9championsvgc2026regma,"Best Pokemon, teams, and builds in Pokemon Champions VGC 2026",https://pikalytics.com/pokedex/gen9championsvgc2026regma,3,3,Basculegion / Garchomp / Kingambit,Basculegion:Garchomp:Kingambit,13.9,996
2026-06-05,2026-06-05T12:00:02Z,pikalytics,gen9championsvgc2026regma,"Best Pokemon, teams, and builds in Pokemon Champions VGC 2026",https://pikalytics.com/pokedex/gen9championsvgc2026regma,4,3,Basculegion / Charizard-Mega-Y / Kingambit,Basculegion:Charizard-Mega-Y:Kingambit,11.7,839
2026-06-05,2026-06-05T12:00:02Z,pikalytics,gen9championsvgc2026regma,"Best Pokemon, teams, and builds in Pokemon Champions VGC 2026",https://pikalytics.com/pokedex/gen9championsvgc2026regma,5,3,Charizard-Mega-Y / Garchomp / Whimsicott,Charizard-Mega-Y:Garchomp:Whimsicott,10.0,717
2026-06-05,2026-06-05T12:00:02Z,pikalytics,gen9championsvgc2026regma,"Best Pokemon, teams, and builds in Pokemon Champions VGC 2026",https://pikalytics.com/pokedex/gen9championsvgc2026regma,1,4,Basculegion / Charizard-Mega-Y / Garchomp / Kingambit,Basculegion:Charizard-Mega-Y:Garchomp:Kingambit,10.6,759
2026-06-05,2026-06-05T12:00:02Z,pikalytics,gen9championsvgc2026regma,"Best Pokemon, teams, and builds in Pokemon Champions VGC 2026",https://pikalytics.com/pokedex/gen9championsvgc2026regma,2,4,Basculegion / Charizard-Mega-Y / Garchomp / Whimsicott,Basculegion:Charizard-Mega-Y:Garchomp:Whimsicott,7.5,539
2026-06-05,2026-06-05T12:00:02Z,pikalytics,gen9championsvgc2026regma,"Best Pokemon, teams, and builds in Pokemon Champions VGC 2026",https://pikalytics.com/pokedex/gen9championsvgc2026regma,3,4,Charizard-Mega-Y / Garchomp / Kingambit / Whimsicott,Charizard-Mega-Y:Garchomp:Kingambit:Whimsicott,7.0,506
2026-06-05,2026-06-05T12:00:02Z,pikalytics,gen9championsvgc2026regma,"Best Pokemon, teams, and builds in Pokemon Champions VGC 2026",https://pikalytics.com/pokedex/gen9championsvgc2026regma,4,4,Basculegion / Charizard-Mega-Y / Kingambit / Whimsicott,Basculegion:Charizard-Mega-Y:Kingambit:Whimsicott,6.3,456
2026-06-05,2026-06-05T12:00:02Z,pikalytics,gen9championsvgc2026regma,"Best Pokemon, teams, and builds in Pokemon Champions VGC 2026",https://pikalytics.com/pokedex/gen9championsvgc2026regma,5,4,Basculegion / Garchomp / Kingambit / Whimsicott,Basculegion:Garchomp:Kingambit:Whimsicott,6.0,429
2026-06-06,2026-06-06T12:00:02Z,pikalytics,gen9championsvgc2026regma,"Best Pokemon, teams, and builds in Pokemon Champions VGC 2026",https://pikalytics.com/pokedex/gen9championsvgc2026regma,1,2,Basculegion / Kingambit,Basculegion:Kingambit,22.8,1635
2026-06-06,2026-06-06T12:00:02Z,pikalytics,gen9championsvgc2026regma,"Best Pokemon, teams, and builds in Pokemon Champions VGC 2026",https://pikalytics.com/pokedex/gen9championsvgc2026regma,2,2,Charizard-Mega-Y / Garchomp,Charizard-Mega-Y:Garchomp,22.4,1610
2026-06-06,2026-06-06T12:00:02Z,pikalytics,gen9championsvgc2026regma,"Best Pokemon, teams, and builds in Pokemon Champions VGC 2026",https://pikalytics.com/pokedex/gen9championsvgc2026regma,3,2,Garchomp / Kingambit,Garchomp:Kingambit,21.3,1530
2026-06-06,2026-06-06T12:00:02Z,pikalytics,gen9championsvgc2026regma,"Best Pokemon, teams, and builds in Pokemon Champions VGC 2026",https://pikalytics.com/pokedex/gen9championsvgc2026regma,4,2,Basculegion / Garchomp,Basculegion:Garchomp,21.0,1509
2026-06-06,2026-06-06T12:00:02Z,pikalytics,gen9championsvgc2026regma,"Best Pokemon, teams, and builds in Pokemon Champions VGC 2026",https://pikalytics.com/pokedex/gen9championsvgc2026regma,5,2,Basculegion / Charizard-Mega-Y,Basculegion:Charizard-Mega-Y,16.9,1214
2026-06-06,2026-06-06T12:00:02Z,pikalytics,gen9championsvgc2026regma,"Best Pokemon, teams, and builds in Pokemon Champions VGC 2026",https://pikalytics.com/pokedex/gen9championsvgc2026regma,1,3,Basculegion / Charizard-Mega-Y / Garchomp,Basculegion:Charizard-Mega-Y:Garchomp,15.0,1081
2026-06-06,2026-06-06T12:00:02Z,pikalytics,gen9championsvgc2026regma,"Best Pokemon, teams, and builds in Pokemon Champions VGC 2026",https://pikalytics.com/pokedex/gen9championsvgc2026regma,2,3,Charizard-Mega-Y / Garchomp / Kingambit,Charizard-Mega-Y:Garchomp:Kingambit,13.9,998
2026-06-06,2026-06-06T12:00:02Z,pikalytics,gen9championsvgc2026regma,"Best Pokemon, teams, and builds in Pokemon Champions VGC 2026",https://pikalytics.com/pokedex/gen9championsvgc2026regma,3,3,Basculegion / Garchomp / Kingambit,Basculegion:Garchomp:Kingambit,13.9,996
2026-06-06,2026-06-06T12:00:02Z,pikalytics,gen9championsvgc2026regma,"Best Pokemon, teams, and builds in Pokemon Champions VGC 2026",https://pikalytics.com/pokedex/gen9championsvgc2026regma,4,3,Basculegion / Charizard-Mega-Y / Kingambit,Basculegion:Charizard-Mega-Y:Kingambit,11.7,839
2026-06-06,2026-06-06T12:00:02Z,pikalytics,gen9championsvgc2026regma,"Best Pokemon, teams, and builds in Pokemon Champions VGC 2026",https://pikalytics.com/pokedex/gen9championsvgc2026regma,5,3,Charizard-Mega-Y / Garchomp / Whimsicott,Charizard-Mega-Y:Garchomp:Whimsicott,10.0,717
2026-06-06,2026-06-06T12:00:02Z,pikalytics,gen9championsvgc2026regma,"Best Pokemon, teams, and builds in Pokemon Champions VGC 2026",https://pikalytics.com/pokedex/gen9championsvgc2026regma,1,4,Basculegion / Charizard-Mega-Y / Garchomp / Kingambit,Basculegion:Charizard-Mega-Y:Garchomp:Kingambit,10.6,759
2026-06-06,2026-06-06T12:00:02Z,pikalytics,gen9championsvgc2026regma,"Best Pokemon, teams, and builds in Pokemon Champions VGC 2026",https://pikalytics.com/pokedex/gen9championsvgc2026regma,2,4,Basculegion / Charizard-Mega-Y / Garchomp / Whimsicott,Basculegion:Charizard-Mega-Y:Garchomp:Whimsicott,7.5,539
2026-06-06,2026-06-06T12:00:02Z,pikalytics,gen9championsvgc2026regma,"Best Pokemon, teams, and builds in Pokemon Champions VGC 2026",https://pikalytics.com/pokedex/gen9championsvgc2026regma,3,4,Charizard-Mega-Y / Garchomp / Kingambit / Whimsicott,Charizard-Mega-Y:Garchomp:Kingambit:Whimsicott,7.0,506
2026-06-06,2026-06-06T12:00:02Z,pikalytics,gen9championsvgc2026regma,"Best Pokemon, teams, and builds in Pokemon Champions VGC 2026",https://pikalytics.com/pokedex/gen9championsvgc2026regma,4,4,Basculegion / Charizard-Mega-Y / Kingambit / Whimsicott,Basculegion:Charizard-Mega-Y:Kingambit:Whimsicott,6.3,456
2026-06-06,2026-06-06T12:00:02Z,pikalytics,gen9championsvgc2026regma,"Best Pokemon, teams, and builds in Pokemon Champions VGC 2026",https://pikalytics.com/pokedex/gen9championsvgc2026regma,5,4,Basculegion / Garchomp / Kingambit / Whimsicott,Basculegion:Garchomp:Kingambit:Whimsicott,6.0,429
2026-06-07,2026-06-07T12:00:03Z,pikalytics,gen9championsvgc2026regma,"Best Pokemon, teams, and builds in Pokemon Champions VGC 2026",https://pikalytics.com/pokedex/gen9championsvgc2026regma,1,2,Basculegion / Kingambit,Basculegion:Kingambit,22.8,1635
2026-06-07,2026-06-07T12:00:03Z,pikalytics,gen9championsvgc2026regma,"Best Pokemon, teams, and builds in Pokemon Champions VGC 2026",https://pikalytics.com/pokedex/gen9championsvgc2026regma,2,2,Charizard-Mega-Y / Garchomp,Charizard-Mega-Y:Garchomp,22.4,1610
2026-06-07,2026-06-07T12:00:03Z,pikalytics,gen9championsvgc2026regma,"Best Pokemon, teams, and builds in Pokemon Champions VGC 2026",https://pikalytics.com/pokedex/gen9championsvgc2026regma,3,2,Garchomp / Kingambit,Garchomp:Kingambit,21.3,1530
2026-06-07,2026-06-07T12:00:03Z,pikalytics,gen9championsvgc2026regma,"Best Pokemon, teams, and builds in Pokemon Champions VGC 2026",https://pikalytics.com/pokedex/gen9championsvgc2026regma,4,2,Basculegion / Garchomp,Basculegion:Garchomp,21.0,1509
2026-06-07,2026-06-07T12:00:03Z,pikalytics,gen9championsvgc2026regma,"Best Pokemon, teams, and builds in Pokemon Champions VGC 2026",https://pikalytics.com/pokedex/gen9championsvgc2026regma,5,2,Basculegion / Charizard-Mega-Y,Basculegion:Charizard-Mega-Y,16.9,1214
2026-06-07,2026-06-07T12:00:03Z,pikalytics,gen9championsvgc2026regma,"Best Pokemon, teams, and builds in Pokemon Champions VGC 2026",https://pikalytics.com/pokedex/gen9championsvgc2026regma,1,3,Basculegion / Charizard-Mega-Y / Garchomp,Basculegion:Charizard-Mega-Y:Garchomp,15.0,1081
2026-06-07,2026-06-07T12:00:03Z,pikalytics,gen9championsvgc2026regma,"Best Pokemon, teams, and builds in Pokemon Champions VGC 2026",https://pikalytics.com/pokedex/gen9championsvgc2026regma,2,3,Charizard-Mega-Y / Garchomp / Kingambit,Charizard-Mega-Y:Garchomp:Kingambit,13.9,998
2026-06-07,2026-06-07T12:00:03Z,pikalytics,gen9championsvgc2026regma,"Best Pokemon, teams, and builds in Pokemon Champions VGC 2026",https://pikalytics.com/pokedex/gen9championsvgc2026regma,3,3,Basculegion / Garchomp / Kingambit,Basculegion:Garchomp:Kingambit,13.9,996
2026-06-07,2026-06-07T12:00:03Z,pikalytics,gen9championsvgc2026regma,"Best Pokemon, teams, and builds in Pokemon Champions VGC 2026",https://pikalytics.com/pokedex/gen9championsvgc2026regma,4,3,Basculegion / Charizard-Mega-Y / Kingambit,Basculegion:Charizard-Mega-Y:Kingambit,11.7,839
2026-06-07,2026-06-07T12:00:03Z,pikalytics,gen9championsvgc2026regma,"Best Pokemon, teams, and builds in Pokemon Champions VGC 2026",https://pikalytics.com/pokedex/gen9championsvgc2026regma,5,3,Charizard-Mega-Y / Garchomp / Whimsicott,Charizard-Mega-Y:Garchomp:Whimsicott,10.0,717
2026-06-07,2026-06-07T12:00:03Z,pikalytics,gen9championsvgc2026regma,"Best Pokemon, teams, and builds in Pokemon Champions VGC 2026",https://pikalytics.com/pokedex/gen9championsvgc2026regma,1,4,Basculegion / Charizard-Mega-Y / Garchomp / Kingambit,Basculegion:Charizard-Mega-Y:Garchomp:Kingambit,10.6,759
2026-06-07,2026-06-07T12:00:03Z,pikalytics,gen9championsvgc2026regma,"Best Pokemon, teams, and builds in Pokemon Champions VGC 2026",https://pikalytics.com/pokedex/gen9championsvgc2026regma,2,4,Basculegion / Charizard-Mega-Y / Garchomp / Whimsicott,Basculegion:Charizard-Mega-Y:Garchomp:Whimsicott,7.5,539
2026-06-07,2026-06-07T12:00:03Z,pikalytics,gen9championsvgc2026regma,"Best Pokemon, teams, and builds in Pokemon Champions VGC 2026",https://pikalytics.com/pokedex/gen9championsvgc2026regma,3,4,Charizard-Mega-Y / Garchomp / Kingambit / Whimsicott,Charizard-Mega-Y:Garchomp:Kingambit:Whimsicott,7.0,506
2026-06-07,2026-06-07T12:00:03Z,pikalytics,gen9championsvgc2026regma,"Best Pokemon, teams, and builds in Pokemon Champions VGC 2026",https://pikalytics.com/pokedex/gen9championsvgc2026regma,4,4,Basculegion / Charizard-Mega-Y / Kingambit / Whimsicott,Basculegion:Charizard-Mega-Y:Kingambit:Whimsicott,6.3,456
2026-06-07,2026-06-07T12:00:03Z,pikalytics,gen9championsvgc2026regma,"Best Pokemon, teams, and builds in Pokemon Champions VGC 2026",https://pikalytics.com/pokedex/gen9championsvgc2026regma,5,4,Basculegion / Garchomp / Kingambit / Whimsicott,Basculegion:Garchomp:Kingambit:Whimsicott,6.0,429
2026-06-08,2026-06-08T12:00:02Z,pikalytics,gen9championsvgc2026regma,"Best Pokemon, teams, and builds in Pokemon Champions VGC 2026",https://pikalytics.com/pokedex/gen9championsvgc2026regma,1,2,Basculegion / Kingambit,Basculegion:Kingambit,22.8,1635
2026-06-08,2026-06-08T12:00:02Z,pikalytics,gen9championsvgc2026regma,"Best Pokemon, teams, and builds in Pokemon Champions VGC 2026",https://pikalytics.com/pokedex/gen9championsvgc2026regma,2,2,Charizard-Mega-Y / Garchomp,Charizard-Mega-Y:Garchomp,22.4,1610
2026-06-08,2026-06-08T12:00:02Z,pikalytics,gen9championsvgc2026regma,"Best Pokemon, teams, and builds in Pokemon Champions VGC 2026",https://pikalytics.com/pokedex/gen9championsvgc2026regma,3,2,Garchomp / Kingambit,Garchomp:Kingambit,21.3,1530
2026-06-08,2026-06-08T12:00:02Z,pikalytics,gen9championsvgc2026regma,"Best Pokemon, teams, and builds in Pokemon Champions VGC 2026",https://pikalytics.com/pokedex/gen9championsvgc2026regma,4,2,Basculegion / Garchomp,Basculegion:Garchomp,21.0,1509
2026-06-08,2026-06-08T12:00:02Z,pikalytics,gen9championsvgc2026regma,"Best Pokemon, teams, and builds in Pokemon Champions VGC 2026",https://pikalytics.com/pokedex/gen9championsvgc2026regma,5,2,Basculegion / Charizard-Mega-Y,Basculegion:Charizard-Mega-Y,16.9,1214
2026-06-08,2026-06-08T12:00:02Z,pikalytics,gen9championsvgc2026regma,"Best Pokemon, teams, and builds in Pokemon Champions VGC 2026",https://pikalytics.com/pokedex/gen9championsvgc2026regma,1,3,Basculegion / Charizard-Mega-Y / Garchomp,Basculegion:Charizard-Mega-Y:Garchomp,15.0,1081
2026-06-08,2026-06-08T12:00:02Z,pikalytics,gen9championsvgc2026regma,"Best Pokemon, teams, and builds in Pokemon Champions VGC 2026",https://pikalytics.com/pokedex/gen9championsvgc2026regma,2,3,Charizard-Mega-Y / Garchomp / Kingambit,Charizard-Mega-Y:Garchomp:Kingambit,13.9,998
2026-06-08,2026-06-08T12:00:02Z,pikalytics,gen9championsvgc2026regma,"Best Pokemon, teams, and builds in Pokemon Champions VGC 2026",https://pikalytics.com/pokedex/gen9championsvgc2026regma,3,3,Basculegion / Garchomp / Kingambit,Basculegion:Garchomp:Kingambit,13.9,996
2026-06-08,2026-06-08T12:00:02Z,pikalytics,gen9championsvgc2026regma,"Best Pokemon, teams, and builds in Pokemon Champions VGC 2026",https://pikalytics.com/pokedex/gen9championsvgc2026regma,4,3,Basculegion / Charizard-Mega-Y / Kingambit,Basculegion:Charizard-Mega-Y:Kingambit,11.7,839
2026-06-08,2026-06-08T12:00:02Z,pikalytics,gen9championsvgc2026regma,"Best Pokemon, teams, and builds in Pokemon Champions VGC 2026",https://pikalytics.com/pokedex/gen9championsvgc2026regma,5,3,Charizard-Mega-Y / Garchomp / Whimsicott,Charizard-Mega-Y:Garchomp:Whimsicott,10.0,717
2026-06-08,2026-06-08T12:00:02Z,pikalytics,gen9championsvgc2026regma,"Best Pokemon, teams, and builds in Pokemon Champions VGC 2026",https://pikalytics.com/pokedex/gen9championsvgc2026regma,1,4,Basculegion / Charizard-Mega-Y / Garchomp / Kingambit,Basculegion:Charizard-Mega-Y:Garchomp:Kingambit,10.6,759
2026-06-08,2026-06-08T12:00:02Z,pikalytics,gen9championsvgc2026regma,"Best Pokemon, teams, and builds in Pokemon Champions VGC 2026",https://pikalytics.com/pokedex/gen9championsvgc2026regma,2,4,Basculegion / Charizard-Mega-Y / Garchomp / Whimsicott,Basculegion:Charizard-Mega-Y:Garchomp:Whimsicott,7.5,539
2026-06-08,2026-06-08T12:00:02Z,pikalytics,gen9championsvgc2026regma,"Best Pokemon, teams, and builds in Pokemon Champions VGC 2026",https://pikalytics.com/pokedex/gen9championsvgc2026regma,3,4,Charizard-Mega-Y / Garchomp / Kingambit / Whimsicott,Charizard-Mega-Y:Garchomp:Kingambit:Whimsicott,7.0,506
2026-06-08,2026-06-08T12:00:02Z,pikalytics,gen9championsvgc2026regma,"Best Pokemon, teams, and builds in Pokemon Champions VGC 2026",https://pikalytics.com/pokedex/gen9championsvgc2026regma,4,4,Basculegion / Charizard-Mega-Y / Kingambit / Whimsicott,Basculegion:Charizard-Mega-Y:Kingambit:Whimsicott,6.3,456
2026-06-08,2026-06-08T12:00:02Z,pikalytics,gen9championsvgc2026regma,"Best Pokemon, teams, and builds in Pokemon Champions VGC 2026",https://pikalytics.com/pokedex/gen9championsvgc2026regma,5,4,Basculegion / Garchomp / Kingambit / Whimsicott,Basculegion:Garchomp:Kingambit:Whimsicott,6.0,429
2026-06-09,2026-06-09T12:00:02Z,pikalytics,gen9championsvgc2026regma,"Best Pokemon, teams, and builds in Pokemon Champions VGC 2026",https://pikalytics.com/pokedex/gen9championsvgc2026regma,1,2,Charizard-Mega-Y / Garchomp,Charizard-Mega-Y:Garchomp,23.9,1874
2026-06-09,2026-06-09T12:00:02Z,pikalytics,gen9championsvgc2026regma,"Best Pokemon, teams, and builds in Pokemon Champions VGC 2026",https://pikalytics.com/pokedex/gen9championsvgc2026regma,2,2,Basculegion / Kingambit,Basculegion:Kingambit,22.7,1777
2026-06-09,2026-06-09T12:00:02Z,pikalytics,gen9championsvgc2026regma,"Best Pokemon, teams, and builds in Pokemon Champions VGC 2026",https://pikalytics.com/pokedex/gen9championsvgc2026regma,3,2,Garchomp / Kingambit,Garchomp:Kingambit,22.5,1758
2026-06-09,2026-06-09T12:00:02Z,pikalytics,gen9championsvgc2026regma,"Best Pokemon, teams, and builds in Pokemon Champions VGC 2026",https://pikalytics.com/pokedex/gen9championsvgc2026regma,4,2,Basculegion / Garchomp,Basculegion:Garchomp,21.3,1669
2026-06-09,2026-06-09T12:00:02Z,pikalytics,gen9championsvgc2026regma,"Best Pokemon, teams, and builds in Pokemon Champions VGC 2026",https://pikalytics.com/pokedex/gen9championsvgc2026regma,5,2,Basculegion / Charizard-Mega-Y,Basculegion:Charizard-Mega-Y,17.6,1377
2026-06-09,2026-06-09T12:00:02Z,pikalytics,gen9championsvgc2026regma,"Best Pokemon, teams, and builds in Pokemon Champions VGC 2026",https://pikalytics.com/pokedex/gen9championsvgc2026regma,1,3,Basculegion / Charizard-Mega-Y / Garchomp,Basculegion:Charizard-Mega-Y:Garchomp,15.8,1233
2026-06-09,2026-06-09T12:00:02Z,pikalytics,gen9championsvgc2026regma,"Best Pokemon, teams, and builds in Pokemon Champions VGC 2026",https://pikalytics.com/pokedex/gen9championsvgc2026regma,2,3,Basculegion / Garchomp / Kingambit,Basculegion:Garchomp:Kingambit,15.0,1174
2026-06-09,2026-06-09T12:00:02Z,pikalytics,gen9championsvgc2026regma,"Best Pokemon, teams, and builds in Pokemon Champions VGC 2026",https://pikalytics.com/pokedex/gen9championsvgc2026regma,3,3,Charizard-Mega-Y / Garchomp / Kingambit,Charizard-Mega-Y:Garchomp:Kingambit,14.8,1157
2026-06-09,2026-06-09T12:00:02Z,pikalytics,gen9championsvgc2026regma,"Best Pokemon, teams, and builds in Pokemon Champions VGC 2026",https://pikalytics.com/pokedex/gen9championsvgc2026regma,4,3,Basculegion / Charizard-Mega-Y / Kingambit,Basculegion:Charizard-Mega-Y:Kingambit,12.8,1004
2026-06-09,2026-06-09T12:00:02Z,pikalytics,gen9championsvgc2026regma,"Best Pokemon, teams, and builds in Pokemon Champions VGC 2026",https://pikalytics.com/pokedex/gen9championsvgc2026regma,5,3,Charizard-Mega-Y / Garchomp / Whimsicott,Charizard-Mega-Y:Garchomp:Whimsicott,12.1,947
2026-06-09,2026-06-09T12:00:02Z,pikalytics,gen9championsvgc2026regma,"Best Pokemon, teams, and builds in Pokemon Champions VGC 2026",https://pikalytics.com/pokedex/gen9championsvgc2026regma,1,4,Basculegion / Charizard-Mega-Y / Garchomp / Kingambit,Basculegion:Charizard-Mega-Y:Garchomp:Kingambit,11.8,927
2026-06-09,2026-06-09T12:00:02Z,pikalytics,gen9championsvgc2026regma,"Best Pokemon, teams, and builds in Pokemon Champions VGC 2026",https://pikalytics.com/pokedex/gen9championsvgc2026regma,2,4,Basculegion / Charizard-Mega-Y / Garchomp / Whimsicott,Basculegion:Charizard-Mega-Y:Garchomp:Whimsicott,9.6,755
2026-06-09,2026-06-09T12:00:02Z,pikalytics,gen9championsvgc2026regma,"Best Pokemon, teams, and builds in Pokemon Champions VGC 2026",https://pikalytics.com/pokedex/gen9championsvgc2026regma,3,4,Charizard-Mega-Y / Garchomp / Kingambit / Whimsicott,Charizard-Mega-Y:Garchomp:Kingambit:Whimsicott,9.0,702
2026-06-09,2026-06-09T12:00:02Z,pikalytics,gen9championsvgc2026regma,"Best Pokemon, teams, and builds in Pokemon Champions VGC 2026",https://pikalytics.com/pokedex/gen9championsvgc2026regma,4,4,Basculegion / Charizard-Mega-Y / Kingambit / Whimsicott,Basculegion:Charizard-Mega-Y:Kingambit:Whimsicott,8.4,660
2026-06-09,2026-06-09T12:00:02Z,pikalytics,gen9championsvgc2026regma,"Best Pokemon, teams, and builds in Pokemon Champions VGC 2026",https://pikalytics.com/pokedex/gen9championsvgc2026regma,5,4,Basculegion / Garchomp / Kingambit / Whimsicott,Basculegion:Garchomp:Kingambit:Whimsicott,8.0,625
2026-06-10,2026-06-10T12:00:03Z,pikalytics,gen9championsvgc2026regma,"Best Pokemon, teams, and builds in Pokemon Champions VGC 2026",https://pikalytics.com/pokedex/gen9championsvgc2026regma,1,2,Charizard-Mega-Y / Garchomp,Charizard-Mega-Y:Garchomp,23.9,1874
2026-06-10,2026-06-10T12:00:03Z,pikalytics,gen9championsvgc2026regma,"Best Pokemon, teams, and builds in Pokemon Champions VGC 2026",https://pikalytics.com/pokedex/gen9championsvgc2026regma,2,2,Basculegion / Kingambit,Basculegion:Kingambit,22.7,1777
2026-06-10,2026-06-10T12:00:03Z,pikalytics,gen9championsvgc2026regma,"Best Pokemon, teams, and builds in Pokemon Champions VGC 2026",https://pikalytics.com/pokedex/gen9championsvgc2026regma,3,2,Garchomp / Kingambit,Garchomp:Kingambit,22.5,1758
2026-06-10,2026-06-10T12:00:03Z,pikalytics,gen9championsvgc2026regma,"Best Pokemon, teams, and builds in Pokemon Champions VGC 2026",https://pikalytics.com/pokedex/gen9championsvgc2026regma,4,2,Basculegion / Garchomp,Basculegion:Garchomp,21.3,1669
2026-06-10,2026-06-10T12:00:03Z,pikalytics,gen9championsvgc2026regma,"Best Pokemon, teams, and builds in Pokemon Champions VGC 2026",https://pikalytics.com/pokedex/gen9championsvgc2026regma,5,2,Basculegion / Charizard-Mega-Y,Basculegion:Charizard-Mega-Y,17.6,1377
2026-06-10,2026-06-10T12:00:03Z,pikalytics,gen9championsvgc2026regma,"Best Pokemon, teams, and builds in Pokemon Champions VGC 2026",https://pikalytics.com/pokedex/gen9championsvgc2026regma,1,3,Basculegion / Charizard-Mega-Y / Garchomp,Basculegion:Charizard-Mega-Y:Garchomp,15.8,1233
2026-06-10,2026-06-10T12:00:03Z,pikalytics,gen9championsvgc2026regma,"Best Pokemon, teams, and builds in Pokemon Champions VGC 2026",https://pikalytics.com/pokedex/gen9championsvgc2026regma,2,3,Basculegion / Garchomp / Kingambit,Basculegion:Garchomp:Kingambit,15.0,1174
2026-06-10,2026-06-10T12:00:03Z,pikalytics,gen9championsvgc2026regma,"Best Pokemon, teams, and builds in Pokemon Champions VGC 2026",https://pikalytics.com/pokedex/gen9championsvgc2026regma,3,3,Charizard-Mega-Y / Garchomp / Kingambit,Charizard-Mega-Y:Garchomp:Kingambit,14.8,1157
2026-06-10,2026-06-10T12:00:03Z,pikalytics,gen9championsvgc2026regma,"Best Pokemon, teams, and builds in Pokemon Champions VGC 2026",https://pikalytics.com/pokedex/gen9championsvgc2026regma,4,3,Basculegion / Charizard-Mega-Y / Kingambit,Basculegion:Charizard-Mega-Y:Kingambit,12.8,1004
2026-06-10,2026-06-10T12:00:03Z,pikalytics,gen9championsvgc2026regma,"Best Pokemon, teams, and builds in Pokemon Champions VGC 2026",https://pikalytics.com/pokedex/gen9championsvgc2026regma,5,3,Charizard-Mega-Y / Garchomp / Whimsicott,Charizard-Mega-Y:Garchomp:Whimsicott,12.1,947
2026-06-10,2026-06-10T12:00:03Z,pikalytics,gen9championsvgc2026regma,"Best Pokemon, teams, and builds in Pokemon Champions VGC 2026",https://pikalytics.com/pokedex/gen9championsvgc2026regma,1,4,Basculegion / Charizard-Mega-Y / Garchomp / Kingambit,Basculegion:Charizard-Mega-Y:Garchomp:Kingambit,11.8,927
2026-06-10,2026-06-10T12:00:03Z,pikalytics,gen9championsvgc2026regma,"Best Pokemon, teams, and builds in Pokemon Champions VGC 2026",https://pikalytics.com/pokedex/gen9championsvgc2026regma,2,4,Basculegion / Charizard-Mega-Y / Garchomp / Whimsicott,Basculegion:Charizard-Mega-Y:Garchomp:Whimsicott,9.6,755
2026-06-10,2026-06-10T12:00:03Z,pikalytics,gen9championsvgc2026regma,"Best Pokemon, teams, and builds in Pokemon Champions VGC 2026",https://pikalytics.com/pokedex/gen9championsvgc2026regma,3,4,Charizard-Mega-Y / Garchomp / Kingambit / Whimsicott,Charizard-Mega-Y:Garchomp:Kingambit:Whimsicott,9.0,702
2026-06-10,2026-06-10T12:00:03Z,pikalytics,gen9championsvgc2026regma,"Best Pokemon, teams, and builds in Pokemon Champions VGC 2026",https://pikalytics.com/pokedex/gen9championsvgc2026regma,4,4,Basculegion / Charizard-Mega-Y / Kingambit / Whimsicott,Basculegion:Charizard-Mega-Y:Kingambit:Whimsicott,8.4,660
2026-06-10,2026-06-10T12:00:03Z,pikalytics,gen9championsvgc2026regma,"Best Pokemon, teams, and builds in Pokemon Champions VGC 2026",https://pikalytics.com/pokedex/gen9championsvgc2026regma,5,4,Basculegion / Garchomp / Kingambit / Whimsicott,Basculegion:Garchomp:Kingambit:Whimsicott,8.0,625
2026-06-11,2026-06-11T12:00:02Z,pikalytics,gen9championsvgc2026regma,"Best Pokemon, teams, and builds in Pokemon Champions VGC 2026",https://pikalytics.com/pokedex/gen9championsvgc2026regma,1,2,Charizard-Mega-Y / Garchomp,Charizard-Mega-Y:Garchomp,23.9,1874
2026-06-11,2026-06-11T12:00:02Z,pikalytics,gen9championsvgc2026regma,"Best Pokemon, teams, and builds in Pokemon Champions VGC 2026",https://pikalytics.com/pokedex/gen9championsvgc2026regma,2,2,Basculegion / Kingambit,Basculegion:Kingambit,22.7,1777
2026-06-11,2026-06-11T12:00:02Z,pikalytics,gen9championsvgc2026regma,"Best Pokemon, teams, and builds in Pokemon Champions VGC 2026",https://pikalytics.com/pokedex/gen9championsvgc2026regma,3,2,Garchomp / Kingambit,Garchomp:Kingambit,22.5,1758
2026-06-11,2026-06-11T12:00:02Z,pikalytics,gen9championsvgc2026regma,"Best Pokemon, teams, and builds in Pokemon Champions VGC 2026",https://pikalytics.com/pokedex/gen9championsvgc2026regma,4,2,Basculegion / Garchomp,Basculegion:Garchomp,21.3,1669
2026-06-11,2026-06-11T12:00:02Z,pikalytics,gen9championsvgc2026regma,"Best Pokemon, teams, and builds in Pokemon Champions VGC 2026",https://pikalytics.com/pokedex/gen9championsvgc2026regma,5,2,Basculegion / Charizard-Mega-Y,Basculegion:Charizard-Mega-Y,17.6,1377
2026-06-11,2026-06-11T12:00:02Z,pikalytics,gen9championsvgc2026regma,"Best Pokemon, teams, and builds in Pokemon Champions VGC 2026",https://pikalytics.com/pokedex/gen9championsvgc2026regma,1,3,Basculegion / Charizard-Mega-Y / Garchomp,Basculegion:Charizard-Mega-Y:Garchomp,15.8,1233
2026-06-11,2026-06-11T12:00:02Z,pikalytics,gen9championsvgc2026regma,"Best Pokemon, teams, and builds in Pokemon Champions VGC 2026",https://pikalytics.com/pokedex/gen9championsvgc2026regma,2,3,Basculegion / Garchomp / Kingambit,Basculegion:Garchomp:Kingambit,15.0,1174
2026-06-11,2026-06-11T12:00:02Z,pikalytics,gen9championsvgc2026regma,"Best Pokemon, teams, and builds in Pokemon Champions VGC 2026",https://pikalytics.com/pokedex/gen9championsvgc2026regma,3,3,Charizard-Mega-Y / Garchomp / Kingambit,Charizard-Mega-Y:Garchomp:Kingambit,14.8,1157
2026-06-11,2026-06-11T12:00:02Z,pikalytics,gen9championsvgc2026regma,"Best Pokemon, teams, and builds in Pokemon Champions VGC 2026",https://pikalytics.com/pokedex/gen9championsvgc2026regma,4,3,Basculegion / Charizard-Mega-Y / Kingambit,Basculegion:Charizard-Mega-Y:Kingambit,12.8,1004
2026-06-11,2026-06-11T12:00:02Z,pikalytics,gen9championsvgc2026regma,"Best Pokemon, teams, and builds in Pokemon Champions VGC 2026",https://pikalytics.com/pokedex/gen9championsvgc2026regma,5,3,Charizard-Mega-Y / Garchomp / Whimsicott,Charizard-Mega-Y:Garchomp:Whimsicott,12.1,947
2026-06-11,2026-06-11T12:00:02Z,pikalytics,gen9championsvgc2026regma,"Best Pokemon, teams, and builds in Pokemon Champions VGC 2026",https://pikalytics.com/pokedex/gen9championsvgc2026regma,1,4,Basculegion / Charizard-Mega-Y / Garchomp / Kingambit,Basculegion:Charizard-Mega-Y:Garchomp:Kingambit,11.8,927
2026-06-11,2026-06-11T12:00:02Z,pikalytics,gen9championsvgc2026regma,"Best Pokemon, teams, and builds in Pokemon Champions VGC 2026",https://pikalytics.com/pokedex/gen9championsvgc2026regma,2,4,Basculegion / Charizard-Mega-Y / Garchomp / Whimsicott,Basculegion:Charizard-Mega-Y:Garchomp:Whimsicott,9.6,755
2026-06-11,2026-06-11T12:00:02Z,pikalytics,gen9championsvgc2026regma,"Best Pokemon, teams, and builds in Pokemon Champions VGC 2026",https://pikalytics.com/pokedex/gen9championsvgc2026regma,3,4,Charizard-Mega-Y / Garchomp / Kingambit / Whimsicott,Charizard-Mega-Y:Garchomp:Kingambit:Whimsicott,9.0,702
2026-06-11,2026-06-11T12:00:02Z,pikalytics,gen9championsvgc2026regma,"Best Pokemon, teams, and builds in Pokemon Champions VGC 2026",https://pikalytics.com/pokedex/gen9championsvgc2026regma,4,4,Basculegion / Charizard-Mega-Y / Kingambit / Whimsicott,Basculegion:Charizard-Mega-Y:Kingambit:Whimsicott,8.4,660
2026-06-11,2026-06-11T12:00:02Z,pikalytics,gen9championsvgc2026regma,"Best Pokemon, teams, and builds in Pokemon Champions VGC 2026",https://pikalytics.com/pokedex/gen9championsvgc2026regma,5,4,Basculegion / Garchomp / Kingambit / Whimsicott,Basculegion:Garchomp:Kingambit:Whimsicott,8.0,625
2026-06-12,2026-06-12T12:00:02Z,pikalytics,gen9championsvgc2026regma,"Best Pokemon, teams, and builds in Pokemon Champions VGC 2026",https://pikalytics.com/pokedex/gen9championsvgc2026regma,1,2,Charizard-Mega-Y / Garchomp,Charizard-Mega-Y:Garchomp,23.9,1874
2026-06-12,2026-06-12T12:00:02Z,pikalytics,gen9championsvgc2026regma,"Best Pokemon, teams, and builds in Pokemon Champions VGC 2026",https://pikalytics.com/pokedex/gen9championsvgc2026regma,2,2,Basculegion / Kingambit,Basculegion:Kingambit,22.7,1777
2026-06-12,2026-06-12T12:00:02Z,pikalytics,gen9championsvgc2026regma,"Best Pokemon, teams, and builds in Pokemon Champions VGC 2026",https://pikalytics.com/pokedex/gen9championsvgc2026regma,3,2,Garchomp / Kingambit,Garchomp:Kingambit,22.5,1758
2026-06-12,2026-06-12T12:00:02Z,pikalytics,gen9championsvgc2026regma,"Best Pokemon, teams, and builds in Pokemon Champions VGC 2026",https://pikalytics.com/pokedex/gen9championsvgc2026regma,4,2,Basculegion / Garchomp,Basculegion:Garchomp,21.3,1669
2026-06-12,2026-06-12T12:00:02Z,pikalytics,gen9championsvgc2026regma,"Best Pokemon, teams, and builds in Pokemon Champions VGC 2026",https://pikalytics.com/pokedex/gen9championsvgc2026regma,5,2,Basculegion / Charizard-Mega-Y,Basculegion:Charizard-Mega-Y,17.6,1377
2026-06-12,2026-06-12T12:00:02Z,pikalytics,gen9championsvgc2026regma,"Best Pokemon, teams, and builds in Pokemon Champions VGC 2026",https://pikalytics.com/pokedex/gen9championsvgc2026regma,1,3,Basculegion / Charizard-Mega-Y / Garchomp,Basculegion:Charizard-Mega-Y:Garchomp,15.8,1233
2026-06-12,2026-06-12T12:00:02Z,pikalytics,gen9championsvgc2026regma,"Best Pokemon, teams, and builds in Pokemon Champions VGC 2026",https://pikalytics.com/pokedex/gen9championsvgc2026regma,2,3,Basculegion / Garchomp / Kingambit,Basculegion:Garchomp:Kingambit,15.0,1174
2026-06-12,2026-06-12T12:00:02Z,pikalytics,gen9championsvgc2026regma,"Best Pokemon, teams, and builds in Pokemon Champions VGC 2026",https://pikalytics.com/pokedex/gen9championsvgc2026regma,3,3,Charizard-Mega-Y / Garchomp / Kingambit,Charizard-Mega-Y:Garchomp:Kingambit,14.8,1157
2026-06-12,2026-06-12T12:00:02Z,pikalytics,gen9championsvgc2026regma,"Best Pokemon, teams, and builds in Pokemon Champions VGC 2026",https://pikalytics.com/pokedex/gen9championsvgc2026regma,4,3,Basculegion / Charizard-Mega-Y / Kingambit,Basculegion:Charizard-Mega-Y:Kingambit,12.8,1004
2026-06-12,2026-06-12T12:00:02Z,pikalytics,gen9championsvgc2026regma,"Best Pokemon, teams, and builds in Pokemon Champions VGC 2026",https://pikalytics.com/pokedex/gen9championsvgc2026regma,5,3,Charizard-Mega-Y / Garchomp / Whimsicott,Charizard-Mega-Y:Garchomp:Whimsicott,12.1,947
2026-06-12,2026-06-12T12:00:02Z,pikalytics,gen9championsvgc2026regma,"Best Pokemon, teams, and builds in Pokemon Champions VGC 2026",https://pikalytics.com/pokedex/gen9championsvgc2026regma,1,4,Basculegion / Charizard-Mega-Y / Garchomp / Kingambit,Basculegion:Charizard-Mega-Y:Garchomp:Kingambit,11.8,927
2026-06-12,2026-06-12T12:00:02Z,pikalytics,gen9championsvgc2026regma,"Best Pokemon, teams, and builds in Pokemon Champions VGC 2026",https://pikalytics.com/pokedex/gen9championsvgc2026regma,2,4,Basculegion / Charizard-Mega-Y / Garchomp / Whimsicott,Basculegion:Charizard-Mega-Y:Garchomp:Whimsicott,9.6,755
2026-06-12,2026-06-12T12:00:02Z,pikalytics,gen9championsvgc2026regma,"Best Pokemon, teams, and builds in Pokemon Champions VGC 2026",https://pikalytics.com/pokedex/gen9championsvgc2026regma,3,4,Charizard-Mega-Y / Garchomp / Kingambit / Whimsicott,Charizard-Mega-Y:Garchomp:Kingambit:Whimsicott,9.0,702
2026-06-12,2026-06-12T12:00:02Z,pikalytics,gen9championsvgc2026regma,"Best Pokemon, teams, and builds in Pokemon Champions VGC 2026",https://pikalytics.com/pokedex/gen9championsvgc2026regma,4,4,Basculegion / Charizard-Mega-Y / Kingambit / Whimsicott,Basculegion:Charizard-Mega-Y:Kingambit:Whimsicott,8.4,660
2026-06-12,2026-06-12T12:00:02Z,pikalytics,gen9championsvgc2026regma,"Best Pokemon, teams, and builds in Pokemon Champions VGC 2026",https://pikalytics.com/pokedex/gen9championsvgc2026regma,5,4,Basculegion / Garchomp / Kingambit / Whimsicott,Basculegion:Garchomp:Kingambit:Whimsicott,8.0,625
2026-06-13,2026-06-13T12:00:02Z,pikalytics,gen9championsvgc2026regma,"Best Pokemon, teams, and builds in Pokemon Champions VGC 2026",https://pikalytics.com/pokedex/gen9championsvgc2026regma,1,2,Charizard-Mega-Y / Garchomp,Charizard-Mega-Y:Garchomp,23.9,1874
2026-06-13,2026-06-13T12:00:02Z,pikalytics,gen9championsvgc2026regma,"Best Pokemon, teams, and builds in Pokemon Champions VGC 2026",https://pikalytics.com/pokedex/gen9championsvgc2026regma,2,2,Basculegion / Kingambit,Basculegion:Kingambit,22.7,1777
2026-06-13,2026-06-13T12:00:02Z,pikalytics,gen9championsvgc2026regma,"Best Pokemon, teams, and builds in Pokemon Champions VGC 2026",https://pikalytics.com/pokedex/gen9championsvgc2026regma,3,2,Garchomp / Kingambit,Garchomp:Kingambit,22.5,1758
2026-06-13,2026-06-13T12:00:02Z,pikalytics,gen9championsvgc2026regma,"Best Pokemon, teams, and builds in Pokemon Champions VGC 2026",https://pikalytics.com/pokedex/gen9championsvgc2026regma,4,2,Basculegion / Garchomp,Basculegion:Garchomp,21.3,1669
2026-06-13,2026-06-13T12:00:02Z,pikalytics,gen9championsvgc2026regma,"Best Pokemon, teams, and builds in Pokemon Champions VGC 2026",https://pikalytics.com/pokedex/gen9championsvgc2026regma,5,2,Basculegion / Charizard-Mega-Y,Basculegion:Charizard-Mega-Y,17.6,1377
2026-06-13,2026-06-13T12:00:02Z,pikalytics,gen9championsvgc2026regma,"Best Pokemon, teams, and builds in Pokemon Champions VGC 2026",https://pikalytics.com/pokedex/gen9championsvgc2026regma,1,3,Basculegion / Charizard-Mega-Y / Garchomp,Basculegion:Charizard-Mega-Y:Garchomp,15.8,1233
2026-06-13,2026-06-13T12:00:02Z,pikalytics,gen9championsvgc2026regma,"Best Pokemon, teams, and builds in Pokemon Champions VGC 2026",https://pikalytics.com/pokedex/gen9championsvgc2026regma,2,3,Basculegion / Garchomp / Kingambit,Basculegion:Garchomp:Kingambit,15.0,1174
2026-06-13,2026-06-13T12:00:02Z,pikalytics,gen9championsvgc2026regma,"Best Pokemon, teams, and builds in Pokemon Champions VGC 2026",https://pikalytics.com/pokedex/gen9championsvgc2026regma,3,3,Charizard-Mega-Y / Garchomp / Kingambit,Charizard-Mega-Y:Garchomp:Kingambit,14.8,1157
2026-06-13,2026-06-13T12:00:02Z,pikalytics,gen9championsvgc2026regma,"Best Pokemon, teams, and builds in Pokemon Champions VGC 2026",https://pikalytics.com/pokedex/gen9championsvgc2026regma,4,3,Basculegion / Charizard-Mega-Y / Kingambit,Basculegion:Charizard-Mega-Y:Kingambit,12.8,1004
2026-06-13,2026-06-13T12:00:02Z,pikalytics,gen9championsvgc2026regma,"Best Pokemon, teams, and builds in Pokemon Champions VGC 2026",https://pikalytics.com/pokedex/gen9championsvgc2026regma,5,3,Charizard-Mega-Y / Garchomp / Whimsicott,Charizard-Mega-Y:Garchomp:Whimsicott,12.1,947
2026-06-13,2026-06-13T12:00:02Z,pikalytics,gen9championsvgc2026regma,"Best Pokemon, teams, and builds in Pokemon Champions VGC 2026",https://pikalytics.com/pokedex/gen9championsvgc2026regma,1,4,Basculegion / Charizard-Mega-Y / Garchomp / Kingambit,Basculegion:Charizard-Mega-Y:Garchomp:Kingambit,11.8,927
2026-06-13,2026-06-13T12:00:02Z,pikalytics,gen9championsvgc2026regma,"Best Pokemon, teams, and builds in Pokemon Champions VGC 2026",https://pikalytics.com/pokedex/gen9championsvgc2026regma,2,4,Basculegion / Charizard-Mega-Y / Garchomp / Whimsicott,Basculegion:Charizard-Mega-Y:Garchomp:Whimsicott,9.6,755
2026-06-13,2026-06-13T12:00:02Z,pikalytics,gen9championsvgc2026regma,"Best Pokemon, teams, and builds in Pokemon Champions VGC 2026",https://pikalytics.com/pokedex/gen9championsvgc2026regma,3,4,Charizard-Mega-Y / Garchomp / Kingambit / Whimsicott,Charizard-Mega-Y:Garchomp:Kingambit:Whimsicott,9.0,702
2026-06-13,2026-06-13T12:00:02Z,pikalytics,gen9championsvgc2026regma,"Best Pokemon, teams, and builds in Pokemon Champions VGC 2026",https://pikalytics.com/pokedex/gen9championsvgc2026regma,4,4,Basculegion / Charizard-Mega-Y / Kingambit / Whimsicott,Basculegion:Charizard-Mega-Y:Kingambit:Whimsicott,8.4,660
2026-06-13,2026-06-13T12:00:02Z,pikalytics,gen9championsvgc2026regma,"Best Pokemon, teams, and builds in Pokemon Champions VGC 2026",https://pikalytics.com/pokedex/gen9championsvgc2026regma,5,4,Basculegion / Garchomp / Kingambit / Whimsicott,Basculegion:Garchomp:Kingambit:Whimsicott,8.0,625
2026-06-15,2026-06-15T12:00:02Z,pikalytics,gen9championsvgc2026regma,"Best Pokemon, teams, and builds in Pokemon Champions VGC 2026",https://pikalytics.com/pokedex/gen9championsvgc2026regma,1,2,Charizard-Mega-Y / Garchomp,Charizard-Mega-Y:Garchomp,23.9,1874
2026-06-15,2026-06-15T12:00:02Z,pikalytics,gen9championsvgc2026regma,"Best Pokemon, teams, and builds in Pokemon Champions VGC 2026",https://pikalytics.com/pokedex/gen9championsvgc2026regma,2,2,Basculegion / Kingambit,Basculegion:Kingambit,22.7,1777
2026-06-15,2026-06-15T12:00:02Z,pikalytics,gen9championsvgc2026regma,"Best Pokemon, teams, and builds in Pokemon Champions VGC 2026",https://pikalytics.com/pokedex/gen9championsvgc2026regma,3,2,Garchomp / Kingambit,Garchomp:Kingambit,22.5,1758
2026-06-15,2026-06-15T12:00:02Z,pikalytics,gen9championsvgc2026regma,"Best Pokemon, teams, and builds in Pokemon Champions VGC 2026",https://pikalytics.com/pokedex/gen9championsvgc2026regma,4,2,Basculegion / Garchomp,Basculegion:Garchomp,21.3,1669
2026-06-15,2026-06-15T12:00:02Z,pikalytics,gen9championsvgc2026regma,"Best Pokemon, teams, and builds in Pokemon Champions VGC 2026",https://pikalytics.com/pokedex/gen9championsvgc2026regma,5,2,Basculegion / Charizard-Mega-Y,Basculegion:Charizard-Mega-Y,17.6,1377
2026-06-15,2026-06-15T12:00:02Z,pikalytics,gen9championsvgc2026regma,"Best Pokemon, teams, and builds in Pokemon Champions VGC 2026",https://pikalytics.com/pokedex/gen9championsvgc2026regma,1,3,Basculegion / Charizard-Mega-Y / Garchomp,Basculegion:Charizard-Mega-Y:Garchomp,15.8,1233
2026-06-15,2026-06-15T12:00:02Z,pikalytics,gen9championsvgc2026regma,"Best Pokemon, teams, and builds in Pokemon Champions VGC 2026",https://pikalytics.com/pokedex/gen9championsvgc2026regma,2,3,Basculegion / Garchomp / Kingambit,Basculegion:Garchomp:Kingambit,15.0,1174
2026-06-15,2026-06-15T12:00:02Z,pikalytics,gen9championsvgc2026regma,"Best Pokemon, teams, and builds in Pokemon Champions VGC 2026",https://pikalytics.com/pokedex/gen9championsvgc2026regma,3,3,Charizard-Mega-Y / Garchomp / Kingambit,Charizard-Mega-Y:Garchomp:Kingambit,14.8,1157
2026-06-15,2026-06-15T12:00:02Z,pikalytics,gen9championsvgc2026regma,"Best Pokemon, teams, and builds in Pokemon Champions VGC 2026",https://pikalytics.com/pokedex/gen9championsvgc2026regma,4,3,Basculegion / Charizard-Mega-Y / Kingambit,Basculegion:Charizard-Mega-Y:Kingambit,12.8,1004
2026-06-15,2026-06-15T12:00:02Z,pikalytics,gen9championsvgc2026regma,"Best Pokemon, teams, and builds in Pokemon Champions VGC 2026",https://pikalytics.com/pokedex/gen9championsvgc2026regma,5,3,Charizard-Mega-Y / Garchomp / Whimsicott,Charizard-Mega-Y:Garchomp:Whimsicott,12.1,947
2026-06-15,2026-06-15T12:00:02Z,pikalytics,gen9championsvgc2026regma,"Best Pokemon, teams, and builds in Pokemon Champions VGC 2026",https://pikalytics.com/pokedex/gen9championsvgc2026regma,1,4,Basculegion / Charizard-Mega-Y / Garchomp / Kingambit,Basculegion:Charizard-Mega-Y:Garchomp:Kingambit,11.8,927
2026-06-15,2026-06-15T12:00:02Z,pikalytics,gen9championsvgc2026regma,"Best Pokemon, teams, and builds in Pokemon Champions VGC 2026",https://pikalytics.com/pokedex/gen9championsvgc2026regma,2,4,Basculegion / Charizard-Mega-Y / Garchomp / Whimsicott,Basculegion:Charizard-Mega-Y:Garchomp:Whimsicott,9.6,755
2026-06-15,2026-06-15T12:00:02Z,pikalytics,gen9championsvgc2026regma,"Best Pokemon, teams, and builds in Pokemon Champions VGC 2026",https://pikalytics.com/pokedex/gen9championsvgc2026regma,3,4,Charizard-Mega-Y / Garchomp / Kingambit / Whimsicott,Charizard-Mega-Y:Garchomp:Kingambit:Whimsicott,9.0,702
2026-06-15,2026-06-15T12:00:02Z,pikalytics,gen9championsvgc2026regma,"Best Pokemon, teams, and builds in Pokemon Champions VGC 2026",https://pikalytics.com/pokedex/gen9championsvgc2026regma,4,4,Basculegion / Charizard-Mega-Y / Kingambit / Whimsicott,Basculegion:Charizard-Mega-Y:Kingambit:Whimsicott,8.4,660
2026-06-15,2026-06-15T12:00:02Z,pikalytics,gen9championsvgc2026regma,"Best Pokemon, teams, and builds in Pokemon Champions VGC 2026",https://pikalytics.com/pokedex/gen9championsvgc2026regma,5,4,Basculegion / Garchomp / Kingambit / Whimsicott,Basculegion:Garchomp:Kingambit:Whimsicott,8.0,625
2026-06-16,2026-06-16T12:00:03Z,pikalytics,gen9championsvgc2026regma,"Best Pokemon, teams, and builds in Pokemon Champions VGC 2026",https://pikalytics.com/pokedex/gen9championsvgc2026regma,1,2,Charizard-Mega-Y / Garchomp,Charizard-Mega-Y:Garchomp,23.1,2051
2026-06-16,2026-06-16T12:00:03Z,pikalytics,gen9championsvgc2026regma,"Best Pokemon, teams, and builds in Pokemon Champions VGC 2026",https://pikalytics.com/pokedex/gen9championsvgc2026regma,2,2,Basculegion / Kingambit,Basculegion:Kingambit,22.4,1993
2026-06-16,2026-06-16T12:00:03Z,pikalytics,gen9championsvgc2026regma,"Best Pokemon, teams, and builds in Pokemon Champions VGC 2026",https://pikalytics.com/pokedex/gen9championsvgc2026regma,3,2,Garchomp / Kingambit,Garchomp:Kingambit,21.3,1891
2026-06-16,2026-06-16T12:00:03Z,pikalytics,gen9championsvgc2026regma,"Best Pokemon, teams, and builds in Pokemon Champions VGC 2026",https://pikalytics.com/pokedex/gen9championsvgc2026regma,4,2,Basculegion / Garchomp,Basculegion:Garchomp,19.9,1768
2026-06-16,2026-06-16T12:00:03Z,pikalytics,gen9championsvgc2026regma,"Best Pokemon, teams, and builds in Pokemon Champions VGC 2026",https://pikalytics.com/pokedex/gen9championsvgc2026regma,5,2,Basculegion / Charizard-Mega-Y,Basculegion:Charizard-Mega-Y,16.6,1474
2026-06-16,2026-06-16T12:00:03Z,pikalytics,gen9championsvgc2026regma,"Best Pokemon, teams, and builds in Pokemon Champions VGC 2026",https://pikalytics.com/pokedex/gen9championsvgc2026regma,1,3,Basculegion / Charizard-Mega-Y / Garchomp,Basculegion:Charizard-Mega-Y:Garchomp,14.8,1314
2026-06-16,2026-06-16T12:00:03Z,pikalytics,gen9championsvgc2026regma,"Best Pokemon, teams, and builds in Pokemon Champions VGC 2026",https://pikalytics.com/pokedex/gen9championsvgc2026regma,2,3,Charizard-Mega-Y / Garchomp / Kingambit,Charizard-Mega-Y:Garchomp:Kingambit,14.2,1260
2026-06-16,2026-06-16T12:00:03Z,pikalytics,gen9championsvgc2026regma,"Best Pokemon, teams, and builds in Pokemon Champions VGC 2026",https://pikalytics.com/pokedex/gen9championsvgc2026regma,3,3,Basculegion / Garchomp / Kingambit,Basculegion:Garchomp:Kingambit,14.1,1258
2026-06-16,2026-06-16T12:00:03Z,pikalytics,gen9championsvgc2026regma,"Best Pokemon, teams, and builds in Pokemon Champions VGC 2026",https://pikalytics.com/pokedex/gen9championsvgc2026regma,4,3,Basculegion / Charizard-Mega-Y / Kingambit,Basculegion:Charizard-Mega-Y:Kingambit,12.4,1101
2026-06-16,2026-06-16T12:00:03Z,pikalytics,gen9championsvgc2026regma,"Best Pokemon, teams, and builds in Pokemon Champions VGC 2026",https://pikalytics.com/pokedex/gen9championsvgc2026regma,5,3,Charizard-Mega-Y / Garchomp / Whimsicott,Charizard-Mega-Y:Garchomp:Whimsicott,12.4,1101
2026-06-16,2026-06-16T12:00:03Z,pikalytics,gen9championsvgc2026regma,"Best Pokemon, teams, and builds in Pokemon Champions VGC 2026",https://pikalytics.com/pokedex/gen9championsvgc2026regma,1,4,Basculegion / Charizard-Mega-Y / Garchomp / Kingambit,Basculegion:Charizard-Mega-Y:Garchomp:Kingambit,11.4,1016
2026-06-16,2026-06-16T12:00:03Z,pikalytics,gen9championsvgc2026regma,"Best Pokemon, teams, and builds in Pokemon Champions VGC 2026",https://pikalytics.com/pokedex/gen9championsvgc2026regma,2,4,Basculegion / Charizard-Mega-Y / Garchomp / Whimsicott,Basculegion:Charizard-Mega-Y:Garchomp:Whimsicott,10.1,902
2026-06-16,2026-06-16T12:00:03Z,pikalytics,gen9championsvgc2026regma,"Best Pokemon, teams, and builds in Pokemon Champions VGC 2026",https://pikalytics.com/pokedex/gen9championsvgc2026regma,3,4,Charizard-Mega-Y / Garchomp / Kingambit / Whimsicott,Charizard-Mega-Y:Garchomp:Kingambit:Whimsicott,9.4,836
2026-06-16,2026-06-16T12:00:03Z,pikalytics,gen9championsvgc2026regma,"Best Pokemon, teams, and builds in Pokemon Champions VGC 2026",https://pikalytics.com/pokedex/gen9championsvgc2026regma,4,4,Basculegion / Charizard-Mega-Y / Kingambit / Whimsicott,Basculegion:Charizard-Mega-Y:Kingambit:Whimsicott,9.0,801
2026-06-16,2026-06-16T12:00:03Z,pikalytics,gen9championsvgc2026regma,"Best Pokemon, teams, and builds in Pokemon Champions VGC 2026",https://pikalytics.com/pokedex/gen9championsvgc2026regma,5,4,Basculegion / Garchomp / Kingambit / Whimsicott,Basculegion:Garchomp:Kingambit:Whimsicott,8.5,759
2026-06-17,2026-06-17T12:00:03Z,pikalytics,gen9championsvgc2026regma,"Best Pokemon, teams, and builds in Pokemon Champions VGC 2026",https://pikalytics.com/pokedex/gen9championsvgc2026regma,1,2,Charizard-Mega-Y / Garchomp,Charizard-Mega-Y:Garchomp,23.1,2051
2026-06-17,2026-06-17T12:00:03Z,pikalytics,gen9championsvgc2026regma,"Best Pokemon, teams, and builds in Pokemon Champions VGC 2026",https://pikalytics.com/pokedex/gen9championsvgc2026regma,2,2,Basculegion / Kingambit,Basculegion:Kingambit,22.4,1993
2026-06-17,2026-06-17T12:00:03Z,pikalytics,gen9championsvgc2026regma,"Best Pokemon, teams, and builds in Pokemon Champions VGC 2026",https://pikalytics.com/pokedex/gen9championsvgc2026regma,3,2,Garchomp / Kingambit,Garchomp:Kingambit,21.3,1891
2026-06-17,2026-06-17T12:00:03Z,pikalytics,gen9championsvgc2026regma,"Best Pokemon, teams, and builds in Pokemon Champions VGC 2026",https://pikalytics.com/pokedex/gen9championsvgc2026regma,4,2,Basculegion / Garchomp,Basculegion:Garchomp,19.9,1768
2026-06-17,2026-06-17T12:00:03Z,pikalytics,gen9championsvgc2026regma,"Best Pokemon, teams, and builds in Pokemon Champions VGC 2026",https://pikalytics.com/pokedex/gen9championsvgc2026regma,5,2,Basculegion / Charizard-Mega-Y,Basculegion:Charizard-Mega-Y,16.6,1474
2026-06-17,2026-06-17T12:00:03Z,pikalytics,gen9championsvgc2026regma,"Best Pokemon, teams, and builds in Pokemon Champions VGC 2026",https://pikalytics.com/pokedex/gen9championsvgc2026regma,1,3,Basculegion / Charizard-Mega-Y / Garchomp,Basculegion:Charizard-Mega-Y:Garchomp,14.8,1314
2026-06-17,2026-06-17T12:00:03Z,pikalytics,gen9championsvgc2026regma,"Best Pokemon, teams, and builds in Pokemon Champions VGC 2026",https://pikalytics.com/pokedex/gen9championsvgc2026regma,2,3,Charizard-Mega-Y / Garchomp / Kingambit,Charizard-Mega-Y:Garchomp:Kingambit,14.2,1260
2026-06-17,2026-06-17T12:00:03Z,pikalytics,gen9championsvgc2026regma,"Best Pokemon, teams, and builds in Pokemon Champions VGC 2026",https://pikalytics.com/pokedex/gen9championsvgc2026regma,3,3,Basculegion / Garchomp / Kingambit,Basculegion:Garchomp:Kingambit,14.1,1258
2026-06-17,2026-06-17T12:00:03Z,pikalytics,gen9championsvgc2026regma,"Best Pokemon, teams, and builds in Pokemon Champions VGC 2026",https://pikalytics.com/pokedex/gen9championsvgc2026regma,4,3,Basculegion / Charizard-Mega-Y / Kingambit,Basculegion:Charizard-Mega-Y:Kingambit,12.4,1101
2026-06-17,2026-06-17T12:00:03Z,pikalytics,gen9championsvgc2026regma,"Best Pokemon, teams, and builds in Pokemon Champions VGC 2026",https://pikalytics.com/pokedex/gen9championsvgc2026regma,5,3,Charizard-Mega-Y / Garchomp / Whimsicott,Charizard-Mega-Y:Garchomp:Whimsicott,12.4,1101
2026-06-17,2026-06-17T12:00:03Z,pikalytics,gen9championsvgc2026regma,"Best Pokemon, teams, and builds in Pokemon Champions VGC 2026",https://pikalytics.com/pokedex/gen9championsvgc2026regma,1,4,Basculegion / Charizard-Mega-Y / Garchomp / Kingambit,Basculegion:Charizard-Mega-Y:Garchomp:Kingambit,11.4,1016
2026-06-17,2026-06-17T12:00:03Z,pikalytics,gen9championsvgc2026regma,"Best Pokemon, teams, and builds in Pokemon Champions VGC 2026",https://pikalytics.com/pokedex/gen9championsvgc2026regma,2,4,Basculegion / Charizard-Mega-Y / Garchomp / Whimsicott,Basculegion:Charizard-Mega-Y:Garchomp:Whimsicott,10.1,902
2026-06-17,2026-06-17T12:00:03Z,pikalytics,gen9championsvgc2026regma,"Best Pokemon, teams, and builds in Pokemon Champions VGC 2026",https://pikalytics.com/pokedex/gen9championsvgc2026regma,3,4,Charizard-Mega-Y / Garchomp / Kingambit / Whimsicott,Charizard-Mega-Y:Garchomp:Kingambit:Whimsicott,9.4,836
2026-06-17,2026-06-17T12:00:03Z,pikalytics,gen9championsvgc2026regma,"Best Pokemon, teams, and builds in Pokemon Champions VGC 2026",https://pikalytics.com/pokedex/gen9championsvgc2026regma,4,4,Basculegion / Charizard-Mega-Y / Kingambit / Whimsicott,Basculegion:Charizard-Mega-Y:Kingambit:Whimsicott,9.0,801
2026-06-17,2026-06-17T12:00:03Z,pikalytics,gen9championsvgc2026regma,"Best Pokemon, teams, and builds in Pokemon Champions VGC 2026",https://pikalytics.com/pokedex/gen9championsvgc2026regma,5,4,Basculegion / Garchomp / Kingambit / Whimsicott,Basculegion:Garchomp:Kingambit:Whimsicott,8.5,759
2026-06-18,2026-06-18T12:00:03Z,pikalytics,gen9championsvgc2026regma,"Best Pokemon, teams, and builds in Pokemon Champions VGC 2026",https://pikalytics.com/pokedex/gen9championsvgc2026regma,1,2,Charizard-Mega-Y / Garchomp,Charizard-Mega-Y:Garchomp,23.1,2051
2026-06-18,2026-06-18T12:00:03Z,pikalytics,gen9championsvgc2026regma,"Best Pokemon, teams, and builds in Pokemon Champions VGC 2026",https://pikalytics.com/pokedex/gen9championsvgc2026regma,2,2,Basculegion / Kingambit,Basculegion:Kingambit,22.4,1993
2026-06-18,2026-06-18T12:00:03Z,pikalytics,gen9championsvgc2026regma,"Best Pokemon, teams, and builds in Pokemon Champions VGC 2026",https://pikalytics.com/pokedex/gen9championsvgc2026regma,3,2,Garchomp / Kingambit,Garchomp:Kingambit,21.3,1891
2026-06-18,2026-06-18T12:00:03Z,pikalytics,gen9championsvgc2026regma,"Best Pokemon, teams, and builds in Pokemon Champions VGC 2026",https://pikalytics.com/pokedex/gen9championsvgc2026regma,4,2,Basculegion / Garchomp,Basculegion:Garchomp,19.9,1768
2026-06-18,2026-06-18T12:00:03Z,pikalytics,gen9championsvgc2026regma,"Best Pokemon, teams, and builds in Pokemon Champions VGC 2026",https://pikalytics.com/pokedex/gen9championsvgc2026regma,5,2,Basculegion / Charizard-Mega-Y,Basculegion:Charizard-Mega-Y,16.6,1474
2026-06-18,2026-06-18T12:00:03Z,pikalytics,gen9championsvgc2026regma,"Best Pokemon, teams, and builds in Pokemon Champions VGC 2026",https://pikalytics.com/pokedex/gen9championsvgc2026regma,1,3,Basculegion / Charizard-Mega-Y / Garchomp,Basculegion:Charizard-Mega-Y:Garchomp,14.8,1314
2026-06-18,2026-06-18T12:00:03Z,pikalytics,gen9championsvgc2026regma,"Best Pokemon, teams, and builds in Pokemon Champions VGC 2026",https://pikalytics.com/pokedex/gen9championsvgc2026regma,2,3,Charizard-Mega-Y / Garchomp / Kingambit,Charizard-Mega-Y:Garchomp:Kingambit,14.2,1260
2026-06-18,2026-06-18T12:00:03Z,pikalytics,gen9championsvgc2026regma,"Best Pokemon, teams, and builds in Pokemon Champions VGC 2026",https://pikalytics.com/pokedex/gen9championsvgc2026regma,3,3,Basculegion / Garchomp / Kingambit,Basculegion:Garchomp:Kingambit,14.1,1258
2026-06-18,2026-06-18T12:00:03Z,pikalytics,gen9championsvgc2026regma,"Best Pokemon, teams, and builds in Pokemon Champions VGC 2026",https://pikalytics.com/pokedex/gen9championsvgc2026regma,4,3,Basculegion / Charizard-Mega-Y / Kingambit,Basculegion:Charizard-Mega-Y:Kingambit,12.4,1101
2026-06-18,2026-06-18T12:00:03Z,pikalytics,gen9championsvgc2026regma,"Best Pokemon, teams, and builds in Pokemon Champions VGC 2026",https://pikalytics.com/pokedex/gen9championsvgc2026regma,5,3,Charizard-Mega-Y / Garchomp / Whimsicott,Charizard-Mega-Y:Garchomp:Whimsicott,12.4,1101
2026-06-18,2026-06-18T12:00:03Z,pikalytics,gen9championsvgc2026regma,"Best Pokemon, teams, and builds in Pokemon Champions VGC 2026",https://pikalytics.com/pokedex/gen9championsvgc2026regma,1,4,Basculegion / Charizard-Mega-Y / Garchomp / Kingambit,Basculegion:Charizard-Mega-Y:Garchomp:Kingambit,11.4,1016
2026-06-18,2026-06-18T12:00:03Z,pikalytics,gen9championsvgc2026regma,"Best Pokemon, teams, and builds in Pokemon Champions VGC 2026",https://pikalytics.com/pokedex/gen9championsvgc2026regma,2,4,Basculegion / Charizard-Mega-Y / Garchomp / Whimsicott,Basculegion:Charizard-Mega-Y:Garchomp:Whimsicott,10.1,902
2026-06-18,2026-06-18T12:00:03Z,pikalytics,gen9championsvgc2026regma,"Best Pokemon, teams, and builds in Pokemon Champions VGC 2026",https://pikalytics.com/pokedex/gen9championsvgc2026regma,3,4,Charizard-Mega-Y / Garchomp / Kingambit / Whimsicott,Charizard-Mega-Y:Garchomp:Kingambit:Whimsicott,9.4,836
2026-06-18,2026-06-18T12:00:03Z,pikalytics,gen9championsvgc2026regma,"Best Pokemon, teams, and builds in Pokemon Champions VGC 2026",https://pikalytics.com/pokedex/gen9championsvgc2026regma,4,4,Basculegion / Charizard-Mega-Y / Kingambit / Whimsicott,Basculegion:Charizard-Mega-Y:Kingambit:Whimsicott,9.0,801
2026-06-18,2026-06-18T12:00:03Z,pikalytics,gen9championsvgc2026regma,"Best Pokemon, teams, and builds in Pokemon Champions VGC 2026",https://pikalytics.com/pokedex/gen9championsvgc2026regma,5,4,Basculegion / Garchomp / Kingambit / Whimsicott,Basculegion:Garchomp:Kingambit:Whimsicott,8.5,759
2026-06-19,2026-06-19T12:00:03Z,pikalytics,gen9championsvgc2026regma,"Best Pokemon, teams, and builds in Pokemon Champions VGC 2026",https://pikalytics.com/pokedex/gen9championsvgc2026regma,1,2,Charizard-Mega-Y / Garchomp,Charizard-Mega-Y:Garchomp,23.1,2051
2026-06-19,2026-06-19T12:00:03Z,pikalytics,gen9championsvgc2026regma,"Best Pokemon, teams, and builds in Pokemon Champions VGC 2026",https://pikalytics.com/pokedex/gen9championsvgc2026regma,2,2,Basculegion / Kingambit,Basculegion:Kingambit,22.4,1993
2026-06-19,2026-06-19T12:00:03Z,pikalytics,gen9championsvgc2026regma,"Best Pokemon, teams, and builds in Pokemon Champions VGC 2026",https://pikalytics.com/pokedex/gen9championsvgc2026regma,3,2,Garchomp / Kingambit,Garchomp:Kingambit,21.3,1891
2026-06-19,2026-06-19T12:00:03Z,pikalytics,gen9championsvgc2026regma,"Best Pokemon, teams, and builds in Pokemon Champions VGC 2026",https://pikalytics.com/pokedex/gen9championsvgc2026regma,4,2,Basculegion / Garchomp,Basculegion:Garchomp,19.9,1768
2026-06-19,2026-06-19T12:00:03Z,pikalytics,gen9championsvgc2026regma,"Best Pokemon, teams, and builds in Pokemon Champions VGC 2026",https://pikalytics.com/pokedex/gen9championsvgc2026regma,5,2,Basculegion / Charizard-Mega-Y,Basculegion:Charizard-Mega-Y,16.6,1474
2026-06-19,2026-06-19T12:00:03Z,pikalytics,gen9championsvgc2026regma,"Best Pokemon, teams, and builds in Pokemon Champions VGC 2026",https://pikalytics.com/pokedex/gen9championsvgc2026regma,1,3,Basculegion / Charizard-Mega-Y / Garchomp,Basculegion:Charizard-Mega-Y:Garchomp,14.8,1314
2026-06-19,2026-06-19T12:00:03Z,pikalytics,gen9championsvgc2026regma,"Best Pokemon, teams, and builds in Pokemon Champions VGC 2026",https://pikalytics.com/pokedex/gen9championsvgc2026regma,2,3,Charizard-Mega-Y / Garchomp / Kingambit,Charizard-Mega-Y:Garchomp:Kingambit,14.2,1260
2026-06-19,2026-06-19T12:00:03Z,pikalytics,gen9championsvgc2026regma,"Best Pokemon, teams, and builds in Pokemon Champions VGC 2026",https://pikalytics.com/pokedex/gen9championsvgc2026regma,3,3,Basculegion / Garchomp / Kingambit,Basculegion:Garchomp:Kingambit,14.1,1258
2026-06-19,2026-06-19T12:00:03Z,pikalytics,gen9championsvgc2026regma,"Best Pokemon, teams, and builds in Pokemon Champions VGC 2026",https://pikalytics.com/pokedex/gen9championsvgc2026regma,4,3,Basculegion / Charizard-Mega-Y / Kingambit,Basculegion:Charizard-Mega-Y:Kingambit,12.4,1101
2026-06-19,2026-06-19T12:00:03Z,pikalytics,gen9championsvgc2026regma,"Best Pokemon, teams, and builds in Pokemon Champions VGC 2026",https://pikalytics.com/pokedex/gen9championsvgc2026regma,5,3,Charizard-Mega-Y / Garchomp / Whimsicott,Charizard-Mega-Y:Garchomp:Whimsicott,12.4,1101
2026-06-19,2026-06-19T12:00:03Z,pikalytics,gen9championsvgc2026regma,"Best Pokemon, teams, and builds in Pokemon Champions VGC 2026",https://pikalytics.com/pokedex/gen9championsvgc2026regma,1,4,Basculegion / Charizard-Mega-Y / Garchomp / Kingambit,Basculegion:Charizard-Mega-Y:Garchomp:Kingambit,11.4,1016
2026-06-19,2026-06-19T12:00:03Z,pikalytics,gen9championsvgc2026regma,"Best Pokemon, teams, and builds in Pokemon Champions VGC 2026",https://pikalytics.com/pokedex/gen9championsvgc2026regma,2,4,Basculegion / Charizard-Mega-Y / Garchomp / Whimsicott,Basculegion:Charizard-Mega-Y:Garchomp:Whimsicott,10.1,902
2026-06-19,2026-06-19T12:00:03Z,pikalytics,gen9championsvgc2026regma,"Best Pokemon, teams, and builds in Pokemon Champions VGC 2026",https://pikalytics.com/pokedex/gen9championsvgc2026regma,3,4,Charizard-Mega-Y / Garchomp / Kingambit / Whimsicott,Charizard-Mega-Y:Garchomp:Kingambit:Whimsicott,9.4,836
2026-06-19,2026-06-19T12:00:03Z,pikalytics,gen9championsvgc2026regma,"Best Pokemon, teams, and builds in Pokemon Champions VGC 2026",https://pikalytics.com/pokedex/gen9championsvgc2026regma,4,4,Basculegion / Charizard-Mega-Y / Kingambit / Whimsicott,Basculegion:Charizard-Mega-Y:Kingambit:Whimsicott,9.0,801
2026-06-19,2026-06-19T12:00:03Z,pikalytics,gen9championsvgc2026regma,"Best Pokemon, teams, and builds in Pokemon Champions VGC 2026",https://pikalytics.com/pokedex/gen9championsvgc2026regma,5,4,Basculegion / Garchomp / Kingambit / Whimsicott,Basculegion:Garchomp:Kingambit:Whimsicott,8.5,759
2026-06-20,2026-06-20T12:00:03Z,pikalytics,gen9championsvgc2026regma,"Best Pokemon, teams, and builds in Pokemon Champions VGC 2026",https://pikalytics.com/pokedex/gen9championsvgc2026regma,1,2,Charizard-Mega-Y / Garchomp,Charizard-Mega-Y:Garchomp,23.1,2051
2026-06-20,2026-06-20T12:00:03Z,pikalytics,gen9championsvgc2026regma,"Best Pokemon, teams, and builds in Pokemon Champions VGC 2026",https://pikalytics.com/pokedex/gen9championsvgc2026regma,2,2,Basculegion / Kingambit,Basculegion:Kingambit,22.4,1993
2026-06-20,2026-06-20T12:00:03Z,pikalytics,gen9championsvgc2026regma,"Best Pokemon, teams, and builds in Pokemon Champions VGC 2026",https://pikalytics.com/pokedex/gen9championsvgc2026regma,3,2,Garchomp / Kingambit,Garchomp:Kingambit,21.3,1891
2026-06-20,2026-06-20T12:00:03Z,pikalytics,gen9championsvgc2026regma,"Best Pokemon, teams, and builds in Pokemon Champions VGC 2026",https://pikalytics.com/pokedex/gen9championsvgc2026regma,4,2,Basculegion / Garchomp,Basculegion:Garchomp,19.9,1768
2026-06-20,2026-06-20T12:00:03Z,pikalytics,gen9championsvgc2026regma,"Best Pokemon, teams, and builds in Pokemon Champions VGC 2026",https://pikalytics.com/pokedex/gen9championsvgc2026regma,5,2,Basculegion / Charizard-Mega-Y,Basculegion:Charizard-Mega-Y,16.6,1474
2026-06-20,2026-06-20T12:00:03Z,pikalytics,gen9championsvgc2026regma,"Best Pokemon, teams, and builds in Pokemon Champions VGC 2026",https://pikalytics.com/pokedex/gen9championsvgc2026regma,1,3,Basculegion / Charizard-Mega-Y / Garchomp,Basculegion:Charizard-Mega-Y:Garchomp,14.8,1314
2026-06-20,2026-06-20T12:00:03Z,pikalytics,gen9championsvgc2026regma,"Best Pokemon, teams, and builds in Pokemon Champions VGC 2026",https://pikalytics.com/pokedex/gen9championsvgc2026regma,2,3,Charizard-Mega-Y / Garchomp / Kingambit,Charizard-Mega-Y:Garchomp:Kingambit,14.2,1260
2026-06-20,2026-06-20T12:00:03Z,pikalytics,gen9championsvgc2026regma,"Best Pokemon, teams, and builds in Pokemon Champions VGC 2026",https://pikalytics.com/pokedex/gen9championsvgc2026regma,3,3,Basculegion / Garchomp / Kingambit,Basculegion:Garchomp:Kingambit,14.1,1258
2026-06-20,2026-06-20T12:00:03Z,pikalytics,gen9championsvgc2026regma,"Best Pokemon, teams, and builds in Pokemon Champions VGC 2026",https://pikalytics.com/pokedex/gen9championsvgc2026regma,4,3,Basculegion / Charizard-Mega-Y / Kingambit,Basculegion:Charizard-Mega-Y:Kingambit,12.4,1101
2026-06-20,2026-06-20T12:00:03Z,pikalytics,gen9championsvgc2026regma,"Best Pokemon, teams, and builds in Pokemon Champions VGC 2026",https://pikalytics.com/pokedex/gen9championsvgc2026regma,5,3,Charizard-Mega-Y / Garchomp / Whimsicott,Charizard-Mega-Y:Garchomp:Whimsicott,12.4,1101
2026-06-20,2026-06-20T12:00:03Z,pikalytics,gen9championsvgc2026regma,"Best Pokemon, teams, and builds in Pokemon Champions VGC 2026",https://pikalytics.com/pokedex/gen9championsvgc2026regma,1,4,Basculegion / Charizard-Mega-Y / Garchomp / Kingambit,Basculegion:Charizard-Mega-Y:Garchomp:Kingambit,11.4,1016
2026-06-20,2026-06-20T12:00:03Z,pikalytics,gen9championsvgc2026regma,"Best Pokemon, teams, and builds in Pokemon Champions VGC 2026",https://pikalytics.com/pokedex/gen9championsvgc2026regma,2,4,Basculegion / Charizard-Mega-Y / Garchomp / Whimsicott,Basculegion:Charizard-Mega-Y:Garchomp:Whimsicott,10.1,902
2026-06-20,2026-06-20T12:00:03Z,pikalytics,gen9championsvgc2026regma,"Best Pokemon, teams, and builds in Pokemon Champions VGC 2026",https://pikalytics.com/pokedex/gen9championsvgc2026regma,3,4,Charizard-Mega-Y / Garchomp / Kingambit / Whimsicott,Charizard-Mega-Y:Garchomp:Kingambit:Whimsicott,9.4,836
2026-06-20,2026-06-20T12:00:03Z,pikalytics,gen9championsvgc2026regma,"Best Pokemon, teams, and builds in Pokemon Champions VGC 2026",https://pikalytics.com/pokedex/gen9championsvgc2026regma,4,4,Basculegion / Charizard-Mega-Y / Kingambit / Whimsicott,Basculegion:Charizard-Mega-Y:Kingambit:Whimsicott,9.0,801
2026-06-20,2026-06-20T12:00:03Z,pikalytics,gen9championsvgc2026regma,"Best Pokemon, teams, and builds in Pokemon Champions VGC 2026",https://pikalytics.com/pokedex/gen9championsvgc2026regma,5,4,Basculegion / Garchomp / Kingambit / Whimsicott,Basculegion:Garchomp:Kingambit:Whimsicott,8.5,759
2026-06-21,2026-06-21T12:00:03Z,pikalytics,gen9championsvgc2026regma,"Best Pokemon, teams, and builds in Pokemon Champions VGC 2026",https://pikalytics.com/pokedex/gen9championsvgc2026regma,1,2,Charizard-Mega-Y / Garchomp,Charizard-Mega-Y:Garchomp,23.1,2051
2026-06-21,2026-06-21T12:00:03Z,pikalytics,gen9championsvgc2026regma,"Best Pokemon, teams, and builds in Pokemon Champions VGC 2026",https://pikalytics.com/pokedex/gen9championsvgc2026regma,2,2,Basculegion / Kingambit,Basculegion:Kingambit,22.4,1993
2026-06-21,2026-06-21T12:00:03Z,pikalytics,gen9championsvgc2026regma,"Best Pokemon, teams, and builds in Pokemon Champions VGC 2026",https://pikalytics.com/pokedex/gen9championsvgc2026regma,3,2,Garchomp / Kingambit,Garchomp:Kingambit,21.3,1891
2026-06-21,2026-06-21T12:00:03Z,pikalytics,gen9championsvgc2026regma,"Best Pokemon, teams, and builds in Pokemon Champions VGC 2026",https://pikalytics.com/pokedex/gen9championsvgc2026regma,4,2,Basculegion / Garchomp,Basculegion:Garchomp,19.9,1768
2026-06-21,2026-06-21T12:00:03Z,pikalytics,gen9championsvgc2026regma,"Best Pokemon, teams, and builds in Pokemon Champions VGC 2026",https://pikalytics.com/pokedex/gen9championsvgc2026regma,5,2,Basculegion / Charizard-Mega-Y,Basculegion:Charizard-Mega-Y,16.6,1474
2026-06-21,2026-06-21T12:00:03Z,pikalytics,gen9championsvgc2026regma,"Best Pokemon, teams, and builds in Pokemon Champions VGC 2026",https://pikalytics.com/pokedex/gen9championsvgc2026regma,1,3,Basculegion / Charizard-Mega-Y / Garchomp,Basculegion:Charizard-Mega-Y:Garchomp,14.8,1314
2026-06-21,2026-06-21T12:00:03Z,pikalytics,gen9championsvgc2026regma,"Best Pokemon, teams, and builds in Pokemon Champions VGC 2026",https://pikalytics.com/pokedex/gen9championsvgc2026regma,2,3,Charizard-Mega-Y / Garchomp / Kingambit,Charizard-Mega-Y:Garchomp:Kingambit,14.2,1260
2026-06-21,2026-06-21T12:00:03Z,pikalytics,gen9championsvgc2026regma,"Best Pokemon, teams, and builds in Pokemon Champions VGC 2026",https://pikalytics.com/pokedex/gen9championsvgc2026regma,3,3,Basculegion / Garchomp / Kingambit,Basculegion:Garchomp:Kingambit,14.1,1258
2026-06-21,2026-06-21T12:00:03Z,pikalytics,gen9championsvgc2026regma,"Best Pokemon, teams, and builds in Pokemon Champions VGC 2026",https://pikalytics.com/pokedex/gen9championsvgc2026regma,4,3,Basculegion / Charizard-Mega-Y / Kingambit,Basculegion:Charizard-Mega-Y:Kingambit,12.4,1101
2026-06-21,2026-06-21T12:00:03Z,pikalytics,gen9championsvgc2026regma,"Best Pokemon, teams, and builds in Pokemon Champions VGC 2026",https://pikalytics.com/pokedex/gen9championsvgc2026regma,5,3,Charizard-Mega-Y / Garchomp / Whimsicott,Charizard-Mega-Y:Garchomp:Whimsicott,12.4,1101
2026-06-21,2026-06-21T12:00:03Z,pikalytics,gen9championsvgc2026regma,"Best Pokemon, teams, and builds in Pokemon Champions VGC 2026",https://pikalytics.com/pokedex/gen9championsvgc2026regma,1,4,Basculegion / Charizard-Mega-Y / Garchomp / Kingambit,Basculegion:Charizard-Mega-Y:Garchomp:Kingambit,11.4,1016
2026-06-21,2026-06-21T12:00:03Z,pikalytics,gen9championsvgc2026regma,"Best Pokemon, teams, and builds in Pokemon Champions VGC 2026",https://pikalytics.com/pokedex/gen9championsvgc2026regma,2,4,Basculegion / Charizard-Mega-Y / Garchomp / Whimsicott,Basculegion:Charizard-Mega-Y:Garchomp:Whimsicott,10.1,902
2026-06-21,2026-06-21T12:00:03Z,pikalytics,gen9championsvgc2026regma,"Best Pokemon, teams, and builds in Pokemon Champions VGC 2026",https://pikalytics.com/pokedex/gen9championsvgc2026regma,3,4,Charizard-Mega-Y / Garchomp / Kingambit / Whimsicott,Charizard-Mega-Y:Garchomp:Kingambit:Whimsicott,9.4,836
2026-06-21,2026-06-21T12:00:03Z,pikalytics,gen9championsvgc2026regma,"Best Pokemon, teams, and builds in Pokemon Champions VGC 2026",https://pikalytics.com/pokedex/gen9championsvgc2026regma,4,4,Basculegion / Charizard-Mega-Y / Kingambit / Whimsicott,Basculegion:Charizard-Mega-Y:Kingambit:Whimsicott,9.0,801
2026-06-21,2026-06-21T12:00:03Z,pikalytics,gen9championsvgc2026regma,"Best Pokemon, teams, and builds in Pokemon Champions VGC 2026",https://pikalytics.com/pokedex/gen9championsvgc2026regma,5,4,Basculegion / Garchomp / Kingambit / Whimsicott,Basculegion:Garchomp:Kingambit:Whimsicott,8.5,759
2026-06-22,2026-06-22T12:00:03Z,pikalytics,gen9championsvgc2026regma,"Best Pokemon, teams, and builds in Pokemon Champions VGC 2026",https://pikalytics.com/pokedex/gen9championsvgc2026regma,1,2,Charizard-Mega-Y / Garchomp,Charizard-Mega-Y:Garchomp,23.1,2051
2026-06-22,2026-06-22T12:00:03Z,pikalytics,gen9championsvgc2026regma,"Best Pokemon, teams, and builds in Pokemon Champions VGC 2026",https://pikalytics.com/pokedex/gen9championsvgc2026regma,2,2,Basculegion / Kingambit,Basculegion:Kingambit,22.4,1993
2026-06-22,2026-06-22T12:00:03Z,pikalytics,gen9championsvgc2026regma,"Best Pokemon, teams, and builds in Pokemon Champions VGC 2026",https://pikalytics.com/pokedex/gen9championsvgc2026regma,3,2,Garchomp / Kingambit,Garchomp:Kingambit,21.3,1891
2026-06-22,2026-06-22T12:00:03Z,pikalytics,gen9championsvgc2026regma,"Best Pokemon, teams, and builds in Pokemon Champions VGC 2026",https://pikalytics.com/pokedex/gen9championsvgc2026regma,4,2,Basculegion / Garchomp,Basculegion:Garchomp,19.9,1768
2026-06-22,2026-06-22T12:00:03Z,pikalytics,gen9championsvgc2026regma,"Best Pokemon, teams, and builds in Pokemon Champions VGC 2026",https://pikalytics.com/pokedex/gen9championsvgc2026regma,5,2,Basculegion / Charizard-Mega-Y,Basculegion:Charizard-Mega-Y,16.6,1474
2026-06-22,2026-06-22T12:00:03Z,pikalytics,gen9championsvgc2026regma,"Best Pokemon, teams, and builds in Pokemon Champions VGC 2026",https://pikalytics.com/pokedex/gen9championsvgc2026regma,1,3,Basculegion / Charizard-Mega-Y / Garchomp,Basculegion:Charizard-Mega-Y:Garchomp,14.8,1314
2026-06-22,2026-06-22T12:00:03Z,pikalytics,gen9championsvgc2026regma,"Best Pokemon, teams, and builds in Pokemon Champions VGC 2026",https://pikalytics.com/pokedex/gen9championsvgc2026regma,2,3,Charizard-Mega-Y / Garchomp / Kingambit,Charizard-Mega-Y:Garchomp:Kingambit,14.2,1260
2026-06-22,2026-06-22T12:00:03Z,pikalytics,gen9championsvgc2026regma,"Best Pokemon, teams, and builds in Pokemon Champions VGC 2026",https://pikalytics.com/pokedex/gen9championsvgc2026regma,3,3,Basculegion / Garchomp / Kingambit,Basculegion:Garchomp:Kingambit,14.1,1258
2026-06-22,2026-06-22T12:00:03Z,pikalytics,gen9championsvgc2026regma,"Best Pokemon, teams, and builds in Pokemon Champions VGC 2026",https://pikalytics.com/pokedex/gen9championsvgc2026regma,4,3,Basculegion / Charizard-Mega-Y / Kingambit,Basculegion:Charizard-Mega-Y:Kingambit,12.4,1101
2026-06-22,2026-06-22T12:00:03Z,pikalytics,gen9championsvgc2026regma,"Best Pokemon, teams, and builds in Pokemon Champions VGC 2026",https://pikalytics.com/pokedex/gen9championsvgc2026regma,5,3,Charizard-Mega-Y / Garchomp / Whimsicott,Charizard-Mega-Y:Garchomp:Whimsicott,12.4,1101
2026-06-22,2026-06-22T12:00:03Z,pikalytics,gen9championsvgc2026regma,"Best Pokemon, teams, and builds in Pokemon Champions VGC 2026",https://pikalytics.com/pokedex/gen9championsvgc2026regma,1,4,Basculegion / Charizard-Mega-Y / Garchomp / Kingambit,Basculegion:Charizard-Mega-Y:Garchomp:Kingambit,11.4,1016
2026-06-22,2026-06-22T12:00:03Z,pikalytics,gen9championsvgc2026regma,"Best Pokemon, teams, and builds in Pokemon Champions VGC 2026",https://pikalytics.com/pokedex/gen9championsvgc2026regma,2,4,Basculegion / Charizard-Mega-Y / Garchomp / Whimsicott,Basculegion:Charizard-Mega-Y:Garchomp:Whimsicott,10.1,902
2026-06-22,2026-06-22T12:00:03Z,pikalytics,gen9championsvgc2026regma,"Best Pokemon, teams, and builds in Pokemon Champions VGC 2026",https://pikalytics.com/pokedex/gen9championsvgc2026regma,3,4,Charizard-Mega-Y / Garchomp / Kingambit / Whimsicott,Charizard-Mega-Y:Garchomp:Kingambit:Whimsicott,9.4,836
2026-06-22,2026-06-22T12:00:03Z,pikalytics,gen9championsvgc2026regma,"Best Pokemon, teams, and builds in Pokemon Champions VGC 2026",https://pikalytics.com/pokedex/gen9championsvgc2026regma,4,4,Basculegion / Charizard-Mega-Y / Kingambit / Whimsicott,Basculegion:Charizard-Mega-Y:Kingambit:Whimsicott,9.0,801
2026-06-22,2026-06-22T12:00:03Z,pikalytics,gen9championsvgc2026regma,"Best Pokemon, teams, and builds in Pokemon Champions VGC 2026",https://pikalytics.com/pokedex/gen9championsvgc2026regma,5,4,Basculegion / Garchomp / Kingambit / Whimsicott,Basculegion:Garchomp:Kingambit:Whimsicott,8.5,759
2026-06-23,2026-06-23T12:00:02Z,pikalytics,gen9championsvgc2026regma,"Best Pokemon, teams, and builds in Pokemon Champions VGC 2026",https://pikalytics.com/pokedex/gen9championsvgc2026regma,1,2,Charizard-Mega-Y / Garchomp,Charizard-Mega-Y:Garchomp,23.1,2051
2026-06-23,2026-06-23T12:00:02Z,pikalytics,gen9championsvgc2026regma,"Best Pokemon, teams, and builds in Pokemon Champions VGC 2026",https://pikalytics.com/pokedex/gen9championsvgc2026regma,2,2,Basculegion / Kingambit,Basculegion:Kingambit,22.4,1993
2026-06-23,2026-06-23T12:00:02Z,pikalytics,gen9championsvgc2026regma,"Best Pokemon, teams, and builds in Pokemon Champions VGC 2026",https://pikalytics.com/pokedex/gen9championsvgc2026regma,3,2,Garchomp / Kingambit,Garchomp:Kingambit,21.3,1891
2026-06-23,2026-06-23T12:00:02Z,pikalytics,gen9championsvgc2026regma,"Best Pokemon, teams, and builds in Pokemon Champions VGC 2026",https://pikalytics.com/pokedex/gen9championsvgc2026regma,4,2,Basculegion / Garchomp,Basculegion:Garchomp,19.9,1768
2026-06-23,2026-06-23T12:00:02Z,pikalytics,gen9championsvgc2026regma,"Best Pokemon, teams, and builds in Pokemon Champions VGC 2026",https://pikalytics.com/pokedex/gen9championsvgc2026regma,5,2,Basculegion / Charizard-Mega-Y,Basculegion:Charizard-Mega-Y,16.6,1474
2026-06-23,2026-06-23T12:00:02Z,pikalytics,gen9championsvgc2026regma,"Best Pokemon, teams, and builds in Pokemon Champions VGC 2026",https://pikalytics.com/pokedex/gen9championsvgc2026regma,1,3,Basculegion / Charizard-Mega-Y / Garchomp,Basculegion:Charizard-Mega-Y:Garchomp,14.8,1314
2026-06-23,2026-06-23T12:00:02Z,pikalytics,gen9championsvgc2026regma,"Best Pokemon, teams, and builds in Pokemon Champions VGC 2026",https://pikalytics.com/pokedex/gen9championsvgc2026regma,2,3,Charizard-Mega-Y / Garchomp / Kingambit,Charizard-Mega-Y:Garchomp:Kingambit,14.2,1260
2026-06-23,2026-06-23T12:00:02Z,pikalytics,gen9championsvgc2026regma,"Best Pokemon, teams, and builds in Pokemon Champions VGC 2026",https://pikalytics.com/pokedex/gen9championsvgc2026regma,3,3,Basculegion / Garchomp / Kingambit,Basculegion:Garchomp:Kingambit,14.1,1258
2026-06-23,2026-06-23T12:00:02Z,pikalytics,gen9championsvgc2026regma,"Best Pokemon, teams, and builds in Pokemon Champions VGC 2026",https://pikalytics.com/pokedex/gen9championsvgc2026regma,4,3,Basculegion / Charizard-Mega-Y / Kingambit,Basculegion:Charizard-Mega-Y:Kingambit,12.4,1101
2026-06-23,2026-06-23T12:00:02Z,pikalytics,gen9championsvgc2026regma,"Best Pokemon, teams, and builds in Pokemon Champions VGC 2026",https://pikalytics.com/pokedex/gen9championsvgc2026regma,5,3,Charizard-Mega-Y / Garchomp / Whimsicott,Charizard-Mega-Y:Garchomp:Whimsicott,12.4,1101
2026-06-23,2026-06-23T12:00:02Z,pikalytics,gen9championsvgc2026regma,"Best Pokemon, teams, and builds in Pokemon Champions VGC 2026",https://pikalytics.com/pokedex/gen9championsvgc2026regma,1,4,Basculegion / Charizard-Mega-Y / Garchomp / Kingambit,Basculegion:Charizard-Mega-Y:Garchomp:Kingambit,11.4,1016
2026-06-23,2026-06-23T12:00:02Z,pikalytics,gen9championsvgc2026regma,"Best Pokemon, teams, and builds in Pokemon Champions VGC 2026",https://pikalytics.com/pokedex/gen9championsvgc2026regma,2,4,Basculegion / Charizard-Mega-Y / Garchomp / Whimsicott,Basculegion:Charizard-Mega-Y:Garchomp:Whimsicott,10.1,902
2026-06-23,2026-06-23T12:00:02Z,pikalytics,gen9championsvgc2026regma,"Best Pokemon, teams, and builds in Pokemon Champions VGC 2026",https://pikalytics.com/pokedex/gen9championsvgc2026regma,3,4,Charizard-Mega-Y / Garchomp / Kingambit / Whimsicott,Charizard-Mega-Y:Garchomp:Kingambit:Whimsicott,9.4,836
2026-06-23,2026-06-23T12:00:02Z,pikalytics,gen9championsvgc2026regma,"Best Pokemon, teams, and builds in Pokemon Champions VGC 2026",https://pikalytics.com/pokedex/gen9championsvgc2026regma,4,4,Basculegion / Charizard-Mega-Y / Kingambit / Whimsicott,Basculegion:Charizard-Mega-Y:Kingambit:Whimsicott,9.0,801
2026-06-23,2026-06-23T12:00:02Z,pikalytics,gen9championsvgc2026regma,"Best Pokemon, teams, and builds in Pokemon Champions VGC 2026",https://pikalytics.com/pokedex/gen9championsvgc2026regma,5,4,Basculegion / Garchomp / Kingambit / Whimsicott,Basculegion:Garchomp:Kingambit:Whimsicott,8.5,759
2026-06-24,2026-06-24T12:00:03Z,pikalytics,gen9championsvgc2026regma,"Best Pokemon, teams, and builds in Pokemon Champions VGC 2026",https://pikalytics.com/pokedex/gen9championsvgc2026regma,1,2,Charizard-Mega-Y / Garchomp,Charizard-Mega-Y:Garchomp,23.1,2051
2026-06-24,2026-06-24T12:00:03Z,pikalytics,gen9championsvgc2026regma,"Best Pokemon, teams, and builds in Pokemon Champions VGC 2026",https://pikalytics.com/pokedex/gen9championsvgc2026regma,2,2,Basculegion / Kingambit,Basculegion:Kingambit,22.4,1993
2026-06-24,2026-06-24T12:00:03Z,pikalytics,gen9championsvgc2026regma,"Best Pokemon, teams, and builds in Pokemon Champions VGC 2026",https://pikalytics.com/pokedex/gen9championsvgc2026regma,3,2,Garchomp / Kingambit,Garchomp:Kingambit,21.3,1891
2026-06-24,2026-06-24T12:00:03Z,pikalytics,gen9championsvgc2026regma,"Best Pokemon, teams, and builds in Pokemon Champions VGC 2026",https://pikalytics.com/pokedex/gen9championsvgc2026regma,4,2,Basculegion / Garchomp,Basculegion:Garchomp,19.9,1768
2026-06-24,2026-06-24T12:00:03Z,pikalytics,gen9championsvgc2026regma,"Best Pokemon, teams, and builds in Pokemon Champions VGC 2026",https://pikalytics.com/pokedex/gen9championsvgc2026regma,5,2,Basculegion / Charizard-Mega-Y,Basculegion:Charizard-Mega-Y,16.6,1474
2026-06-24,2026-06-24T12:00:03Z,pikalytics,gen9championsvgc2026regma,"Best Pokemon, teams, and builds in Pokemon Champions VGC 2026",https://pikalytics.com/pokedex/gen9championsvgc2026regma,1,3,Basculegion / Charizard-Mega-Y / Garchomp,Basculegion:Charizard-Mega-Y:Garchomp,14.8,1314
2026-06-24,2026-06-24T12:00:03Z,pikalytics,gen9championsvgc2026regma,"Best Pokemon, teams, and builds in Pokemon Champions VGC 2026",https://pikalytics.com/pokedex/gen9championsvgc2026regma,2,3,Charizard-Mega-Y / Garchomp / Kingambit,Charizard-Mega-Y:Garchomp:Kingambit,14.2,1260
2026-06-24,2026-06-24T12:00:03Z,pikalytics,gen9championsvgc2026regma,"Best Pokemon, teams, and builds in Pokemon Champions VGC 2026",https://pikalytics.com/pokedex/gen9championsvgc2026regma,3,3,Basculegion / Garchomp / Kingambit,Basculegion:Garchomp:Kingambit,14.1,1258
2026-06-24,2026-06-24T12:00:03Z,pikalytics,gen9championsvgc2026regma,"Best Pokemon, teams, and builds in Pokemon Champions VGC 2026",https://pikalytics.com/pokedex/gen9championsvgc2026regma,4,3,Basculegion / Charizard-Mega-Y / Kingambit,Basculegion:Charizard-Mega-Y:Kingambit,12.4,1101
2026-06-24,2026-06-24T12:00:03Z,pikalytics,gen9championsvgc2026regma,"Best Pokemon, teams, and builds in Pokemon Champions VGC 2026",https://pikalytics.com/pokedex/gen9championsvgc2026regma,5,3,Charizard-Mega-Y / Garchomp / Whimsicott,Charizard-Mega-Y:Garchomp:Whimsicott,12.4,1101
2026-06-24,2026-06-24T12:00:03Z,pikalytics,gen9championsvgc2026regma,"Best Pokemon, teams, and builds in Pokemon Champions VGC 2026",https://pikalytics.com/pokedex/gen9championsvgc2026regma,1,4,Basculegion / Charizard-Mega-Y / Garchomp / Kingambit,Basculegion:Charizard-Mega-Y:Garchomp:Kingambit,11.4,1016
2026-06-24,2026-06-24T12:00:03Z,pikalytics,gen9championsvgc2026regma,"Best Pokemon, teams, and builds in Pokemon Champions VGC 2026",https://pikalytics.com/pokedex/gen9championsvgc2026regma,2,4,Basculegion / Charizard-Mega-Y / Garchomp / Whimsicott,Basculegion:Charizard-Mega-Y:Garchomp:Whimsicott,10.1,902
2026-06-24,2026-06-24T12:00:03Z,pikalytics,gen9championsvgc2026regma,"Best Pokemon, teams, and builds in Pokemon Champions VGC 2026",https://pikalytics.com/pokedex/gen9championsvgc2026regma,3,4,Charizard-Mega-Y / Garchomp / Kingambit / Whimsicott,Charizard-Mega-Y:Garchomp:Kingambit:Whimsicott,9.4,836
2026-06-24,2026-06-24T12:00:03Z,pikalytics,gen9championsvgc2026regma,"Best Pokemon, teams, and builds in Pokemon Champions VGC 2026",https://pikalytics.com/pokedex/gen9championsvgc2026regma,4,4,Basculegion / Charizard-Mega-Y / Kingambit / Whimsicott,Basculegion:Charizard-Mega-Y:Kingambit:Whimsicott,9.0,801
2026-06-24,2026-06-24T12:00:03Z,pikalytics,gen9championsvgc2026regma,"Best Pokemon, teams, and builds in Pokemon Champions VGC 2026",https://pikalytics.com/pokedex/gen9championsvgc2026regma,5,4,Basculegion / Garchomp / Kingambit / Whimsicott,Basculegion:Garchomp:Kingambit:Whimsicott,8.5,759
2026-06-25,2026-06-25T12:00:03Z,pikalytics,gen9championsvgc2026regma,"Best Pokemon, teams, and builds in Pokemon Champions VGC 2026",https://pikalytics.com/pokedex/gen9championsvgc2026regma,1,2,Charizard-Mega-Y / Garchomp,Charizard-Mega-Y:Garchomp,23.1,2051
2026-06-25,2026-06-25T12:00:03Z,pikalytics,gen9championsvgc2026regma,"Best Pokemon, teams, and builds in Pokemon Champions VGC 2026",https://pikalytics.com/pokedex/gen9championsvgc2026regma,2,2,Basculegion / Kingambit,Basculegion:Kingambit,22.4,1993
2026-06-25,2026-06-25T12:00:03Z,pikalytics,gen9championsvgc2026regma,"Best Pokemon, teams, and builds in Pokemon Champions VGC 2026",https://pikalytics.com/pokedex/gen9championsvgc2026regma,3,2,Garchomp / Kingambit,Garchomp:Kingambit,21.3,1891
2026-06-25,2026-06-25T12:00:03Z,pikalytics,gen9championsvgc2026regma,"Best Pokemon, teams, and builds in Pokemon Champions VGC 2026",https://pikalytics.com/pokedex/gen9championsvgc2026regma,4,2,Basculegion / Garchomp,Basculegion:Garchomp,19.9,1768
2026-06-25,2026-06-25T12:00:03Z,pikalytics,gen9championsvgc2026regma,"Best Pokemon, teams, and builds in Pokemon Champions VGC 2026",https://pikalytics.com/pokedex/gen9championsvgc2026regma,5,2,Basculegion / Charizard-Mega-Y,Basculegion:Charizard-Mega-Y,16.6,1474
2026-06-25,2026-06-25T12:00:03Z,pikalytics,gen9championsvgc2026regma,"Best Pokemon, teams, and builds in Pokemon Champions VGC 2026",https://pikalytics.com/pokedex/gen9championsvgc2026regma,1,3,Basculegion / Charizard-Mega-Y / Garchomp,Basculegion:Charizard-Mega-Y:Garchomp,14.8,1314
2026-06-25,2026-06-25T12:00:03Z,pikalytics,gen9championsvgc2026regma,"Best Pokemon, teams, and builds in Pokemon Champions VGC 2026",https://pikalytics.com/pokedex/gen9championsvgc2026regma,2,3,Charizard-Mega-Y / Garchomp / Kingambit,Charizard-Mega-Y:Garchomp:Kingambit,14.2,1260
2026-06-25,2026-06-25T12:00:03Z,pikalytics,gen9championsvgc2026regma,"Best Pokemon, teams, and builds in Pokemon Champions VGC 2026",https://pikalytics.com/pokedex/gen9championsvgc2026regma,3,3,Basculegion / Garchomp / Kingambit,Basculegion:Garchomp:Kingambit,14.1,1258
2026-06-25,2026-06-25T12:00:03Z,pikalytics,gen9championsvgc2026regma,"Best Pokemon, teams, and builds in Pokemon Champions VGC 2026",https://pikalytics.com/pokedex/gen9championsvgc2026regma,4,3,Basculegion / Charizard-Mega-Y / Kingambit,Basculegion:Charizard-Mega-Y:Kingambit,12.4,1101
2026-06-25,2026-06-25T12:00:03Z,pikalytics,gen9championsvgc2026regma,"Best Pokemon, teams, and builds in Pokemon Champions VGC 2026",https://pikalytics.com/pokedex/gen9championsvgc2026regma,5,3,Charizard-Mega-Y / Garchomp / Whimsicott,Charizard-Mega-Y:Garchomp:Whimsicott,12.4,1101
2026-06-25,2026-06-25T12:00:03Z,pikalytics,gen9championsvgc2026regma,"Best Pokemon, teams, and builds in Pokemon Champions VGC 2026",https://pikalytics.com/pokedex/gen9championsvgc2026regma,1,4,Basculegion / Charizard-Mega-Y / Garchomp / Kingambit,Basculegion:Charizard-Mega-Y:Garchomp:Kingambit,11.4,1016
2026-06-25,2026-06-25T12:00:03Z,pikalytics,gen9championsvgc2026regma,"Best Pokemon, teams, and builds in Pokemon Champions VGC 2026",https://pikalytics.com/pokedex/gen9championsvgc2026regma,2,4,Basculegion / Charizard-Mega-Y / Garchomp / Whimsicott,Basculegion:Charizard-Mega-Y:Garchomp:Whimsicott,10.1,902
2026-06-25,2026-06-25T12:00:03Z,pikalytics,gen9championsvgc2026regma,"Best Pokemon, teams, and builds in Pokemon Champions VGC 2026",https://pikalytics.com/pokedex/gen9championsvgc2026regma,3,4,Charizard-Mega-Y / Garchomp / Kingambit / Whimsicott,Charizard-Mega-Y:Garchomp:Kingambit:Whimsicott,9.4,836
2026-06-25,2026-06-25T12:00:03Z,pikalytics,gen9championsvgc2026regma,"Best Pokemon, teams, and builds in Pokemon Champions VGC 2026",https://pikalytics.com/pokedex/gen9championsvgc2026regma,4,4,Basculegion / Charizard-Mega-Y / Kingambit / Whimsicott,Basculegion:Charizard-Mega-Y:Kingambit:Whimsicott,9.0,801
2026-06-25,2026-06-25T12:00:03Z,pikalytics,gen9championsvgc2026regma,"Best Pokemon, teams, and builds in Pokemon Champions VGC 2026",https://pikalytics.com/pokedex/gen9championsvgc2026regma,5,4,Basculegion / Garchomp / Kingambit / Whimsicott,Basculegion:Garchomp:Kingambit:Whimsicott,8.5,759
2026-06-26,2026-06-26T12:00:03Z,pikalytics,gen9championsvgc2026regma,"Best Pokemon, teams, and builds in Pokemon Champions VGC 2026",https://pikalytics.com/pokedex/gen9championsvgc2026regma,1,2,Charizard-Mega-Y / Garchomp,Charizard-Mega-Y:Garchomp,23.1,2051
2026-06-26,2026-06-26T12:00:03Z,pikalytics,gen9championsvgc2026regma,"Best Pokemon, teams, and builds in Pokemon Champions VGC 2026",https://pikalytics.com/pokedex/gen9championsvgc2026regma,2,2,Basculegion / Kingambit,Basculegion:Kingambit,22.4,1993
2026-06-26,2026-06-26T12:00:03Z,pikalytics,gen9championsvgc2026regma,"Best Pokemon, teams, and builds in Pokemon Champions VGC 2026",https://pikalytics.com/pokedex/gen9championsvgc2026regma,3,2,Garchomp / Kingambit,Garchomp:Kingambit,21.3,1891
2026-06-26,2026-06-26T12:00:03Z,pikalytics,gen9championsvgc2026regma,"Best Pokemon, teams, and builds in Pokemon Champions VGC 2026",https://pikalytics.com/pokedex/gen9championsvgc2026regma,4,2,Basculegion / Garchomp,Basculegion:Garchomp,19.9,1768
2026-06-26,2026-06-26T12:00:03Z,pikalytics,gen9championsvgc2026regma,"Best Pokemon, teams, and builds in Pokemon Champions VGC 2026",https://pikalytics.com/pokedex/gen9championsvgc2026regma,5,2,Basculegion / Charizard-Mega-Y,Basculegion:Charizard-Mega-Y,16.6,1474
2026-06-26,2026-06-26T12:00:03Z,pikalytics,gen9championsvgc2026regma,"Best Pokemon, teams, and builds in Pokemon Champions VGC 2026",https://pikalytics.com/pokedex/gen9championsvgc2026regma,1,3,Basculegion / Charizard-Mega-Y / Garchomp,Basculegion:Charizard-Mega-Y:Garchomp,14.8,1314
2026-06-26,2026-06-26T12:00:03Z,pikalytics,gen9championsvgc2026regma,"Best Pokemon, teams, and builds in Pokemon Champions VGC 2026",https://pikalytics.com/pokedex/gen9championsvgc2026regma,2,3,Charizard-Mega-Y / Garchomp / Kingambit,Charizard-Mega-Y:Garchomp:Kingambit,14.2,1260
2026-06-26,2026-06-26T12:00:03Z,pikalytics,gen9championsvgc2026regma,"Best Pokemon, teams, and builds in Pokemon Champions VGC 2026",https://pikalytics.com/pokedex/gen9championsvgc2026regma,3,3,Basculegion / Garchomp / Kingambit,Basculegion:Garchomp:Kingambit,14.1,1258
2026-06-26,2026-06-26T12:00:03Z,pikalytics,gen9championsvgc2026regma,"Best Pokemon, teams, and builds in Pokemon Champions VGC 2026",https://pikalytics.com/pokedex/gen9championsvgc2026regma,4,3,Basculegion / Charizard-Mega-Y / Kingambit,Basculegion:Charizard-Mega-Y:Kingambit,12.4,1101
2026-06-26,2026-06-26T12:00:03Z,pikalytics,gen9championsvgc2026regma,"Best Pokemon, teams, and builds in Pokemon Champions VGC 2026",https://pikalytics.com/pokedex/gen9championsvgc2026regma,5,3,Charizard-Mega-Y / Garchomp / Whimsicott,Charizard-Mega-Y:Garchomp:Whimsicott,12.4,1101
2026-06-26,2026-06-26T12:00:03Z,pikalytics,gen9championsvgc2026regma,"Best Pokemon, teams, and builds in Pokemon Champions VGC 2026",https://pikalytics.com/pokedex/gen9championsvgc2026regma,1,4,Basculegion / Charizard-Mega-Y / Garchomp / Kingambit,Basculegion:Charizard-Mega-Y:Garchomp:Kingambit,11.4,1016
2026-06-26,2026-06-26T12:00:03Z,pikalytics,gen9championsvgc2026regma,"Best Pokemon, teams, and builds in Pokemon Champions VGC 2026",https://pikalytics.com/pokedex/gen9championsvgc2026regma,2,4,Basculegion / Charizard-Mega-Y / Garchomp / Whimsicott,Basculegion:Charizard-Mega-Y:Garchomp:Whimsicott,10.1,902
2026-06-26,2026-06-26T12:00:03Z,pikalytics,gen9championsvgc2026regma,"Best Pokemon, teams, and builds in Pokemon Champions VGC 2026",https://pikalytics.com/pokedex/gen9championsvgc2026regma,3,4,Charizard-Mega-Y / Garchomp / Kingambit / Whimsicott,Charizard-Mega-Y:Garchomp:Kingambit:Whimsicott,9.4,836
2026-06-26,2026-06-26T12:00:03Z,pikalytics,gen9championsvgc2026regma,"Best Pokemon, teams, and builds in Pokemon Champions VGC 2026",https://pikalytics.com/pokedex/gen9championsvgc2026regma,4,4,Basculegion / Charizard-Mega-Y / Kingambit / Whimsicott,Basculegion:Charizard-Mega-Y:Kingambit:Whimsicott,9.0,801
2026-06-26,2026-06-26T12:00:03Z,pikalytics,gen9championsvgc2026regma,"Best Pokemon, teams, and builds in Pokemon Champions VGC 2026",https://pikalytics.com/pokedex/gen9championsvgc2026regma,5,4,Basculegion / Garchomp / Kingambit / Whimsicott,Basculegion:Garchomp:Kingambit:Whimsicott,8.5,759
2026-06-27,2026-06-27T12:00:03Z,pikalytics,gen9championsvgc2026regma,"Best Pokemon, teams, and builds in Pokemon Champions VGC 2026",https://pikalytics.com/pokedex/gen9championsvgc2026regma,1,2,Charizard-Mega-Y / Garchomp,Charizard-Mega-Y:Garchomp,23.1,2051
2026-06-27,2026-06-27T12:00:03Z,pikalytics,gen9championsvgc2026regma,"Best Pokemon, teams, and builds in Pokemon Champions VGC 2026",https://pikalytics.com/pokedex/gen9championsvgc2026regma,2,2,Basculegion / Kingambit,Basculegion:Kingambit,22.4,1993
2026-06-27,2026-06-27T12:00:03Z,pikalytics,gen9championsvgc2026regma,"Best Pokemon, teams, and builds in Pokemon Champions VGC 2026",https://pikalytics.com/pokedex/gen9championsvgc2026regma,3,2,Garchomp / Kingambit,Garchomp:Kingambit,21.3,1891
2026-06-27,2026-06-27T12:00:03Z,pikalytics,gen9championsvgc2026regma,"Best Pokemon, teams, and builds in Pokemon Champions VGC 2026",https://pikalytics.com/pokedex/gen9championsvgc2026regma,4,2,Basculegion / Garchomp,Basculegion:Garchomp,19.9,1768
2026-06-27,2026-06-27T12:00:03Z,pikalytics,gen9championsvgc2026regma,"Best Pokemon, teams, and builds in Pokemon Champions VGC 2026",https://pikalytics.com/pokedex/gen9championsvgc2026regma,5,2,Basculegion / Charizard-Mega-Y,Basculegion:Charizard-Mega-Y,16.6,1474
2026-06-27,2026-06-27T12:00:03Z,pikalytics,gen9championsvgc2026regma,"Best Pokemon, teams, and builds in Pokemon Champions VGC 2026",https://pikalytics.com/pokedex/gen9championsvgc2026regma,1,3,Basculegion / Charizard-Mega-Y / Garchomp,Basculegion:Charizard-Mega-Y:Garchomp,14.8,1314
2026-06-27,2026-06-27T12:00:03Z,pikalytics,gen9championsvgc2026regma,"Best Pokemon, teams, and builds in Pokemon Champions VGC 2026",https://pikalytics.com/pokedex/gen9championsvgc2026regma,2,3,Charizard-Mega-Y / Garchomp / Kingambit,Charizard-Mega-Y:Garchomp:Kingambit,14.2,1260
2026-06-27,2026-06-27T12:00:03Z,pikalytics,gen9championsvgc2026regma,"Best Pokemon, teams, and builds in Pokemon Champions VGC 2026",https://pikalytics.com/pokedex/gen9championsvgc2026regma,3,3,Basculegion / Garchomp / Kingambit,Basculegion:Garchomp:Kingambit,14.1,1258
2026-06-27,2026-06-27T12:00:03Z,pikalytics,gen9championsvgc2026regma,"Best Pokemon, teams, and builds in Pokemon Champions VGC 2026",https://pikalytics.com/pokedex/gen9championsvgc2026regma,4,3,Basculegion / Charizard-Mega-Y / Kingambit,Basculegion:Charizard-Mega-Y:Kingambit,12.4,1101
2026-06-27,2026-06-27T12:00:03Z,pikalytics,gen9championsvgc2026regma,"Best Pokemon, teams, and builds in Pokemon Champions VGC 2026",https://pikalytics.com/pokedex/gen9championsvgc2026regma,5,3,Charizard-Mega-Y / Garchomp / Whimsicott,Charizard-Mega-Y:Garchomp:Whimsicott,12.4,1101
2026-06-27,2026-06-27T12:00:03Z,pikalytics,gen9championsvgc2026regma,"Best Pokemon, teams, and builds in Pokemon Champions VGC 2026",https://pikalytics.com/pokedex/gen9championsvgc2026regma,1,4,Basculegion / Charizard-Mega-Y / Garchomp / Kingambit,Basculegion:Charizard-Mega-Y:Garchomp:Kingambit,11.4,1016
2026-06-27,2026-06-27T12:00:03Z,pikalytics,gen9championsvgc2026regma,"Best Pokemon, teams, and builds in Pokemon Champions VGC 2026",https://pikalytics.com/pokedex/gen9championsvgc2026regma,2,4,Basculegion / Charizard-Mega-Y / Garchomp / Whimsicott,Basculegion:Charizard-Mega-Y:Garchomp:Whimsicott,10.1,902
2026-06-27,2026-06-27T12:00:03Z,pikalytics,gen9championsvgc2026regma,"Best Pokemon, teams, and builds in Pokemon Champions VGC 2026",https://pikalytics.com/pokedex/gen9championsvgc2026regma,3,4,Charizard-Mega-Y / Garchomp / Kingambit / Whimsicott,Charizard-Mega-Y:Garchomp:Kingambit:Whimsicott,9.4,836
2026-06-27,2026-06-27T12:00:03Z,pikalytics,gen9championsvgc2026regma,"Best Pokemon, teams, and builds in Pokemon Champions VGC 2026",https://pikalytics.com/pokedex/gen9championsvgc2026regma,4,4,Basculegion / Charizard-Mega-Y / Kingambit / Whimsicott,Basculegion:Charizard-Mega-Y:Kingambit:Whimsicott,9.0,801
2026-06-27,2026-06-27T12:00:03Z,pikalytics,gen9championsvgc2026regma,"Best Pokemon, teams, and builds in Pokemon Champions VGC 2026",https://pikalytics.com/pokedex/gen9championsvgc2026regma,5,4,Basculegion / Garchomp / Kingambit / Whimsicott,Basculegion:Garchomp:Kingambit:Whimsicott,8.5,759
2026-06-28,2026-06-28T12:00:04Z,pikalytics,gen9championsvgc2026regma,"Best Pokemon, teams, and builds in Pokemon Champions VGC 2026",https://pikalytics.com/pokedex/gen9championsvgc2026regma,1,2,Charizard-Mega-Y / Garchomp,Charizard-Mega-Y:Garchomp,23.1,2051
2026-06-28,2026-06-28T12:00:04Z,pikalytics,gen9championsvgc2026regma,"Best Pokemon, teams, and builds in Pokemon Champions VGC 2026",https://pikalytics.com/pokedex/gen9championsvgc2026regma,2,2,Basculegion / Kingambit,Basculegion:Kingambit,22.4,1993
2026-06-28,2026-06-28T12:00:04Z,pikalytics,gen9championsvgc2026regma,"Best Pokemon, teams, and builds in Pokemon Champions VGC 2026",https://pikalytics.com/pokedex/gen9championsvgc2026regma,3,2,Garchomp / Kingambit,Garchomp:Kingambit,21.3,1891
2026-06-28,2026-06-28T12:00:04Z,pikalytics,gen9championsvgc2026regma,"Best Pokemon, teams, and builds in Pokemon Champions VGC 2026",https://pikalytics.com/pokedex/gen9championsvgc2026regma,4,2,Basculegion / Garchomp,Basculegion:Garchomp,19.9,1768
2026-06-28,2026-06-28T12:00:04Z,pikalytics,gen9championsvgc2026regma,"Best Pokemon, teams, and builds in Pokemon Champions VGC 2026",https://pikalytics.com/pokedex/gen9championsvgc2026regma,5,2,Basculegion / Charizard-Mega-Y,Basculegion:Charizard-Mega-Y,16.6,1474
2026-06-28,2026-06-28T12:00:04Z,pikalytics,gen9championsvgc2026regma,"Best Pokemon, teams, and builds in Pokemon Champions VGC 2026",https://pikalytics.com/pokedex/gen9championsvgc2026regma,1,3,Basculegion / Charizard-Mega-Y / Garchomp,Basculegion:Charizard-Mega-Y:Garchomp,14.8,1314
2026-06-28,2026-06-28T12:00:04Z,pikalytics,gen9championsvgc2026regma,"Best Pokemon, teams, and builds in Pokemon Champions VGC 2026",https://pikalytics.com/pokedex/gen9championsvgc2026regma,2,3,Charizard-Mega-Y / Garchomp / Kingambit,Charizard-Mega-Y:Garchomp:Kingambit,14.2,1260
2026-06-28,2026-06-28T12:00:04Z,pikalytics,gen9championsvgc2026regma,"Best Pokemon, teams, and builds in Pokemon Champions VGC 2026",https://pikalytics.com/pokedex/gen9championsvgc2026regma,3,3,Basculegion / Garchomp / Kingambit,Basculegion:Garchomp:Kingambit,14.1,1258
2026-06-28,2026-06-28T12:00:04Z,pikalytics,gen9championsvgc2026regma,"Best Pokemon, teams, and builds in Pokemon Champions VGC 2026",https://pikalytics.com/pokedex/gen9championsvgc2026regma,4,3,Basculegion / Charizard-Mega-Y / Kingambit,Basculegion:Charizard-Mega-Y:Kingambit,12.4,1101
2026-06-28,2026-06-28T12:00:04Z,pikalytics,gen9championsvgc2026regma,"Best Pokemon, teams, and builds in Pokemon Champions VGC 2026",https://pikalytics.com/pokedex/gen9championsvgc2026regma,5,3,Charizard-Mega-Y / Garchomp / Whimsicott,Charizard-Mega-Y:Garchomp:Whimsicott,12.4,1101
2026-06-28,2026-06-28T12:00:04Z,pikalytics,gen9championsvgc2026regma,"Best Pokemon, teams, and builds in Pokemon Champions VGC 2026",https://pikalytics.com/pokedex/gen9championsvgc2026regma,1,4,Basculegion / Charizard-Mega-Y / Garchomp / Kingambit,Basculegion:Charizard-Mega-Y:Garchomp:Kingambit,11.4,1016
2026-06-28,2026-06-28T12:00:04Z,pikalytics,gen9championsvgc2026regma,"Best Pokemon, teams, and builds in Pokemon Champions VGC 2026",https://pikalytics.com/pokedex/gen9championsvgc2026regma,2,4,Basculegion / Charizard-Mega-Y / Garchomp / Whimsicott,Basculegion:Charizard-Mega-Y:Garchomp:Whimsicott,10.1,902
2026-06-28,2026-06-28T12:00:04Z,pikalytics,gen9championsvgc2026regma,"Best Pokemon, teams, and builds in Pokemon Champions VGC 2026",https://pikalytics.com/pokedex/gen9championsvgc2026regma,3,4,Charizard-Mega-Y / Garchomp / Kingambit / Whimsicott,Charizard-Mega-Y:Garchomp:Kingambit:Whimsicott,9.4,836
2026-06-28,2026-06-28T12:00:04Z,pikalytics,gen9championsvgc2026regma,"Best Pokemon, teams, and builds in Pokemon Champions VGC 2026",https://pikalytics.com/pokedex/gen9championsvgc2026regma,4,4,Basculegion / Charizard-Mega-Y / Kingambit / Whimsicott,Basculegion:Charizard-Mega-Y:Kingambit:Whimsicott,9.0,801
2026-06-28,2026-06-28T12:00:04Z,pikalytics,gen9championsvgc2026regma,"Best Pokemon, teams, and builds in Pokemon Champions VGC 2026",https://pikalytics.com/pokedex/gen9championsvgc2026regma,5,4,Basculegion / Garchomp / Kingambit / Whimsicott,Basculegion:Garchomp:Kingambit:Whimsicott,8.5,759
2026-06-29,2026-06-29T12:00:03Z,pikalytics,gen9championsvgc2026regma,"Best Pokemon, teams, and builds in Pokemon Champions VGC 2026",https://pikalytics.com/pokedex/gen9championsvgc2026regma,1,2,Charizard-Mega-Y / Garchomp,Charizard-Mega-Y:Garchomp,23.1,2051
2026-06-29,2026-06-29T12:00:03Z,pikalytics,gen9championsvgc2026regma,"Best Pokemon, teams, and builds in Pokemon Champions VGC 2026",https://pikalytics.com/pokedex/gen9championsvgc2026regma,2,2,Basculegion / Kingambit,Basculegion:Kingambit,22.4,1993
2026-06-29,2026-06-29T12:00:03Z,pikalytics,gen9championsvgc2026regma,"Best Pokemon, teams, and builds in Pokemon Champions VGC 2026",https://pikalytics.com/pokedex/gen9championsvgc2026regma,3,2,Garchomp / Kingambit,Garchomp:Kingambit,21.3,1891
2026-06-29,2026-06-29T12:00:03Z,pikalytics,gen9championsvgc2026regma,"Best Pokemon, teams, and builds in Pokemon Champions VGC 2026",https://pikalytics.com/pokedex/gen9championsvgc2026regma,4,2,Basculegion / Garchomp,Basculegion:Garchomp,19.9,1768
2026-06-29,2026-06-29T12:00:03Z,pikalytics,gen9championsvgc2026regma,"Best Pokemon, teams, and builds in Pokemon Champions VGC 2026",https://pikalytics.com/pokedex/gen9championsvgc2026regma,5,2,Basculegion / Charizard-Mega-Y,Basculegion:Charizard-Mega-Y,16.6,1474
2026-06-29,2026-06-29T12:00:03Z,pikalytics,gen9championsvgc2026regma,"Best Pokemon, teams, and builds in Pokemon Champions VGC 2026",https://pikalytics.com/pokedex/gen9championsvgc2026regma,1,3,Basculegion / Charizard-Mega-Y / Garchomp,Basculegion:Charizard-Mega-Y:Garchomp,14.8,1314
2026-06-29,2026-06-29T12:00:03Z,pikalytics,gen9championsvgc2026regma,"Best Pokemon, teams, and builds in Pokemon Champions VGC 2026",https://pikalytics.com/pokedex/gen9championsvgc2026regma,2,3,Charizard-Mega-Y / Garchomp / Kingambit,Charizard-Mega-Y:Garchomp:Kingambit,14.2,1260
2026-06-29,2026-06-29T12:00:03Z,pikalytics,gen9championsvgc2026regma,"Best Pokemon, teams, and builds in Pokemon Champions VGC 2026",https://pikalytics.com/pokedex/gen9championsvgc2026regma,3,3,Basculegion / Garchomp / Kingambit,Basculegion:Garchomp:Kingambit,14.1,1258
2026-06-29,2026-06-29T12:00:03Z,pikalytics,gen9championsvgc2026regma,"Best Pokemon, teams, and builds in Pokemon Champions VGC 2026",https://pikalytics.com/pokedex/gen9championsvgc2026regma,4,3,Basculegion / Charizard-Mega-Y / Kingambit,Basculegion:Charizard-Mega-Y:Kingambit,12.4,1101
2026-06-29,2026-06-29T12:00:03Z,pikalytics,gen9championsvgc2026regma,"Best Pokemon, teams, and builds in Pokemon Champions VGC 2026",https://pikalytics.com/pokedex/gen9championsvgc2026regma,5,3,Charizard-Mega-Y / Garchomp / Whimsicott,Charizard-Mega-Y:Garchomp:Whimsicott,12.4,1101
2026-06-29,2026-06-29T12:00:03Z,pikalytics,gen9championsvgc2026regma,"Best Pokemon, teams, and builds in Pokemon Champions VGC 2026",https://pikalytics.com/pokedex/gen9championsvgc2026regma,1,4,Basculegion / Charizard-Mega-Y / Garchomp / Kingambit,Basculegion:Charizard-Mega-Y:Garchomp:Kingambit,11.4,1016
2026-06-29,2026-06-29T12:00:03Z,pikalytics,gen9championsvgc2026regma,"Best Pokemon, teams, and builds in Pokemon Champions VGC 2026",https://pikalytics.com/pokedex/gen9championsvgc2026regma,2,4,Basculegion / Charizard-Mega-Y / Garchomp / Whimsicott,Basculegion:Charizard-Mega-Y:Garchomp:Whimsicott,10.1,902
2026-06-29,2026-06-29T12:00:03Z,pikalytics,gen9championsvgc2026regma,"Best Pokemon, teams, and builds in Pokemon Champions VGC 2026",https://pikalytics.com/pokedex/gen9championsvgc2026regma,3,4,Charizard-Mega-Y / Garchomp / Kingambit / Whimsicott,Charizard-Mega-Y:Garchomp:Kingambit:Whimsicott,9.4,836
2026-06-29,2026-06-29T12:00:03Z,pikalytics,gen9championsvgc2026regma,"Best Pokemon, teams, and builds in Pokemon Champions VGC 2026",https://pikalytics.com/pokedex/gen9championsvgc2026regma,4,4,Basculegion / Charizard-Mega-Y / Kingambit / Whimsicott,Basculegion:Charizard-Mega-Y:Kingambit:Whimsicott,9.0,801
2026-06-29,2026-06-29T12:00:03Z,pikalytics,gen9championsvgc2026regma,"Best Pokemon, teams, and builds in Pokemon Champions VGC 2026",https://pikalytics.com/pokedex/gen9championsvgc2026regma,5,4,Basculegion / Garchomp / Kingambit / Whimsicott,Basculegion:Garchomp:Kingambit:Whimsicott,8.5,759
