snapshot_date,snapshot_at_utc,source,format_slug,format_name,source_url,team_rank,team_size,team_label,author,record,wins,losses,draws,matches_played,win_rate,event_name,event_date,event_rank,won_event,event_player_count,team_source_url,event_standings_url,team_pokemon_names,slot_index,pokemon_name,source_pokemon_name,item,ability,moves,move_1,move_2,move_3,move_4,teammates
2026-05-23,2026-05-23T12:00:02Z,pikalytics,gen9championsvgc2026regma,Pokemon Champions VGC 2026 Regulation Set M-A,https://pikalytics.com/pokedex/gen9championsvgc2026regma,6,6,TheBardo,TheBardo,8-5,8,5,0,13,61.54,The Grand Champions Festival,2026-04-25,1,1,6100,https://play.limitlesstcg.com/tournament/69c30ae236f5b5c303dbce1c/player/thebardo/teamlist,https://play.limitlesstcg.com/tournament/69c30ae236f5b5c303dbce1c/standings,Charizard-Mega-Y:Aerodactyl:Sylveon:Garchomp:Incineroar:Farigiraf,1,Charizard-Mega-Y,Charizard,Charizardite Y,Blaze,Heat Wave:Weather Ball:Solar Beam:Protect,Heat Wave,Weather Ball,Solar Beam,Protect,Aerodactyl:Sylveon:Garchomp:Incineroar:Farigiraf
2026-05-23,2026-05-23T12:00:02Z,pikalytics,gen9championsvgc2026regma,Pokemon Champions VGC 2026 Regulation Set M-A,https://pikalytics.com/pokedex/gen9championsvgc2026regma,6,6,TheBardo,TheBardo,8-5,8,5,0,13,61.54,The Grand Champions Festival,2026-04-25,1,1,6100,https://play.limitlesstcg.com/tournament/69c30ae236f5b5c303dbce1c/player/thebardo/teamlist,https://play.limitlesstcg.com/tournament/69c30ae236f5b5c303dbce1c/standings,Charizard-Mega-Y:Aerodactyl:Sylveon:Garchomp:Incineroar:Farigiraf,2,Aerodactyl,Aerodactyl,Focus Sash,Unnerve,Rock Slide:Dual Wingbeat:Tailwind:Protect,Rock Slide,Dual Wingbeat,Tailwind,Protect,Charizard-Mega-Y:Sylveon:Garchomp:Incineroar:Farigiraf
2026-05-23,2026-05-23T12:00:02Z,pikalytics,gen9championsvgc2026regma,Pokemon Champions VGC 2026 Regulation Set M-A,https://pikalytics.com/pokedex/gen9championsvgc2026regma,6,6,TheBardo,TheBardo,8-5,8,5,0,13,61.54,The Grand Champions Festival,2026-04-25,1,1,6100,https://play.limitlesstcg.com/tournament/69c30ae236f5b5c303dbce1c/player/thebardo/teamlist,https://play.limitlesstcg.com/tournament/69c30ae236f5b5c303dbce1c/standings,Charizard-Mega-Y:Aerodactyl:Sylveon:Garchomp:Incineroar:Farigiraf,3,Sylveon,Sylveon,Fairy Feather,Pixilate,Hyper Voice:Hyper Beam:Substitute:Detect,Hyper Voice,Hyper Beam,Substitute,Detect,Charizard-Mega-Y:Aerodactyl:Garchomp:Incineroar:Farigiraf
2026-05-23,2026-05-23T12:00:02Z,pikalytics,gen9championsvgc2026regma,Pokemon Champions VGC 2026 Regulation Set M-A,https://pikalytics.com/pokedex/gen9championsvgc2026regma,6,6,TheBardo,TheBardo,8-5,8,5,0,13,61.54,The Grand Champions Festival,2026-04-25,1,1,6100,https://play.limitlesstcg.com/tournament/69c30ae236f5b5c303dbce1c/player/thebardo/teamlist,https://play.limitlesstcg.com/tournament/69c30ae236f5b5c303dbce1c/standings,Charizard-Mega-Y:Aerodactyl:Sylveon:Garchomp:Incineroar:Farigiraf,4,Garchomp,Garchomp,Haban Berry,Rough Skin,Earthquake:Dragon Claw:Stomping Tantrum:Protect,Earthquake,Dragon Claw,Stomping Tantrum,Protect,Charizard-Mega-Y:Aerodactyl:Sylveon:Incineroar:Farigiraf
2026-05-23,2026-05-23T12:00:02Z,pikalytics,gen9championsvgc2026regma,Pokemon Champions VGC 2026 Regulation Set M-A,https://pikalytics.com/pokedex/gen9championsvgc2026regma,6,6,TheBardo,TheBardo,8-5,8,5,0,13,61.54,The Grand Champions Festival,2026-04-25,1,1,6100,https://play.limitlesstcg.com/tournament/69c30ae236f5b5c303dbce1c/player/thebardo/teamlist,https://play.limitlesstcg.com/tournament/69c30ae236f5b5c303dbce1c/standings,Charizard-Mega-Y:Aerodactyl:Sylveon:Garchomp:Incineroar:Farigiraf,5,Incineroar,Incineroar,Chople Berry,Intimidate,Flare Blitz:Darkest Lariat:Parting Shot:Fake Out,Flare Blitz,Darkest Lariat,Parting Shot,Fake Out,Charizard-Mega-Y:Aerodactyl:Sylveon:Garchomp:Farigiraf
2026-05-23,2026-05-23T12:00:02Z,pikalytics,gen9championsvgc2026regma,Pokemon Champions VGC 2026 Regulation Set M-A,https://pikalytics.com/pokedex/gen9championsvgc2026regma,6,6,TheBardo,TheBardo,8-5,8,5,0,13,61.54,The Grand Champions Festival,2026-04-25,1,1,6100,https://play.limitlesstcg.com/tournament/69c30ae236f5b5c303dbce1c/player/thebardo/teamlist,https://play.limitlesstcg.com/tournament/69c30ae236f5b5c303dbce1c/standings,Charizard-Mega-Y:Aerodactyl:Sylveon:Garchomp:Incineroar:Farigiraf,6,Farigiraf,Farigiraf,Sitrus Berry,Armor Tail,Twin Beam:Helping Hand:Trick Room:Protect,Twin Beam,Helping Hand,Trick Room,Protect,Charizard-Mega-Y:Aerodactyl:Sylveon:Garchomp:Incineroar
2026-05-23,2026-05-23T12:00:02Z,pikalytics,gen9championsvgc2026regma,Pokemon Champions VGC 2026 Regulation Set M-A,https://pikalytics.com/pokedex/gen9championsvgc2026regma,13,6,SilvioUeda,SilvioUeda,12-2,12,2,0,14,85.71,Tournament TBD,2026-04-25,1,1,221,https://play.limitlesstcg.com/tournament/69dd6cef78b359b789d618c7/player/silvioueda/teamlist,https://play.limitlesstcg.com/tournament/69dd6cef78b359b789d618c7/standings,Floette-Eternal:Volcarona:Garchomp:Aerodactyl:Sneasler:Kingambit,1,Floette-Eternal,Eternal Flower Floette,Floettite,Flower Veil,Moonblast:Dazzling Gleam:Calm Mind:Protect,Moonblast,Dazzling Gleam,Calm Mind,Protect,Volcarona:Garchomp:Aerodactyl:Sneasler:Kingambit
2026-05-23,2026-05-23T12:00:02Z,pikalytics,gen9championsvgc2026regma,Pokemon Champions VGC 2026 Regulation Set M-A,https://pikalytics.com/pokedex/gen9championsvgc2026regma,13,6,SilvioUeda,SilvioUeda,12-2,12,2,0,14,85.71,Tournament TBD,2026-04-25,1,1,221,https://play.limitlesstcg.com/tournament/69dd6cef78b359b789d618c7/player/silvioueda/teamlist,https://play.limitlesstcg.com/tournament/69dd6cef78b359b789d618c7/standings,Floette-Eternal:Volcarona:Garchomp:Aerodactyl:Sneasler:Kingambit,2,Volcarona,Volcarona,Sitrus Berry,Flame Body,Heat Wave:Struggle Bug:Rage Powder:Protect,Heat Wave,Struggle Bug,Rage Powder,Protect,Floette-Eternal:Garchomp:Aerodactyl:Sneasler:Kingambit
2026-05-23,2026-05-23T12:00:02Z,pikalytics,gen9championsvgc2026regma,Pokemon Champions VGC 2026 Regulation Set M-A,https://pikalytics.com/pokedex/gen9championsvgc2026regma,13,6,SilvioUeda,SilvioUeda,12-2,12,2,0,14,85.71,Tournament TBD,2026-04-25,1,1,221,https://play.limitlesstcg.com/tournament/69dd6cef78b359b789d618c7/player/silvioueda/teamlist,https://play.limitlesstcg.com/tournament/69dd6cef78b359b789d618c7/standings,Floette-Eternal:Volcarona:Garchomp:Aerodactyl:Sneasler:Kingambit,3,Garchomp,Garchomp,Soft Sand,Rough Skin,Earthquake:Stomping Tantrum:Rock Slide:Protect,Earthquake,Stomping Tantrum,Rock Slide,Protect,Floette-Eternal:Volcarona:Aerodactyl:Sneasler:Kingambit
2026-05-23,2026-05-23T12:00:02Z,pikalytics,gen9championsvgc2026regma,Pokemon Champions VGC 2026 Regulation Set M-A,https://pikalytics.com/pokedex/gen9championsvgc2026regma,13,6,SilvioUeda,SilvioUeda,12-2,12,2,0,14,85.71,Tournament TBD,2026-04-25,1,1,221,https://play.limitlesstcg.com/tournament/69dd6cef78b359b789d618c7/player/silvioueda/teamlist,https://play.limitlesstcg.com/tournament/69dd6cef78b359b789d618c7/standings,Floette-Eternal:Volcarona:Garchomp:Aerodactyl:Sneasler:Kingambit,4,Aerodactyl,Aerodactyl,Focus Sash,Unnerve,Rock Slide:Dual Wingbeat:Tailwind:Protect,Rock Slide,Dual Wingbeat,Tailwind,Protect,Floette-Eternal:Volcarona:Garchomp:Sneasler:Kingambit
2026-05-23,2026-05-23T12:00:02Z,pikalytics,gen9championsvgc2026regma,Pokemon Champions VGC 2026 Regulation Set M-A,https://pikalytics.com/pokedex/gen9championsvgc2026regma,13,6,SilvioUeda,SilvioUeda,12-2,12,2,0,14,85.71,Tournament TBD,2026-04-25,1,1,221,https://play.limitlesstcg.com/tournament/69dd6cef78b359b789d618c7/player/silvioueda/teamlist,https://play.limitlesstcg.com/tournament/69dd6cef78b359b789d618c7/standings,Floette-Eternal:Volcarona:Garchomp:Aerodactyl:Sneasler:Kingambit,5,Sneasler,Sneasler,White Herb,Unburden,Fake Out:Close Combat:Dire Claw:Protect,Fake Out,Close Combat,Dire Claw,Protect,Floette-Eternal:Volcarona:Garchomp:Aerodactyl:Kingambit
2026-05-23,2026-05-23T12:00:02Z,pikalytics,gen9championsvgc2026regma,Pokemon Champions VGC 2026 Regulation Set M-A,https://pikalytics.com/pokedex/gen9championsvgc2026regma,13,6,SilvioUeda,SilvioUeda,12-2,12,2,0,14,85.71,Tournament TBD,2026-04-25,1,1,221,https://play.limitlesstcg.com/tournament/69dd6cef78b359b789d618c7/player/silvioueda/teamlist,https://play.limitlesstcg.com/tournament/69dd6cef78b359b789d618c7/standings,Floette-Eternal:Volcarona:Garchomp:Aerodactyl:Sneasler:Kingambit,6,Kingambit,Kingambit,Black Glasses,Defiant,Kowtow Cleave:Sucker Punch:Swords Dance:Protect,Kowtow Cleave,Sucker Punch,Swords Dance,Protect,Floette-Eternal:Volcarona:Garchomp:Aerodactyl:Sneasler
2026-05-28,2026-05-28T12:00:02Z,pikalytics,gen9championsvgc2026regma,"Best Pokemon, Teams and Builds in Pokemon Champions",https://pikalytics.com/pokedex/gen9championsvgc2026regma,20,6,Murm,Murm,11-1,11,1,0,12,91.67,Talon's FIGHT CLUB #82 POKEMON CHAMPIONS,2026-04-30,1,1,89,https://play.limitlesstcg.com/tournament/69c84b7236f5b5c303dc0601/player/murm/teamlist,https://play.limitlesstcg.com/tournament/69c84b7236f5b5c303dc0601/standings,Whimsicott:Basculegion:Sneasler:Floette-Eternal:Kingambit:Charizard-Mega-Y,1,Whimsicott,Whimsicott,Focus Sash,Prankster,Moonblast:Tailwind:Encore:Protect,Moonblast,Tailwind,Encore,Protect,Basculegion:Sneasler:Floette-Eternal:Kingambit:Charizard-Mega-Y
2026-05-28,2026-05-28T12:00:02Z,pikalytics,gen9championsvgc2026regma,"Best Pokemon, Teams and Builds in Pokemon Champions",https://pikalytics.com/pokedex/gen9championsvgc2026regma,20,6,Murm,Murm,11-1,11,1,0,12,91.67,Talon's FIGHT CLUB #82 POKEMON CHAMPIONS,2026-04-30,1,1,89,https://play.limitlesstcg.com/tournament/69c84b7236f5b5c303dc0601/player/murm/teamlist,https://play.limitlesstcg.com/tournament/69c84b7236f5b5c303dc0601/standings,Whimsicott:Basculegion:Sneasler:Floette-Eternal:Kingambit:Charizard-Mega-Y,2,Basculegion,Basculegion,Sitrus Berry,Adaptability,Wave Crash:Last Respects:Aqua Jet:Protect,Wave Crash,Last Respects,Aqua Jet,Protect,Whimsicott:Sneasler:Floette-Eternal:Kingambit:Charizard-Mega-Y
2026-05-28,2026-05-28T12:00:02Z,pikalytics,gen9championsvgc2026regma,"Best Pokemon, Teams and Builds in Pokemon Champions",https://pikalytics.com/pokedex/gen9championsvgc2026regma,20,6,Murm,Murm,11-1,11,1,0,12,91.67,Talon's FIGHT CLUB #82 POKEMON CHAMPIONS,2026-04-30,1,1,89,https://play.limitlesstcg.com/tournament/69c84b7236f5b5c303dc0601/player/murm/teamlist,https://play.limitlesstcg.com/tournament/69c84b7236f5b5c303dc0601/standings,Whimsicott:Basculegion:Sneasler:Floette-Eternal:Kingambit:Charizard-Mega-Y,3,Sneasler,Sneasler,White Herb,Unburden,Fake Out:Dire Claw:Close Combat:Protect,Fake Out,Dire Claw,Close Combat,Protect,Whimsicott:Basculegion:Floette-Eternal:Kingambit:Charizard-Mega-Y
2026-05-28,2026-05-28T12:00:02Z,pikalytics,gen9championsvgc2026regma,"Best Pokemon, Teams and Builds in Pokemon Champions",https://pikalytics.com/pokedex/gen9championsvgc2026regma,20,6,Murm,Murm,11-1,11,1,0,12,91.67,Talon's FIGHT CLUB #82 POKEMON CHAMPIONS,2026-04-30,1,1,89,https://play.limitlesstcg.com/tournament/69c84b7236f5b5c303dc0601/player/murm/teamlist,https://play.limitlesstcg.com/tournament/69c84b7236f5b5c303dc0601/standings,Whimsicott:Basculegion:Sneasler:Floette-Eternal:Kingambit:Charizard-Mega-Y,4,Floette-Eternal,Eternal Flower Floette,Floettite,Symbiosis,Moonblast:Dazzling Gleam:Light of Ruin:Protect,Moonblast,Dazzling Gleam,Light of Ruin,Protect,Whimsicott:Basculegion:Sneasler:Kingambit:Charizard-Mega-Y
2026-05-28,2026-05-28T12:00:02Z,pikalytics,gen9championsvgc2026regma,"Best Pokemon, Teams and Builds in Pokemon Champions",https://pikalytics.com/pokedex/gen9championsvgc2026regma,20,6,Murm,Murm,11-1,11,1,0,12,91.67,Talon's FIGHT CLUB #82 POKEMON CHAMPIONS,2026-04-30,1,1,89,https://play.limitlesstcg.com/tournament/69c84b7236f5b5c303dc0601/player/murm/teamlist,https://play.limitlesstcg.com/tournament/69c84b7236f5b5c303dc0601/standings,Whimsicott:Basculegion:Sneasler:Floette-Eternal:Kingambit:Charizard-Mega-Y,5,Kingambit,Kingambit,Chople Berry,Defiant,Kowtow Cleave:Low Kick:Sucker Punch:Protect,Kowtow Cleave,Low Kick,Sucker Punch,Protect,Whimsicott:Basculegion:Sneasler:Floette-Eternal:Charizard-Mega-Y
2026-05-28,2026-05-28T12:00:02Z,pikalytics,gen9championsvgc2026regma,"Best Pokemon, Teams and Builds in Pokemon Champions",https://pikalytics.com/pokedex/gen9championsvgc2026regma,20,6,Murm,Murm,11-1,11,1,0,12,91.67,Talon's FIGHT CLUB #82 POKEMON CHAMPIONS,2026-04-30,1,1,89,https://play.limitlesstcg.com/tournament/69c84b7236f5b5c303dc0601/player/murm/teamlist,https://play.limitlesstcg.com/tournament/69c84b7236f5b5c303dc0601/standings,Whimsicott:Basculegion:Sneasler:Floette-Eternal:Kingambit:Charizard-Mega-Y,6,Charizard-Mega-Y,Charizard,Charizardite Y,Blaze,Heat Wave:Solar Beam:Weather Ball:Protect,Heat Wave,Solar Beam,Weather Ball,Protect,Whimsicott:Basculegion:Sneasler:Floette-Eternal:Kingambit
2026-05-30,2026-05-30T12:00:02Z,pikalytics,gen9championsvgc2026regma,"Best Pokemon, teams, and builds in Pokemon Champions VGC 2026",https://pikalytics.com/pokedex/gen9championsvgc2026regma,3,6,imstone,imstone,11-2,11,2,0,13,84.62,SpearPillar Champions Tour #2 | Reg M-A $100 Prize,2026-05-02,1,1,270,https://play.limitlesstcg.com/tournament/69cd686036f5b5c303dc45b1/player/imstone/teamlist,https://play.limitlesstcg.com/tournament/69cd686036f5b5c303dc45b1/standings,Tyranitar-Mega:Corviknight:Hydreigon:Mimikyu:Excadrill:Rotom-Wash,1,Tyranitar-Mega,Tyranitar,Tyranitarite,Sand Stream,Rock Slide:Knock Off:Low Kick:Protect,Rock Slide,Knock Off,Low Kick,Protect,Corviknight:Hydreigon:Mimikyu:Excadrill:Rotom-Wash
2026-05-30,2026-05-30T12:00:02Z,pikalytics,gen9championsvgc2026regma,"Best Pokemon, teams, and builds in Pokemon Champions VGC 2026",https://pikalytics.com/pokedex/gen9championsvgc2026regma,3,6,imstone,imstone,11-2,11,2,0,13,84.62,SpearPillar Champions Tour #2 | Reg M-A $100 Prize,2026-05-02,1,1,270,https://play.limitlesstcg.com/tournament/69cd686036f5b5c303dc45b1/player/imstone/teamlist,https://play.limitlesstcg.com/tournament/69cd686036f5b5c303dc45b1/standings,Tyranitar-Mega:Corviknight:Hydreigon:Mimikyu:Excadrill:Rotom-Wash,2,Corviknight,Corviknight,Leftovers,Mirror Armor,Brave Bird:Bulk Up:Roost:Tailwind,Brave Bird,Bulk Up,Roost,Tailwind,Tyranitar-Mega:Hydreigon:Mimikyu:Excadrill:Rotom-Wash
2026-05-30,2026-05-30T12:00:02Z,pikalytics,gen9championsvgc2026regma,"Best Pokemon, teams, and builds in Pokemon Champions VGC 2026",https://pikalytics.com/pokedex/gen9championsvgc2026regma,3,6,imstone,imstone,11-2,11,2,0,13,84.62,SpearPillar Champions Tour #2 | Reg M-A $100 Prize,2026-05-02,1,1,270,https://play.limitlesstcg.com/tournament/69cd686036f5b5c303dc45b1/player/imstone/teamlist,https://play.limitlesstcg.com/tournament/69cd686036f5b5c303dc45b1/standings,Tyranitar-Mega:Corviknight:Hydreigon:Mimikyu:Excadrill:Rotom-Wash,3,Hydreigon,Hydreigon,Choice Scarf,Levitate,Dark Pulse:Draco Meteor:Heat Wave:Snarl,Dark Pulse,Draco Meteor,Heat Wave,Snarl,Tyranitar-Mega:Corviknight:Mimikyu:Excadrill:Rotom-Wash
2026-05-30,2026-05-30T12:00:02Z,pikalytics,gen9championsvgc2026regma,"Best Pokemon, teams, and builds in Pokemon Champions VGC 2026",https://pikalytics.com/pokedex/gen9championsvgc2026regma,3,6,imstone,imstone,11-2,11,2,0,13,84.62,SpearPillar Champions Tour #2 | Reg M-A $100 Prize,2026-05-02,1,1,270,https://play.limitlesstcg.com/tournament/69cd686036f5b5c303dc45b1/player/imstone/teamlist,https://play.limitlesstcg.com/tournament/69cd686036f5b5c303dc45b1/standings,Tyranitar-Mega:Corviknight:Hydreigon:Mimikyu:Excadrill:Rotom-Wash,4,Mimikyu,Mimikyu,White Herb,Disguise,Play Rough:Shadow Sneak:Will-O-Wisp:Protect,Play Rough,Shadow Sneak,Will-O-Wisp,Protect,Tyranitar-Mega:Corviknight:Hydreigon:Excadrill:Rotom-Wash
2026-05-30,2026-05-30T12:00:02Z,pikalytics,gen9championsvgc2026regma,"Best Pokemon, teams, and builds in Pokemon Champions VGC 2026",https://pikalytics.com/pokedex/gen9championsvgc2026regma,3,6,imstone,imstone,11-2,11,2,0,13,84.62,SpearPillar Champions Tour #2 | Reg M-A $100 Prize,2026-05-02,1,1,270,https://play.limitlesstcg.com/tournament/69cd686036f5b5c303dc45b1/player/imstone/teamlist,https://play.limitlesstcg.com/tournament/69cd686036f5b5c303dc45b1/standings,Tyranitar-Mega:Corviknight:Hydreigon:Mimikyu:Excadrill:Rotom-Wash,5,Excadrill,Excadrill,Focus Sash,Sand Rush,Iron Head:Earthquake:Rock Slide:Protect,Iron Head,Earthquake,Rock Slide,Protect,Tyranitar-Mega:Corviknight:Hydreigon:Mimikyu:Rotom-Wash
2026-05-30,2026-05-30T12:00:02Z,pikalytics,gen9championsvgc2026regma,"Best Pokemon, teams, and builds in Pokemon Champions VGC 2026",https://pikalytics.com/pokedex/gen9championsvgc2026regma,3,6,imstone,imstone,11-2,11,2,0,13,84.62,SpearPillar Champions Tour #2 | Reg M-A $100 Prize,2026-05-02,1,1,270,https://play.limitlesstcg.com/tournament/69cd686036f5b5c303dc45b1/player/imstone/teamlist,https://play.limitlesstcg.com/tournament/69cd686036f5b5c303dc45b1/standings,Tyranitar-Mega:Corviknight:Hydreigon:Mimikyu:Excadrill:Rotom-Wash,6,Rotom-Wash,Wash Rotom,Sitrus Berry,Levitate,Thunderbolt:Hydro Pump:Will-O-Wisp:Protect,Thunderbolt,Hydro Pump,Will-O-Wisp,Protect,Tyranitar-Mega:Corviknight:Hydreigon:Mimikyu:Excadrill
2026-05-25,2026-05-25T12:00:02Z,pikalytics,gen9championsvgc2026regma,"Best Pokemon, Teams and Builds in Pokemon Champions",https://pikalytics.com/pokedex/gen9championsvgc2026regma,16,6,Evan_santos,Evan_santos,11-2,11,2,0,13,84.62,Tournament TBD,2026-05-02,1,1,177,https://play.limitlesstcg.com/tournament/69dd6d2e48d465883f712e47/player/evan_santos/teamlist,https://play.limitlesstcg.com/tournament/69dd6d2e48d465883f712e47/standings,Kingambit:Kommo-o:Sneasler:Basculegion:Froslass-Mega:Tsareena,1,Kingambit,Kingambit,Chople Berry,Defiant,Iron Head:Low Kick:Kowtow Cleave:Sucker Punch,Iron Head,Low Kick,Kowtow Cleave,Sucker Punch,Kommo-o:Sneasler:Basculegion:Froslass-Mega:Tsareena
2026-05-25,2026-05-25T12:00:02Z,pikalytics,gen9championsvgc2026regma,"Best Pokemon, Teams and Builds in Pokemon Champions",https://pikalytics.com/pokedex/gen9championsvgc2026regma,16,6,Evan_santos,Evan_santos,11-2,11,2,0,13,84.62,Tournament TBD,2026-05-02,1,1,177,https://play.limitlesstcg.com/tournament/69dd6d2e48d465883f712e47/player/evan_santos/teamlist,https://play.limitlesstcg.com/tournament/69dd6d2e48d465883f712e47/standings,Kingambit:Kommo-o:Sneasler:Basculegion:Froslass-Mega:Tsareena,2,Kommo-o,Kommo-o,Leftovers,Soundproof,Clanging Scales:Aura Sphere:Clangorous Soul:Protect,Clanging Scales,Aura Sphere,Clangorous Soul,Protect,Kingambit:Sneasler:Basculegion:Froslass-Mega:Tsareena
2026-05-25,2026-05-25T12:00:02Z,pikalytics,gen9championsvgc2026regma,"Best Pokemon, Teams and Builds in Pokemon Champions",https://pikalytics.com/pokedex/gen9championsvgc2026regma,16,6,Evan_santos,Evan_santos,11-2,11,2,0,13,84.62,Tournament TBD,2026-05-02,1,1,177,https://play.limitlesstcg.com/tournament/69dd6d2e48d465883f712e47/player/evan_santos/teamlist,https://play.limitlesstcg.com/tournament/69dd6d2e48d465883f712e47/standings,Kingambit:Kommo-o:Sneasler:Basculegion:Froslass-Mega:Tsareena,3,Sneasler,Sneasler,White Herb,Unburden,Close Combat:Dire Claw:Fake Out:Protect,Close Combat,Dire Claw,Fake Out,Protect,Kingambit:Kommo-o:Basculegion:Froslass-Mega:Tsareena
2026-05-25,2026-05-25T12:00:02Z,pikalytics,gen9championsvgc2026regma,"Best Pokemon, Teams and Builds in Pokemon Champions",https://pikalytics.com/pokedex/gen9championsvgc2026regma,16,6,Evan_santos,Evan_santos,11-2,11,2,0,13,84.62,Tournament TBD,2026-05-02,1,1,177,https://play.limitlesstcg.com/tournament/69dd6d2e48d465883f712e47/player/evan_santos/teamlist,https://play.limitlesstcg.com/tournament/69dd6d2e48d465883f712e47/standings,Kingambit:Kommo-o:Sneasler:Basculegion:Froslass-Mega:Tsareena,4,Basculegion,Basculegion,Choice Scarf,Adaptability,Wave Crash:Last Respects:Aqua Jet:Flip Turn,Wave Crash,Last Respects,Aqua Jet,Flip Turn,Kingambit:Kommo-o:Sneasler:Froslass-Mega:Tsareena
2026-05-25,2026-05-25T12:00:02Z,pikalytics,gen9championsvgc2026regma,"Best Pokemon, Teams and Builds in Pokemon Champions",https://pikalytics.com/pokedex/gen9championsvgc2026regma,16,6,Evan_santos,Evan_santos,11-2,11,2,0,13,84.62,Tournament TBD,2026-05-02,1,1,177,https://play.limitlesstcg.com/tournament/69dd6d2e48d465883f712e47/player/evan_santos/teamlist,https://play.limitlesstcg.com/tournament/69dd6d2e48d465883f712e47/standings,Kingambit:Kommo-o:Sneasler:Basculegion:Froslass-Mega:Tsareena,5,Froslass-Mega,Froslass,Froslassite,Cursed Body,Blizzard:Shadow Ball:Aurora Veil:Protect,Blizzard,Shadow Ball,Aurora Veil,Protect,Kingambit:Kommo-o:Sneasler:Basculegion:Tsareena
2026-05-25,2026-05-25T12:00:02Z,pikalytics,gen9championsvgc2026regma,"Best Pokemon, Teams and Builds in Pokemon Champions",https://pikalytics.com/pokedex/gen9championsvgc2026regma,16,6,Evan_santos,Evan_santos,11-2,11,2,0,13,84.62,Tournament TBD,2026-05-02,1,1,177,https://play.limitlesstcg.com/tournament/69dd6d2e48d465883f712e47/player/evan_santos/teamlist,https://play.limitlesstcg.com/tournament/69dd6d2e48d465883f712e47/standings,Kingambit:Kommo-o:Sneasler:Basculegion:Froslass-Mega:Tsareena,6,Tsareena,Tsareena,Miracle Seed,Queenly Majesty,Trop Kick:Low Kick:Triple Axel:Protect,Trop Kick,Low Kick,Triple Axel,Protect,Kingambit:Kommo-o:Sneasler:Basculegion:Froslass-Mega
2026-05-29,2026-05-29T12:00:03Z,pikalytics,gen9championsvgc2026regma,"Best Pokemon, Teams and Builds in Pokemon Champions",https://pikalytics.com/pokedex/gen9championsvgc2026regma,18,6,Chuybreton,Chuybreton,9 - 0 - 0,9,0,0,9,100.00,Extreme Speed Pokémon Champions #4,2026-05-04,1,1,32,https://play.limitlesstcg.com/tournament/69f3dd0de23aab068aad66d6/player/chuybreton/teamlist,https://play.limitlesstcg.com/tournament/69f3dd0de23aab068aad66d6/standings,Meganium:Scizor:Pelipper:Archaludon:Sableye:Basculegion,1,Meganium,Meganium,Meganiumite,Leaf Guard,Weather Ball:Dazzling Gleam:Solar Beam:Protect,Weather Ball,Dazzling Gleam,Solar Beam,Protect,Scizor:Pelipper:Archaludon:Sableye:Basculegion
2026-05-29,2026-05-29T12:00:03Z,pikalytics,gen9championsvgc2026regma,"Best Pokemon, Teams and Builds in Pokemon Champions",https://pikalytics.com/pokedex/gen9championsvgc2026regma,18,6,Chuybreton,Chuybreton,9 - 0 - 0,9,0,0,9,100.00,Extreme Speed Pokémon Champions #4,2026-05-04,1,1,32,https://play.limitlesstcg.com/tournament/69f3dd0de23aab068aad66d6/player/chuybreton/teamlist,https://play.limitlesstcg.com/tournament/69f3dd0de23aab068aad66d6/standings,Meganium:Scizor:Pelipper:Archaludon:Sableye:Basculegion,2,Scizor,Scizor,Metal Coat,Technician,Bullet Punch:U-turn:Close Combat:Protect,Bullet Punch,U-turn,Close Combat,Protect,Meganium:Pelipper:Archaludon:Sableye:Basculegion
2026-05-29,2026-05-29T12:00:03Z,pikalytics,gen9championsvgc2026regma,"Best Pokemon, Teams and Builds in Pokemon Champions",https://pikalytics.com/pokedex/gen9championsvgc2026regma,18,6,Chuybreton,Chuybreton,9 - 0 - 0,9,0,0,9,100.00,Extreme Speed Pokémon Champions #4,2026-05-04,1,1,32,https://play.limitlesstcg.com/tournament/69f3dd0de23aab068aad66d6/player/chuybreton/teamlist,https://play.limitlesstcg.com/tournament/69f3dd0de23aab068aad66d6/standings,Meganium:Scizor:Pelipper:Archaludon:Sableye:Basculegion,3,Pelipper,Pelipper,Sitrus Berry,Drizzle,Weather Ball:Hurricane:Tailwind:Wide Guard,Weather Ball,Hurricane,Tailwind,Wide Guard,Meganium:Scizor:Archaludon:Sableye:Basculegion
2026-05-29,2026-05-29T12:00:03Z,pikalytics,gen9championsvgc2026regma,"Best Pokemon, Teams and Builds in Pokemon Champions",https://pikalytics.com/pokedex/gen9championsvgc2026regma,18,6,Chuybreton,Chuybreton,9 - 0 - 0,9,0,0,9,100.00,Extreme Speed Pokémon Champions #4,2026-05-04,1,1,32,https://play.limitlesstcg.com/tournament/69f3dd0de23aab068aad66d6/player/chuybreton/teamlist,https://play.limitlesstcg.com/tournament/69f3dd0de23aab068aad66d6/standings,Meganium:Scizor:Pelipper:Archaludon:Sableye:Basculegion,4,Archaludon,Archaludon,Leftovers,Stamina,Electro Shot:Dragon Pulse:Flash Cannon:Protect,Electro Shot,Dragon Pulse,Flash Cannon,Protect,Meganium:Scizor:Pelipper:Sableye:Basculegion
2026-05-29,2026-05-29T12:00:03Z,pikalytics,gen9championsvgc2026regma,"Best Pokemon, Teams and Builds in Pokemon Champions",https://pikalytics.com/pokedex/gen9championsvgc2026regma,18,6,Chuybreton,Chuybreton,9 - 0 - 0,9,0,0,9,100.00,Extreme Speed Pokémon Champions #4,2026-05-04,1,1,32,https://play.limitlesstcg.com/tournament/69f3dd0de23aab068aad66d6/player/chuybreton/teamlist,https://play.limitlesstcg.com/tournament/69f3dd0de23aab068aad66d6/standings,Meganium:Scizor:Pelipper:Archaludon:Sableye:Basculegion,5,Sableye,Sableye,Roseli Berry,Prankster,Rain Dance:Light Screen:Reflect:Will-O-Wisp,Rain Dance,Light Screen,Reflect,Will-O-Wisp,Meganium:Scizor:Pelipper:Archaludon:Basculegion
2026-05-29,2026-05-29T12:00:03Z,pikalytics,gen9championsvgc2026regma,"Best Pokemon, Teams and Builds in Pokemon Champions",https://pikalytics.com/pokedex/gen9championsvgc2026regma,18,6,Chuybreton,Chuybreton,9 - 0 - 0,9,0,0,9,100.00,Extreme Speed Pokémon Champions #4,2026-05-04,1,1,32,https://play.limitlesstcg.com/tournament/69f3dd0de23aab068aad66d6/player/chuybreton/teamlist,https://play.limitlesstcg.com/tournament/69f3dd0de23aab068aad66d6/standings,Meganium:Scizor:Pelipper:Archaludon:Sableye:Basculegion,6,Basculegion,Basculegion,Focus Sash,Adaptability,Aqua Jet:Liquidation:Protect:Last Respects,Aqua Jet,Liquidation,Protect,Last Respects,Meganium:Scizor:Pelipper:Archaludon:Sableye
2026-05-30,2026-05-30T12:00:02Z,pikalytics,gen9championsvgc2026regma,"Best Pokemon, teams, and builds in Pokemon Champions VGC 2026",https://pikalytics.com/pokedex/gen9championsvgc2026regma,19,6,Chuybreton,Chuybreton,9-0,9,0,0,9,100.00,Extreme Speed Pokémon Champions #4,2026-05-04,1,1,32,https://play.limitlesstcg.com/tournament/69f3dd0de23aab068aad66d6/player/chuybreton/teamlist,https://play.limitlesstcg.com/tournament/69f3dd0de23aab068aad66d6/standings,Meganium-Mega:Scizor:Pelipper:Archaludon:Sableye:Basculegion,1,Meganium-Mega,Meganium,Meganiumite,Leaf Guard,Weather Ball:Dazzling Gleam:Solar Beam:Protect,Weather Ball,Dazzling Gleam,Solar Beam,Protect,Scizor:Pelipper:Archaludon:Sableye:Basculegion
2026-05-30,2026-05-30T12:00:02Z,pikalytics,gen9championsvgc2026regma,"Best Pokemon, teams, and builds in Pokemon Champions VGC 2026",https://pikalytics.com/pokedex/gen9championsvgc2026regma,19,6,Chuybreton,Chuybreton,9-0,9,0,0,9,100.00,Extreme Speed Pokémon Champions #4,2026-05-04,1,1,32,https://play.limitlesstcg.com/tournament/69f3dd0de23aab068aad66d6/player/chuybreton/teamlist,https://play.limitlesstcg.com/tournament/69f3dd0de23aab068aad66d6/standings,Meganium-Mega:Scizor:Pelipper:Archaludon:Sableye:Basculegion,2,Scizor,Scizor,Metal Coat,Technician,Bullet Punch:U-turn:Close Combat:Protect,Bullet Punch,U-turn,Close Combat,Protect,Meganium-Mega:Pelipper:Archaludon:Sableye:Basculegion
2026-05-30,2026-05-30T12:00:02Z,pikalytics,gen9championsvgc2026regma,"Best Pokemon, teams, and builds in Pokemon Champions VGC 2026",https://pikalytics.com/pokedex/gen9championsvgc2026regma,19,6,Chuybreton,Chuybreton,9-0,9,0,0,9,100.00,Extreme Speed Pokémon Champions #4,2026-05-04,1,1,32,https://play.limitlesstcg.com/tournament/69f3dd0de23aab068aad66d6/player/chuybreton/teamlist,https://play.limitlesstcg.com/tournament/69f3dd0de23aab068aad66d6/standings,Meganium-Mega:Scizor:Pelipper:Archaludon:Sableye:Basculegion,3,Pelipper,Pelipper,Sitrus Berry,Drizzle,Weather Ball:Hurricane:Tailwind:Wide Guard,Weather Ball,Hurricane,Tailwind,Wide Guard,Meganium-Mega:Scizor:Archaludon:Sableye:Basculegion
2026-05-30,2026-05-30T12:00:02Z,pikalytics,gen9championsvgc2026regma,"Best Pokemon, teams, and builds in Pokemon Champions VGC 2026",https://pikalytics.com/pokedex/gen9championsvgc2026regma,19,6,Chuybreton,Chuybreton,9-0,9,0,0,9,100.00,Extreme Speed Pokémon Champions #4,2026-05-04,1,1,32,https://play.limitlesstcg.com/tournament/69f3dd0de23aab068aad66d6/player/chuybreton/teamlist,https://play.limitlesstcg.com/tournament/69f3dd0de23aab068aad66d6/standings,Meganium-Mega:Scizor:Pelipper:Archaludon:Sableye:Basculegion,4,Archaludon,Archaludon,Leftovers,Stamina,Electro Shot:Dragon Pulse:Flash Cannon:Protect,Electro Shot,Dragon Pulse,Flash Cannon,Protect,Meganium-Mega:Scizor:Pelipper:Sableye:Basculegion
2026-05-30,2026-05-30T12:00:02Z,pikalytics,gen9championsvgc2026regma,"Best Pokemon, teams, and builds in Pokemon Champions VGC 2026",https://pikalytics.com/pokedex/gen9championsvgc2026regma,19,6,Chuybreton,Chuybreton,9-0,9,0,0,9,100.00,Extreme Speed Pokémon Champions #4,2026-05-04,1,1,32,https://play.limitlesstcg.com/tournament/69f3dd0de23aab068aad66d6/player/chuybreton/teamlist,https://play.limitlesstcg.com/tournament/69f3dd0de23aab068aad66d6/standings,Meganium-Mega:Scizor:Pelipper:Archaludon:Sableye:Basculegion,5,Sableye,Sableye,Roseli Berry,Prankster,Rain Dance:Light Screen:Reflect:Will-O-Wisp,Rain Dance,Light Screen,Reflect,Will-O-Wisp,Meganium-Mega:Scizor:Pelipper:Archaludon:Basculegion
2026-05-30,2026-05-30T12:00:02Z,pikalytics,gen9championsvgc2026regma,"Best Pokemon, teams, and builds in Pokemon Champions VGC 2026",https://pikalytics.com/pokedex/gen9championsvgc2026regma,19,6,Chuybreton,Chuybreton,9-0,9,0,0,9,100.00,Extreme Speed Pokémon Champions #4,2026-05-04,1,1,32,https://play.limitlesstcg.com/tournament/69f3dd0de23aab068aad66d6/player/chuybreton/teamlist,https://play.limitlesstcg.com/tournament/69f3dd0de23aab068aad66d6/standings,Meganium-Mega:Scizor:Pelipper:Archaludon:Sableye:Basculegion,6,Basculegion,Basculegion,Focus Sash,Adaptability,Aqua Jet:Liquidation:Protect:Last Respects,Aqua Jet,Liquidation,Protect,Last Respects,Meganium-Mega:Scizor:Pelipper:Archaludon:Sableye
2026-05-23,2026-05-23T12:00:02Z,pikalytics,gen9championsvgc2026regma,Pokemon Champions VGC 2026 Regulation Set M-A,https://pikalytics.com/pokedex/gen9championsvgc2026regma,20,6,Limitester,Limitester,9-1,9,1,0,10,90.00,Tenki's Cart - Champions M-A,2026-05-07,1,1,46,https://play.limitlesstcg.com/tournament/69f8714be23aab068aada743/player/limitester/teamlist,https://play.limitlesstcg.com/tournament/69f8714be23aab068aada743/standings,Gengar-Mega:Incineroar:Kingambit:Blastoise:Ninetales-Alola:Dragonite,1,Gengar-Mega,Gengar,Gengarite,Cursed Body,Protect:Perish Song:Shadow Ball:Sludge Bomb,Protect,Perish Song,Shadow Ball,Sludge Bomb,Incineroar:Kingambit:Blastoise:Ninetales-Alola:Dragonite
2026-05-23,2026-05-23T12:00:02Z,pikalytics,gen9championsvgc2026regma,Pokemon Champions VGC 2026 Regulation Set M-A,https://pikalytics.com/pokedex/gen9championsvgc2026regma,20,6,Limitester,Limitester,9-1,9,1,0,10,90.00,Tenki's Cart - Champions M-A,2026-05-07,1,1,46,https://play.limitlesstcg.com/tournament/69f8714be23aab068aada743/player/limitester/teamlist,https://play.limitlesstcg.com/tournament/69f8714be23aab068aada743/standings,Gengar-Mega:Incineroar:Kingambit:Blastoise:Ninetales-Alola:Dragonite,2,Incineroar,Incineroar,Sitrus Berry,Intimidate,Protect:Fake Out:Flare Blitz:Parting Shot,Protect,Fake Out,Flare Blitz,Parting Shot,Gengar-Mega:Kingambit:Blastoise:Ninetales-Alola:Dragonite
2026-05-23,2026-05-23T12:00:02Z,pikalytics,gen9championsvgc2026regma,Pokemon Champions VGC 2026 Regulation Set M-A,https://pikalytics.com/pokedex/gen9championsvgc2026regma,20,6,Limitester,Limitester,9-1,9,1,0,10,90.00,Tenki's Cart - Champions M-A,2026-05-07,1,1,46,https://play.limitlesstcg.com/tournament/69f8714be23aab068aada743/player/limitester/teamlist,https://play.limitlesstcg.com/tournament/69f8714be23aab068aada743/standings,Gengar-Mega:Incineroar:Kingambit:Blastoise:Ninetales-Alola:Dragonite,3,Kingambit,Kingambit,Chople Berry,Defiant,Protect:Low Kick:Sucker Punch:Kowtow Cleave,Protect,Low Kick,Sucker Punch,Kowtow Cleave,Gengar-Mega:Incineroar:Blastoise:Ninetales-Alola:Dragonite
2026-05-23,2026-05-23T12:00:02Z,pikalytics,gen9championsvgc2026regma,Pokemon Champions VGC 2026 Regulation Set M-A,https://pikalytics.com/pokedex/gen9championsvgc2026regma,20,6,Limitester,Limitester,9-1,9,1,0,10,90.00,Tenki's Cart - Champions M-A,2026-05-07,1,1,46,https://play.limitlesstcg.com/tournament/69f8714be23aab068aada743/player/limitester/teamlist,https://play.limitlesstcg.com/tournament/69f8714be23aab068aada743/standings,Gengar-Mega:Incineroar:Kingambit:Blastoise:Ninetales-Alola:Dragonite,4,Blastoise,Blastoise,Leftovers,Rain Dish,Protect:Flip Turn:Fake Out:Body Press,Protect,Flip Turn,Fake Out,Body Press,Gengar-Mega:Incineroar:Kingambit:Ninetales-Alola:Dragonite
2026-05-23,2026-05-23T12:00:02Z,pikalytics,gen9championsvgc2026regma,Pokemon Champions VGC 2026 Regulation Set M-A,https://pikalytics.com/pokedex/gen9championsvgc2026regma,20,6,Limitester,Limitester,9-1,9,1,0,10,90.00,Tenki's Cart - Champions M-A,2026-05-07,1,1,46,https://play.limitlesstcg.com/tournament/69f8714be23aab068aada743/player/limitester/teamlist,https://play.limitlesstcg.com/tournament/69f8714be23aab068aada743/standings,Gengar-Mega:Incineroar:Kingambit:Blastoise:Ninetales-Alola:Dragonite,5,Ninetales-Alola,Alolan Ninetales,Never-Melt Ice,Snow Warning,Encore:Protect:Disable:Blizzard,Encore,Protect,Disable,Blizzard,Gengar-Mega:Incineroar:Kingambit:Blastoise:Dragonite
2026-05-23,2026-05-23T12:00:02Z,pikalytics,gen9championsvgc2026regma,Pokemon Champions VGC 2026 Regulation Set M-A,https://pikalytics.com/pokedex/gen9championsvgc2026regma,20,6,Limitester,Limitester,9-1,9,1,0,10,90.00,Tenki's Cart - Champions M-A,2026-05-07,1,1,46,https://play.limitlesstcg.com/tournament/69f8714be23aab068aada743/player/limitester/teamlist,https://play.limitlesstcg.com/tournament/69f8714be23aab068aada743/standings,Gengar-Mega:Incineroar:Kingambit:Blastoise:Ninetales-Alola:Dragonite,6,Dragonite,Dragonite,Dragon Fang,Multiscale,Protect:Low Kick:Dragon Claw:Extreme Speed,Protect,Low Kick,Dragon Claw,Extreme Speed,Gengar-Mega:Incineroar:Kingambit:Blastoise:Ninetales-Alola
2026-06-08,2026-06-08T12:00:02Z,pikalytics,gen9championsvgc2026regma,"Best Pokemon, teams, and builds in Pokemon Champions VGC 2026",https://pikalytics.com/pokedex/gen9championsvgc2026regma,11,6,TurboMatt,TurboMatt,11-1,11,1,0,12,91.67,Coupe Critique Champions VGC #2 - 200€ prize,2026-05-09,1,1,231,https://play.limitlesstcg.com/tournament/69f0e7f6e23aab068aad44a1/player/turbomatt/teamlist,https://play.limitlesstcg.com/tournament/69f0e7f6e23aab068aad44a1/standings,Gengar-Mega:Sinistcha:Archaludon:Incineroar:Sableye:Politoed,1,Gengar-Mega,Gengar,Gengarite,Cursed Body,Shadow Ball:Perish Song:Disable:Protect,Shadow Ball,Perish Song,Disable,Protect,Sinistcha:Archaludon:Incineroar:Sableye:Politoed
2026-06-08,2026-06-08T12:00:02Z,pikalytics,gen9championsvgc2026regma,"Best Pokemon, teams, and builds in Pokemon Champions VGC 2026",https://pikalytics.com/pokedex/gen9championsvgc2026regma,11,6,TurboMatt,TurboMatt,11-1,11,1,0,12,91.67,Coupe Critique Champions VGC #2 - 200€ prize,2026-05-09,1,1,231,https://play.limitlesstcg.com/tournament/69f0e7f6e23aab068aad44a1/player/turbomatt/teamlist,https://play.limitlesstcg.com/tournament/69f0e7f6e23aab068aad44a1/standings,Gengar-Mega:Sinistcha:Archaludon:Incineroar:Sableye:Politoed,2,Sinistcha,Sinistcha,Colbur Berry,Hospitality,Matcha Gotcha:Rage Powder:Trick Room:Protect,Matcha Gotcha,Rage Powder,Trick Room,Protect,Gengar-Mega:Archaludon:Incineroar:Sableye:Politoed
2026-06-08,2026-06-08T12:00:02Z,pikalytics,gen9championsvgc2026regma,"Best Pokemon, teams, and builds in Pokemon Champions VGC 2026",https://pikalytics.com/pokedex/gen9championsvgc2026regma,11,6,TurboMatt,TurboMatt,11-1,11,1,0,12,91.67,Coupe Critique Champions VGC #2 - 200€ prize,2026-05-09,1,1,231,https://play.limitlesstcg.com/tournament/69f0e7f6e23aab068aad44a1/player/turbomatt/teamlist,https://play.limitlesstcg.com/tournament/69f0e7f6e23aab068aad44a1/standings,Gengar-Mega:Sinistcha:Archaludon:Incineroar:Sableye:Politoed,3,Archaludon,Archaludon,Leftovers,Stamina,Electro Shot:Dragon Pulse:Flash Cannon:Protect,Electro Shot,Dragon Pulse,Flash Cannon,Protect,Gengar-Mega:Sinistcha:Incineroar:Sableye:Politoed
2026-06-08,2026-06-08T12:00:02Z,pikalytics,gen9championsvgc2026regma,"Best Pokemon, teams, and builds in Pokemon Champions VGC 2026",https://pikalytics.com/pokedex/gen9championsvgc2026regma,11,6,TurboMatt,TurboMatt,11-1,11,1,0,12,91.67,Coupe Critique Champions VGC #2 - 200€ prize,2026-05-09,1,1,231,https://play.limitlesstcg.com/tournament/69f0e7f6e23aab068aad44a1/player/turbomatt/teamlist,https://play.limitlesstcg.com/tournament/69f0e7f6e23aab068aad44a1/standings,Gengar-Mega:Sinistcha:Archaludon:Incineroar:Sableye:Politoed,4,Incineroar,Incineroar,Passho Berry,Intimidate,Throat Chop:Fake Out:Parting Shot:Protect,Throat Chop,Fake Out,Parting Shot,Protect,Gengar-Mega:Sinistcha:Archaludon:Sableye:Politoed
2026-06-08,2026-06-08T12:00:02Z,pikalytics,gen9championsvgc2026regma,"Best Pokemon, teams, and builds in Pokemon Champions VGC 2026",https://pikalytics.com/pokedex/gen9championsvgc2026regma,11,6,TurboMatt,TurboMatt,11-1,11,1,0,12,91.67,Coupe Critique Champions VGC #2 - 200€ prize,2026-05-09,1,1,231,https://play.limitlesstcg.com/tournament/69f0e7f6e23aab068aad44a1/player/turbomatt/teamlist,https://play.limitlesstcg.com/tournament/69f0e7f6e23aab068aad44a1/standings,Gengar-Mega:Sinistcha:Archaludon:Incineroar:Sableye:Politoed,5,Sableye,Sableye,Roseli Berry,Prankster,Rain Dance:Light Screen:Will-O-Wisp:Encore,Rain Dance,Light Screen,Will-O-Wisp,Encore,Gengar-Mega:Sinistcha:Archaludon:Incineroar:Politoed
2026-06-08,2026-06-08T12:00:02Z,pikalytics,gen9championsvgc2026regma,"Best Pokemon, teams, and builds in Pokemon Champions VGC 2026",https://pikalytics.com/pokedex/gen9championsvgc2026regma,11,6,TurboMatt,TurboMatt,11-1,11,1,0,12,91.67,Coupe Critique Champions VGC #2 - 200€ prize,2026-05-09,1,1,231,https://play.limitlesstcg.com/tournament/69f0e7f6e23aab068aad44a1/player/turbomatt/teamlist,https://play.limitlesstcg.com/tournament/69f0e7f6e23aab068aad44a1/standings,Gengar-Mega:Sinistcha:Archaludon:Incineroar:Sableye:Politoed,6,Politoed,Politoed,Sitrus Berry,Drizzle,Weather Ball:Perish Song:Encore:Protect,Weather Ball,Perish Song,Encore,Protect,Gengar-Mega:Sinistcha:Archaludon:Incineroar:Sableye
2026-05-25,2026-05-25T12:00:02Z,pikalytics,gen9championsvgc2026regma,"Best Pokemon, Teams and Builds in Pokemon Champions",https://pikalytics.com/pokedex/gen9championsvgc2026regma,20,6,mamaimchasinaghostt,mamaimchasinaghostt,9-1,9,1,0,10,90.00,Tournament TBD,2026-05-09,1,1,43,https://play.limitlesstcg.com/tournament/69f854924f71d664893ec43b/player/mamaimchasinaghostt/teamlist,https://play.limitlesstcg.com/tournament/69f854924f71d664893ec43b/standings,Scovillain-Mega:Aerodactyl-Mega:Sneasler:Basculegion:Kingambit:Kommo-o,1,Scovillain-Mega,Scovillain,Scovillainite,Moody,Overheat:Energy Ball:Rage Powder:Protect,Overheat,Energy Ball,Rage Powder,Protect,Aerodactyl-Mega:Sneasler:Basculegion:Kingambit:Kommo-o
2026-05-30,2026-05-30T12:00:02Z,pikalytics,gen9championsvgc2026regma,"Best Pokemon, teams, and builds in Pokemon Champions VGC 2026",https://pikalytics.com/pokedex/gen9championsvgc2026regma,20,6,ShrimpTheShrimp,ShrimpTheShrimp,11-2,11,2,0,13,84.62,SpearPillar Champions Tour #3 | Reg M-A $100 Prize,2026-05-09,1,1,237,https://play.limitlesstcg.com/tournament/69cd689636f5b5c303dc45b3/player/shrimptheshrimp/teamlist,https://play.limitlesstcg.com/tournament/69cd689636f5b5c303dc45b3/standings,Whimsicott:Incineroar:Floette-Eternal:Tyranitar:Garchomp:Charizard-Mega-Y,1,Whimsicott,Whimsicott,Sitrus Berry,Prankster,Tailwind:Encore:Moonblast:Protect,Tailwind,Encore,Moonblast,Protect,Incineroar:Floette-Eternal:Tyranitar:Garchomp:Charizard-Mega-Y
2026-05-25,2026-05-25T12:00:02Z,pikalytics,gen9championsvgc2026regma,"Best Pokemon, Teams and Builds in Pokemon Champions",https://pikalytics.com/pokedex/gen9championsvgc2026regma,20,6,mamaimchasinaghostt,mamaimchasinaghostt,9-1,9,1,0,10,90.00,Tournament TBD,2026-05-09,1,1,43,https://play.limitlesstcg.com/tournament/69f854924f71d664893ec43b/player/mamaimchasinaghostt/teamlist,https://play.limitlesstcg.com/tournament/69f854924f71d664893ec43b/standings,Scovillain-Mega:Aerodactyl-Mega:Sneasler:Basculegion:Kingambit:Kommo-o,2,Aerodactyl-Mega,Aerodactyl,Aerodactylite,Unnerve,Rock Slide:Dual Wingbeat:Tailwind:Protect,Rock Slide,Dual Wingbeat,Tailwind,Protect,Scovillain-Mega:Sneasler:Basculegion:Kingambit:Kommo-o
2026-05-30,2026-05-30T12:00:02Z,pikalytics,gen9championsvgc2026regma,"Best Pokemon, teams, and builds in Pokemon Champions VGC 2026",https://pikalytics.com/pokedex/gen9championsvgc2026regma,20,6,ShrimpTheShrimp,ShrimpTheShrimp,11-2,11,2,0,13,84.62,SpearPillar Champions Tour #3 | Reg M-A $100 Prize,2026-05-09,1,1,237,https://play.limitlesstcg.com/tournament/69cd689636f5b5c303dc45b3/player/shrimptheshrimp/teamlist,https://play.limitlesstcg.com/tournament/69cd689636f5b5c303dc45b3/standings,Whimsicott:Incineroar:Floette-Eternal:Tyranitar:Garchomp:Charizard-Mega-Y,2,Incineroar,Incineroar,Chople Berry,Intimidate,Throat Chop:Flare Blitz:Fake Out:Parting Shot,Throat Chop,Flare Blitz,Fake Out,Parting Shot,Whimsicott:Floette-Eternal:Tyranitar:Garchomp:Charizard-Mega-Y
2026-05-30,2026-05-30T12:00:02Z,pikalytics,gen9championsvgc2026regma,"Best Pokemon, teams, and builds in Pokemon Champions VGC 2026",https://pikalytics.com/pokedex/gen9championsvgc2026regma,20,6,ShrimpTheShrimp,ShrimpTheShrimp,11-2,11,2,0,13,84.62,SpearPillar Champions Tour #3 | Reg M-A $100 Prize,2026-05-09,1,1,237,https://play.limitlesstcg.com/tournament/69cd689636f5b5c303dc45b3/player/shrimptheshrimp/teamlist,https://play.limitlesstcg.com/tournament/69cd689636f5b5c303dc45b3/standings,Whimsicott:Incineroar:Floette-Eternal:Tyranitar:Garchomp:Charizard-Mega-Y,3,Floette-Eternal,Eternal Flower Floette,Floettite,Flower Veil,Light of Ruin:Protect:Moonblast:Dazzling Gleam,Light of Ruin,Protect,Moonblast,Dazzling Gleam,Whimsicott:Incineroar:Tyranitar:Garchomp:Charizard-Mega-Y
2026-05-25,2026-05-25T12:00:02Z,pikalytics,gen9championsvgc2026regma,"Best Pokemon, Teams and Builds in Pokemon Champions",https://pikalytics.com/pokedex/gen9championsvgc2026regma,20,6,mamaimchasinaghostt,mamaimchasinaghostt,9-1,9,1,0,10,90.00,Tournament TBD,2026-05-09,1,1,43,https://play.limitlesstcg.com/tournament/69f854924f71d664893ec43b/player/mamaimchasinaghostt/teamlist,https://play.limitlesstcg.com/tournament/69f854924f71d664893ec43b/standings,Scovillain-Mega:Aerodactyl-Mega:Sneasler:Basculegion:Kingambit:Kommo-o,3,Sneasler,Sneasler,White Herb,Unburden,Fake Out:Close Combat:Dire Claw:Protect,Fake Out,Close Combat,Dire Claw,Protect,Scovillain-Mega:Aerodactyl-Mega:Basculegion:Kingambit:Kommo-o
2026-05-25,2026-05-25T12:00:02Z,pikalytics,gen9championsvgc2026regma,"Best Pokemon, Teams and Builds in Pokemon Champions",https://pikalytics.com/pokedex/gen9championsvgc2026regma,20,6,mamaimchasinaghostt,mamaimchasinaghostt,9-1,9,1,0,10,90.00,Tournament TBD,2026-05-09,1,1,43,https://play.limitlesstcg.com/tournament/69f854924f71d664893ec43b/player/mamaimchasinaghostt/teamlist,https://play.limitlesstcg.com/tournament/69f854924f71d664893ec43b/standings,Scovillain-Mega:Aerodactyl-Mega:Sneasler:Basculegion:Kingambit:Kommo-o,4,Basculegion,Basculegion,Focus Sash,Adaptability,Liquidation:Aqua Jet:Last Respects:Protect,Liquidation,Aqua Jet,Last Respects,Protect,Scovillain-Mega:Aerodactyl-Mega:Sneasler:Kingambit:Kommo-o
2026-05-30,2026-05-30T12:00:02Z,pikalytics,gen9championsvgc2026regma,"Best Pokemon, teams, and builds in Pokemon Champions VGC 2026",https://pikalytics.com/pokedex/gen9championsvgc2026regma,20,6,ShrimpTheShrimp,ShrimpTheShrimp,11-2,11,2,0,13,84.62,SpearPillar Champions Tour #3 | Reg M-A $100 Prize,2026-05-09,1,1,237,https://play.limitlesstcg.com/tournament/69cd689636f5b5c303dc45b3/player/shrimptheshrimp/teamlist,https://play.limitlesstcg.com/tournament/69cd689636f5b5c303dc45b3/standings,Whimsicott:Incineroar:Floette-Eternal:Tyranitar:Garchomp:Charizard-Mega-Y,4,Tyranitar,Tyranitar,Focus Sash,Sand Stream,Rock Slide:Knock Off:Protect:High Horsepower,Rock Slide,Knock Off,Protect,High Horsepower,Whimsicott:Incineroar:Floette-Eternal:Garchomp:Charizard-Mega-Y
2026-05-30,2026-05-30T12:00:02Z,pikalytics,gen9championsvgc2026regma,"Best Pokemon, teams, and builds in Pokemon Champions VGC 2026",https://pikalytics.com/pokedex/gen9championsvgc2026regma,20,6,ShrimpTheShrimp,ShrimpTheShrimp,11-2,11,2,0,13,84.62,SpearPillar Champions Tour #3 | Reg M-A $100 Prize,2026-05-09,1,1,237,https://play.limitlesstcg.com/tournament/69cd689636f5b5c303dc45b3/player/shrimptheshrimp/teamlist,https://play.limitlesstcg.com/tournament/69cd689636f5b5c303dc45b3/standings,Whimsicott:Incineroar:Floette-Eternal:Tyranitar:Garchomp:Charizard-Mega-Y,5,Garchomp,Garchomp,White Herb,Sand Veil,Protect:Earthquake:Outrage:Rock Slide,Protect,Earthquake,Outrage,Rock Slide,Whimsicott:Incineroar:Floette-Eternal:Tyranitar:Charizard-Mega-Y
2026-05-25,2026-05-25T12:00:02Z,pikalytics,gen9championsvgc2026regma,"Best Pokemon, Teams and Builds in Pokemon Champions",https://pikalytics.com/pokedex/gen9championsvgc2026regma,20,6,mamaimchasinaghostt,mamaimchasinaghostt,9-1,9,1,0,10,90.00,Tournament TBD,2026-05-09,1,1,43,https://play.limitlesstcg.com/tournament/69f854924f71d664893ec43b/player/mamaimchasinaghostt/teamlist,https://play.limitlesstcg.com/tournament/69f854924f71d664893ec43b/standings,Scovillain-Mega:Aerodactyl-Mega:Sneasler:Basculegion:Kingambit:Kommo-o,5,Kingambit,Kingambit,Chople Berry,Defiant,Kowtow Cleave:Sucker Punch:Iron Head:Protect,Kowtow Cleave,Sucker Punch,Iron Head,Protect,Scovillain-Mega:Aerodactyl-Mega:Sneasler:Basculegion:Kommo-o
2026-05-30,2026-05-30T12:00:02Z,pikalytics,gen9championsvgc2026regma,"Best Pokemon, teams, and builds in Pokemon Champions VGC 2026",https://pikalytics.com/pokedex/gen9championsvgc2026regma,20,6,ShrimpTheShrimp,ShrimpTheShrimp,11-2,11,2,0,13,84.62,SpearPillar Champions Tour #3 | Reg M-A $100 Prize,2026-05-09,1,1,237,https://play.limitlesstcg.com/tournament/69cd689636f5b5c303dc45b3/player/shrimptheshrimp/teamlist,https://play.limitlesstcg.com/tournament/69cd689636f5b5c303dc45b3/standings,Whimsicott:Incineroar:Floette-Eternal:Tyranitar:Garchomp:Charizard-Mega-Y,6,Charizard-Mega-Y,Charizard,Charizardite Y,Solar Power,Heat Wave:Focus Blast:Protect:Air Slash,Heat Wave,Focus Blast,Protect,Air Slash,Whimsicott:Incineroar:Floette-Eternal:Tyranitar:Garchomp
2026-05-25,2026-05-25T12:00:02Z,pikalytics,gen9championsvgc2026regma,"Best Pokemon, Teams and Builds in Pokemon Champions",https://pikalytics.com/pokedex/gen9championsvgc2026regma,20,6,mamaimchasinaghostt,mamaimchasinaghostt,9-1,9,1,0,10,90.00,Tournament TBD,2026-05-09,1,1,43,https://play.limitlesstcg.com/tournament/69f854924f71d664893ec43b/player/mamaimchasinaghostt/teamlist,https://play.limitlesstcg.com/tournament/69f854924f71d664893ec43b/standings,Scovillain-Mega:Aerodactyl-Mega:Sneasler:Basculegion:Kingambit:Kommo-o,6,Kommo-o,Kommo-o,Leftovers,Soundproof,Clangorous Soul:Clanging Scales:Aura Sphere:Protect,Clangorous Soul,Clanging Scales,Aura Sphere,Protect,Scovillain-Mega:Aerodactyl-Mega:Sneasler:Basculegion:Kingambit
2026-05-25,2026-05-25T12:00:02Z,pikalytics,gen9championsvgc2026regma,"Best Pokemon, Teams and Builds in Pokemon Champions",https://pikalytics.com/pokedex/gen9championsvgc2026regma,19,6,Duxlemon,Duxlemon,9-1,9,1,0,10,90.00,Mt. Moon Champions VGC Weekly #1 2026,2026-05-10,1,1,71,https://play.limitlesstcg.com/tournament/69feb07edfbdf089cbbd5716/player/duxlemon/teamlist,https://play.limitlesstcg.com/tournament/69feb07edfbdf089cbbd5716/standings,Aerodactyl-Mega:Garchomp:Charizard-Mega-Y:Basculegion:Sylveon:Kingambit,1,Aerodactyl-Mega,Aerodactyl,Aerodactylite,Unnerve,Rock Slide:Dual Wingbeat:Tailwind:Protect,Rock Slide,Dual Wingbeat,Tailwind,Protect,Garchomp:Charizard-Mega-Y:Basculegion:Sylveon:Kingambit
2026-05-25,2026-05-25T12:00:02Z,pikalytics,gen9championsvgc2026regma,"Best Pokemon, Teams and Builds in Pokemon Champions",https://pikalytics.com/pokedex/gen9championsvgc2026regma,19,6,Duxlemon,Duxlemon,9-1,9,1,0,10,90.00,Mt. Moon Champions VGC Weekly #1 2026,2026-05-10,1,1,71,https://play.limitlesstcg.com/tournament/69feb07edfbdf089cbbd5716/player/duxlemon/teamlist,https://play.limitlesstcg.com/tournament/69feb07edfbdf089cbbd5716/standings,Aerodactyl-Mega:Garchomp:Charizard-Mega-Y:Basculegion:Sylveon:Kingambit,2,Garchomp,Garchomp,Sitrus Berry,Rough Skin,Earthquake:Dragon Claw:Rock Tomb:Protect,Earthquake,Dragon Claw,Rock Tomb,Protect,Aerodactyl-Mega:Charizard-Mega-Y:Basculegion:Sylveon:Kingambit
2026-05-25,2026-05-25T12:00:02Z,pikalytics,gen9championsvgc2026regma,"Best Pokemon, Teams and Builds in Pokemon Champions",https://pikalytics.com/pokedex/gen9championsvgc2026regma,19,6,Duxlemon,Duxlemon,9-1,9,1,0,10,90.00,Mt. Moon Champions VGC Weekly #1 2026,2026-05-10,1,1,71,https://play.limitlesstcg.com/tournament/69feb07edfbdf089cbbd5716/player/duxlemon/teamlist,https://play.limitlesstcg.com/tournament/69feb07edfbdf089cbbd5716/standings,Aerodactyl-Mega:Garchomp:Charizard-Mega-Y:Basculegion:Sylveon:Kingambit,3,Charizard-Mega-Y,Charizard,Charizardite Y,Blaze,Heat Wave:Weather Ball:Solar Beam:Protect,Heat Wave,Weather Ball,Solar Beam,Protect,Aerodactyl-Mega:Garchomp:Basculegion:Sylveon:Kingambit
2026-05-25,2026-05-25T12:00:02Z,pikalytics,gen9championsvgc2026regma,"Best Pokemon, Teams and Builds in Pokemon Champions",https://pikalytics.com/pokedex/gen9championsvgc2026regma,19,6,Duxlemon,Duxlemon,9-1,9,1,0,10,90.00,Mt. Moon Champions VGC Weekly #1 2026,2026-05-10,1,1,71,https://play.limitlesstcg.com/tournament/69feb07edfbdf089cbbd5716/player/duxlemon/teamlist,https://play.limitlesstcg.com/tournament/69feb07edfbdf089cbbd5716/standings,Aerodactyl-Mega:Garchomp:Charizard-Mega-Y:Basculegion:Sylveon:Kingambit,4,Basculegion,Basculegion,Focus Sash,Adaptability,Liquidation:Last Respects:Aqua Jet:Protect,Liquidation,Last Respects,Aqua Jet,Protect,Aerodactyl-Mega:Garchomp:Charizard-Mega-Y:Sylveon:Kingambit
2026-05-25,2026-05-25T12:00:02Z,pikalytics,gen9championsvgc2026regma,"Best Pokemon, Teams and Builds in Pokemon Champions",https://pikalytics.com/pokedex/gen9championsvgc2026regma,19,6,Duxlemon,Duxlemon,9-1,9,1,0,10,90.00,Mt. Moon Champions VGC Weekly #1 2026,2026-05-10,1,1,71,https://play.limitlesstcg.com/tournament/69feb07edfbdf089cbbd5716/player/duxlemon/teamlist,https://play.limitlesstcg.com/tournament/69feb07edfbdf089cbbd5716/standings,Aerodactyl-Mega:Garchomp:Charizard-Mega-Y:Basculegion:Sylveon:Kingambit,5,Sylveon,Sylveon,Fairy Feather,Pixilate,Hyper Voice:Hyper Beam:Quick Attack:Detect,Hyper Voice,Hyper Beam,Quick Attack,Detect,Aerodactyl-Mega:Garchomp:Charizard-Mega-Y:Basculegion:Kingambit
2026-05-25,2026-05-25T12:00:02Z,pikalytics,gen9championsvgc2026regma,"Best Pokemon, Teams and Builds in Pokemon Champions",https://pikalytics.com/pokedex/gen9championsvgc2026regma,19,6,Duxlemon,Duxlemon,9-1,9,1,0,10,90.00,Mt. Moon Champions VGC Weekly #1 2026,2026-05-10,1,1,71,https://play.limitlesstcg.com/tournament/69feb07edfbdf089cbbd5716/player/duxlemon/teamlist,https://play.limitlesstcg.com/tournament/69feb07edfbdf089cbbd5716/standings,Aerodactyl-Mega:Garchomp:Charizard-Mega-Y:Basculegion:Sylveon:Kingambit,6,Kingambit,Kingambit,Chople Berry,Defiant,Kowtow Cleave:Sucker Punch:Protect:Iron Head,Kowtow Cleave,Sucker Punch,Protect,Iron Head,Aerodactyl-Mega:Garchomp:Charizard-Mega-Y:Basculegion:Sylveon
2026-05-29,2026-05-29T12:00:03Z,pikalytics,gen9championsvgc2026regma,"Best Pokemon, Teams and Builds in Pokemon Champions",https://pikalytics.com/pokedex/gen9championsvgc2026regma,2,6,Altkyle,Altkyle,12 - 0 - 0,12,0,0,12,100.00,*Sitrus-Series*|Champions|$50 to winner|#58,2026-05-13,1,1,95,https://play.limitlesstcg.com/tournament/69fc7a39e23aab068aadd155/player/altkyle/teamlist,https://play.limitlesstcg.com/tournament/69fc7a39e23aab068aadd155/standings,Dragonite:Basculegion:Scizor-Mega:Archaludon:Pelipper:Incineroar,1,Dragonite,Dragonite,Dragoninite,Inner Focus,Dragon Pulse:Hurricane:Tailwind:Protect,Dragon Pulse,Hurricane,Tailwind,Protect,Basculegion:Scizor-Mega:Archaludon:Pelipper:Incineroar
2026-05-29,2026-05-29T12:00:03Z,pikalytics,gen9championsvgc2026regma,"Best Pokemon, Teams and Builds in Pokemon Champions",https://pikalytics.com/pokedex/gen9championsvgc2026regma,2,6,Altkyle,Altkyle,12 - 0 - 0,12,0,0,12,100.00,*Sitrus-Series*|Champions|$50 to winner|#58,2026-05-13,1,1,95,https://play.limitlesstcg.com/tournament/69fc7a39e23aab068aadd155/player/altkyle/teamlist,https://play.limitlesstcg.com/tournament/69fc7a39e23aab068aadd155/standings,Dragonite:Basculegion:Scizor-Mega:Archaludon:Pelipper:Incineroar,2,Basculegion,Basculegion,Choice Scarf,Adaptability,Wave Crash:Last Respects:Aqua Jet:Flip Turn,Wave Crash,Last Respects,Aqua Jet,Flip Turn,Dragonite:Scizor-Mega:Archaludon:Pelipper:Incineroar
2026-05-29,2026-05-29T12:00:03Z,pikalytics,gen9championsvgc2026regma,"Best Pokemon, Teams and Builds in Pokemon Champions",https://pikalytics.com/pokedex/gen9championsvgc2026regma,2,6,Altkyle,Altkyle,12 - 0 - 0,12,0,0,12,100.00,*Sitrus-Series*|Champions|$50 to winner|#58,2026-05-13,1,1,95,https://play.limitlesstcg.com/tournament/69fc7a39e23aab068aadd155/player/altkyle/teamlist,https://play.limitlesstcg.com/tournament/69fc7a39e23aab068aadd155/standings,Dragonite:Basculegion:Scizor-Mega:Archaludon:Pelipper:Incineroar,3,Scizor-Mega,Scizor,Scizorite,Technician,Bullet Punch:Close Combat:Swords Dance:Protect,Bullet Punch,Close Combat,Swords Dance,Protect,Dragonite:Basculegion:Archaludon:Pelipper:Incineroar
2026-05-29,2026-05-29T12:00:03Z,pikalytics,gen9championsvgc2026regma,"Best Pokemon, Teams and Builds in Pokemon Champions",https://pikalytics.com/pokedex/gen9championsvgc2026regma,2,6,Altkyle,Altkyle,12 - 0 - 0,12,0,0,12,100.00,*Sitrus-Series*|Champions|$50 to winner|#58,2026-05-13,1,1,95,https://play.limitlesstcg.com/tournament/69fc7a39e23aab068aadd155/player/altkyle/teamlist,https://play.limitlesstcg.com/tournament/69fc7a39e23aab068aadd155/standings,Dragonite:Basculegion:Scizor-Mega:Archaludon:Pelipper:Incineroar,4,Archaludon,Archaludon,Chople Berry,Stamina,Electro Shot:Dragon Pulse:Aura Sphere:Protect,Electro Shot,Dragon Pulse,Aura Sphere,Protect,Dragonite:Basculegion:Scizor-Mega:Pelipper:Incineroar
2026-05-29,2026-05-29T12:00:03Z,pikalytics,gen9championsvgc2026regma,"Best Pokemon, Teams and Builds in Pokemon Champions",https://pikalytics.com/pokedex/gen9championsvgc2026regma,2,6,Altkyle,Altkyle,12 - 0 - 0,12,0,0,12,100.00,*Sitrus-Series*|Champions|$50 to winner|#58,2026-05-13,1,1,95,https://play.limitlesstcg.com/tournament/69fc7a39e23aab068aadd155/player/altkyle/teamlist,https://play.limitlesstcg.com/tournament/69fc7a39e23aab068aadd155/standings,Dragonite:Basculegion:Scizor-Mega:Archaludon:Pelipper:Incineroar,5,Pelipper,Pelipper,Focus Sash,Drizzle,Hurricane:Weather Ball:Tailwind:Protect,Hurricane,Weather Ball,Tailwind,Protect,Dragonite:Basculegion:Scizor-Mega:Archaludon:Incineroar
2026-05-29,2026-05-29T12:00:03Z,pikalytics,gen9championsvgc2026regma,"Best Pokemon, Teams and Builds in Pokemon Champions",https://pikalytics.com/pokedex/gen9championsvgc2026regma,2,6,Altkyle,Altkyle,12 - 0 - 0,12,0,0,12,100.00,*Sitrus-Series*|Champions|$50 to winner|#58,2026-05-13,1,1,95,https://play.limitlesstcg.com/tournament/69fc7a39e23aab068aadd155/player/altkyle/teamlist,https://play.limitlesstcg.com/tournament/69fc7a39e23aab068aadd155/standings,Dragonite:Basculegion:Scizor-Mega:Archaludon:Pelipper:Incineroar,6,Incineroar,Incineroar,Sitrus Berry,Intimidate,Fake Out:Flare Blitz:Throat Chop:Parting Shot,Fake Out,Flare Blitz,Throat Chop,Parting Shot,Dragonite:Basculegion:Scizor-Mega:Archaludon:Pelipper
2026-06-15,2026-06-15T12:00:02Z,pikalytics,gen9championsvgc2026regma,"Best Pokemon, teams, and builds in Pokemon Champions VGC 2026",https://pikalytics.com/pokedex/gen9championsvgc2026regma,6,6,Altkyle,Altkyle,12-0,12,0,0,12,100.00,*Sitrus-Series*|Champions|$50 to winner|#58,2026-05-13,1,1,95,https://play.limitlesstcg.com/tournament/69fc7a39e23aab068aadd155/player/altkyle/teamlist,https://play.limitlesstcg.com/tournament/69fc7a39e23aab068aadd155/standings,Dragonite-Mega:Basculegion:Scizor-Mega:Archaludon:Pelipper:Incineroar,1,Dragonite-Mega,Dragonite,Dragoninite,Inner Focus,Dragon Pulse:Hurricane:Tailwind:Protect,Dragon Pulse,Hurricane,Tailwind,Protect,Basculegion:Scizor-Mega:Archaludon:Pelipper:Incineroar
2026-06-15,2026-06-15T12:00:02Z,pikalytics,gen9championsvgc2026regma,"Best Pokemon, teams, and builds in Pokemon Champions VGC 2026",https://pikalytics.com/pokedex/gen9championsvgc2026regma,6,6,Altkyle,Altkyle,12-0,12,0,0,12,100.00,*Sitrus-Series*|Champions|$50 to winner|#58,2026-05-13,1,1,95,https://play.limitlesstcg.com/tournament/69fc7a39e23aab068aadd155/player/altkyle/teamlist,https://play.limitlesstcg.com/tournament/69fc7a39e23aab068aadd155/standings,Dragonite-Mega:Basculegion:Scizor-Mega:Archaludon:Pelipper:Incineroar,2,Basculegion,Basculegion,Choice Scarf,Adaptability,Wave Crash:Last Respects:Aqua Jet:Flip Turn,Wave Crash,Last Respects,Aqua Jet,Flip Turn,Dragonite-Mega:Scizor-Mega:Archaludon:Pelipper:Incineroar
2026-06-15,2026-06-15T12:00:02Z,pikalytics,gen9championsvgc2026regma,"Best Pokemon, teams, and builds in Pokemon Champions VGC 2026",https://pikalytics.com/pokedex/gen9championsvgc2026regma,6,6,Altkyle,Altkyle,12-0,12,0,0,12,100.00,*Sitrus-Series*|Champions|$50 to winner|#58,2026-05-13,1,1,95,https://play.limitlesstcg.com/tournament/69fc7a39e23aab068aadd155/player/altkyle/teamlist,https://play.limitlesstcg.com/tournament/69fc7a39e23aab068aadd155/standings,Dragonite-Mega:Basculegion:Scizor-Mega:Archaludon:Pelipper:Incineroar,3,Scizor-Mega,Scizor,Scizorite,Technician,Bullet Punch:Close Combat:Swords Dance:Protect,Bullet Punch,Close Combat,Swords Dance,Protect,Dragonite-Mega:Basculegion:Archaludon:Pelipper:Incineroar
2026-06-15,2026-06-15T12:00:02Z,pikalytics,gen9championsvgc2026regma,"Best Pokemon, teams, and builds in Pokemon Champions VGC 2026",https://pikalytics.com/pokedex/gen9championsvgc2026regma,6,6,Altkyle,Altkyle,12-0,12,0,0,12,100.00,*Sitrus-Series*|Champions|$50 to winner|#58,2026-05-13,1,1,95,https://play.limitlesstcg.com/tournament/69fc7a39e23aab068aadd155/player/altkyle/teamlist,https://play.limitlesstcg.com/tournament/69fc7a39e23aab068aadd155/standings,Dragonite-Mega:Basculegion:Scizor-Mega:Archaludon:Pelipper:Incineroar,4,Archaludon,Archaludon,Chople Berry,Stamina,Electro Shot:Dragon Pulse:Aura Sphere:Protect,Electro Shot,Dragon Pulse,Aura Sphere,Protect,Dragonite-Mega:Basculegion:Scizor-Mega:Pelipper:Incineroar
2026-06-15,2026-06-15T12:00:02Z,pikalytics,gen9championsvgc2026regma,"Best Pokemon, teams, and builds in Pokemon Champions VGC 2026",https://pikalytics.com/pokedex/gen9championsvgc2026regma,6,6,Altkyle,Altkyle,12-0,12,0,0,12,100.00,*Sitrus-Series*|Champions|$50 to winner|#58,2026-05-13,1,1,95,https://play.limitlesstcg.com/tournament/69fc7a39e23aab068aadd155/player/altkyle/teamlist,https://play.limitlesstcg.com/tournament/69fc7a39e23aab068aadd155/standings,Dragonite-Mega:Basculegion:Scizor-Mega:Archaludon:Pelipper:Incineroar,5,Pelipper,Pelipper,Focus Sash,Drizzle,Hurricane:Weather Ball:Tailwind:Protect,Hurricane,Weather Ball,Tailwind,Protect,Dragonite-Mega:Basculegion:Scizor-Mega:Archaludon:Incineroar
2026-06-15,2026-06-15T12:00:02Z,pikalytics,gen9championsvgc2026regma,"Best Pokemon, teams, and builds in Pokemon Champions VGC 2026",https://pikalytics.com/pokedex/gen9championsvgc2026regma,6,6,Altkyle,Altkyle,12-0,12,0,0,12,100.00,*Sitrus-Series*|Champions|$50 to winner|#58,2026-05-13,1,1,95,https://play.limitlesstcg.com/tournament/69fc7a39e23aab068aadd155/player/altkyle/teamlist,https://play.limitlesstcg.com/tournament/69fc7a39e23aab068aadd155/standings,Dragonite-Mega:Basculegion:Scizor-Mega:Archaludon:Pelipper:Incineroar,6,Incineroar,Incineroar,Sitrus Berry,Intimidate,Fake Out:Flare Blitz:Throat Chop:Parting Shot,Fake Out,Flare Blitz,Throat Chop,Parting Shot,Dragonite-Mega:Basculegion:Scizor-Mega:Archaludon:Pelipper
2026-05-25,2026-05-25T12:00:02Z,pikalytics,gen9championsvgc2026regma,"Best Pokemon, Teams and Builds in Pokemon Champions",https://pikalytics.com/pokedex/gen9championsvgc2026regma,15,6,HeroicTitan,HeroicTitan,7-0,7,0,0,7,100.00,Tournament TBD,2026-05-13,1,1,14,https://play.limitlesstcg.com/tournament/69fc336fe23aab068aadd055/player/heroictitan/teamlist,https://play.limitlesstcg.com/tournament/69fc336fe23aab068aadd055/standings,Gyarados-Mega:Glimmora-Mega:Ninetales-Alola:Sinistcha:Sableye:Rotom-Heat,1,Gyarados-Mega,Gyarados,Gyaradosite,Intimidate,Waterfall:Crunch:Dragon Dance:Protect,Waterfall,Crunch,Dragon Dance,Protect,Glimmora-Mega:Ninetales-Alola:Sinistcha:Sableye:Rotom-Heat
2026-05-25,2026-05-25T12:00:02Z,pikalytics,gen9championsvgc2026regma,"Best Pokemon, Teams and Builds in Pokemon Champions",https://pikalytics.com/pokedex/gen9championsvgc2026regma,15,6,HeroicTitan,HeroicTitan,7-0,7,0,0,7,100.00,Tournament TBD,2026-05-13,1,1,14,https://play.limitlesstcg.com/tournament/69fc336fe23aab068aadd055/player/heroictitan/teamlist,https://play.limitlesstcg.com/tournament/69fc336fe23aab068aadd055/standings,Gyarados-Mega:Glimmora-Mega:Ninetales-Alola:Sinistcha:Sableye:Rotom-Heat,2,Glimmora-Mega,Glimmora,Glimmoranite,Toxic Debris,Sludge Bomb:Power Gem:Earth Power:Spiky Shield,Sludge Bomb,Power Gem,Earth Power,Spiky Shield,Gyarados-Mega:Ninetales-Alola:Sinistcha:Sableye:Rotom-Heat
2026-05-25,2026-05-25T12:00:02Z,pikalytics,gen9championsvgc2026regma,"Best Pokemon, Teams and Builds in Pokemon Champions",https://pikalytics.com/pokedex/gen9championsvgc2026regma,15,6,HeroicTitan,HeroicTitan,7-0,7,0,0,7,100.00,Tournament TBD,2026-05-13,1,1,14,https://play.limitlesstcg.com/tournament/69fc336fe23aab068aadd055/player/heroictitan/teamlist,https://play.limitlesstcg.com/tournament/69fc336fe23aab068aadd055/standings,Gyarados-Mega:Glimmora-Mega:Ninetales-Alola:Sinistcha:Sableye:Rotom-Heat,3,Ninetales-Alola,Alolan Ninetales,Choice Scarf,Snow Warning,Blizzard:Freeze-Dry:Icy Wind:Psyshock,Blizzard,Freeze-Dry,Icy Wind,Psyshock,Gyarados-Mega:Glimmora-Mega:Sinistcha:Sableye:Rotom-Heat
2026-05-25,2026-05-25T12:00:02Z,pikalytics,gen9championsvgc2026regma,"Best Pokemon, Teams and Builds in Pokemon Champions",https://pikalytics.com/pokedex/gen9championsvgc2026regma,15,6,HeroicTitan,HeroicTitan,7-0,7,0,0,7,100.00,Tournament TBD,2026-05-13,1,1,14,https://play.limitlesstcg.com/tournament/69fc336fe23aab068aadd055/player/heroictitan/teamlist,https://play.limitlesstcg.com/tournament/69fc336fe23aab068aadd055/standings,Gyarados-Mega:Glimmora-Mega:Ninetales-Alola:Sinistcha:Sableye:Rotom-Heat,4,Sinistcha,Sinistcha,Sitrus Berry,Hospitality,Matcha Gotcha:Strength Sap:Rage Powder:Trick Room,Matcha Gotcha,Strength Sap,Rage Powder,Trick Room,Gyarados-Mega:Glimmora-Mega:Ninetales-Alola:Sableye:Rotom-Heat
2026-05-25,2026-05-25T12:00:02Z,pikalytics,gen9championsvgc2026regma,"Best Pokemon, Teams and Builds in Pokemon Champions",https://pikalytics.com/pokedex/gen9championsvgc2026regma,15,6,HeroicTitan,HeroicTitan,7-0,7,0,0,7,100.00,Tournament TBD,2026-05-13,1,1,14,https://play.limitlesstcg.com/tournament/69fc336fe23aab068aadd055/player/heroictitan/teamlist,https://play.limitlesstcg.com/tournament/69fc336fe23aab068aadd055/standings,Gyarados-Mega:Glimmora-Mega:Ninetales-Alola:Sinistcha:Sableye:Rotom-Heat,5,Sableye,Sableye,Roseli Berry,Prankster,Foul Play:Fake Out:Quash:Will-O-Wisp,Foul Play,Fake Out,Quash,Will-O-Wisp,Gyarados-Mega:Glimmora-Mega:Ninetales-Alola:Sinistcha:Rotom-Heat
2026-05-25,2026-05-25T12:00:02Z,pikalytics,gen9championsvgc2026regma,"Best Pokemon, Teams and Builds in Pokemon Champions",https://pikalytics.com/pokedex/gen9championsvgc2026regma,15,6,HeroicTitan,HeroicTitan,7-0,7,0,0,7,100.00,Tournament TBD,2026-05-13,1,1,14,https://play.limitlesstcg.com/tournament/69fc336fe23aab068aadd055/player/heroictitan/teamlist,https://play.limitlesstcg.com/tournament/69fc336fe23aab068aadd055/standings,Gyarados-Mega:Glimmora-Mega:Ninetales-Alola:Sinistcha:Sableye:Rotom-Heat,6,Rotom-Heat,Heat Rotom,Leftovers,Levitate,Overheat:Thunderbolt:Helping Hand:Protect,Overheat,Thunderbolt,Helping Hand,Protect,Gyarados-Mega:Glimmora-Mega:Ninetales-Alola:Sinistcha:Sableye
2026-05-29,2026-05-29T12:00:03Z,pikalytics,gen9championsvgc2026regma,"Best Pokemon, Teams and Builds in Pokemon Champions",https://pikalytics.com/pokedex/gen9championsvgc2026regma,7,6,BatCoach,BatCoach,10 - 0 - 0,10,0,0,10,100.00,Unova Champions League #5 / POKÉMON CHAMPIONS,2026-05-15,1,1,56,https://play.limitlesstcg.com/tournament/6a0059b2dfbdf089cbbd6e9e/player/batcoach/teamlist,https://play.limitlesstcg.com/tournament/6a0059b2dfbdf089cbbd6e9e/standings,Froslass:Garchomp:Talonflame:Sneasler:Rotom-Wash:Kingambit,1,Froslass,Froslass,Froslassite,Cursed Body,Blizzard:Shadow Ball:Aurora Veil:Protect,Blizzard,Shadow Ball,Aurora Veil,Protect,Garchomp:Talonflame:Sneasler:Rotom-Wash:Kingambit
2026-05-29,2026-05-29T12:00:03Z,pikalytics,gen9championsvgc2026regma,"Best Pokemon, Teams and Builds in Pokemon Champions",https://pikalytics.com/pokedex/gen9championsvgc2026regma,7,6,BatCoach,BatCoach,10 - 0 - 0,10,0,0,10,100.00,Unova Champions League #5 / POKÉMON CHAMPIONS,2026-05-15,1,1,56,https://play.limitlesstcg.com/tournament/6a0059b2dfbdf089cbbd6e9e/player/batcoach/teamlist,https://play.limitlesstcg.com/tournament/6a0059b2dfbdf089cbbd6e9e/standings,Froslass:Garchomp:Talonflame:Sneasler:Rotom-Wash:Kingambit,2,Garchomp,Garchomp,Sitrus Berry,Rough Skin,Earthquake:Stomping Tantrum:Rock Slide:Protect,Earthquake,Stomping Tantrum,Rock Slide,Protect,Froslass:Talonflame:Sneasler:Rotom-Wash:Kingambit
2026-05-29,2026-05-29T12:00:03Z,pikalytics,gen9championsvgc2026regma,"Best Pokemon, Teams and Builds in Pokemon Champions",https://pikalytics.com/pokedex/gen9championsvgc2026regma,7,6,BatCoach,BatCoach,10 - 0 - 0,10,0,0,10,100.00,Unova Champions League #5 / POKÉMON CHAMPIONS,2026-05-15,1,1,56,https://play.limitlesstcg.com/tournament/6a0059b2dfbdf089cbbd6e9e/player/batcoach/teamlist,https://play.limitlesstcg.com/tournament/6a0059b2dfbdf089cbbd6e9e/standings,Froslass:Garchomp:Talonflame:Sneasler:Rotom-Wash:Kingambit,3,Talonflame,Talonflame,No Item,Gale Wings,Acrobatics:Tailwind:Flare Blitz:Protect,Acrobatics,Tailwind,Flare Blitz,Protect,Froslass:Garchomp:Sneasler:Rotom-Wash:Kingambit
2026-05-29,2026-05-29T12:00:03Z,pikalytics,gen9championsvgc2026regma,"Best Pokemon, Teams and Builds in Pokemon Champions",https://pikalytics.com/pokedex/gen9championsvgc2026regma,7,6,BatCoach,BatCoach,10 - 0 - 0,10,0,0,10,100.00,Unova Champions League #5 / POKÉMON CHAMPIONS,2026-05-15,1,1,56,https://play.limitlesstcg.com/tournament/6a0059b2dfbdf089cbbd6e9e/player/batcoach/teamlist,https://play.limitlesstcg.com/tournament/6a0059b2dfbdf089cbbd6e9e/standings,Froslass:Garchomp:Talonflame:Sneasler:Rotom-Wash:Kingambit,4,Sneasler,Sneasler,White Herb,Unburden,Fake Out:Close Combat:Dire Claw:Protect,Fake Out,Close Combat,Dire Claw,Protect,Froslass:Garchomp:Talonflame:Rotom-Wash:Kingambit
2026-05-29,2026-05-29T12:00:03Z,pikalytics,gen9championsvgc2026regma,"Best Pokemon, Teams and Builds in Pokemon Champions",https://pikalytics.com/pokedex/gen9championsvgc2026regma,7,6,BatCoach,BatCoach,10 - 0 - 0,10,0,0,10,100.00,Unova Champions League #5 / POKÉMON CHAMPIONS,2026-05-15,1,1,56,https://play.limitlesstcg.com/tournament/6a0059b2dfbdf089cbbd6e9e/player/batcoach/teamlist,https://play.limitlesstcg.com/tournament/6a0059b2dfbdf089cbbd6e9e/standings,Froslass:Garchomp:Talonflame:Sneasler:Rotom-Wash:Kingambit,5,Rotom-Wash,Wash Rotom,Leftovers,Levitate,Hydro Pump:Thunderbolt:Will-O-Wisp:Protect,Hydro Pump,Thunderbolt,Will-O-Wisp,Protect,Froslass:Garchomp:Talonflame:Sneasler:Kingambit
2026-05-29,2026-05-29T12:00:03Z,pikalytics,gen9championsvgc2026regma,"Best Pokemon, Teams and Builds in Pokemon Champions",https://pikalytics.com/pokedex/gen9championsvgc2026regma,7,6,BatCoach,BatCoach,10 - 0 - 0,10,0,0,10,100.00,Unova Champions League #5 / POKÉMON CHAMPIONS,2026-05-15,1,1,56,https://play.limitlesstcg.com/tournament/6a0059b2dfbdf089cbbd6e9e/player/batcoach/teamlist,https://play.limitlesstcg.com/tournament/6a0059b2dfbdf089cbbd6e9e/standings,Froslass:Garchomp:Talonflame:Sneasler:Rotom-Wash:Kingambit,6,Kingambit,Kingambit,Black Glasses,Defiant,Kowtow Cleave:Sucker Punch:Iron Head:Protect,Kowtow Cleave,Sucker Punch,Iron Head,Protect,Froslass:Garchomp:Talonflame:Sneasler:Rotom-Wash
2026-05-25,2026-05-25T12:00:02Z,pikalytics,gen9championsvgc2026regma,"Best Pokemon, Teams and Builds in Pokemon Champions",https://pikalytics.com/pokedex/gen9championsvgc2026regma,17,6,merrypasta,merrypasta,6-0,6,0,0,6,100.00,VGC UU Champions (Regulation M-A) Weekly #2,2026-05-15,1,1,12,https://play.limitlesstcg.com/tournament/6a02c3b713f957d6d4b4673c/player/merrypasta/teamlist,https://play.limitlesstcg.com/tournament/6a02c3b713f957d6d4b4673c/standings,Lopunny-Mega:Volcarona:Primarina:Meowscarada:Dragonite:Orthworm,1,Lopunny-Mega,Lopunny,Lopunnite,Limber,Close Combat:Fake Out:Protect:Triple Axel,Close Combat,Fake Out,Protect,Triple Axel,Volcarona:Primarina:Meowscarada:Dragonite:Orthworm
2026-05-25,2026-05-25T12:00:02Z,pikalytics,gen9championsvgc2026regma,"Best Pokemon, Teams and Builds in Pokemon Champions",https://pikalytics.com/pokedex/gen9championsvgc2026regma,17,6,merrypasta,merrypasta,6-0,6,0,0,6,100.00,VGC UU Champions (Regulation M-A) Weekly #2,2026-05-15,1,1,12,https://play.limitlesstcg.com/tournament/6a02c3b713f957d6d4b4673c/player/merrypasta/teamlist,https://play.limitlesstcg.com/tournament/6a02c3b713f957d6d4b4673c/standings,Lopunny-Mega:Volcarona:Primarina:Meowscarada:Dragonite:Orthworm,2,Volcarona,Volcarona,Leftovers,Flame Body,Heat Wave:Giga Drain:Protect:Quiver Dance,Heat Wave,Giga Drain,Protect,Quiver Dance,Lopunny-Mega:Primarina:Meowscarada:Dragonite:Orthworm
2026-05-25,2026-05-25T12:00:02Z,pikalytics,gen9championsvgc2026regma,"Best Pokemon, Teams and Builds in Pokemon Champions",https://pikalytics.com/pokedex/gen9championsvgc2026regma,17,6,merrypasta,merrypasta,6-0,6,0,0,6,100.00,VGC UU Champions (Regulation M-A) Weekly #2,2026-05-15,1,1,12,https://play.limitlesstcg.com/tournament/6a02c3b713f957d6d4b4673c/player/merrypasta/teamlist,https://play.limitlesstcg.com/tournament/6a02c3b713f957d6d4b4673c/standings,Lopunny-Mega:Volcarona:Primarina:Meowscarada:Dragonite:Orthworm,3,Primarina,Primarina,Mystic Water,Liquid Voice,Hyper Voice:Moonblast:Protect:Hydro Pump,Hyper Voice,Moonblast,Protect,Hydro Pump,Lopunny-Mega:Volcarona:Meowscarada:Dragonite:Orthworm
2026-05-25,2026-05-25T12:00:02Z,pikalytics,gen9championsvgc2026regma,"Best Pokemon, Teams and Builds in Pokemon Champions",https://pikalytics.com/pokedex/gen9championsvgc2026regma,17,6,merrypasta,merrypasta,6-0,6,0,0,6,100.00,VGC UU Champions (Regulation M-A) Weekly #2,2026-05-15,1,1,12,https://play.limitlesstcg.com/tournament/6a02c3b713f957d6d4b4673c/player/merrypasta/teamlist,https://play.limitlesstcg.com/tournament/6a02c3b713f957d6d4b4673c/standings,Lopunny-Mega:Volcarona:Primarina:Meowscarada:Dragonite:Orthworm,4,Meowscarada,Meowscarada,Focus Sash,Overgrow,Flower Trick:Knock Off:Protect:Sucker Punch,Flower Trick,Knock Off,Protect,Sucker Punch,Lopunny-Mega:Volcarona:Primarina:Dragonite:Orthworm
2026-05-25,2026-05-25T12:00:02Z,pikalytics,gen9championsvgc2026regma,"Best Pokemon, Teams and Builds in Pokemon Champions",https://pikalytics.com/pokedex/gen9championsvgc2026regma,17,6,merrypasta,merrypasta,6-0,6,0,0,6,100.00,VGC UU Champions (Regulation M-A) Weekly #2,2026-05-15,1,1,12,https://play.limitlesstcg.com/tournament/6a02c3b713f957d6d4b4673c/player/merrypasta/teamlist,https://play.limitlesstcg.com/tournament/6a02c3b713f957d6d4b4673c/standings,Lopunny-Mega:Volcarona:Primarina:Meowscarada:Dragonite:Orthworm,5,Dragonite,Dragonite,Dragon Fang,Multiscale,Scale Shot:Stomping Tantrum:Protect:Tailwind,Scale Shot,Stomping Tantrum,Protect,Tailwind,Lopunny-Mega:Volcarona:Primarina:Meowscarada:Orthworm
2026-05-25,2026-05-25T12:00:02Z,pikalytics,gen9championsvgc2026regma,"Best Pokemon, Teams and Builds in Pokemon Champions",https://pikalytics.com/pokedex/gen9championsvgc2026regma,17,6,merrypasta,merrypasta,6-0,6,0,0,6,100.00,VGC UU Champions (Regulation M-A) Weekly #2,2026-05-15,1,1,12,https://play.limitlesstcg.com/tournament/6a02c3b713f957d6d4b4673c/player/merrypasta/teamlist,https://play.limitlesstcg.com/tournament/6a02c3b713f957d6d4b4673c/standings,Lopunny-Mega:Volcarona:Primarina:Meowscarada:Dragonite:Orthworm,6,Orthworm,Orthworm,Sitrus Berry,Earth Eater,Body Press:Heavy Slam:Protect:Shed Tail,Body Press,Heavy Slam,Protect,Shed Tail,Lopunny-Mega:Volcarona:Primarina:Meowscarada:Dragonite
2026-06-15,2026-06-15T12:00:02Z,pikalytics,gen9championsvgc2026regma,"Best Pokemon, teams, and builds in Pokemon Champions VGC 2026",https://pikalytics.com/pokedex/gen9championsvgc2026regma,20,6,BatCoach,BatCoach,10-0,10,0,0,10,100.00,Unova Champions League #5 / POKÉMON CHAMPIONS,2026-05-15,1,1,56,https://play.limitlesstcg.com/tournament/6a0059b2dfbdf089cbbd6e9e/player/batcoach/teamlist,https://play.limitlesstcg.com/tournament/6a0059b2dfbdf089cbbd6e9e/standings,Froslass-Mega:Garchomp:Talonflame:Sneasler:Rotom-Wash:Kingambit,1,Froslass-Mega,Froslass,Froslassite,Cursed Body,Blizzard:Shadow Ball:Aurora Veil:Protect,Blizzard,Shadow Ball,Aurora Veil,Protect,Garchomp:Talonflame:Sneasler:Rotom-Wash:Kingambit
2026-06-15,2026-06-15T12:00:02Z,pikalytics,gen9championsvgc2026regma,"Best Pokemon, teams, and builds in Pokemon Champions VGC 2026",https://pikalytics.com/pokedex/gen9championsvgc2026regma,20,6,BatCoach,BatCoach,10-0,10,0,0,10,100.00,Unova Champions League #5 / POKÉMON CHAMPIONS,2026-05-15,1,1,56,https://play.limitlesstcg.com/tournament/6a0059b2dfbdf089cbbd6e9e/player/batcoach/teamlist,https://play.limitlesstcg.com/tournament/6a0059b2dfbdf089cbbd6e9e/standings,Froslass-Mega:Garchomp:Talonflame:Sneasler:Rotom-Wash:Kingambit,2,Garchomp,Garchomp,Sitrus Berry,Rough Skin,Earthquake:Stomping Tantrum:Rock Slide:Protect,Earthquake,Stomping Tantrum,Rock Slide,Protect,Froslass-Mega:Talonflame:Sneasler:Rotom-Wash:Kingambit
2026-06-15,2026-06-15T12:00:02Z,pikalytics,gen9championsvgc2026regma,"Best Pokemon, teams, and builds in Pokemon Champions VGC 2026",https://pikalytics.com/pokedex/gen9championsvgc2026regma,20,6,BatCoach,BatCoach,10-0,10,0,0,10,100.00,Unova Champions League #5 / POKÉMON CHAMPIONS,2026-05-15,1,1,56,https://play.limitlesstcg.com/tournament/6a0059b2dfbdf089cbbd6e9e/player/batcoach/teamlist,https://play.limitlesstcg.com/tournament/6a0059b2dfbdf089cbbd6e9e/standings,Froslass-Mega:Garchomp:Talonflame:Sneasler:Rotom-Wash:Kingambit,3,Talonflame,Talonflame,No Item,Gale Wings,Acrobatics:Tailwind:Flare Blitz:Protect,Acrobatics,Tailwind,Flare Blitz,Protect,Froslass-Mega:Garchomp:Sneasler:Rotom-Wash:Kingambit
2026-06-15,2026-06-15T12:00:02Z,pikalytics,gen9championsvgc2026regma,"Best Pokemon, teams, and builds in Pokemon Champions VGC 2026",https://pikalytics.com/pokedex/gen9championsvgc2026regma,20,6,BatCoach,BatCoach,10-0,10,0,0,10,100.00,Unova Champions League #5 / POKÉMON CHAMPIONS,2026-05-15,1,1,56,https://play.limitlesstcg.com/tournament/6a0059b2dfbdf089cbbd6e9e/player/batcoach/teamlist,https://play.limitlesstcg.com/tournament/6a0059b2dfbdf089cbbd6e9e/standings,Froslass-Mega:Garchomp:Talonflame:Sneasler:Rotom-Wash:Kingambit,4,Sneasler,Sneasler,White Herb,Unburden,Fake Out:Close Combat:Dire Claw:Protect,Fake Out,Close Combat,Dire Claw,Protect,Froslass-Mega:Garchomp:Talonflame:Rotom-Wash:Kingambit
2026-06-15,2026-06-15T12:00:02Z,pikalytics,gen9championsvgc2026regma,"Best Pokemon, teams, and builds in Pokemon Champions VGC 2026",https://pikalytics.com/pokedex/gen9championsvgc2026regma,20,6,BatCoach,BatCoach,10-0,10,0,0,10,100.00,Unova Champions League #5 / POKÉMON CHAMPIONS,2026-05-15,1,1,56,https://play.limitlesstcg.com/tournament/6a0059b2dfbdf089cbbd6e9e/player/batcoach/teamlist,https://play.limitlesstcg.com/tournament/6a0059b2dfbdf089cbbd6e9e/standings,Froslass-Mega:Garchomp:Talonflame:Sneasler:Rotom-Wash:Kingambit,5,Rotom-Wash,Wash Rotom,Leftovers,Levitate,Hydro Pump:Thunderbolt:Will-O-Wisp:Protect,Hydro Pump,Thunderbolt,Will-O-Wisp,Protect,Froslass-Mega:Garchomp:Talonflame:Sneasler:Kingambit
2026-06-15,2026-06-15T12:00:02Z,pikalytics,gen9championsvgc2026regma,"Best Pokemon, teams, and builds in Pokemon Champions VGC 2026",https://pikalytics.com/pokedex/gen9championsvgc2026regma,20,6,BatCoach,BatCoach,10-0,10,0,0,10,100.00,Unova Champions League #5 / POKÉMON CHAMPIONS,2026-05-15,1,1,56,https://play.limitlesstcg.com/tournament/6a0059b2dfbdf089cbbd6e9e/player/batcoach/teamlist,https://play.limitlesstcg.com/tournament/6a0059b2dfbdf089cbbd6e9e/standings,Froslass-Mega:Garchomp:Talonflame:Sneasler:Rotom-Wash:Kingambit,6,Kingambit,Kingambit,Black Glasses,Defiant,Kowtow Cleave:Sucker Punch:Iron Head:Protect,Kowtow Cleave,Sucker Punch,Iron Head,Protect,Froslass-Mega:Garchomp:Talonflame:Sneasler:Rotom-Wash
2026-05-29,2026-05-29T12:00:03Z,pikalytics,gen9championsvgc2026regma,"Best Pokemon, Teams and Builds in Pokemon Champions",https://pikalytics.com/pokedex/gen9championsvgc2026regma,12,6,sword,sword,11 - 2 - 0,11,2,0,13,84.62,SpearPillar Champions Tour #4 | Reg M-A $100 Prize,2026-05-16,1,1,243,https://play.limitlesstcg.com/tournament/69cd6904d478313a15a39215/player/sword/teamlist,https://play.limitlesstcg.com/tournament/69cd6904d478313a15a39215/standings,Kingambit:Basculegion:Whimsicott:Garchomp:Skarmory:Charizard-Mega-Y,1,Kingambit,Kingambit,Chople Berry,Defiant,Kowtow Cleave:Sucker Punch:Iron Head:Low Kick,Kowtow Cleave,Sucker Punch,Iron Head,Low Kick,Basculegion:Whimsicott:Garchomp:Skarmory:Charizard-Mega-Y
2026-05-29,2026-05-29T12:00:03Z,pikalytics,gen9championsvgc2026regma,"Best Pokemon, Teams and Builds in Pokemon Champions",https://pikalytics.com/pokedex/gen9championsvgc2026regma,12,6,sword,sword,11 - 2 - 0,11,2,0,13,84.62,SpearPillar Champions Tour #4 | Reg M-A $100 Prize,2026-05-16,1,1,243,https://play.limitlesstcg.com/tournament/69cd6904d478313a15a39215/player/sword/teamlist,https://play.limitlesstcg.com/tournament/69cd6904d478313a15a39215/standings,Kingambit:Basculegion:Whimsicott:Garchomp:Skarmory:Charizard-Mega-Y,2,Basculegion,Basculegion,Mystic Water,Adaptability,Wave Crash:Last Respects:Aqua Jet:Protect,Wave Crash,Last Respects,Aqua Jet,Protect,Kingambit:Whimsicott:Garchomp:Skarmory:Charizard-Mega-Y
2026-05-29,2026-05-29T12:00:03Z,pikalytics,gen9championsvgc2026regma,"Best Pokemon, Teams and Builds in Pokemon Champions",https://pikalytics.com/pokedex/gen9championsvgc2026regma,12,6,sword,sword,11 - 2 - 0,11,2,0,13,84.62,SpearPillar Champions Tour #4 | Reg M-A $100 Prize,2026-05-16,1,1,243,https://play.limitlesstcg.com/tournament/69cd6904d478313a15a39215/player/sword/teamlist,https://play.limitlesstcg.com/tournament/69cd6904d478313a15a39215/standings,Kingambit:Basculegion:Whimsicott:Garchomp:Skarmory:Charizard-Mega-Y,3,Whimsicott,Whimsicott,Focus Sash,Prankster,Moonblast:Endeavor:Tailwind:Encore,Moonblast,Endeavor,Tailwind,Encore,Kingambit:Basculegion:Garchomp:Skarmory:Charizard-Mega-Y
2026-05-29,2026-05-29T12:00:03Z,pikalytics,gen9championsvgc2026regma,"Best Pokemon, Teams and Builds in Pokemon Champions",https://pikalytics.com/pokedex/gen9championsvgc2026regma,12,6,sword,sword,11 - 2 - 0,11,2,0,13,84.62,SpearPillar Champions Tour #4 | Reg M-A $100 Prize,2026-05-16,1,1,243,https://play.limitlesstcg.com/tournament/69cd6904d478313a15a39215/player/sword/teamlist,https://play.limitlesstcg.com/tournament/69cd6904d478313a15a39215/standings,Kingambit:Basculegion:Whimsicott:Garchomp:Skarmory:Charizard-Mega-Y,4,Garchomp,Garchomp,Sitrus Berry,Sand Veil,Earthquake:Dragon Claw:Rock Tomb:Poison Jab,Earthquake,Dragon Claw,Rock Tomb,Poison Jab,Kingambit:Basculegion:Whimsicott:Skarmory:Charizard-Mega-Y
2026-05-29,2026-05-29T12:00:03Z,pikalytics,gen9championsvgc2026regma,"Best Pokemon, Teams and Builds in Pokemon Champions",https://pikalytics.com/pokedex/gen9championsvgc2026regma,12,6,sword,sword,11 - 2 - 0,11,2,0,13,84.62,SpearPillar Champions Tour #4 | Reg M-A $100 Prize,2026-05-16,1,1,243,https://play.limitlesstcg.com/tournament/69cd6904d478313a15a39215/player/sword/teamlist,https://play.limitlesstcg.com/tournament/69cd6904d478313a15a39215/standings,Kingambit:Basculegion:Whimsicott:Garchomp:Skarmory:Charizard-Mega-Y,5,Skarmory,Skarmory,Skarmorite,Sturdy,Brave Bird:Iron Head:Rock Slide:Protect,Brave Bird,Iron Head,Rock Slide,Protect,Kingambit:Basculegion:Whimsicott:Garchomp:Charizard-Mega-Y
2026-05-29,2026-05-29T12:00:03Z,pikalytics,gen9championsvgc2026regma,"Best Pokemon, Teams and Builds in Pokemon Champions",https://pikalytics.com/pokedex/gen9championsvgc2026regma,12,6,sword,sword,11 - 2 - 0,11,2,0,13,84.62,SpearPillar Champions Tour #4 | Reg M-A $100 Prize,2026-05-16,1,1,243,https://play.limitlesstcg.com/tournament/69cd6904d478313a15a39215/player/sword/teamlist,https://play.limitlesstcg.com/tournament/69cd6904d478313a15a39215/standings,Kingambit:Basculegion:Whimsicott:Garchomp:Skarmory:Charizard-Mega-Y,6,Charizard-Mega-Y,Charizard,Charizardite Y,Blaze,Heat Wave:Solar Beam:Weather Ball:Protect,Heat Wave,Solar Beam,Weather Ball,Protect,Kingambit:Basculegion:Whimsicott:Garchomp:Skarmory
2026-05-28,2026-05-28T12:00:02Z,pikalytics,gen9championsvgc2026regma,"Best Pokemon, Teams and Builds in Pokemon Champions",https://pikalytics.com/pokedex/gen9championsvgc2026regma,16,6,BadassFroslass,BadassFroslass,12-1,12,1,0,13,92.31,SpearPillar Champions Tour #4 | Reg M-A $100 Prize,2026-05-16,2,0,243,https://play.limitlesstcg.com/tournament/69cd6904d478313a15a39215/player/badassfroslass/teamlist,https://play.limitlesstcg.com/tournament/69cd6904d478313a15a39215/standings,Froslass-Mega:Milotic:Samurott-Hisui:Aerodactyl-Mega:Sneasler:Scizor,1,Froslass-Mega,Froslass,Froslassite,Cursed Body,Blizzard:Protect:Shadow Ball:Will-O-Wisp,Blizzard,Protect,Shadow Ball,Will-O-Wisp,Milotic:Samurott-Hisui:Aerodactyl-Mega:Sneasler:Scizor
2026-05-28,2026-05-28T12:00:02Z,pikalytics,gen9championsvgc2026regma,"Best Pokemon, Teams and Builds in Pokemon Champions",https://pikalytics.com/pokedex/gen9championsvgc2026regma,16,6,BadassFroslass,BadassFroslass,12-1,12,1,0,13,92.31,SpearPillar Champions Tour #4 | Reg M-A $100 Prize,2026-05-16,2,0,243,https://play.limitlesstcg.com/tournament/69cd6904d478313a15a39215/player/badassfroslass/teamlist,https://play.limitlesstcg.com/tournament/69cd6904d478313a15a39215/standings,Froslass-Mega:Milotic:Samurott-Hisui:Aerodactyl-Mega:Sneasler:Scizor,2,Milotic,Milotic,Leftovers,Competitive,Coil:Muddy Water:Hypnosis:Recover,Coil,Muddy Water,Hypnosis,Recover,Froslass-Mega:Samurott-Hisui:Aerodactyl-Mega:Sneasler:Scizor
2026-05-28,2026-05-28T12:00:02Z,pikalytics,gen9championsvgc2026regma,"Best Pokemon, Teams and Builds in Pokemon Champions",https://pikalytics.com/pokedex/gen9championsvgc2026regma,16,6,BadassFroslass,BadassFroslass,12-1,12,1,0,13,92.31,SpearPillar Champions Tour #4 | Reg M-A $100 Prize,2026-05-16,2,0,243,https://play.limitlesstcg.com/tournament/69cd6904d478313a15a39215/player/badassfroslass/teamlist,https://play.limitlesstcg.com/tournament/69cd6904d478313a15a39215/standings,Froslass-Mega:Milotic:Samurott-Hisui:Aerodactyl-Mega:Sneasler:Scizor,3,Samurott-Hisui,Hisuian Samurott,Focus Sash,Sharpness,Protect:Sucker Punch:Night Slash:Sacred Sword,Protect,Sucker Punch,Night Slash,Sacred Sword,Froslass-Mega:Milotic:Aerodactyl-Mega:Sneasler:Scizor
2026-05-28,2026-05-28T12:00:02Z,pikalytics,gen9championsvgc2026regma,"Best Pokemon, Teams and Builds in Pokemon Champions",https://pikalytics.com/pokedex/gen9championsvgc2026regma,16,6,BadassFroslass,BadassFroslass,12-1,12,1,0,13,92.31,SpearPillar Champions Tour #4 | Reg M-A $100 Prize,2026-05-16,2,0,243,https://play.limitlesstcg.com/tournament/69cd6904d478313a15a39215/player/badassfroslass/teamlist,https://play.limitlesstcg.com/tournament/69cd6904d478313a15a39215/standings,Froslass-Mega:Milotic:Samurott-Hisui:Aerodactyl-Mega:Sneasler:Scizor,4,Aerodactyl-Mega,Aerodactyl,Aerodactylite,Unnerve,Protect:Rock Slide:Dual Wingbeat:Tailwind,Protect,Rock Slide,Dual Wingbeat,Tailwind,Froslass-Mega:Milotic:Samurott-Hisui:Sneasler:Scizor
2026-05-28,2026-05-28T12:00:02Z,pikalytics,gen9championsvgc2026regma,"Best Pokemon, Teams and Builds in Pokemon Champions",https://pikalytics.com/pokedex/gen9championsvgc2026regma,16,6,BadassFroslass,BadassFroslass,12-1,12,1,0,13,92.31,SpearPillar Champions Tour #4 | Reg M-A $100 Prize,2026-05-16,2,0,243,https://play.limitlesstcg.com/tournament/69cd6904d478313a15a39215/player/badassfroslass/teamlist,https://play.limitlesstcg.com/tournament/69cd6904d478313a15a39215/standings,Froslass-Mega:Milotic:Samurott-Hisui:Aerodactyl-Mega:Sneasler:Scizor,5,Sneasler,Sneasler,White Herb,Unburden,Dire Claw:Close Combat:Fake Out:Coaching,Dire Claw,Close Combat,Fake Out,Coaching,Froslass-Mega:Milotic:Samurott-Hisui:Aerodactyl-Mega:Scizor
2026-05-28,2026-05-28T12:00:02Z,pikalytics,gen9championsvgc2026regma,"Best Pokemon, Teams and Builds in Pokemon Champions",https://pikalytics.com/pokedex/gen9championsvgc2026regma,16,6,BadassFroslass,BadassFroslass,12-1,12,1,0,13,92.31,SpearPillar Champions Tour #4 | Reg M-A $100 Prize,2026-05-16,2,0,243,https://play.limitlesstcg.com/tournament/69cd6904d478313a15a39215/player/badassfroslass/teamlist,https://play.limitlesstcg.com/tournament/69cd6904d478313a15a39215/standings,Froslass-Mega:Milotic:Samurott-Hisui:Aerodactyl-Mega:Sneasler:Scizor,6,Scizor,Scizor,Metal Coat,Technician,Bullet Punch:Protect:Bug Bite:Swords Dance,Bullet Punch,Protect,Bug Bite,Swords Dance,Froslass-Mega:Milotic:Samurott-Hisui:Aerodactyl-Mega:Sneasler
2026-06-01,2026-06-01T12:00:02Z,pikalytics,gen9championsvgc2026regma,"Best Pokemon, teams, and builds in Pokemon Champions VGC 2026",https://pikalytics.com/pokedex/gen9championsvgc2026regma,18,6,sword,sword,11-2,11,2,0,13,84.62,SpearPillar Champions Tour #4 | Reg M-A $100 Prize,2026-05-16,1,1,243,https://play.limitlesstcg.com/tournament/69cd6904d478313a15a39215/player/sword/teamlist,https://play.limitlesstcg.com/tournament/69cd6904d478313a15a39215/standings,Kingambit:Basculegion:Whimsicott:Garchomp:Skarmory-Mega:Charizard-Mega-Y,1,Kingambit,Kingambit,Chople Berry,Defiant,Kowtow Cleave:Sucker Punch:Iron Head:Low Kick,Kowtow Cleave,Sucker Punch,Iron Head,Low Kick,Basculegion:Whimsicott:Garchomp:Skarmory-Mega:Charizard-Mega-Y
2026-06-01,2026-06-01T12:00:02Z,pikalytics,gen9championsvgc2026regma,"Best Pokemon, teams, and builds in Pokemon Champions VGC 2026",https://pikalytics.com/pokedex/gen9championsvgc2026regma,18,6,sword,sword,11-2,11,2,0,13,84.62,SpearPillar Champions Tour #4 | Reg M-A $100 Prize,2026-05-16,1,1,243,https://play.limitlesstcg.com/tournament/69cd6904d478313a15a39215/player/sword/teamlist,https://play.limitlesstcg.com/tournament/69cd6904d478313a15a39215/standings,Kingambit:Basculegion:Whimsicott:Garchomp:Skarmory-Mega:Charizard-Mega-Y,2,Basculegion,Basculegion,Mystic Water,Adaptability,Wave Crash:Last Respects:Aqua Jet:Protect,Wave Crash,Last Respects,Aqua Jet,Protect,Kingambit:Whimsicott:Garchomp:Skarmory-Mega:Charizard-Mega-Y
2026-06-01,2026-06-01T12:00:02Z,pikalytics,gen9championsvgc2026regma,"Best Pokemon, teams, and builds in Pokemon Champions VGC 2026",https://pikalytics.com/pokedex/gen9championsvgc2026regma,18,6,sword,sword,11-2,11,2,0,13,84.62,SpearPillar Champions Tour #4 | Reg M-A $100 Prize,2026-05-16,1,1,243,https://play.limitlesstcg.com/tournament/69cd6904d478313a15a39215/player/sword/teamlist,https://play.limitlesstcg.com/tournament/69cd6904d478313a15a39215/standings,Kingambit:Basculegion:Whimsicott:Garchomp:Skarmory-Mega:Charizard-Mega-Y,3,Whimsicott,Whimsicott,Focus Sash,Prankster,Moonblast:Endeavor:Tailwind:Encore,Moonblast,Endeavor,Tailwind,Encore,Kingambit:Basculegion:Garchomp:Skarmory-Mega:Charizard-Mega-Y
2026-06-01,2026-06-01T12:00:02Z,pikalytics,gen9championsvgc2026regma,"Best Pokemon, teams, and builds in Pokemon Champions VGC 2026",https://pikalytics.com/pokedex/gen9championsvgc2026regma,18,6,sword,sword,11-2,11,2,0,13,84.62,SpearPillar Champions Tour #4 | Reg M-A $100 Prize,2026-05-16,1,1,243,https://play.limitlesstcg.com/tournament/69cd6904d478313a15a39215/player/sword/teamlist,https://play.limitlesstcg.com/tournament/69cd6904d478313a15a39215/standings,Kingambit:Basculegion:Whimsicott:Garchomp:Skarmory-Mega:Charizard-Mega-Y,4,Garchomp,Garchomp,Sitrus Berry,Sand Veil,Earthquake:Dragon Claw:Rock Tomb:Poison Jab,Earthquake,Dragon Claw,Rock Tomb,Poison Jab,Kingambit:Basculegion:Whimsicott:Skarmory-Mega:Charizard-Mega-Y
2026-06-01,2026-06-01T12:00:02Z,pikalytics,gen9championsvgc2026regma,"Best Pokemon, teams, and builds in Pokemon Champions VGC 2026",https://pikalytics.com/pokedex/gen9championsvgc2026regma,18,6,sword,sword,11-2,11,2,0,13,84.62,SpearPillar Champions Tour #4 | Reg M-A $100 Prize,2026-05-16,1,1,243,https://play.limitlesstcg.com/tournament/69cd6904d478313a15a39215/player/sword/teamlist,https://play.limitlesstcg.com/tournament/69cd6904d478313a15a39215/standings,Kingambit:Basculegion:Whimsicott:Garchomp:Skarmory-Mega:Charizard-Mega-Y,5,Skarmory-Mega,Skarmory,Skarmorite,Sturdy,Brave Bird:Iron Head:Rock Slide:Protect,Brave Bird,Iron Head,Rock Slide,Protect,Kingambit:Basculegion:Whimsicott:Garchomp:Charizard-Mega-Y
2026-06-01,2026-06-01T12:00:02Z,pikalytics,gen9championsvgc2026regma,"Best Pokemon, teams, and builds in Pokemon Champions VGC 2026",https://pikalytics.com/pokedex/gen9championsvgc2026regma,18,6,sword,sword,11-2,11,2,0,13,84.62,SpearPillar Champions Tour #4 | Reg M-A $100 Prize,2026-05-16,1,1,243,https://play.limitlesstcg.com/tournament/69cd6904d478313a15a39215/player/sword/teamlist,https://play.limitlesstcg.com/tournament/69cd6904d478313a15a39215/standings,Kingambit:Basculegion:Whimsicott:Garchomp:Skarmory-Mega:Charizard-Mega-Y,6,Charizard-Mega-Y,Charizard,Charizardite Y,Blaze,Heat Wave:Solar Beam:Weather Ball:Protect,Heat Wave,Solar Beam,Weather Ball,Protect,Kingambit:Basculegion:Whimsicott:Garchomp:Skarmory-Mega
2026-05-25,2026-05-25T12:00:02Z,pikalytics,gen9championsvgc2026regma,"Best Pokemon, Teams and Builds in Pokemon Champions",https://pikalytics.com/pokedex/gen9championsvgc2026regma,18,6,Faiyex,Faiyex,7-0,7,0,0,7,100.00,Tournament TBD,2026-05-17,1,1,11,https://play.limitlesstcg.com/tournament/6a01525f13f957d6d4b458ae/player/faiyex/teamlist,https://play.limitlesstcg.com/tournament/6a01525f13f957d6d4b458ae/standings,Venusaur-Mega:Incineroar:Garchomp:Aegislash:Rotom-Wash:Hydreigon,1,Venusaur-Mega,Venusaur,Venusaurite,Chlorophyll,Giga Drain:Sludge Bomb:Earth Power:Protect,Giga Drain,Sludge Bomb,Earth Power,Protect,Incineroar:Garchomp:Aegislash:Rotom-Wash:Hydreigon
2026-05-25,2026-05-25T12:00:02Z,pikalytics,gen9championsvgc2026regma,"Best Pokemon, Teams and Builds in Pokemon Champions",https://pikalytics.com/pokedex/gen9championsvgc2026regma,18,6,Faiyex,Faiyex,7-0,7,0,0,7,100.00,Tournament TBD,2026-05-17,1,1,11,https://play.limitlesstcg.com/tournament/6a01525f13f957d6d4b458ae/player/faiyex/teamlist,https://play.limitlesstcg.com/tournament/6a01525f13f957d6d4b458ae/standings,Venusaur-Mega:Incineroar:Garchomp:Aegislash:Rotom-Wash:Hydreigon,2,Incineroar,Incineroar,Sitrus Berry,Intimidate,Flare Blitz:Throat Chop:Parting Shot:Fake Out,Flare Blitz,Throat Chop,Parting Shot,Fake Out,Venusaur-Mega:Garchomp:Aegislash:Rotom-Wash:Hydreigon
2026-05-25,2026-05-25T12:00:02Z,pikalytics,gen9championsvgc2026regma,"Best Pokemon, Teams and Builds in Pokemon Champions",https://pikalytics.com/pokedex/gen9championsvgc2026regma,18,6,Faiyex,Faiyex,7-0,7,0,0,7,100.00,Tournament TBD,2026-05-17,1,1,11,https://play.limitlesstcg.com/tournament/6a01525f13f957d6d4b458ae/player/faiyex/teamlist,https://play.limitlesstcg.com/tournament/6a01525f13f957d6d4b458ae/standings,Venusaur-Mega:Incineroar:Garchomp:Aegislash:Rotom-Wash:Hydreigon,3,Garchomp,Garchomp,Choice Scarf,Rough Skin,Earthquake:Stomping Tantrum:Dragon Claw:Rock Tomb,Earthquake,Stomping Tantrum,Dragon Claw,Rock Tomb,Venusaur-Mega:Incineroar:Aegislash:Rotom-Wash:Hydreigon
2026-05-25,2026-05-25T12:00:02Z,pikalytics,gen9championsvgc2026regma,"Best Pokemon, Teams and Builds in Pokemon Champions",https://pikalytics.com/pokedex/gen9championsvgc2026regma,18,6,Faiyex,Faiyex,7-0,7,0,0,7,100.00,Tournament TBD,2026-05-17,1,1,11,https://play.limitlesstcg.com/tournament/6a01525f13f957d6d4b458ae/player/faiyex/teamlist,https://play.limitlesstcg.com/tournament/6a01525f13f957d6d4b458ae/standings,Venusaur-Mega:Incineroar:Garchomp:Aegislash:Rotom-Wash:Hydreigon,4,Aegislash,Aegislash,Spell Tag,Stance Change,Poltergeist:Iron Head:Shadow Sneak:King's Shield,Poltergeist,Iron Head,Shadow Sneak,King's Shield,Venusaur-Mega:Incineroar:Garchomp:Rotom-Wash:Hydreigon
2026-05-25,2026-05-25T12:00:02Z,pikalytics,gen9championsvgc2026regma,"Best Pokemon, Teams and Builds in Pokemon Champions",https://pikalytics.com/pokedex/gen9championsvgc2026regma,18,6,Faiyex,Faiyex,7-0,7,0,0,7,100.00,Tournament TBD,2026-05-17,1,1,11,https://play.limitlesstcg.com/tournament/6a01525f13f957d6d4b458ae/player/faiyex/teamlist,https://play.limitlesstcg.com/tournament/6a01525f13f957d6d4b458ae/standings,Venusaur-Mega:Incineroar:Garchomp:Aegislash:Rotom-Wash:Hydreigon,5,Rotom-Wash,Wash Rotom,Leftovers,Levitate,Hydro Pump:Volt Switch:Will-O-Wisp:Protect,Hydro Pump,Volt Switch,Will-O-Wisp,Protect,Venusaur-Mega:Incineroar:Garchomp:Aegislash:Hydreigon
2026-05-25,2026-05-25T12:00:02Z,pikalytics,gen9championsvgc2026regma,"Best Pokemon, Teams and Builds in Pokemon Champions",https://pikalytics.com/pokedex/gen9championsvgc2026regma,18,6,Faiyex,Faiyex,7-0,7,0,0,7,100.00,Tournament TBD,2026-05-17,1,1,11,https://play.limitlesstcg.com/tournament/6a01525f13f957d6d4b458ae/player/faiyex/teamlist,https://play.limitlesstcg.com/tournament/6a01525f13f957d6d4b458ae/standings,Venusaur-Mega:Incineroar:Garchomp:Aegislash:Rotom-Wash:Hydreigon,6,Hydreigon,Hydreigon,Haban Berry,Levitate,Draco Meteor:Snarl:Tailwind:Protect,Draco Meteor,Snarl,Tailwind,Protect,Venusaur-Mega:Incineroar:Garchomp:Aegislash:Rotom-Wash
2026-05-29,2026-05-29T12:00:03Z,pikalytics,gen9championsvgc2026regma,"Best Pokemon, Teams and Builds in Pokemon Champions",https://pikalytics.com/pokedex/gen9championsvgc2026regma,20,6,Gioc1902,Gioc1902,9 - 1 - 0,9,1,0,10,90.00,Wolfey Patreon Tournament - Pokémon Champions #3,2026-05-17,1,1,73,https://play.limitlesstcg.com/tournament/69f21d93e23aab068aad52b6/player/gioc1902/teamlist,https://play.limitlesstcg.com/tournament/69f21d93e23aab068aad52b6/standings,Garchomp:Glimmora:Charizard-Mega-Y:Basculegion:Whimsicott:Kingambit,1,Garchomp,Garchomp,Sitrus Berry,Rough Skin,Dragon Claw:Protect:Earthquake:Rock Slide,Dragon Claw,Protect,Earthquake,Rock Slide,Glimmora:Charizard-Mega-Y:Basculegion:Whimsicott:Kingambit
2026-05-29,2026-05-29T12:00:03Z,pikalytics,gen9championsvgc2026regma,"Best Pokemon, Teams and Builds in Pokemon Champions",https://pikalytics.com/pokedex/gen9championsvgc2026regma,20,6,Gioc1902,Gioc1902,9 - 1 - 0,9,1,0,10,90.00,Wolfey Patreon Tournament - Pokémon Champions #3,2026-05-17,1,1,73,https://play.limitlesstcg.com/tournament/69f21d93e23aab068aad52b6/player/gioc1902/teamlist,https://play.limitlesstcg.com/tournament/69f21d93e23aab068aad52b6/standings,Garchomp:Glimmora:Charizard-Mega-Y:Basculegion:Whimsicott:Kingambit,2,Glimmora,Glimmora,Focus Sash,Toxic Debris,Spiky Shield:Power Gem:Sludge Bomb:Earth Power,Spiky Shield,Power Gem,Sludge Bomb,Earth Power,Garchomp:Charizard-Mega-Y:Basculegion:Whimsicott:Kingambit
2026-05-29,2026-05-29T12:00:03Z,pikalytics,gen9championsvgc2026regma,"Best Pokemon, Teams and Builds in Pokemon Champions",https://pikalytics.com/pokedex/gen9championsvgc2026regma,20,6,Gioc1902,Gioc1902,9 - 1 - 0,9,1,0,10,90.00,Wolfey Patreon Tournament - Pokémon Champions #3,2026-05-17,1,1,73,https://play.limitlesstcg.com/tournament/69f21d93e23aab068aad52b6/player/gioc1902/teamlist,https://play.limitlesstcg.com/tournament/69f21d93e23aab068aad52b6/standings,Garchomp:Glimmora:Charizard-Mega-Y:Basculegion:Whimsicott:Kingambit,3,Charizard-Mega-Y,Charizard,Charizardite Y,Blaze,Weather Ball:Heat Wave:Protect:Solar Beam,Weather Ball,Heat Wave,Protect,Solar Beam,Garchomp:Glimmora:Basculegion:Whimsicott:Kingambit
2026-05-29,2026-05-29T12:00:03Z,pikalytics,gen9championsvgc2026regma,"Best Pokemon, Teams and Builds in Pokemon Champions",https://pikalytics.com/pokedex/gen9championsvgc2026regma,20,6,Gioc1902,Gioc1902,9 - 1 - 0,9,1,0,10,90.00,Wolfey Patreon Tournament - Pokémon Champions #3,2026-05-17,1,1,73,https://play.limitlesstcg.com/tournament/69f21d93e23aab068aad52b6/player/gioc1902/teamlist,https://play.limitlesstcg.com/tournament/69f21d93e23aab068aad52b6/standings,Garchomp:Glimmora:Charizard-Mega-Y:Basculegion:Whimsicott:Kingambit,4,Basculegion,Basculegion,Choice Scarf,Adaptability,Aqua Jet:Flip Turn:Last Respects:Wave Crash,Aqua Jet,Flip Turn,Last Respects,Wave Crash,Garchomp:Glimmora:Charizard-Mega-Y:Whimsicott:Kingambit
2026-05-29,2026-05-29T12:00:03Z,pikalytics,gen9championsvgc2026regma,"Best Pokemon, Teams and Builds in Pokemon Champions",https://pikalytics.com/pokedex/gen9championsvgc2026regma,20,6,Gioc1902,Gioc1902,9 - 1 - 0,9,1,0,10,90.00,Wolfey Patreon Tournament - Pokémon Champions #3,2026-05-17,1,1,73,https://play.limitlesstcg.com/tournament/69f21d93e23aab068aad52b6/player/gioc1902/teamlist,https://play.limitlesstcg.com/tournament/69f21d93e23aab068aad52b6/standings,Garchomp:Glimmora:Charizard-Mega-Y:Basculegion:Whimsicott:Kingambit,5,Whimsicott,Whimsicott,Fairy Feather,Prankster,Moonblast:Encore:Tailwind:Protect,Moonblast,Encore,Tailwind,Protect,Garchomp:Glimmora:Charizard-Mega-Y:Basculegion:Kingambit
2026-05-29,2026-05-29T12:00:03Z,pikalytics,gen9championsvgc2026regma,"Best Pokemon, Teams and Builds in Pokemon Champions",https://pikalytics.com/pokedex/gen9championsvgc2026regma,20,6,Gioc1902,Gioc1902,9 - 1 - 0,9,1,0,10,90.00,Wolfey Patreon Tournament - Pokémon Champions #3,2026-05-17,1,1,73,https://play.limitlesstcg.com/tournament/69f21d93e23aab068aad52b6/player/gioc1902/teamlist,https://play.limitlesstcg.com/tournament/69f21d93e23aab068aad52b6/standings,Garchomp:Glimmora:Charizard-Mega-Y:Basculegion:Whimsicott:Kingambit,6,Kingambit,Kingambit,Chople Berry,Defiant,Kowtow Cleave:Sucker Punch:Iron Head:Protect,Kowtow Cleave,Sucker Punch,Iron Head,Protect,Garchomp:Glimmora:Charizard-Mega-Y:Basculegion:Whimsicott
2026-06-08,2026-06-08T12:00:02Z,pikalytics,gen9championsvgc2026regma,"Best Pokemon, teams, and builds in Pokemon Champions VGC 2026",https://pikalytics.com/pokedex/gen9championsvgc2026regma,12,6,Ksomon,Ksomon,10-0,10,0,0,10,100.00,Champions Collective #9,2026-05-18,1,1,45,https://play.limitlesstcg.com/tournament/69e3bf4078b359b789d65f50/player/ksomon/teamlist,https://play.limitlesstcg.com/tournament/69e3bf4078b359b789d65f50/standings,Charizard-Mega-Y:Aerodactyl-Mega:Sylveon:Kingambit:Basculegion:Garchomp,1,Charizard-Mega-Y,Charizard,Charizardite Y,Blaze,Weather Ball:Heat Wave:Solar Beam:Protect,Weather Ball,Heat Wave,Solar Beam,Protect,Aerodactyl-Mega:Sylveon:Kingambit:Basculegion:Garchomp
2026-06-08,2026-06-08T12:00:02Z,pikalytics,gen9championsvgc2026regma,"Best Pokemon, teams, and builds in Pokemon Champions VGC 2026",https://pikalytics.com/pokedex/gen9championsvgc2026regma,12,6,Ksomon,Ksomon,10-0,10,0,0,10,100.00,Champions Collective #9,2026-05-18,1,1,45,https://play.limitlesstcg.com/tournament/69e3bf4078b359b789d65f50/player/ksomon/teamlist,https://play.limitlesstcg.com/tournament/69e3bf4078b359b789d65f50/standings,Charizard-Mega-Y:Aerodactyl-Mega:Sylveon:Kingambit:Basculegion:Garchomp,2,Aerodactyl-Mega,Aerodactyl,Aerodactylite,Unnerve,Rock Slide:Dual Wingbeat:Tailwind:Protect,Rock Slide,Dual Wingbeat,Tailwind,Protect,Charizard-Mega-Y:Sylveon:Kingambit:Basculegion:Garchomp
2026-06-08,2026-06-08T12:00:02Z,pikalytics,gen9championsvgc2026regma,"Best Pokemon, teams, and builds in Pokemon Champions VGC 2026",https://pikalytics.com/pokedex/gen9championsvgc2026regma,12,6,Ksomon,Ksomon,10-0,10,0,0,10,100.00,Champions Collective #9,2026-05-18,1,1,45,https://play.limitlesstcg.com/tournament/69e3bf4078b359b789d65f50/player/ksomon/teamlist,https://play.limitlesstcg.com/tournament/69e3bf4078b359b789d65f50/standings,Charizard-Mega-Y:Aerodactyl-Mega:Sylveon:Kingambit:Basculegion:Garchomp,3,Sylveon,Sylveon,Fairy Feather,Pixilate,Hyper Voice:Hyper Beam:Quick Attack:Protect,Hyper Voice,Hyper Beam,Quick Attack,Protect,Charizard-Mega-Y:Aerodactyl-Mega:Kingambit:Basculegion:Garchomp
2026-06-08,2026-06-08T12:00:02Z,pikalytics,gen9championsvgc2026regma,"Best Pokemon, teams, and builds in Pokemon Champions VGC 2026",https://pikalytics.com/pokedex/gen9championsvgc2026regma,12,6,Ksomon,Ksomon,10-0,10,0,0,10,100.00,Champions Collective #9,2026-05-18,1,1,45,https://play.limitlesstcg.com/tournament/69e3bf4078b359b789d65f50/player/ksomon/teamlist,https://play.limitlesstcg.com/tournament/69e3bf4078b359b789d65f50/standings,Charizard-Mega-Y:Aerodactyl-Mega:Sylveon:Kingambit:Basculegion:Garchomp,4,Kingambit,Kingambit,Chople Berry,Defiant,Kowtow Cleave:Sucker Punch:Low Kick:Protect,Kowtow Cleave,Sucker Punch,Low Kick,Protect,Charizard-Mega-Y:Aerodactyl-Mega:Sylveon:Basculegion:Garchomp
2026-06-08,2026-06-08T12:00:02Z,pikalytics,gen9championsvgc2026regma,"Best Pokemon, teams, and builds in Pokemon Champions VGC 2026",https://pikalytics.com/pokedex/gen9championsvgc2026regma,12,6,Ksomon,Ksomon,10-0,10,0,0,10,100.00,Champions Collective #9,2026-05-18,1,1,45,https://play.limitlesstcg.com/tournament/69e3bf4078b359b789d65f50/player/ksomon/teamlist,https://play.limitlesstcg.com/tournament/69e3bf4078b359b789d65f50/standings,Charizard-Mega-Y:Aerodactyl-Mega:Sylveon:Kingambit:Basculegion:Garchomp,5,Basculegion,Basculegion,Focus Sash,Adaptability,Last Respects:Liquidation:Aqua Jet:Protect,Last Respects,Liquidation,Aqua Jet,Protect,Charizard-Mega-Y:Aerodactyl-Mega:Sylveon:Kingambit:Garchomp
2026-06-08,2026-06-08T12:00:02Z,pikalytics,gen9championsvgc2026regma,"Best Pokemon, teams, and builds in Pokemon Champions VGC 2026",https://pikalytics.com/pokedex/gen9championsvgc2026regma,12,6,Ksomon,Ksomon,10-0,10,0,0,10,100.00,Champions Collective #9,2026-05-18,1,1,45,https://play.limitlesstcg.com/tournament/69e3bf4078b359b789d65f50/player/ksomon/teamlist,https://play.limitlesstcg.com/tournament/69e3bf4078b359b789d65f50/standings,Charizard-Mega-Y:Aerodactyl-Mega:Sylveon:Kingambit:Basculegion:Garchomp,6,Garchomp,Garchomp,Choice Scarf,Rough Skin,Earthquake:Dragon Claw:Rock Slide:Stomping Tantrum,Earthquake,Dragon Claw,Rock Slide,Stomping Tantrum,Charizard-Mega-Y:Aerodactyl-Mega:Sylveon:Kingambit:Basculegion
2026-05-29,2026-05-29T12:00:03Z,pikalytics,gen9championsvgc2026regma,"Best Pokemon, Teams and Builds in Pokemon Champions",https://pikalytics.com/pokedex/gen9championsvgc2026regma,15,6,Gustav H,Gustav H,8 - 0 - 0,8,0,0,8,100.00,Champions Tour LEPE #5,2026-05-19,1,1,33,https://play.limitlesstcg.com/tournament/6a05e7f713f957d6d4b47be8/player/mcminionulti/teamlist,https://play.limitlesstcg.com/tournament/6a05e7f713f957d6d4b47be8/standings,Froslass:Kingambit:Sneasler:Garchomp:Rotom-Wash:Talonflame,1,Froslass,Froslass,Froslassite,Cursed Body,Blizzard:Shadow Ball:Aurora Veil:Protect,Blizzard,Shadow Ball,Aurora Veil,Protect,Kingambit:Sneasler:Garchomp:Rotom-Wash:Talonflame
2026-05-29,2026-05-29T12:00:03Z,pikalytics,gen9championsvgc2026regma,"Best Pokemon, Teams and Builds in Pokemon Champions",https://pikalytics.com/pokedex/gen9championsvgc2026regma,15,6,Gustav H,Gustav H,8 - 0 - 0,8,0,0,8,100.00,Champions Tour LEPE #5,2026-05-19,1,1,33,https://play.limitlesstcg.com/tournament/6a05e7f713f957d6d4b47be8/player/mcminionulti/teamlist,https://play.limitlesstcg.com/tournament/6a05e7f713f957d6d4b47be8/standings,Froslass:Kingambit:Sneasler:Garchomp:Rotom-Wash:Talonflame,2,Kingambit,Kingambit,Black Glasses,Defiant,Kowtow Cleave:Sucker Punch:Iron Head:Protect,Kowtow Cleave,Sucker Punch,Iron Head,Protect,Froslass:Sneasler:Garchomp:Rotom-Wash:Talonflame
2026-05-29,2026-05-29T12:00:03Z,pikalytics,gen9championsvgc2026regma,"Best Pokemon, Teams and Builds in Pokemon Champions",https://pikalytics.com/pokedex/gen9championsvgc2026regma,15,6,Gustav H,Gustav H,8 - 0 - 0,8,0,0,8,100.00,Champions Tour LEPE #5,2026-05-19,1,1,33,https://play.limitlesstcg.com/tournament/6a05e7f713f957d6d4b47be8/player/mcminionulti/teamlist,https://play.limitlesstcg.com/tournament/6a05e7f713f957d6d4b47be8/standings,Froslass:Kingambit:Sneasler:Garchomp:Rotom-Wash:Talonflame,3,Sneasler,Sneasler,White Herb,Unburden,Close Combat:Dire Claw:Fake Out:Protect,Close Combat,Dire Claw,Fake Out,Protect,Froslass:Kingambit:Garchomp:Rotom-Wash:Talonflame
2026-05-29,2026-05-29T12:00:03Z,pikalytics,gen9championsvgc2026regma,"Best Pokemon, Teams and Builds in Pokemon Champions",https://pikalytics.com/pokedex/gen9championsvgc2026regma,15,6,Gustav H,Gustav H,8 - 0 - 0,8,0,0,8,100.00,Champions Tour LEPE #5,2026-05-19,1,1,33,https://play.limitlesstcg.com/tournament/6a05e7f713f957d6d4b47be8/player/mcminionulti/teamlist,https://play.limitlesstcg.com/tournament/6a05e7f713f957d6d4b47be8/standings,Froslass:Kingambit:Sneasler:Garchomp:Rotom-Wash:Talonflame,4,Garchomp,Garchomp,Sitrus Berry,Rough Skin,Earthquake:Stomping Tantrum:Rock Slide:Protect,Earthquake,Stomping Tantrum,Rock Slide,Protect,Froslass:Kingambit:Sneasler:Rotom-Wash:Talonflame
2026-05-29,2026-05-29T12:00:03Z,pikalytics,gen9championsvgc2026regma,"Best Pokemon, Teams and Builds in Pokemon Champions",https://pikalytics.com/pokedex/gen9championsvgc2026regma,15,6,Gustav H,Gustav H,8 - 0 - 0,8,0,0,8,100.00,Champions Tour LEPE #5,2026-05-19,1,1,33,https://play.limitlesstcg.com/tournament/6a05e7f713f957d6d4b47be8/player/mcminionulti/teamlist,https://play.limitlesstcg.com/tournament/6a05e7f713f957d6d4b47be8/standings,Froslass:Kingambit:Sneasler:Garchomp:Rotom-Wash:Talonflame,5,Rotom-Wash,Wash Rotom,Leftovers,Levitate,Hydro Pump:Thunderbolt:Will-O-Wisp:Protect,Hydro Pump,Thunderbolt,Will-O-Wisp,Protect,Froslass:Kingambit:Sneasler:Garchomp:Talonflame
2026-05-29,2026-05-29T12:00:03Z,pikalytics,gen9championsvgc2026regma,"Best Pokemon, Teams and Builds in Pokemon Champions",https://pikalytics.com/pokedex/gen9championsvgc2026regma,15,6,Gustav H,Gustav H,8 - 0 - 0,8,0,0,8,100.00,Champions Tour LEPE #5,2026-05-19,1,1,33,https://play.limitlesstcg.com/tournament/6a05e7f713f957d6d4b47be8/player/mcminionulti/teamlist,https://play.limitlesstcg.com/tournament/6a05e7f713f957d6d4b47be8/standings,Froslass:Kingambit:Sneasler:Garchomp:Rotom-Wash:Talonflame,6,Talonflame,Talonflame,Sharp Beak,Gale Wings,Brave Bird:Flare Blitz:Tailwind:Protect,Brave Bird,Flare Blitz,Tailwind,Protect,Froslass:Kingambit:Sneasler:Garchomp:Rotom-Wash
2026-05-30,2026-05-30T12:00:02Z,pikalytics,gen9championsvgc2026regma,"Best Pokemon, teams, and builds in Pokemon Champions VGC 2026",https://pikalytics.com/pokedex/gen9championsvgc2026regma,17,6,Paghy,Paghy,8-0,8,0,0,8,100.00,Pado's Dojo Reg M-A Pratice #1 🍥,2026-05-19,1,1,34,https://play.limitlesstcg.com/tournament/6a0a405613f957d6d4b4a763/player/paghy/teamlist,https://play.limitlesstcg.com/tournament/6a0a405613f957d6d4b4a763/standings,Incineroar:Floette-Eternal:Sinistcha:Archaludon:Pelipper:Basculegion,1,Incineroar,Incineroar,Chople Berry,Intimidate,Fake Out:Flare Blitz:Parting Shot:Will-O-Wisp,Fake Out,Flare Blitz,Parting Shot,Will-O-Wisp,Floette-Eternal:Sinistcha:Archaludon:Pelipper:Basculegion
2026-05-30,2026-05-30T12:00:02Z,pikalytics,gen9championsvgc2026regma,"Best Pokemon, teams, and builds in Pokemon Champions VGC 2026",https://pikalytics.com/pokedex/gen9championsvgc2026regma,17,6,Paghy,Paghy,8-0,8,0,0,8,100.00,Pado's Dojo Reg M-A Pratice #1 🍥,2026-05-19,1,1,34,https://play.limitlesstcg.com/tournament/6a0a405613f957d6d4b4a763/player/paghy/teamlist,https://play.limitlesstcg.com/tournament/6a0a405613f957d6d4b4a763/standings,Incineroar:Floette-Eternal:Sinistcha:Archaludon:Pelipper:Basculegion,2,Floette-Eternal,Eternal Flower Floette,Floettite,Flower Veil,Draining Kiss:Dazzling Gleam:Calm Mind:Protect,Draining Kiss,Dazzling Gleam,Calm Mind,Protect,Incineroar:Sinistcha:Archaludon:Pelipper:Basculegion
2026-05-30,2026-05-30T12:00:02Z,pikalytics,gen9championsvgc2026regma,"Best Pokemon, teams, and builds in Pokemon Champions VGC 2026",https://pikalytics.com/pokedex/gen9championsvgc2026regma,17,6,Paghy,Paghy,8-0,8,0,0,8,100.00,Pado's Dojo Reg M-A Pratice #1 🍥,2026-05-19,1,1,34,https://play.limitlesstcg.com/tournament/6a0a405613f957d6d4b4a763/player/paghy/teamlist,https://play.limitlesstcg.com/tournament/6a0a405613f957d6d4b4a763/standings,Incineroar:Floette-Eternal:Sinistcha:Archaludon:Pelipper:Basculegion,3,Sinistcha,Sinistcha,Colbur Berry,Hospitality,Matcha Gotcha:Rage Powder:Trick Room:Protect,Matcha Gotcha,Rage Powder,Trick Room,Protect,Incineroar:Floette-Eternal:Archaludon:Pelipper:Basculegion
2026-05-30,2026-05-30T12:00:02Z,pikalytics,gen9championsvgc2026regma,"Best Pokemon, teams, and builds in Pokemon Champions VGC 2026",https://pikalytics.com/pokedex/gen9championsvgc2026regma,17,6,Paghy,Paghy,8-0,8,0,0,8,100.00,Pado's Dojo Reg M-A Pratice #1 🍥,2026-05-19,1,1,34,https://play.limitlesstcg.com/tournament/6a0a405613f957d6d4b4a763/player/paghy/teamlist,https://play.limitlesstcg.com/tournament/6a0a405613f957d6d4b4a763/standings,Incineroar:Floette-Eternal:Sinistcha:Archaludon:Pelipper:Basculegion,4,Archaludon,Archaludon,Leftovers,Stamina,Flash Cannon:Electro Shot:Aura Sphere:Protect,Flash Cannon,Electro Shot,Aura Sphere,Protect,Incineroar:Floette-Eternal:Sinistcha:Pelipper:Basculegion
2026-05-30,2026-05-30T12:00:02Z,pikalytics,gen9championsvgc2026regma,"Best Pokemon, teams, and builds in Pokemon Champions VGC 2026",https://pikalytics.com/pokedex/gen9championsvgc2026regma,17,6,Paghy,Paghy,8-0,8,0,0,8,100.00,Pado's Dojo Reg M-A Pratice #1 🍥,2026-05-19,1,1,34,https://play.limitlesstcg.com/tournament/6a0a405613f957d6d4b4a763/player/paghy/teamlist,https://play.limitlesstcg.com/tournament/6a0a405613f957d6d4b4a763/standings,Incineroar:Floette-Eternal:Sinistcha:Archaludon:Pelipper:Basculegion,5,Pelipper,Pelipper,Sitrus Berry,Drizzle,Tailwind:Weather Ball:Hurricane:Rain Dance,Tailwind,Weather Ball,Hurricane,Rain Dance,Incineroar:Floette-Eternal:Sinistcha:Archaludon:Basculegion
2026-05-30,2026-05-30T12:00:02Z,pikalytics,gen9championsvgc2026regma,"Best Pokemon, teams, and builds in Pokemon Champions VGC 2026",https://pikalytics.com/pokedex/gen9championsvgc2026regma,17,6,Paghy,Paghy,8-0,8,0,0,8,100.00,Pado's Dojo Reg M-A Pratice #1 🍥,2026-05-19,1,1,34,https://play.limitlesstcg.com/tournament/6a0a405613f957d6d4b4a763/player/paghy/teamlist,https://play.limitlesstcg.com/tournament/6a0a405613f957d6d4b4a763/standings,Incineroar:Floette-Eternal:Sinistcha:Archaludon:Pelipper:Basculegion,6,Basculegion,Basculegion,Choice Scarf,Adaptability,Wave Crash:Last Respects:Flip Turn:Aqua Jet,Wave Crash,Last Respects,Flip Turn,Aqua Jet,Incineroar:Floette-Eternal:Sinistcha:Archaludon:Pelipper
2026-05-30,2026-05-30T12:00:02Z,pikalytics,gen9championsvgc2026regma,"Best Pokemon, teams, and builds in Pokemon Champions VGC 2026",https://pikalytics.com/pokedex/gen9championsvgc2026regma,18,6,Gustav H,Gustav H,8-0,8,0,0,8,100.00,Champions Tour LEPE #5,2026-05-19,1,1,33,https://play.limitlesstcg.com/tournament/6a05e7f713f957d6d4b47be8/player/mcminionulti/teamlist,https://play.limitlesstcg.com/tournament/6a05e7f713f957d6d4b47be8/standings,Froslass-Mega:Kingambit:Sneasler:Garchomp:Rotom-Wash:Talonflame,1,Froslass-Mega,Froslass,Froslassite,Cursed Body,Blizzard:Shadow Ball:Aurora Veil:Protect,Blizzard,Shadow Ball,Aurora Veil,Protect,Kingambit:Sneasler:Garchomp:Rotom-Wash:Talonflame
2026-05-30,2026-05-30T12:00:02Z,pikalytics,gen9championsvgc2026regma,"Best Pokemon, teams, and builds in Pokemon Champions VGC 2026",https://pikalytics.com/pokedex/gen9championsvgc2026regma,18,6,Gustav H,Gustav H,8-0,8,0,0,8,100.00,Champions Tour LEPE #5,2026-05-19,1,1,33,https://play.limitlesstcg.com/tournament/6a05e7f713f957d6d4b47be8/player/mcminionulti/teamlist,https://play.limitlesstcg.com/tournament/6a05e7f713f957d6d4b47be8/standings,Froslass-Mega:Kingambit:Sneasler:Garchomp:Rotom-Wash:Talonflame,2,Kingambit,Kingambit,Black Glasses,Defiant,Kowtow Cleave:Sucker Punch:Iron Head:Protect,Kowtow Cleave,Sucker Punch,Iron Head,Protect,Froslass-Mega:Sneasler:Garchomp:Rotom-Wash:Talonflame
2026-05-30,2026-05-30T12:00:02Z,pikalytics,gen9championsvgc2026regma,"Best Pokemon, teams, and builds in Pokemon Champions VGC 2026",https://pikalytics.com/pokedex/gen9championsvgc2026regma,18,6,Gustav H,Gustav H,8-0,8,0,0,8,100.00,Champions Tour LEPE #5,2026-05-19,1,1,33,https://play.limitlesstcg.com/tournament/6a05e7f713f957d6d4b47be8/player/mcminionulti/teamlist,https://play.limitlesstcg.com/tournament/6a05e7f713f957d6d4b47be8/standings,Froslass-Mega:Kingambit:Sneasler:Garchomp:Rotom-Wash:Talonflame,3,Sneasler,Sneasler,White Herb,Unburden,Close Combat:Dire Claw:Fake Out:Protect,Close Combat,Dire Claw,Fake Out,Protect,Froslass-Mega:Kingambit:Garchomp:Rotom-Wash:Talonflame
2026-05-30,2026-05-30T12:00:02Z,pikalytics,gen9championsvgc2026regma,"Best Pokemon, teams, and builds in Pokemon Champions VGC 2026",https://pikalytics.com/pokedex/gen9championsvgc2026regma,18,6,Gustav H,Gustav H,8-0,8,0,0,8,100.00,Champions Tour LEPE #5,2026-05-19,1,1,33,https://play.limitlesstcg.com/tournament/6a05e7f713f957d6d4b47be8/player/mcminionulti/teamlist,https://play.limitlesstcg.com/tournament/6a05e7f713f957d6d4b47be8/standings,Froslass-Mega:Kingambit:Sneasler:Garchomp:Rotom-Wash:Talonflame,4,Garchomp,Garchomp,Sitrus Berry,Rough Skin,Earthquake:Stomping Tantrum:Rock Slide:Protect,Earthquake,Stomping Tantrum,Rock Slide,Protect,Froslass-Mega:Kingambit:Sneasler:Rotom-Wash:Talonflame
2026-05-30,2026-05-30T12:00:02Z,pikalytics,gen9championsvgc2026regma,"Best Pokemon, teams, and builds in Pokemon Champions VGC 2026",https://pikalytics.com/pokedex/gen9championsvgc2026regma,18,6,Gustav H,Gustav H,8-0,8,0,0,8,100.00,Champions Tour LEPE #5,2026-05-19,1,1,33,https://play.limitlesstcg.com/tournament/6a05e7f713f957d6d4b47be8/player/mcminionulti/teamlist,https://play.limitlesstcg.com/tournament/6a05e7f713f957d6d4b47be8/standings,Froslass-Mega:Kingambit:Sneasler:Garchomp:Rotom-Wash:Talonflame,5,Rotom-Wash,Wash Rotom,Leftovers,Levitate,Hydro Pump:Thunderbolt:Will-O-Wisp:Protect,Hydro Pump,Thunderbolt,Will-O-Wisp,Protect,Froslass-Mega:Kingambit:Sneasler:Garchomp:Talonflame
2026-05-30,2026-05-30T12:00:02Z,pikalytics,gen9championsvgc2026regma,"Best Pokemon, teams, and builds in Pokemon Champions VGC 2026",https://pikalytics.com/pokedex/gen9championsvgc2026regma,18,6,Gustav H,Gustav H,8-0,8,0,0,8,100.00,Champions Tour LEPE #5,2026-05-19,1,1,33,https://play.limitlesstcg.com/tournament/6a05e7f713f957d6d4b47be8/player/mcminionulti/teamlist,https://play.limitlesstcg.com/tournament/6a05e7f713f957d6d4b47be8/standings,Froslass-Mega:Kingambit:Sneasler:Garchomp:Rotom-Wash:Talonflame,6,Talonflame,Talonflame,Sharp Beak,Gale Wings,Brave Bird:Flare Blitz:Tailwind:Protect,Brave Bird,Flare Blitz,Tailwind,Protect,Froslass-Mega:Kingambit:Sneasler:Garchomp:Rotom-Wash
2026-05-29,2026-05-29T12:00:03Z,pikalytics,gen9championsvgc2026regma,"Best Pokemon, Teams and Builds in Pokemon Champions",https://pikalytics.com/pokedex/gen9championsvgc2026regma,4,6,Feis,Feis,11 - 0 - 0,11,0,0,11,100.00,Alpensee Tour (Reg M-A) #58,2026-05-20,1,1,74,https://play.limitlesstcg.com/tournament/69f62816e23aab068aad8a2d/player/feis/teamlist,https://play.limitlesstcg.com/tournament/69f62816e23aab068aad8a2d/standings,Floette-Eternal:Basculegion:Whimsicott:Incineroar:Sneasler:Skarmory,1,Floette-Eternal,Eternal Flower Floette,Floettite,Flower Veil,Light of Ruin:Moonblast:Dazzling Gleam:Protect,Light of Ruin,Moonblast,Dazzling Gleam,Protect,Basculegion:Whimsicott:Incineroar:Sneasler:Skarmory
2026-05-29,2026-05-29T12:00:03Z,pikalytics,gen9championsvgc2026regma,"Best Pokemon, Teams and Builds in Pokemon Champions",https://pikalytics.com/pokedex/gen9championsvgc2026regma,4,6,Feis,Feis,11 - 0 - 0,11,0,0,11,100.00,Alpensee Tour (Reg M-A) #58,2026-05-20,1,1,74,https://play.limitlesstcg.com/tournament/69f62816e23aab068aad8a2d/player/feis/teamlist,https://play.limitlesstcg.com/tournament/69f62816e23aab068aad8a2d/standings,Floette-Eternal:Basculegion:Whimsicott:Incineroar:Sneasler:Skarmory,2,Basculegion,Basculegion,Focus Sash,Adaptability,Aqua Jet:Liquidation:Last Respects:Protect,Aqua Jet,Liquidation,Last Respects,Protect,Floette-Eternal:Whimsicott:Incineroar:Sneasler:Skarmory
2026-05-29,2026-05-29T12:00:03Z,pikalytics,gen9championsvgc2026regma,"Best Pokemon, Teams and Builds in Pokemon Champions",https://pikalytics.com/pokedex/gen9championsvgc2026regma,4,6,Feis,Feis,11 - 0 - 0,11,0,0,11,100.00,Alpensee Tour (Reg M-A) #58,2026-05-20,1,1,74,https://play.limitlesstcg.com/tournament/69f62816e23aab068aad8a2d/player/feis/teamlist,https://play.limitlesstcg.com/tournament/69f62816e23aab068aad8a2d/standings,Floette-Eternal:Basculegion:Whimsicott:Incineroar:Sneasler:Skarmory,3,Whimsicott,Whimsicott,Fairy Feather,Prankster,Protect:Encore:Moonblast:Tailwind,Protect,Encore,Moonblast,Tailwind,Floette-Eternal:Basculegion:Incineroar:Sneasler:Skarmory
2026-05-29,2026-05-29T12:00:03Z,pikalytics,gen9championsvgc2026regma,"Best Pokemon, Teams and Builds in Pokemon Champions",https://pikalytics.com/pokedex/gen9championsvgc2026regma,4,6,Feis,Feis,11 - 0 - 0,11,0,0,11,100.00,Alpensee Tour (Reg M-A) #58,2026-05-20,1,1,74,https://play.limitlesstcg.com/tournament/69f62816e23aab068aad8a2d/player/feis/teamlist,https://play.limitlesstcg.com/tournament/69f62816e23aab068aad8a2d/standings,Floette-Eternal:Basculegion:Whimsicott:Incineroar:Sneasler:Skarmory,4,Incineroar,Incineroar,Charcoal,Intimidate,Fake Out:Flare Blitz:Throat Chop:Protect,Fake Out,Flare Blitz,Throat Chop,Protect,Floette-Eternal:Basculegion:Whimsicott:Sneasler:Skarmory
2026-05-29,2026-05-29T12:00:03Z,pikalytics,gen9championsvgc2026regma,"Best Pokemon, Teams and Builds in Pokemon Champions",https://pikalytics.com/pokedex/gen9championsvgc2026regma,4,6,Feis,Feis,11 - 0 - 0,11,0,0,11,100.00,Alpensee Tour (Reg M-A) #58,2026-05-20,1,1,74,https://play.limitlesstcg.com/tournament/69f62816e23aab068aad8a2d/player/feis/teamlist,https://play.limitlesstcg.com/tournament/69f62816e23aab068aad8a2d/standings,Floette-Eternal:Basculegion:Whimsicott:Incineroar:Sneasler:Skarmory,5,Sneasler,Sneasler,White Herb,Unburden,Close Combat:Fake Out:Dire Claw:Protect,Close Combat,Fake Out,Dire Claw,Protect,Floette-Eternal:Basculegion:Whimsicott:Incineroar:Skarmory
2026-05-29,2026-05-29T12:00:03Z,pikalytics,gen9championsvgc2026regma,"Best Pokemon, Teams and Builds in Pokemon Champions",https://pikalytics.com/pokedex/gen9championsvgc2026regma,4,6,Feis,Feis,11 - 0 - 0,11,0,0,11,100.00,Alpensee Tour (Reg M-A) #58,2026-05-20,1,1,74,https://play.limitlesstcg.com/tournament/69f62816e23aab068aad8a2d/player/feis/teamlist,https://play.limitlesstcg.com/tournament/69f62816e23aab068aad8a2d/standings,Floette-Eternal:Basculegion:Whimsicott:Incineroar:Sneasler:Skarmory,6,Skarmory,Skarmory,Skarmorite,Sturdy,Iron Head:Brave Bird:Rock Tomb:Protect,Iron Head,Brave Bird,Rock Tomb,Protect,Floette-Eternal:Basculegion:Whimsicott:Incineroar:Sneasler
2026-06-17,2026-06-17T12:00:03Z,pikalytics,gen9championsvgc2026regma,"Best Pokemon, teams, and builds in Pokemon Champions VGC 2026",https://pikalytics.com/pokedex/gen9championsvgc2026regma,15,6,Feis,Feis,11-0,11,0,0,11,100.00,Alpensee Tour (Reg M-A) #58,2026-05-20,1,1,74,https://play.limitlesstcg.com/tournament/69f62816e23aab068aad8a2d/player/feis/teamlist,https://play.limitlesstcg.com/tournament/69f62816e23aab068aad8a2d/standings,Floette-Eternal:Basculegion:Whimsicott:Incineroar:Sneasler:Skarmory-Mega,1,Floette-Eternal,Eternal Flower Floette,Floettite,Flower Veil,Light of Ruin:Moonblast:Dazzling Gleam:Protect,Light of Ruin,Moonblast,Dazzling Gleam,Protect,Basculegion:Whimsicott:Incineroar:Sneasler:Skarmory-Mega
2026-06-17,2026-06-17T12:00:03Z,pikalytics,gen9championsvgc2026regma,"Best Pokemon, teams, and builds in Pokemon Champions VGC 2026",https://pikalytics.com/pokedex/gen9championsvgc2026regma,15,6,Feis,Feis,11-0,11,0,0,11,100.00,Alpensee Tour (Reg M-A) #58,2026-05-20,1,1,74,https://play.limitlesstcg.com/tournament/69f62816e23aab068aad8a2d/player/feis/teamlist,https://play.limitlesstcg.com/tournament/69f62816e23aab068aad8a2d/standings,Floette-Eternal:Basculegion:Whimsicott:Incineroar:Sneasler:Skarmory-Mega,2,Basculegion,Basculegion,Focus Sash,Adaptability,Aqua Jet:Liquidation:Last Respects:Protect,Aqua Jet,Liquidation,Last Respects,Protect,Floette-Eternal:Whimsicott:Incineroar:Sneasler:Skarmory-Mega
2026-06-17,2026-06-17T12:00:03Z,pikalytics,gen9championsvgc2026regma,"Best Pokemon, teams, and builds in Pokemon Champions VGC 2026",https://pikalytics.com/pokedex/gen9championsvgc2026regma,15,6,Feis,Feis,11-0,11,0,0,11,100.00,Alpensee Tour (Reg M-A) #58,2026-05-20,1,1,74,https://play.limitlesstcg.com/tournament/69f62816e23aab068aad8a2d/player/feis/teamlist,https://play.limitlesstcg.com/tournament/69f62816e23aab068aad8a2d/standings,Floette-Eternal:Basculegion:Whimsicott:Incineroar:Sneasler:Skarmory-Mega,3,Whimsicott,Whimsicott,Fairy Feather,Prankster,Protect:Encore:Moonblast:Tailwind,Protect,Encore,Moonblast,Tailwind,Floette-Eternal:Basculegion:Incineroar:Sneasler:Skarmory-Mega
2026-06-17,2026-06-17T12:00:03Z,pikalytics,gen9championsvgc2026regma,"Best Pokemon, teams, and builds in Pokemon Champions VGC 2026",https://pikalytics.com/pokedex/gen9championsvgc2026regma,15,6,Feis,Feis,11-0,11,0,0,11,100.00,Alpensee Tour (Reg M-A) #58,2026-05-20,1,1,74,https://play.limitlesstcg.com/tournament/69f62816e23aab068aad8a2d/player/feis/teamlist,https://play.limitlesstcg.com/tournament/69f62816e23aab068aad8a2d/standings,Floette-Eternal:Basculegion:Whimsicott:Incineroar:Sneasler:Skarmory-Mega,4,Incineroar,Incineroar,Charcoal,Intimidate,Fake Out:Flare Blitz:Throat Chop:Protect,Fake Out,Flare Blitz,Throat Chop,Protect,Floette-Eternal:Basculegion:Whimsicott:Sneasler:Skarmory-Mega
2026-06-17,2026-06-17T12:00:03Z,pikalytics,gen9championsvgc2026regma,"Best Pokemon, teams, and builds in Pokemon Champions VGC 2026",https://pikalytics.com/pokedex/gen9championsvgc2026regma,15,6,Feis,Feis,11-0,11,0,0,11,100.00,Alpensee Tour (Reg M-A) #58,2026-05-20,1,1,74,https://play.limitlesstcg.com/tournament/69f62816e23aab068aad8a2d/player/feis/teamlist,https://play.limitlesstcg.com/tournament/69f62816e23aab068aad8a2d/standings,Floette-Eternal:Basculegion:Whimsicott:Incineroar:Sneasler:Skarmory-Mega,5,Sneasler,Sneasler,White Herb,Unburden,Close Combat:Fake Out:Dire Claw:Protect,Close Combat,Fake Out,Dire Claw,Protect,Floette-Eternal:Basculegion:Whimsicott:Incineroar:Skarmory-Mega
2026-06-17,2026-06-17T12:00:03Z,pikalytics,gen9championsvgc2026regma,"Best Pokemon, teams, and builds in Pokemon Champions VGC 2026",https://pikalytics.com/pokedex/gen9championsvgc2026regma,15,6,Feis,Feis,11-0,11,0,0,11,100.00,Alpensee Tour (Reg M-A) #58,2026-05-20,1,1,74,https://play.limitlesstcg.com/tournament/69f62816e23aab068aad8a2d/player/feis/teamlist,https://play.limitlesstcg.com/tournament/69f62816e23aab068aad8a2d/standings,Floette-Eternal:Basculegion:Whimsicott:Incineroar:Sneasler:Skarmory-Mega,6,Skarmory-Mega,Skarmory,Skarmorite,Sturdy,Iron Head:Brave Bird:Rock Tomb:Protect,Iron Head,Brave Bird,Rock Tomb,Protect,Floette-Eternal:Basculegion:Whimsicott:Incineroar:Sneasler
2026-05-28,2026-05-28T12:00:02Z,pikalytics,gen9championsvgc2026regma,"Best Pokemon, Teams and Builds in Pokemon Champions",https://pikalytics.com/pokedex/gen9championsvgc2026regma,19,6,Altkyle,Altkyle,9-1,9,1,0,10,90.00,*Sitrus-Series*|Champions|#59,2026-05-20,1,1,51,https://play.limitlesstcg.com/tournament/6a072608dfbdf089cbbdaa89/player/altkyle/teamlist,https://play.limitlesstcg.com/tournament/6a072608dfbdf089cbbdaa89/standings,Dragonite-Mega:Basculegion:Scizor-Mega:Archaludon:Pelipper:Incineroar,1,Dragonite-Mega,Dragonite,Dragoninite,Inner Focus,Dragon Pulse:Hurricane:Flamethrower:Tailwind,Dragon Pulse,Hurricane,Flamethrower,Tailwind,Basculegion:Scizor-Mega:Archaludon:Pelipper:Incineroar
2026-05-28,2026-05-28T12:00:02Z,pikalytics,gen9championsvgc2026regma,"Best Pokemon, Teams and Builds in Pokemon Champions",https://pikalytics.com/pokedex/gen9championsvgc2026regma,19,6,Altkyle,Altkyle,9-1,9,1,0,10,90.00,*Sitrus-Series*|Champions|#59,2026-05-20,1,1,51,https://play.limitlesstcg.com/tournament/6a072608dfbdf089cbbdaa89/player/altkyle/teamlist,https://play.limitlesstcg.com/tournament/6a072608dfbdf089cbbdaa89/standings,Dragonite-Mega:Basculegion:Scizor-Mega:Archaludon:Pelipper:Incineroar,2,Basculegion,Basculegion,Choice Scarf,Adaptability,Wave Crash:Last Respects:Aqua Jet:Flip Turn,Wave Crash,Last Respects,Aqua Jet,Flip Turn,Dragonite-Mega:Scizor-Mega:Archaludon:Pelipper:Incineroar
2026-05-28,2026-05-28T12:00:02Z,pikalytics,gen9championsvgc2026regma,"Best Pokemon, Teams and Builds in Pokemon Champions",https://pikalytics.com/pokedex/gen9championsvgc2026regma,19,6,Altkyle,Altkyle,9-1,9,1,0,10,90.00,*Sitrus-Series*|Champions|#59,2026-05-20,1,1,51,https://play.limitlesstcg.com/tournament/6a072608dfbdf089cbbdaa89/player/altkyle/teamlist,https://play.limitlesstcg.com/tournament/6a072608dfbdf089cbbdaa89/standings,Dragonite-Mega:Basculegion:Scizor-Mega:Archaludon:Pelipper:Incineroar,3,Scizor-Mega,Scizor,Scizorite,Technician,Bullet Punch:Close Combat:Swords Dance:Protect,Bullet Punch,Close Combat,Swords Dance,Protect,Dragonite-Mega:Basculegion:Archaludon:Pelipper:Incineroar
2026-05-28,2026-05-28T12:00:02Z,pikalytics,gen9championsvgc2026regma,"Best Pokemon, Teams and Builds in Pokemon Champions",https://pikalytics.com/pokedex/gen9championsvgc2026regma,19,6,Altkyle,Altkyle,9-1,9,1,0,10,90.00,*Sitrus-Series*|Champions|#59,2026-05-20,1,1,51,https://play.limitlesstcg.com/tournament/6a072608dfbdf089cbbdaa89/player/altkyle/teamlist,https://play.limitlesstcg.com/tournament/6a072608dfbdf089cbbdaa89/standings,Dragonite-Mega:Basculegion:Scizor-Mega:Archaludon:Pelipper:Incineroar,4,Archaludon,Archaludon,Chople Berry,Stamina,Electro Shot:Dragon Pulse:Aura Sphere:Protect,Electro Shot,Dragon Pulse,Aura Sphere,Protect,Dragonite-Mega:Basculegion:Scizor-Mega:Pelipper:Incineroar
2026-05-28,2026-05-28T12:00:02Z,pikalytics,gen9championsvgc2026regma,"Best Pokemon, Teams and Builds in Pokemon Champions",https://pikalytics.com/pokedex/gen9championsvgc2026regma,19,6,Altkyle,Altkyle,9-1,9,1,0,10,90.00,*Sitrus-Series*|Champions|#59,2026-05-20,1,1,51,https://play.limitlesstcg.com/tournament/6a072608dfbdf089cbbdaa89/player/altkyle/teamlist,https://play.limitlesstcg.com/tournament/6a072608dfbdf089cbbdaa89/standings,Dragonite-Mega:Basculegion:Scizor-Mega:Archaludon:Pelipper:Incineroar,5,Pelipper,Pelipper,Focus Sash,Drizzle,Hurricane:Weather Ball:Tailwind:Protect,Hurricane,Weather Ball,Tailwind,Protect,Dragonite-Mega:Basculegion:Scizor-Mega:Archaludon:Incineroar
2026-05-28,2026-05-28T12:00:02Z,pikalytics,gen9championsvgc2026regma,"Best Pokemon, Teams and Builds in Pokemon Champions",https://pikalytics.com/pokedex/gen9championsvgc2026regma,19,6,Altkyle,Altkyle,9-1,9,1,0,10,90.00,*Sitrus-Series*|Champions|#59,2026-05-20,1,1,51,https://play.limitlesstcg.com/tournament/6a072608dfbdf089cbbdaa89/player/altkyle/teamlist,https://play.limitlesstcg.com/tournament/6a072608dfbdf089cbbdaa89/standings,Dragonite-Mega:Basculegion:Scizor-Mega:Archaludon:Pelipper:Incineroar,6,Incineroar,Incineroar,Sitrus Berry,Intimidate,Fake Out:Flare Blitz:Throat Chop:Parting Shot,Fake Out,Flare Blitz,Throat Chop,Parting Shot,Dragonite-Mega:Basculegion:Scizor-Mega:Archaludon:Pelipper
2026-06-01,2026-06-01T12:00:02Z,pikalytics,gen9championsvgc2026regma,"Best Pokemon, teams, and builds in Pokemon Champions VGC 2026",https://pikalytics.com/pokedex/gen9championsvgc2026regma,11,6,TypNull07,TypNull07,7-0,7,0,0,7,100.00,[REG M-A] LearningtoSam's Weekly,2026-05-21,1,1,22,https://play.limitlesstcg.com/tournament/6a0b24c113f957d6d4b4ac3a/player/typnull07/teamlist,https://play.limitlesstcg.com/tournament/6a0b24c113f957d6d4b4ac3a/standings,Excadrill:Tyranitar-Mega:Corviknight:Hydreigon:Rotom-Wash:Mimikyu,1,Excadrill,Excadrill,Focus Sash,Sand Rush,Iron Head:Earthquake:Rock Slide:Protect,Iron Head,Earthquake,Rock Slide,Protect,Tyranitar-Mega:Corviknight:Hydreigon:Rotom-Wash:Mimikyu
2026-06-01,2026-06-01T12:00:02Z,pikalytics,gen9championsvgc2026regma,"Best Pokemon, teams, and builds in Pokemon Champions VGC 2026",https://pikalytics.com/pokedex/gen9championsvgc2026regma,11,6,TypNull07,TypNull07,7-0,7,0,0,7,100.00,[REG M-A] LearningtoSam's Weekly,2026-05-21,1,1,22,https://play.limitlesstcg.com/tournament/6a0b24c113f957d6d4b4ac3a/player/typnull07/teamlist,https://play.limitlesstcg.com/tournament/6a0b24c113f957d6d4b4ac3a/standings,Excadrill:Tyranitar-Mega:Corviknight:Hydreigon:Rotom-Wash:Mimikyu,2,Tyranitar-Mega,Tyranitar,Tyranitarite,Sand Stream,Rock Slide:Knock Off:Low Kick:Protect,Rock Slide,Knock Off,Low Kick,Protect,Excadrill:Corviknight:Hydreigon:Rotom-Wash:Mimikyu
2026-06-01,2026-06-01T12:00:02Z,pikalytics,gen9championsvgc2026regma,"Best Pokemon, teams, and builds in Pokemon Champions VGC 2026",https://pikalytics.com/pokedex/gen9championsvgc2026regma,11,6,TypNull07,TypNull07,7-0,7,0,0,7,100.00,[REG M-A] LearningtoSam's Weekly,2026-05-21,1,1,22,https://play.limitlesstcg.com/tournament/6a0b24c113f957d6d4b4ac3a/player/typnull07/teamlist,https://play.limitlesstcg.com/tournament/6a0b24c113f957d6d4b4ac3a/standings,Excadrill:Tyranitar-Mega:Corviknight:Hydreigon:Rotom-Wash:Mimikyu,3,Corviknight,Corviknight,Leftovers,Mirror Armor,Brave Bird:Body Press:Bulk Up:Tailwind,Brave Bird,Body Press,Bulk Up,Tailwind,Excadrill:Tyranitar-Mega:Hydreigon:Rotom-Wash:Mimikyu
2026-06-01,2026-06-01T12:00:02Z,pikalytics,gen9championsvgc2026regma,"Best Pokemon, teams, and builds in Pokemon Champions VGC 2026",https://pikalytics.com/pokedex/gen9championsvgc2026regma,11,6,TypNull07,TypNull07,7-0,7,0,0,7,100.00,[REG M-A] LearningtoSam's Weekly,2026-05-21,1,1,22,https://play.limitlesstcg.com/tournament/6a0b24c113f957d6d4b4ac3a/player/typnull07/teamlist,https://play.limitlesstcg.com/tournament/6a0b24c113f957d6d4b4ac3a/standings,Excadrill:Tyranitar-Mega:Corviknight:Hydreigon:Rotom-Wash:Mimikyu,4,Hydreigon,Hydreigon,Choice Scarf,Levitate,Dark Pulse:Draco Meteor:Heat Wave:Snarl,Dark Pulse,Draco Meteor,Heat Wave,Snarl,Excadrill:Tyranitar-Mega:Corviknight:Rotom-Wash:Mimikyu
2026-06-01,2026-06-01T12:00:02Z,pikalytics,gen9championsvgc2026regma,"Best Pokemon, teams, and builds in Pokemon Champions VGC 2026",https://pikalytics.com/pokedex/gen9championsvgc2026regma,11,6,TypNull07,TypNull07,7-0,7,0,0,7,100.00,[REG M-A] LearningtoSam's Weekly,2026-05-21,1,1,22,https://play.limitlesstcg.com/tournament/6a0b24c113f957d6d4b4ac3a/player/typnull07/teamlist,https://play.limitlesstcg.com/tournament/6a0b24c113f957d6d4b4ac3a/standings,Excadrill:Tyranitar-Mega:Corviknight:Hydreigon:Rotom-Wash:Mimikyu,5,Rotom-Wash,Wash Rotom,Sitrus Berry,Levitate,Thunderbolt:Hydro Pump:Will-O-Wisp:Protect,Thunderbolt,Hydro Pump,Will-O-Wisp,Protect,Excadrill:Tyranitar-Mega:Corviknight:Hydreigon:Mimikyu
2026-06-01,2026-06-01T12:00:02Z,pikalytics,gen9championsvgc2026regma,"Best Pokemon, teams, and builds in Pokemon Champions VGC 2026",https://pikalytics.com/pokedex/gen9championsvgc2026regma,11,6,TypNull07,TypNull07,7-0,7,0,0,7,100.00,[REG M-A] LearningtoSam's Weekly,2026-05-21,1,1,22,https://play.limitlesstcg.com/tournament/6a0b24c113f957d6d4b4ac3a/player/typnull07/teamlist,https://play.limitlesstcg.com/tournament/6a0b24c113f957d6d4b4ac3a/standings,Excadrill:Tyranitar-Mega:Corviknight:Hydreigon:Rotom-Wash:Mimikyu,6,Mimikyu,Mimikyu,Fairy Feather,Disguise,Shadow Claw:Shadow Sneak:Play Rough:Protect,Shadow Claw,Shadow Sneak,Play Rough,Protect,Excadrill:Tyranitar-Mega:Corviknight:Hydreigon:Rotom-Wash
2026-05-29,2026-05-29T12:00:03Z,pikalytics,gen9championsvgc2026regma,"Best Pokemon, Teams and Builds in Pokemon Champions",https://pikalytics.com/pokedex/gen9championsvgc2026regma,14,6,Kotori,Kotori,8 - 0 - 0,8,0,0,8,100.00,WARTORTLE WEDNESDAYS #60 REG M-A BO3 SWISS,2026-05-21,1,1,15,https://play.limitlesstcg.com/tournament/6a0a8e49dfbdf089cbbdc825/player/kotori/teamlist,https://play.limitlesstcg.com/tournament/6a0a8e49dfbdf089cbbdc825/standings,Whimsicott:Incineroar:Garchomp:Maushold:Floette-Eternal:Basculegion,1,Whimsicott,Whimsicott,Sitrus Berry,Prankster,Moonblast:Tailwind:Tickle:Light Screen,Moonblast,Tailwind,Tickle,Light Screen,Incineroar:Garchomp:Maushold:Floette-Eternal:Basculegion
2026-05-29,2026-05-29T12:00:03Z,pikalytics,gen9championsvgc2026regma,"Best Pokemon, Teams and Builds in Pokemon Champions",https://pikalytics.com/pokedex/gen9championsvgc2026regma,14,6,Kotori,Kotori,8 - 0 - 0,8,0,0,8,100.00,WARTORTLE WEDNESDAYS #60 REG M-A BO3 SWISS,2026-05-21,1,1,15,https://play.limitlesstcg.com/tournament/6a0a8e49dfbdf089cbbdc825/player/kotori/teamlist,https://play.limitlesstcg.com/tournament/6a0a8e49dfbdf089cbbdc825/standings,Whimsicott:Incineroar:Garchomp:Maushold:Floette-Eternal:Basculegion,2,Incineroar,Incineroar,Passho Berry,Intimidate,Darkest Lariat:Fake Out:Flare Blitz:Parting Shot,Darkest Lariat,Fake Out,Flare Blitz,Parting Shot,Whimsicott:Garchomp:Maushold:Floette-Eternal:Basculegion
2026-05-29,2026-05-29T12:00:03Z,pikalytics,gen9championsvgc2026regma,"Best Pokemon, Teams and Builds in Pokemon Champions",https://pikalytics.com/pokedex/gen9championsvgc2026regma,14,6,Kotori,Kotori,8 - 0 - 0,8,0,0,8,100.00,WARTORTLE WEDNESDAYS #60 REG M-A BO3 SWISS,2026-05-21,1,1,15,https://play.limitlesstcg.com/tournament/6a0a8e49dfbdf089cbbdc825/player/kotori/teamlist,https://play.limitlesstcg.com/tournament/6a0a8e49dfbdf089cbbdc825/standings,Whimsicott:Incineroar:Garchomp:Maushold:Floette-Eternal:Basculegion,3,Garchomp,Garchomp,White Herb,Rough Skin,Dragon Claw:Stomping Tantrum:Rock Tomb:Protect,Dragon Claw,Stomping Tantrum,Rock Tomb,Protect,Whimsicott:Incineroar:Maushold:Floette-Eternal:Basculegion
2026-05-29,2026-05-29T12:00:03Z,pikalytics,gen9championsvgc2026regma,"Best Pokemon, Teams and Builds in Pokemon Champions",https://pikalytics.com/pokedex/gen9championsvgc2026regma,14,6,Kotori,Kotori,8 - 0 - 0,8,0,0,8,100.00,WARTORTLE WEDNESDAYS #60 REG M-A BO3 SWISS,2026-05-21,1,1,15,https://play.limitlesstcg.com/tournament/6a0a8e49dfbdf089cbbdc825/player/kotori/teamlist,https://play.limitlesstcg.com/tournament/6a0a8e49dfbdf089cbbdc825/standings,Whimsicott:Incineroar:Garchomp:Maushold:Floette-Eternal:Basculegion,4,Maushold,Maushold,Chople Berry,Friend Guard,Super Fang:Feint:Follow Me:Protect,Super Fang,Feint,Follow Me,Protect,Whimsicott:Incineroar:Garchomp:Floette-Eternal:Basculegion
2026-05-29,2026-05-29T12:00:03Z,pikalytics,gen9championsvgc2026regma,"Best Pokemon, Teams and Builds in Pokemon Champions",https://pikalytics.com/pokedex/gen9championsvgc2026regma,14,6,Kotori,Kotori,8 - 0 - 0,8,0,0,8,100.00,WARTORTLE WEDNESDAYS #60 REG M-A BO3 SWISS,2026-05-21,1,1,15,https://play.limitlesstcg.com/tournament/6a0a8e49dfbdf089cbbdc825/player/kotori/teamlist,https://play.limitlesstcg.com/tournament/6a0a8e49dfbdf089cbbdc825/standings,Whimsicott:Incineroar:Garchomp:Maushold:Floette-Eternal:Basculegion,5,Floette-Eternal,Eternal Flower Floette,Floettite,Flower Veil,Moonblast:Dazzling Gleam:Calm Mind:Protect,Moonblast,Dazzling Gleam,Calm Mind,Protect,Whimsicott:Incineroar:Garchomp:Maushold:Basculegion
2026-05-29,2026-05-29T12:00:03Z,pikalytics,gen9championsvgc2026regma,"Best Pokemon, Teams and Builds in Pokemon Champions",https://pikalytics.com/pokedex/gen9championsvgc2026regma,14,6,Kotori,Kotori,8 - 0 - 0,8,0,0,8,100.00,WARTORTLE WEDNESDAYS #60 REG M-A BO3 SWISS,2026-05-21,1,1,15,https://play.limitlesstcg.com/tournament/6a0a8e49dfbdf089cbbdc825/player/kotori/teamlist,https://play.limitlesstcg.com/tournament/6a0a8e49dfbdf089cbbdc825/standings,Whimsicott:Incineroar:Garchomp:Maushold:Floette-Eternal:Basculegion,6,Basculegion,Basculegion,Focus Sash,Adaptability,Liquidation:Aqua Jet:Last Respects:Protect,Liquidation,Aqua Jet,Last Respects,Protect,Whimsicott:Incineroar:Garchomp:Maushold:Floette-Eternal
2026-05-29,2026-05-29T12:00:03Z,pikalytics,gen9championsvgc2026regma,"Best Pokemon, Teams and Builds in Pokemon Champions",https://pikalytics.com/pokedex/gen9championsvgc2026regma,1,6,ARegularGuy,ARegularGuy,13 - 0 - 0,13,0,0,13,100.00,Maddo's Cup #8 | 100€ for the Winner | Reg M-A,2026-05-23,1,1,162,https://play.limitlesstcg.com/tournament/69d54e0c800d329be2e74f86/player/aregularguy/teamlist,https://play.limitlesstcg.com/tournament/69d54e0c800d329be2e74f86/standings,Sylveon:Garchomp:Charizard-Mega-Y:Whimsicott:Dragonite:Kingambit,1,Sylveon,Sylveon,Fairy Feather,Pixilate,Hyper Voice:Moonblast:Detect:Quick Attack,Hyper Voice,Moonblast,Detect,Quick Attack,Garchomp:Charizard-Mega-Y:Whimsicott:Dragonite:Kingambit
2026-05-29,2026-05-29T12:00:03Z,pikalytics,gen9championsvgc2026regma,"Best Pokemon, Teams and Builds in Pokemon Champions",https://pikalytics.com/pokedex/gen9championsvgc2026regma,1,6,ARegularGuy,ARegularGuy,13 - 0 - 0,13,0,0,13,100.00,Maddo's Cup #8 | 100€ for the Winner | Reg M-A,2026-05-23,1,1,162,https://play.limitlesstcg.com/tournament/69d54e0c800d329be2e74f86/player/aregularguy/teamlist,https://play.limitlesstcg.com/tournament/69d54e0c800d329be2e74f86/standings,Sylveon:Garchomp:Charizard-Mega-Y:Whimsicott:Dragonite:Kingambit,2,Garchomp,Garchomp,Roseli Berry,Rough Skin,Earthquake:Dragon Claw:Rock Slide:Poison Jab,Earthquake,Dragon Claw,Rock Slide,Poison Jab,Sylveon:Charizard-Mega-Y:Whimsicott:Dragonite:Kingambit
2026-05-29,2026-05-29T12:00:03Z,pikalytics,gen9championsvgc2026regma,"Best Pokemon, Teams and Builds in Pokemon Champions",https://pikalytics.com/pokedex/gen9championsvgc2026regma,1,6,ARegularGuy,ARegularGuy,13 - 0 - 0,13,0,0,13,100.00,Maddo's Cup #8 | 100€ for the Winner | Reg M-A,2026-05-23,1,1,162,https://play.limitlesstcg.com/tournament/69d54e0c800d329be2e74f86/player/aregularguy/teamlist,https://play.limitlesstcg.com/tournament/69d54e0c800d329be2e74f86/standings,Sylveon:Garchomp:Charizard-Mega-Y:Whimsicott:Dragonite:Kingambit,3,Charizard-Mega-Y,Charizard,Charizardite Y,Blaze,Heat Wave:Weather Ball:Solar Beam:Protect,Heat Wave,Weather Ball,Solar Beam,Protect,Sylveon:Garchomp:Whimsicott:Dragonite:Kingambit
2026-05-29,2026-05-29T12:00:03Z,pikalytics,gen9championsvgc2026regma,"Best Pokemon, Teams and Builds in Pokemon Champions",https://pikalytics.com/pokedex/gen9championsvgc2026regma,1,6,ARegularGuy,ARegularGuy,13 - 0 - 0,13,0,0,13,100.00,Maddo's Cup #8 | 100€ for the Winner | Reg M-A,2026-05-23,1,1,162,https://play.limitlesstcg.com/tournament/69d54e0c800d329be2e74f86/player/aregularguy/teamlist,https://play.limitlesstcg.com/tournament/69d54e0c800d329be2e74f86/standings,Sylveon:Garchomp:Charizard-Mega-Y:Whimsicott:Dragonite:Kingambit,4,Whimsicott,Whimsicott,Focus Sash,Prankster,Tailwind:Moonblast:Encore:Grass Knot,Tailwind,Moonblast,Encore,Grass Knot,Sylveon:Garchomp:Charizard-Mega-Y:Dragonite:Kingambit
2026-05-29,2026-05-29T12:00:03Z,pikalytics,gen9championsvgc2026regma,"Best Pokemon, Teams and Builds in Pokemon Champions",https://pikalytics.com/pokedex/gen9championsvgc2026regma,1,6,ARegularGuy,ARegularGuy,13 - 0 - 0,13,0,0,13,100.00,Maddo's Cup #8 | 100€ for the Winner | Reg M-A,2026-05-23,1,1,162,https://play.limitlesstcg.com/tournament/69d54e0c800d329be2e74f86/player/aregularguy/teamlist,https://play.limitlesstcg.com/tournament/69d54e0c800d329be2e74f86/standings,Sylveon:Garchomp:Charizard-Mega-Y:Whimsicott:Dragonite:Kingambit,5,Dragonite,Dragonite,Dragoninite,Multiscale,Dragon Pulse:Heat Wave:Thunderbolt:Protect,Dragon Pulse,Heat Wave,Thunderbolt,Protect,Sylveon:Garchomp:Charizard-Mega-Y:Whimsicott:Kingambit
2026-05-29,2026-05-29T12:00:03Z,pikalytics,gen9championsvgc2026regma,"Best Pokemon, Teams and Builds in Pokemon Champions",https://pikalytics.com/pokedex/gen9championsvgc2026regma,1,6,ARegularGuy,ARegularGuy,13 - 0 - 0,13,0,0,13,100.00,Maddo's Cup #8 | 100€ for the Winner | Reg M-A,2026-05-23,1,1,162,https://play.limitlesstcg.com/tournament/69d54e0c800d329be2e74f86/player/aregularguy/teamlist,https://play.limitlesstcg.com/tournament/69d54e0c800d329be2e74f86/standings,Sylveon:Garchomp:Charizard-Mega-Y:Whimsicott:Dragonite:Kingambit,6,Kingambit,Kingambit,Chople Berry,Defiant,Kowtow Cleave:Sucker Punch:Iron Head:Low Kick,Kowtow Cleave,Sucker Punch,Iron Head,Low Kick,Sylveon:Garchomp:Charizard-Mega-Y:Whimsicott:Dragonite
2026-06-17,2026-06-17T12:00:03Z,pikalytics,gen9championsvgc2026regma,"Best Pokemon, teams, and builds in Pokemon Champions VGC 2026",https://pikalytics.com/pokedex/gen9championsvgc2026regma,7,6,ARegularGuy,ARegularGuy,13-0,13,0,0,13,100.00,Maddo's Cup #8 | 100€ for the Winner | Reg M-A,2026-05-23,1,1,162,https://play.limitlesstcg.com/tournament/69d54e0c800d329be2e74f86/player/aregularguy/teamlist,https://play.limitlesstcg.com/tournament/69d54e0c800d329be2e74f86/standings,Sylveon:Garchomp:Charizard-Mega-Y:Whimsicott:Dragonite-Mega:Kingambit,1,Sylveon,Sylveon,Fairy Feather,Pixilate,Hyper Voice:Moonblast:Detect:Quick Attack,Hyper Voice,Moonblast,Detect,Quick Attack,Garchomp:Charizard-Mega-Y:Whimsicott:Dragonite-Mega:Kingambit
2026-06-17,2026-06-17T12:00:03Z,pikalytics,gen9championsvgc2026regma,"Best Pokemon, teams, and builds in Pokemon Champions VGC 2026",https://pikalytics.com/pokedex/gen9championsvgc2026regma,7,6,ARegularGuy,ARegularGuy,13-0,13,0,0,13,100.00,Maddo's Cup #8 | 100€ for the Winner | Reg M-A,2026-05-23,1,1,162,https://play.limitlesstcg.com/tournament/69d54e0c800d329be2e74f86/player/aregularguy/teamlist,https://play.limitlesstcg.com/tournament/69d54e0c800d329be2e74f86/standings,Sylveon:Garchomp:Charizard-Mega-Y:Whimsicott:Dragonite-Mega:Kingambit,2,Garchomp,Garchomp,Roseli Berry,Rough Skin,Earthquake:Dragon Claw:Rock Slide:Poison Jab,Earthquake,Dragon Claw,Rock Slide,Poison Jab,Sylveon:Charizard-Mega-Y:Whimsicott:Dragonite-Mega:Kingambit
2026-06-17,2026-06-17T12:00:03Z,pikalytics,gen9championsvgc2026regma,"Best Pokemon, teams, and builds in Pokemon Champions VGC 2026",https://pikalytics.com/pokedex/gen9championsvgc2026regma,7,6,ARegularGuy,ARegularGuy,13-0,13,0,0,13,100.00,Maddo's Cup #8 | 100€ for the Winner | Reg M-A,2026-05-23,1,1,162,https://play.limitlesstcg.com/tournament/69d54e0c800d329be2e74f86/player/aregularguy/teamlist,https://play.limitlesstcg.com/tournament/69d54e0c800d329be2e74f86/standings,Sylveon:Garchomp:Charizard-Mega-Y:Whimsicott:Dragonite-Mega:Kingambit,3,Charizard-Mega-Y,Charizard,Charizardite Y,Blaze,Heat Wave:Weather Ball:Solar Beam:Protect,Heat Wave,Weather Ball,Solar Beam,Protect,Sylveon:Garchomp:Whimsicott:Dragonite-Mega:Kingambit
2026-06-17,2026-06-17T12:00:03Z,pikalytics,gen9championsvgc2026regma,"Best Pokemon, teams, and builds in Pokemon Champions VGC 2026",https://pikalytics.com/pokedex/gen9championsvgc2026regma,7,6,ARegularGuy,ARegularGuy,13-0,13,0,0,13,100.00,Maddo's Cup #8 | 100€ for the Winner | Reg M-A,2026-05-23,1,1,162,https://play.limitlesstcg.com/tournament/69d54e0c800d329be2e74f86/player/aregularguy/teamlist,https://play.limitlesstcg.com/tournament/69d54e0c800d329be2e74f86/standings,Sylveon:Garchomp:Charizard-Mega-Y:Whimsicott:Dragonite-Mega:Kingambit,4,Whimsicott,Whimsicott,Focus Sash,Prankster,Tailwind:Moonblast:Encore:Grass Knot,Tailwind,Moonblast,Encore,Grass Knot,Sylveon:Garchomp:Charizard-Mega-Y:Dragonite-Mega:Kingambit
2026-06-17,2026-06-17T12:00:03Z,pikalytics,gen9championsvgc2026regma,"Best Pokemon, teams, and builds in Pokemon Champions VGC 2026",https://pikalytics.com/pokedex/gen9championsvgc2026regma,7,6,ARegularGuy,ARegularGuy,13-0,13,0,0,13,100.00,Maddo's Cup #8 | 100€ for the Winner | Reg M-A,2026-05-23,1,1,162,https://play.limitlesstcg.com/tournament/69d54e0c800d329be2e74f86/player/aregularguy/teamlist,https://play.limitlesstcg.com/tournament/69d54e0c800d329be2e74f86/standings,Sylveon:Garchomp:Charizard-Mega-Y:Whimsicott:Dragonite-Mega:Kingambit,5,Dragonite-Mega,Dragonite,Dragoninite,Multiscale,Dragon Pulse:Heat Wave:Thunderbolt:Protect,Dragon Pulse,Heat Wave,Thunderbolt,Protect,Sylveon:Garchomp:Charizard-Mega-Y:Whimsicott:Kingambit
2026-06-17,2026-06-17T12:00:03Z,pikalytics,gen9championsvgc2026regma,"Best Pokemon, teams, and builds in Pokemon Champions VGC 2026",https://pikalytics.com/pokedex/gen9championsvgc2026regma,7,6,ARegularGuy,ARegularGuy,13-0,13,0,0,13,100.00,Maddo's Cup #8 | 100€ for the Winner | Reg M-A,2026-05-23,1,1,162,https://play.limitlesstcg.com/tournament/69d54e0c800d329be2e74f86/player/aregularguy/teamlist,https://play.limitlesstcg.com/tournament/69d54e0c800d329be2e74f86/standings,Sylveon:Garchomp:Charizard-Mega-Y:Whimsicott:Dragonite-Mega:Kingambit,6,Kingambit,Kingambit,Chople Berry,Defiant,Kowtow Cleave:Sucker Punch:Iron Head:Low Kick,Kowtow Cleave,Sucker Punch,Iron Head,Low Kick,Sylveon:Garchomp:Charizard-Mega-Y:Whimsicott:Dragonite-Mega
2026-06-15,2026-06-15T12:00:02Z,pikalytics,gen9championsvgc2026regma,"Best Pokemon, teams, and builds in Pokemon Champions VGC 2026",https://pikalytics.com/pokedex/gen9championsvgc2026regma,17,6,apfr,apfr,8-0,8,0,0,8,100.00,🟊 @AustinMcfraud's NICHE Showdown #1 🟊,2026-05-23,1,1,25,https://play.limitlesstcg.com/tournament/6a035233dfbdf089cbbd8cf8/player/apfr/teamlist,https://play.limitlesstcg.com/tournament/6a035233dfbdf089cbbd8cf8/standings,Drampa:Camerupt-Mega:Gourgeist:Oranguru:Abomasnow-Mega:Araquanid,1,Drampa,Drampa,Sitrus Berry,Berserk,Dragon Pulse:Hyper Voice:Calm Mind:Protect,Dragon Pulse,Hyper Voice,Calm Mind,Protect,Camerupt-Mega:Gourgeist:Oranguru:Abomasnow-Mega:Araquanid
2026-06-15,2026-06-15T12:00:02Z,pikalytics,gen9championsvgc2026regma,"Best Pokemon, teams, and builds in Pokemon Champions VGC 2026",https://pikalytics.com/pokedex/gen9championsvgc2026regma,17,6,apfr,apfr,8-0,8,0,0,8,100.00,🟊 @AustinMcfraud's NICHE Showdown #1 🟊,2026-05-23,1,1,25,https://play.limitlesstcg.com/tournament/6a035233dfbdf089cbbd8cf8/player/apfr/teamlist,https://play.limitlesstcg.com/tournament/6a035233dfbdf089cbbd8cf8/standings,Drampa:Camerupt-Mega:Gourgeist:Oranguru:Abomasnow-Mega:Araquanid,2,Camerupt-Mega,Camerupt,Cameruptite,Solid Rock,Earth Power:Eruption:Protect:Heat Wave,Earth Power,Eruption,Protect,Heat Wave,Drampa:Gourgeist:Oranguru:Abomasnow-Mega:Araquanid
2026-06-15,2026-06-15T12:00:02Z,pikalytics,gen9championsvgc2026regma,"Best Pokemon, teams, and builds in Pokemon Champions VGC 2026",https://pikalytics.com/pokedex/gen9championsvgc2026regma,17,6,apfr,apfr,8-0,8,0,0,8,100.00,🟊 @AustinMcfraud's NICHE Showdown #1 🟊,2026-05-23,1,1,25,https://play.limitlesstcg.com/tournament/6a035233dfbdf089cbbd8cf8/player/apfr/teamlist,https://play.limitlesstcg.com/tournament/6a035233dfbdf089cbbd8cf8/standings,Drampa:Camerupt-Mega:Gourgeist:Oranguru:Abomasnow-Mega:Araquanid,3,Gourgeist,Gourgeist,Occa Berry,Frisk,Poltergeist:Trick Room:Protect:Power Whip,Poltergeist,Trick Room,Protect,Power Whip,Drampa:Camerupt-Mega:Oranguru:Abomasnow-Mega:Araquanid
2026-06-15,2026-06-15T12:00:02Z,pikalytics,gen9championsvgc2026regma,"Best Pokemon, teams, and builds in Pokemon Champions VGC 2026",https://pikalytics.com/pokedex/gen9championsvgc2026regma,17,6,apfr,apfr,8-0,8,0,0,8,100.00,🟊 @AustinMcfraud's NICHE Showdown #1 🟊,2026-05-23,1,1,25,https://play.limitlesstcg.com/tournament/6a035233dfbdf089cbbd8cf8/player/apfr/teamlist,https://play.limitlesstcg.com/tournament/6a035233dfbdf089cbbd8cf8/standings,Drampa:Camerupt-Mega:Gourgeist:Oranguru:Abomasnow-Mega:Araquanid,4,Oranguru,Oranguru,Colbur Berry,Inner Focus,Psychic:Trick Room:Instruct:Protect,Psychic,Trick Room,Instruct,Protect,Drampa:Camerupt-Mega:Gourgeist:Abomasnow-Mega:Araquanid
2026-06-15,2026-06-15T12:00:02Z,pikalytics,gen9championsvgc2026regma,"Best Pokemon, teams, and builds in Pokemon Champions VGC 2026",https://pikalytics.com/pokedex/gen9championsvgc2026regma,17,6,apfr,apfr,8-0,8,0,0,8,100.00,🟊 @AustinMcfraud's NICHE Showdown #1 🟊,2026-05-23,1,1,25,https://play.limitlesstcg.com/tournament/6a035233dfbdf089cbbd8cf8/player/apfr/teamlist,https://play.limitlesstcg.com/tournament/6a035233dfbdf089cbbd8cf8/standings,Drampa:Camerupt-Mega:Gourgeist:Oranguru:Abomasnow-Mega:Araquanid,5,Abomasnow-Mega,Abomasnow,Abomasite,Snow Warning,Aurora Veil:Blizzard:Energy Ball:Protect,Aurora Veil,Blizzard,Energy Ball,Protect,Drampa:Camerupt-Mega:Gourgeist:Oranguru:Araquanid
2026-06-15,2026-06-15T12:00:02Z,pikalytics,gen9championsvgc2026regma,"Best Pokemon, teams, and builds in Pokemon Champions VGC 2026",https://pikalytics.com/pokedex/gen9championsvgc2026regma,17,6,apfr,apfr,8-0,8,0,0,8,100.00,🟊 @AustinMcfraud's NICHE Showdown #1 🟊,2026-05-23,1,1,25,https://play.limitlesstcg.com/tournament/6a035233dfbdf089cbbd8cf8/player/apfr/teamlist,https://play.limitlesstcg.com/tournament/6a035233dfbdf089cbbd8cf8/standings,Drampa:Camerupt-Mega:Gourgeist:Oranguru:Abomasnow-Mega:Araquanid,6,Araquanid,Araquanid,Mystic Water,Water Bubble,Liquidation:Leech Life:Wide Guard:Protect,Liquidation,Leech Life,Wide Guard,Protect,Drampa:Camerupt-Mega:Gourgeist:Oranguru:Abomasnow-Mega
2026-06-17,2026-06-17T12:00:03Z,pikalytics,gen9championsvgc2026regma,"Best Pokemon, teams, and builds in Pokemon Champions VGC 2026",https://pikalytics.com/pokedex/gen9championsvgc2026regma,20,6,Gabuu,Gabuu,11-1,11,1,0,12,91.67,SpearPillar Champions Tour #5 | Reg M-A $100 Prize,2026-05-23,1,1,168,https://play.limitlesstcg.com/tournament/69cd696dd478313a15a3921b/player/gabuu/teamlist,https://play.limitlesstcg.com/tournament/69cd696dd478313a15a3921b/standings,Blastoise-Mega:Sinistcha:Incineroar:Vivillon:Garchomp:Floette-Eternal,1,Blastoise-Mega,Blastoise,Blastoisinite,Torrent,Protect:Water Spout:Dark Pulse:Shell Smash,Protect,Water Spout,Dark Pulse,Shell Smash,Sinistcha:Incineroar:Vivillon:Garchomp:Floette-Eternal
2026-06-17,2026-06-17T12:00:03Z,pikalytics,gen9championsvgc2026regma,"Best Pokemon, teams, and builds in Pokemon Champions VGC 2026",https://pikalytics.com/pokedex/gen9championsvgc2026regma,20,6,Gabuu,Gabuu,11-1,11,1,0,12,91.67,SpearPillar Champions Tour #5 | Reg M-A $100 Prize,2026-05-23,1,1,168,https://play.limitlesstcg.com/tournament/69cd696dd478313a15a3921b/player/gabuu/teamlist,https://play.limitlesstcg.com/tournament/69cd696dd478313a15a3921b/standings,Blastoise-Mega:Sinistcha:Incineroar:Vivillon:Garchomp:Floette-Eternal,2,Sinistcha,Sinistcha,Sitrus Berry,Hospitality,Protect:Matcha Gotcha:Rage Powder:Life Dew,Protect,Matcha Gotcha,Rage Powder,Life Dew,Blastoise-Mega:Incineroar:Vivillon:Garchomp:Floette-Eternal
2026-06-17,2026-06-17T12:00:03Z,pikalytics,gen9championsvgc2026regma,"Best Pokemon, teams, and builds in Pokemon Champions VGC 2026",https://pikalytics.com/pokedex/gen9championsvgc2026regma,20,6,Gabuu,Gabuu,11-1,11,1,0,12,91.67,SpearPillar Champions Tour #5 | Reg M-A $100 Prize,2026-05-23,1,1,168,https://play.limitlesstcg.com/tournament/69cd696dd478313a15a3921b/player/gabuu/teamlist,https://play.limitlesstcg.com/tournament/69cd696dd478313a15a3921b/standings,Blastoise-Mega:Sinistcha:Incineroar:Vivillon:Garchomp:Floette-Eternal,3,Incineroar,Incineroar,Leftovers,Intimidate,Flare Blitz:Throat Chop:Parting Shot:Fake Out,Flare Blitz,Throat Chop,Parting Shot,Fake Out,Blastoise-Mega:Sinistcha:Vivillon:Garchomp:Floette-Eternal
2026-06-17,2026-06-17T12:00:03Z,pikalytics,gen9championsvgc2026regma,"Best Pokemon, teams, and builds in Pokemon Champions VGC 2026",https://pikalytics.com/pokedex/gen9championsvgc2026regma,20,6,Gabuu,Gabuu,11-1,11,1,0,12,91.67,SpearPillar Champions Tour #5 | Reg M-A $100 Prize,2026-05-23,1,1,168,https://play.limitlesstcg.com/tournament/69cd696dd478313a15a3921b/player/gabuu/teamlist,https://play.limitlesstcg.com/tournament/69cd696dd478313a15a3921b/standings,Blastoise-Mega:Sinistcha:Incineroar:Vivillon:Garchomp:Floette-Eternal,4,Vivillon,Vivillon,Focus Sash,Compound Eyes,Protect:Hurricane:Sleep Powder:Rage Powder,Protect,Hurricane,Sleep Powder,Rage Powder,Blastoise-Mega:Sinistcha:Incineroar:Garchomp:Floette-Eternal
2026-06-17,2026-06-17T12:00:03Z,pikalytics,gen9championsvgc2026regma,"Best Pokemon, teams, and builds in Pokemon Champions VGC 2026",https://pikalytics.com/pokedex/gen9championsvgc2026regma,20,6,Gabuu,Gabuu,11-1,11,1,0,12,91.67,SpearPillar Champions Tour #5 | Reg M-A $100 Prize,2026-05-23,1,1,168,https://play.limitlesstcg.com/tournament/69cd696dd478313a15a3921b/player/gabuu/teamlist,https://play.limitlesstcg.com/tournament/69cd696dd478313a15a3921b/standings,Blastoise-Mega:Sinistcha:Incineroar:Vivillon:Garchomp:Floette-Eternal,5,Garchomp,Garchomp,Choice Scarf,Rough Skin,Dragon Claw:Earthquake:Stomping Tantrum:Rock Tomb,Dragon Claw,Earthquake,Stomping Tantrum,Rock Tomb,Blastoise-Mega:Sinistcha:Incineroar:Vivillon:Floette-Eternal
2026-06-17,2026-06-17T12:00:03Z,pikalytics,gen9championsvgc2026regma,"Best Pokemon, teams, and builds in Pokemon Champions VGC 2026",https://pikalytics.com/pokedex/gen9championsvgc2026regma,20,6,Gabuu,Gabuu,11-1,11,1,0,12,91.67,SpearPillar Champions Tour #5 | Reg M-A $100 Prize,2026-05-23,1,1,168,https://play.limitlesstcg.com/tournament/69cd696dd478313a15a3921b/player/gabuu/teamlist,https://play.limitlesstcg.com/tournament/69cd696dd478313a15a3921b/standings,Blastoise-Mega:Sinistcha:Incineroar:Vivillon:Garchomp:Floette-Eternal,6,Floette-Eternal,Eternal Flower Floette,Floettite,Flower Veil,Protect:Draining Kiss:Dazzling Gleam:Calm Mind,Protect,Draining Kiss,Dazzling Gleam,Calm Mind,Blastoise-Mega:Sinistcha:Incineroar:Vivillon:Garchomp
2026-06-08,2026-06-08T12:00:02Z,pikalytics,gen9championsvgc2026regma,"Best Pokemon, teams, and builds in Pokemon Champions VGC 2026",https://pikalytics.com/pokedex/gen9championsvgc2026regma,17,6,57 62,57 62,10-1,10,1,0,11,90.91,VGCA Battle Hall: Academy Ace Edition #1,2026-05-24,1,1,31,https://play.limitlesstcg.com/tournament/6a0de44013f957d6d4b4be7b/player/lily23/teamlist,https://play.limitlesstcg.com/tournament/6a0de44013f957d6d4b4be7b/standings,Floette-Eternal:Garchomp:Vivillon:Talonflame:Sneasler:Kingambit,1,Floette-Eternal,Eternal Flower Floette,Floettite,Flower Veil,Light of Ruin:Moonblast:Dazzling Gleam:Protect,Light of Ruin,Moonblast,Dazzling Gleam,Protect,Garchomp:Vivillon:Talonflame:Sneasler:Kingambit
2026-06-08,2026-06-08T12:00:02Z,pikalytics,gen9championsvgc2026regma,"Best Pokemon, teams, and builds in Pokemon Champions VGC 2026",https://pikalytics.com/pokedex/gen9championsvgc2026regma,17,6,57 62,57 62,10-1,10,1,0,11,90.91,VGCA Battle Hall: Academy Ace Edition #1,2026-05-24,1,1,31,https://play.limitlesstcg.com/tournament/6a0de44013f957d6d4b4be7b/player/lily23/teamlist,https://play.limitlesstcg.com/tournament/6a0de44013f957d6d4b4be7b/standings,Floette-Eternal:Garchomp:Vivillon:Talonflame:Sneasler:Kingambit,2,Garchomp,Garchomp,Roseli Berry,Rough Skin,Poison Jab:Earthquake:Rock Tomb:Dragon Tail,Poison Jab,Earthquake,Rock Tomb,Dragon Tail,Floette-Eternal:Vivillon:Talonflame:Sneasler:Kingambit
2026-06-08,2026-06-08T12:00:02Z,pikalytics,gen9championsvgc2026regma,"Best Pokemon, teams, and builds in Pokemon Champions VGC 2026",https://pikalytics.com/pokedex/gen9championsvgc2026regma,17,6,57 62,57 62,10-1,10,1,0,11,90.91,VGCA Battle Hall: Academy Ace Edition #1,2026-05-24,1,1,31,https://play.limitlesstcg.com/tournament/6a0de44013f957d6d4b4be7b/player/lily23/teamlist,https://play.limitlesstcg.com/tournament/6a0de44013f957d6d4b4be7b/standings,Floette-Eternal:Garchomp:Vivillon:Talonflame:Sneasler:Kingambit,3,Vivillon,Vivillon,Focus Sash,Compound Eyes,Sleep Powder:Rage Powder:Hurricane:Protect,Sleep Powder,Rage Powder,Hurricane,Protect,Floette-Eternal:Garchomp:Talonflame:Sneasler:Kingambit
2026-06-08,2026-06-08T12:00:02Z,pikalytics,gen9championsvgc2026regma,"Best Pokemon, teams, and builds in Pokemon Champions VGC 2026",https://pikalytics.com/pokedex/gen9championsvgc2026regma,17,6,57 62,57 62,10-1,10,1,0,11,90.91,VGCA Battle Hall: Academy Ace Edition #1,2026-05-24,1,1,31,https://play.limitlesstcg.com/tournament/6a0de44013f957d6d4b4be7b/player/lily23/teamlist,https://play.limitlesstcg.com/tournament/6a0de44013f957d6d4b4be7b/standings,Floette-Eternal:Garchomp:Vivillon:Talonflame:Sneasler:Kingambit,4,Talonflame,Talonflame,no item,Gale Wings,Tailwind:Acrobatics:Flare Blitz:Protect,Tailwind,Acrobatics,Flare Blitz,Protect,Floette-Eternal:Garchomp:Vivillon:Sneasler:Kingambit
2026-06-08,2026-06-08T12:00:02Z,pikalytics,gen9championsvgc2026regma,"Best Pokemon, teams, and builds in Pokemon Champions VGC 2026",https://pikalytics.com/pokedex/gen9championsvgc2026regma,17,6,57 62,57 62,10-1,10,1,0,11,90.91,VGCA Battle Hall: Academy Ace Edition #1,2026-05-24,1,1,31,https://play.limitlesstcg.com/tournament/6a0de44013f957d6d4b4be7b/player/lily23/teamlist,https://play.limitlesstcg.com/tournament/6a0de44013f957d6d4b4be7b/standings,Floette-Eternal:Garchomp:Vivillon:Talonflame:Sneasler:Kingambit,5,Sneasler,Sneasler,White Herb,Unburden,Fake Out:Dire Claw:Close Combat:Rock Tomb,Fake Out,Dire Claw,Close Combat,Rock Tomb,Floette-Eternal:Garchomp:Vivillon:Talonflame:Kingambit
2026-06-08,2026-06-08T12:00:02Z,pikalytics,gen9championsvgc2026regma,"Best Pokemon, teams, and builds in Pokemon Champions VGC 2026",https://pikalytics.com/pokedex/gen9championsvgc2026regma,17,6,57 62,57 62,10-1,10,1,0,11,90.91,VGCA Battle Hall: Academy Ace Edition #1,2026-05-24,1,1,31,https://play.limitlesstcg.com/tournament/6a0de44013f957d6d4b4be7b/player/lily23/teamlist,https://play.limitlesstcg.com/tournament/6a0de44013f957d6d4b4be7b/standings,Floette-Eternal:Garchomp:Vivillon:Talonflame:Sneasler:Kingambit,6,Kingambit,Kingambit,Black Glasses,Defiant,Iron Head:Kowtow Cleave:Sucker Punch:Protect,Iron Head,Kowtow Cleave,Sucker Punch,Protect,Floette-Eternal:Garchomp:Vivillon:Talonflame:Sneasler
2026-06-08,2026-06-08T12:00:02Z,pikalytics,gen9championsvgc2026regma,"Best Pokemon, teams, and builds in Pokemon Champions VGC 2026",https://pikalytics.com/pokedex/gen9championsvgc2026regma,20,6,N8_dawgg,N8_dawgg,8-0,8,0,0,8,100.00,˗ˋˏ❤︎ˎˊ˗ Pomelo Late Night Tour,2026-05-24,1,1,9,https://play.limitlesstcg.com/tournament/6a1203df0f6c1f089985f8ad/player/n8_dawgg/teamlist,https://play.limitlesstcg.com/tournament/6a1203df0f6c1f089985f8ad/standings,Froslass-Mega:Palafin:Sneasler:Kingambit:Rotom-Wash:Aerodactyl-Mega,1,Froslass-Mega,Froslass,Froslassite,Cursed Body,Blizzard:Shadow Ball:Nasty Plot:Protect,Blizzard,Shadow Ball,Nasty Plot,Protect,Palafin:Sneasler:Kingambit:Rotom-Wash:Aerodactyl-Mega
2026-06-08,2026-06-08T12:00:02Z,pikalytics,gen9championsvgc2026regma,"Best Pokemon, teams, and builds in Pokemon Champions VGC 2026",https://pikalytics.com/pokedex/gen9championsvgc2026regma,20,6,N8_dawgg,N8_dawgg,8-0,8,0,0,8,100.00,˗ˋˏ❤︎ˎˊ˗ Pomelo Late Night Tour,2026-05-24,1,1,9,https://play.limitlesstcg.com/tournament/6a1203df0f6c1f089985f8ad/player/n8_dawgg/teamlist,https://play.limitlesstcg.com/tournament/6a1203df0f6c1f089985f8ad/standings,Froslass-Mega:Palafin:Sneasler:Kingambit:Rotom-Wash:Aerodactyl-Mega,2,Palafin,Palafin,Mystic Water,Zero to Hero,Wave Crash:Jet Punch:Close Combat:Protect,Wave Crash,Jet Punch,Close Combat,Protect,Froslass-Mega:Sneasler:Kingambit:Rotom-Wash:Aerodactyl-Mega
2026-06-08,2026-06-08T12:00:02Z,pikalytics,gen9championsvgc2026regma,"Best Pokemon, teams, and builds in Pokemon Champions VGC 2026",https://pikalytics.com/pokedex/gen9championsvgc2026regma,20,6,N8_dawgg,N8_dawgg,8-0,8,0,0,8,100.00,˗ˋˏ❤︎ˎˊ˗ Pomelo Late Night Tour,2026-05-24,1,1,9,https://play.limitlesstcg.com/tournament/6a1203df0f6c1f089985f8ad/player/n8_dawgg/teamlist,https://play.limitlesstcg.com/tournament/6a1203df0f6c1f089985f8ad/standings,Froslass-Mega:Palafin:Sneasler:Kingambit:Rotom-Wash:Aerodactyl-Mega,3,Sneasler,Sneasler,Focus Sash,Unburden,Fake Out:Close Combat:Dire Claw:Coaching,Fake Out,Close Combat,Dire Claw,Coaching,Froslass-Mega:Palafin:Kingambit:Rotom-Wash:Aerodactyl-Mega
2026-06-08,2026-06-08T12:00:02Z,pikalytics,gen9championsvgc2026regma,"Best Pokemon, teams, and builds in Pokemon Champions VGC 2026",https://pikalytics.com/pokedex/gen9championsvgc2026regma,20,6,N8_dawgg,N8_dawgg,8-0,8,0,0,8,100.00,˗ˋˏ❤︎ˎˊ˗ Pomelo Late Night Tour,2026-05-24,1,1,9,https://play.limitlesstcg.com/tournament/6a1203df0f6c1f089985f8ad/player/n8_dawgg/teamlist,https://play.limitlesstcg.com/tournament/6a1203df0f6c1f089985f8ad/standings,Froslass-Mega:Palafin:Sneasler:Kingambit:Rotom-Wash:Aerodactyl-Mega,4,Kingambit,Kingambit,Black Glasses,Defiant,Iron Head:Kowtow Cleave:Sucker Punch:Protect,Iron Head,Kowtow Cleave,Sucker Punch,Protect,Froslass-Mega:Palafin:Sneasler:Rotom-Wash:Aerodactyl-Mega
2026-06-08,2026-06-08T12:00:02Z,pikalytics,gen9championsvgc2026regma,"Best Pokemon, teams, and builds in Pokemon Champions VGC 2026",https://pikalytics.com/pokedex/gen9championsvgc2026regma,20,6,N8_dawgg,N8_dawgg,8-0,8,0,0,8,100.00,˗ˋˏ❤︎ˎˊ˗ Pomelo Late Night Tour,2026-05-24,1,1,9,https://play.limitlesstcg.com/tournament/6a1203df0f6c1f089985f8ad/player/n8_dawgg/teamlist,https://play.limitlesstcg.com/tournament/6a1203df0f6c1f089985f8ad/standings,Froslass-Mega:Palafin:Sneasler:Kingambit:Rotom-Wash:Aerodactyl-Mega,5,Rotom-Wash,Wash Rotom,Leftovers,Levitate,Electroweb:Thunderbolt:Will-O-Wisp:Protect,Electroweb,Thunderbolt,Will-O-Wisp,Protect,Froslass-Mega:Palafin:Sneasler:Kingambit:Aerodactyl-Mega
2026-06-08,2026-06-08T12:00:02Z,pikalytics,gen9championsvgc2026regma,"Best Pokemon, teams, and builds in Pokemon Champions VGC 2026",https://pikalytics.com/pokedex/gen9championsvgc2026regma,20,6,N8_dawgg,N8_dawgg,8-0,8,0,0,8,100.00,˗ˋˏ❤︎ˎˊ˗ Pomelo Late Night Tour,2026-05-24,1,1,9,https://play.limitlesstcg.com/tournament/6a1203df0f6c1f089985f8ad/player/n8_dawgg/teamlist,https://play.limitlesstcg.com/tournament/6a1203df0f6c1f089985f8ad/standings,Froslass-Mega:Palafin:Sneasler:Kingambit:Rotom-Wash:Aerodactyl-Mega,6,Aerodactyl-Mega,Aerodactyl,Aerodactylite,Unnerve,Rock Slide:Dual Wingbeat:Tailwind:Protect,Rock Slide,Dual Wingbeat,Tailwind,Protect,Froslass-Mega:Palafin:Sneasler:Kingambit:Rotom-Wash
2026-06-01,2026-06-01T12:00:02Z,pikalytics,gen9championsvgc2026regma,"Best Pokemon, teams, and builds in Pokemon Champions VGC 2026",https://pikalytics.com/pokedex/gen9championsvgc2026regma,16,6,Sabo11,Sabo11,9-1,9,1,0,10,90.00,Sketch Academy Champions Regulation M-A Tournament,2026-05-25,1,1,23,https://play.limitlesstcg.com/tournament/69eefa72f9b24b9bd5b02a26/player/sabo11/teamlist,https://play.limitlesstcg.com/tournament/69eefa72f9b24b9bd5b02a26/standings,Venusaur-Mega:Archaludon:Basculegion:Whimsicott:Pelipper:Arcanine-Hisui,1,Venusaur-Mega,Venusaur,Venusaurite,Chlorophyll,Earth Power:Giga Drain:Sludge Bomb:Protect,Earth Power,Giga Drain,Sludge Bomb,Protect,Archaludon:Basculegion:Whimsicott:Pelipper:Arcanine-Hisui
2026-06-01,2026-06-01T12:00:02Z,pikalytics,gen9championsvgc2026regma,"Best Pokemon, teams, and builds in Pokemon Champions VGC 2026",https://pikalytics.com/pokedex/gen9championsvgc2026regma,16,6,Sabo11,Sabo11,9-1,9,1,0,10,90.00,Sketch Academy Champions Regulation M-A Tournament,2026-05-25,1,1,23,https://play.limitlesstcg.com/tournament/69eefa72f9b24b9bd5b02a26/player/sabo11/teamlist,https://play.limitlesstcg.com/tournament/69eefa72f9b24b9bd5b02a26/standings,Venusaur-Mega:Archaludon:Basculegion:Whimsicott:Pelipper:Arcanine-Hisui,2,Archaludon,Archaludon,Leftovers,Stamina,Aura Sphere:Electro Shot:Flash Cannon:Protect,Aura Sphere,Electro Shot,Flash Cannon,Protect,Venusaur-Mega:Basculegion:Whimsicott:Pelipper:Arcanine-Hisui
2026-06-01,2026-06-01T12:00:02Z,pikalytics,gen9championsvgc2026regma,"Best Pokemon, teams, and builds in Pokemon Champions VGC 2026",https://pikalytics.com/pokedex/gen9championsvgc2026regma,16,6,Sabo11,Sabo11,9-1,9,1,0,10,90.00,Sketch Academy Champions Regulation M-A Tournament,2026-05-25,1,1,23,https://play.limitlesstcg.com/tournament/69eefa72f9b24b9bd5b02a26/player/sabo11/teamlist,https://play.limitlesstcg.com/tournament/69eefa72f9b24b9bd5b02a26/standings,Venusaur-Mega:Archaludon:Basculegion:Whimsicott:Pelipper:Arcanine-Hisui,3,Basculegion,Basculegion,Choice Scarf,Adaptability,Aqua Jet:Flip Turn:Wave Crash:Last Respects,Aqua Jet,Flip Turn,Wave Crash,Last Respects,Venusaur-Mega:Archaludon:Whimsicott:Pelipper:Arcanine-Hisui
2026-06-01,2026-06-01T12:00:02Z,pikalytics,gen9championsvgc2026regma,"Best Pokemon, teams, and builds in Pokemon Champions VGC 2026",https://pikalytics.com/pokedex/gen9championsvgc2026regma,16,6,Sabo11,Sabo11,9-1,9,1,0,10,90.00,Sketch Academy Champions Regulation M-A Tournament,2026-05-25,1,1,23,https://play.limitlesstcg.com/tournament/69eefa72f9b24b9bd5b02a26/player/sabo11/teamlist,https://play.limitlesstcg.com/tournament/69eefa72f9b24b9bd5b02a26/standings,Venusaur-Mega:Archaludon:Basculegion:Whimsicott:Pelipper:Arcanine-Hisui,4,Whimsicott,Whimsicott,Focus Sash,Prankster,Encore:Tailwind:Endeavor:Moonblast,Encore,Tailwind,Endeavor,Moonblast,Venusaur-Mega:Archaludon:Basculegion:Pelipper:Arcanine-Hisui
2026-06-01,2026-06-01T12:00:02Z,pikalytics,gen9championsvgc2026regma,"Best Pokemon, teams, and builds in Pokemon Champions VGC 2026",https://pikalytics.com/pokedex/gen9championsvgc2026regma,16,6,Sabo11,Sabo11,9-1,9,1,0,10,90.00,Sketch Academy Champions Regulation M-A Tournament,2026-05-25,1,1,23,https://play.limitlesstcg.com/tournament/69eefa72f9b24b9bd5b02a26/player/sabo11/teamlist,https://play.limitlesstcg.com/tournament/69eefa72f9b24b9bd5b02a26/standings,Venusaur-Mega:Archaludon:Basculegion:Whimsicott:Pelipper:Arcanine-Hisui,5,Pelipper,Pelipper,Charti Berry,Drizzle,Weather Ball:Hurricane:Wide Guard:Tailwind,Weather Ball,Hurricane,Wide Guard,Tailwind,Venusaur-Mega:Archaludon:Basculegion:Whimsicott:Arcanine-Hisui
2026-06-01,2026-06-01T12:00:02Z,pikalytics,gen9championsvgc2026regma,"Best Pokemon, teams, and builds in Pokemon Champions VGC 2026",https://pikalytics.com/pokedex/gen9championsvgc2026regma,16,6,Sabo11,Sabo11,9-1,9,1,0,10,90.00,Sketch Academy Champions Regulation M-A Tournament,2026-05-25,1,1,23,https://play.limitlesstcg.com/tournament/69eefa72f9b24b9bd5b02a26/player/sabo11/teamlist,https://play.limitlesstcg.com/tournament/69eefa72f9b24b9bd5b02a26/standings,Venusaur-Mega:Archaludon:Basculegion:Whimsicott:Pelipper:Arcanine-Hisui,6,Arcanine-Hisui,Hisuian Arcanine,Sitrus Berry,Intimidate,Extreme Speed:Flare Blitz:Rock Slide:Protect,Extreme Speed,Flare Blitz,Rock Slide,Protect,Venusaur-Mega:Archaludon:Basculegion:Whimsicott:Pelipper
2026-06-08,2026-06-08T12:00:02Z,pikalytics,gen9championsvgc2026regma,"Best Pokemon, teams, and builds in Pokemon Champions VGC 2026",https://pikalytics.com/pokedex/gen9championsvgc2026regma,15,6,Rururinillo,Rururinillo,8-0,8,0,0,8,100.00,[❄️lanakila.vg] First Ascent,2026-05-26,1,1,25,https://play.limitlesstcg.com/tournament/6a05a50edfbdf089cbbd9f86/player/rururinillo/teamlist,https://play.limitlesstcg.com/tournament/6a05a50edfbdf089cbbd9f86/standings,Glimmora:Whimsicott:Basculegion:Kingambit:Charizard-Mega-Y:Garchomp,1,Glimmora,Glimmora,Focus Sash,Toxic Debris,Sludge Bomb:Power Gem:Earth Power:Spiky Shield,Sludge Bomb,Power Gem,Earth Power,Spiky Shield,Whimsicott:Basculegion:Kingambit:Charizard-Mega-Y:Garchomp
2026-06-08,2026-06-08T12:00:02Z,pikalytics,gen9championsvgc2026regma,"Best Pokemon, teams, and builds in Pokemon Champions VGC 2026",https://pikalytics.com/pokedex/gen9championsvgc2026regma,15,6,Rururinillo,Rururinillo,8-0,8,0,0,8,100.00,[❄️lanakila.vg] First Ascent,2026-05-26,1,1,25,https://play.limitlesstcg.com/tournament/6a05a50edfbdf089cbbd9f86/player/rururinillo/teamlist,https://play.limitlesstcg.com/tournament/6a05a50edfbdf089cbbd9f86/standings,Glimmora:Whimsicott:Basculegion:Kingambit:Charizard-Mega-Y:Garchomp,2,Whimsicott,Whimsicott,Fairy Feather,Prankster,Moonblast:Tailwind:Encore:Protect,Moonblast,Tailwind,Encore,Protect,Glimmora:Basculegion:Kingambit:Charizard-Mega-Y:Garchomp
2026-06-08,2026-06-08T12:00:02Z,pikalytics,gen9championsvgc2026regma,"Best Pokemon, teams, and builds in Pokemon Champions VGC 2026",https://pikalytics.com/pokedex/gen9championsvgc2026regma,15,6,Rururinillo,Rururinillo,8-0,8,0,0,8,100.00,[❄️lanakila.vg] First Ascent,2026-05-26,1,1,25,https://play.limitlesstcg.com/tournament/6a05a50edfbdf089cbbd9f86/player/rururinillo/teamlist,https://play.limitlesstcg.com/tournament/6a05a50edfbdf089cbbd9f86/standings,Glimmora:Whimsicott:Basculegion:Kingambit:Charizard-Mega-Y:Garchomp,3,Basculegion,Basculegion,Choice Scarf,Adaptability,Last Respects:Wave Crash:Aqua Jet:Flip Turn,Last Respects,Wave Crash,Aqua Jet,Flip Turn,Glimmora:Whimsicott:Kingambit:Charizard-Mega-Y:Garchomp
2026-06-08,2026-06-08T12:00:02Z,pikalytics,gen9championsvgc2026regma,"Best Pokemon, teams, and builds in Pokemon Champions VGC 2026",https://pikalytics.com/pokedex/gen9championsvgc2026regma,15,6,Rururinillo,Rururinillo,8-0,8,0,0,8,100.00,[❄️lanakila.vg] First Ascent,2026-05-26,1,1,25,https://play.limitlesstcg.com/tournament/6a05a50edfbdf089cbbd9f86/player/rururinillo/teamlist,https://play.limitlesstcg.com/tournament/6a05a50edfbdf089cbbd9f86/standings,Glimmora:Whimsicott:Basculegion:Kingambit:Charizard-Mega-Y:Garchomp,4,Kingambit,Kingambit,Chople Berry,Defiant,Kowtow Cleave:Low Kick:Sucker Punch:Protect,Kowtow Cleave,Low Kick,Sucker Punch,Protect,Glimmora:Whimsicott:Basculegion:Charizard-Mega-Y:Garchomp
2026-06-08,2026-06-08T12:00:02Z,pikalytics,gen9championsvgc2026regma,"Best Pokemon, teams, and builds in Pokemon Champions VGC 2026",https://pikalytics.com/pokedex/gen9championsvgc2026regma,15,6,Rururinillo,Rururinillo,8-0,8,0,0,8,100.00,[❄️lanakila.vg] First Ascent,2026-05-26,1,1,25,https://play.limitlesstcg.com/tournament/6a05a50edfbdf089cbbd9f86/player/rururinillo/teamlist,https://play.limitlesstcg.com/tournament/6a05a50edfbdf089cbbd9f86/standings,Glimmora:Whimsicott:Basculegion:Kingambit:Charizard-Mega-Y:Garchomp,5,Charizard-Mega-Y,Charizard,Charizardite Y,Solar Power,Heat Wave:Weather Ball:Solar Beam:Protect,Heat Wave,Weather Ball,Solar Beam,Protect,Glimmora:Whimsicott:Basculegion:Kingambit:Garchomp
2026-06-08,2026-06-08T12:00:02Z,pikalytics,gen9championsvgc2026regma,"Best Pokemon, teams, and builds in Pokemon Champions VGC 2026",https://pikalytics.com/pokedex/gen9championsvgc2026regma,15,6,Rururinillo,Rururinillo,8-0,8,0,0,8,100.00,[❄️lanakila.vg] First Ascent,2026-05-26,1,1,25,https://play.limitlesstcg.com/tournament/6a05a50edfbdf089cbbd9f86/player/rururinillo/teamlist,https://play.limitlesstcg.com/tournament/6a05a50edfbdf089cbbd9f86/standings,Glimmora:Whimsicott:Basculegion:Kingambit:Charizard-Mega-Y:Garchomp,6,Garchomp,Garchomp,Roseli Berry,Rough Skin,Earthquake:Dragon Claw:Rock Tomb:Poison Jab,Earthquake,Dragon Claw,Rock Tomb,Poison Jab,Glimmora:Whimsicott:Basculegion:Kingambit:Charizard-Mega-Y
2026-06-08,2026-06-08T12:00:02Z,pikalytics,gen9championsvgc2026regma,"Best Pokemon, teams, and builds in Pokemon Champions VGC 2026",https://pikalytics.com/pokedex/gen9championsvgc2026regma,19,6,Samuel T,Samuel T,9-1,9,1,0,10,90.00,The Drywalls Series #6 - Champions!,2026-05-26,1,1,73,https://play.limitlesstcg.com/tournament/6a131c910f6c1f0899860158/player/samuelthompson/teamlist,https://play.limitlesstcg.com/tournament/6a131c910f6c1f0899860158/standings,Aerodactyl:Garchomp:Aegislash:Floette-Eternal:Rotom-Wash:Incineroar,1,Aerodactyl,Aerodactyl,Focus Sash,Unnerve,Rock Slide:Dual Wingbeat:Tailwind:Protect,Rock Slide,Dual Wingbeat,Tailwind,Protect,Garchomp:Aegislash:Floette-Eternal:Rotom-Wash:Incineroar
2026-06-08,2026-06-08T12:00:02Z,pikalytics,gen9championsvgc2026regma,"Best Pokemon, teams, and builds in Pokemon Champions VGC 2026",https://pikalytics.com/pokedex/gen9championsvgc2026regma,19,6,Samuel T,Samuel T,9-1,9,1,0,10,90.00,The Drywalls Series #6 - Champions!,2026-05-26,1,1,73,https://play.limitlesstcg.com/tournament/6a131c910f6c1f0899860158/player/samuelthompson/teamlist,https://play.limitlesstcg.com/tournament/6a131c910f6c1f0899860158/standings,Aerodactyl:Garchomp:Aegislash:Floette-Eternal:Rotom-Wash:Incineroar,2,Garchomp,Garchomp,White Herb,Rough Skin,Earthquake:Dragon Claw:Swords Dance:Protect,Earthquake,Dragon Claw,Swords Dance,Protect,Aerodactyl:Aegislash:Floette-Eternal:Rotom-Wash:Incineroar
2026-06-08,2026-06-08T12:00:02Z,pikalytics,gen9championsvgc2026regma,"Best Pokemon, teams, and builds in Pokemon Champions VGC 2026",https://pikalytics.com/pokedex/gen9championsvgc2026regma,19,6,Samuel T,Samuel T,9-1,9,1,0,10,90.00,The Drywalls Series #6 - Champions!,2026-05-26,1,1,73,https://play.limitlesstcg.com/tournament/6a131c910f6c1f0899860158/player/samuelthompson/teamlist,https://play.limitlesstcg.com/tournament/6a131c910f6c1f0899860158/standings,Aerodactyl:Garchomp:Aegislash:Floette-Eternal:Rotom-Wash:Incineroar,3,Aegislash,Aegislash,Spell Tag,Stance Change,Poltergeist:Iron Head:King's Shield:Shadow Sneak,Poltergeist,Iron Head,King's Shield,Shadow Sneak,Aerodactyl:Garchomp:Floette-Eternal:Rotom-Wash:Incineroar
2026-06-08,2026-06-08T12:00:02Z,pikalytics,gen9championsvgc2026regma,"Best Pokemon, teams, and builds in Pokemon Champions VGC 2026",https://pikalytics.com/pokedex/gen9championsvgc2026regma,19,6,Samuel T,Samuel T,9-1,9,1,0,10,90.00,The Drywalls Series #6 - Champions!,2026-05-26,1,1,73,https://play.limitlesstcg.com/tournament/6a131c910f6c1f0899860158/player/samuelthompson/teamlist,https://play.limitlesstcg.com/tournament/6a131c910f6c1f0899860158/standings,Aerodactyl:Garchomp:Aegislash:Floette-Eternal:Rotom-Wash:Incineroar,4,Floette-Eternal,Eternal Flower Floette,Floettite,Flower Veil,Light of Ruin:Moonblast:Dazzling Gleam:Protect,Light of Ruin,Moonblast,Dazzling Gleam,Protect,Aerodactyl:Garchomp:Aegislash:Rotom-Wash:Incineroar
2026-06-08,2026-06-08T12:00:02Z,pikalytics,gen9championsvgc2026regma,"Best Pokemon, teams, and builds in Pokemon Champions VGC 2026",https://pikalytics.com/pokedex/gen9championsvgc2026regma,19,6,Samuel T,Samuel T,9-1,9,1,0,10,90.00,The Drywalls Series #6 - Champions!,2026-05-26,1,1,73,https://play.limitlesstcg.com/tournament/6a131c910f6c1f0899860158/player/samuelthompson/teamlist,https://play.limitlesstcg.com/tournament/6a131c910f6c1f0899860158/standings,Aerodactyl:Garchomp:Aegislash:Floette-Eternal:Rotom-Wash:Incineroar,5,Rotom-Wash,Wash Rotom,Sitrus Berry,Levitate,Thunderbolt:Hydro Pump:Will-O-Wisp:Protect,Thunderbolt,Hydro Pump,Will-O-Wisp,Protect,Aerodactyl:Garchomp:Aegislash:Floette-Eternal:Incineroar
2026-06-08,2026-06-08T12:00:02Z,pikalytics,gen9championsvgc2026regma,"Best Pokemon, teams, and builds in Pokemon Champions VGC 2026",https://pikalytics.com/pokedex/gen9championsvgc2026regma,19,6,Samuel T,Samuel T,9-1,9,1,0,10,90.00,The Drywalls Series #6 - Champions!,2026-05-26,1,1,73,https://play.limitlesstcg.com/tournament/6a131c910f6c1f0899860158/player/samuelthompson/teamlist,https://play.limitlesstcg.com/tournament/6a131c910f6c1f0899860158/standings,Aerodactyl:Garchomp:Aegislash:Floette-Eternal:Rotom-Wash:Incineroar,6,Incineroar,Incineroar,Charcoal,Intimidate,Flare Blitz:Darkest Lariat:Fake Out:Parting Shot,Flare Blitz,Darkest Lariat,Fake Out,Parting Shot,Aerodactyl:Garchomp:Aegislash:Floette-Eternal:Rotom-Wash
2026-06-15,2026-06-15T12:00:02Z,pikalytics,gen9championsvgc2026regma,"Best Pokemon, teams, and builds in Pokemon Champions VGC 2026",https://pikalytics.com/pokedex/gen9championsvgc2026regma,14,6,Rezeptritter,Rezeptritter,11-1,11,1,0,12,91.67,Alpensee Tour (Reg M-A) #59,2026-05-27,1,1,91,https://play.limitlesstcg.com/tournament/69f628704f71d664893ea80a/player/rezeptritter/teamlist,https://play.limitlesstcg.com/tournament/69f628704f71d664893ea80a/standings,Aerodactyl-Mega:Kommo-o:Incineroar:Venusaur-Mega:Sylveon:Basculegion,1,Aerodactyl-Mega,Aerodactyl,Aerodactylite,Unnerve,Rock Slide:Dual Wingbeat:Tailwind:Protect,Rock Slide,Dual Wingbeat,Tailwind,Protect,Kommo-o:Incineroar:Venusaur-Mega:Sylveon:Basculegion
2026-06-15,2026-06-15T12:00:02Z,pikalytics,gen9championsvgc2026regma,"Best Pokemon, teams, and builds in Pokemon Champions VGC 2026",https://pikalytics.com/pokedex/gen9championsvgc2026regma,14,6,Rezeptritter,Rezeptritter,11-1,11,1,0,12,91.67,Alpensee Tour (Reg M-A) #59,2026-05-27,1,1,91,https://play.limitlesstcg.com/tournament/69f628704f71d664893ea80a/player/rezeptritter/teamlist,https://play.limitlesstcg.com/tournament/69f628704f71d664893ea80a/standings,Aerodactyl-Mega:Kommo-o:Incineroar:Venusaur-Mega:Sylveon:Basculegion,2,Kommo-o,Kommo-o,Leftovers,Soundproof,Clanging Scales:Aura Sphere:Clangorous Soul:Protect,Clanging Scales,Aura Sphere,Clangorous Soul,Protect,Aerodactyl-Mega:Incineroar:Venusaur-Mega:Sylveon:Basculegion
2026-06-15,2026-06-15T12:00:02Z,pikalytics,gen9championsvgc2026regma,"Best Pokemon, teams, and builds in Pokemon Champions VGC 2026",https://pikalytics.com/pokedex/gen9championsvgc2026regma,14,6,Rezeptritter,Rezeptritter,11-1,11,1,0,12,91.67,Alpensee Tour (Reg M-A) #59,2026-05-27,1,1,91,https://play.limitlesstcg.com/tournament/69f628704f71d664893ea80a/player/rezeptritter/teamlist,https://play.limitlesstcg.com/tournament/69f628704f71d664893ea80a/standings,Aerodactyl-Mega:Kommo-o:Incineroar:Venusaur-Mega:Sylveon:Basculegion,3,Incineroar,Incineroar,Sitrus Berry,Intimidate,Flare Blitz:Throat Chop:Fake Out:Parting Shot,Flare Blitz,Throat Chop,Fake Out,Parting Shot,Aerodactyl-Mega:Kommo-o:Venusaur-Mega:Sylveon:Basculegion
2026-06-15,2026-06-15T12:00:02Z,pikalytics,gen9championsvgc2026regma,"Best Pokemon, teams, and builds in Pokemon Champions VGC 2026",https://pikalytics.com/pokedex/gen9championsvgc2026regma,14,6,Rezeptritter,Rezeptritter,11-1,11,1,0,12,91.67,Alpensee Tour (Reg M-A) #59,2026-05-27,1,1,91,https://play.limitlesstcg.com/tournament/69f628704f71d664893ea80a/player/rezeptritter/teamlist,https://play.limitlesstcg.com/tournament/69f628704f71d664893ea80a/standings,Aerodactyl-Mega:Kommo-o:Incineroar:Venusaur-Mega:Sylveon:Basculegion,4,Venusaur-Mega,Venusaur,Venusaurite,Chlorophyll,Giga Drain:Sludge Bomb:Earth Power:Protect,Giga Drain,Sludge Bomb,Earth Power,Protect,Aerodactyl-Mega:Kommo-o:Incineroar:Sylveon:Basculegion
2026-06-15,2026-06-15T12:00:02Z,pikalytics,gen9championsvgc2026regma,"Best Pokemon, teams, and builds in Pokemon Champions VGC 2026",https://pikalytics.com/pokedex/gen9championsvgc2026regma,14,6,Rezeptritter,Rezeptritter,11-1,11,1,0,12,91.67,Alpensee Tour (Reg M-A) #59,2026-05-27,1,1,91,https://play.limitlesstcg.com/tournament/69f628704f71d664893ea80a/player/rezeptritter/teamlist,https://play.limitlesstcg.com/tournament/69f628704f71d664893ea80a/standings,Aerodactyl-Mega:Kommo-o:Incineroar:Venusaur-Mega:Sylveon:Basculegion,5,Sylveon,Sylveon,Fairy Feather,Pixilate,Hyper Voice:Hyper Beam:Quick Attack:Protect,Hyper Voice,Hyper Beam,Quick Attack,Protect,Aerodactyl-Mega:Kommo-o:Incineroar:Venusaur-Mega:Basculegion
2026-06-15,2026-06-15T12:00:02Z,pikalytics,gen9championsvgc2026regma,"Best Pokemon, teams, and builds in Pokemon Champions VGC 2026",https://pikalytics.com/pokedex/gen9championsvgc2026regma,14,6,Rezeptritter,Rezeptritter,11-1,11,1,0,12,91.67,Alpensee Tour (Reg M-A) #59,2026-05-27,1,1,91,https://play.limitlesstcg.com/tournament/69f628704f71d664893ea80a/player/rezeptritter/teamlist,https://play.limitlesstcg.com/tournament/69f628704f71d664893ea80a/standings,Aerodactyl-Mega:Kommo-o:Incineroar:Venusaur-Mega:Sylveon:Basculegion,6,Basculegion,Basculegion,Focus Sash,Adaptability,Liquidation:Last Respects:Aqua Jet:Protect,Liquidation,Last Respects,Aqua Jet,Protect,Aerodactyl-Mega:Kommo-o:Incineroar:Venusaur-Mega:Sylveon
2026-05-29,2026-05-29T12:00:03Z,pikalytics,gen9championsvgc2026regma,"Best Pokemon, Teams and Builds in Pokemon Champions",https://pikalytics.com/pokedex/gen9championsvgc2026regma,13,6,CptAuroOG,CptAuroOG,7 - 0 - 0,7,0,0,7,100.00,[REG M-A] LearningtoSam's Weekly,2026-05-28,1,1,21,https://play.limitlesstcg.com/tournament/6a13fc218c163b8097996c62/player/cptauroog/teamlist,https://play.limitlesstcg.com/tournament/6a13fc218c163b8097996c62/standings,Froslass:Aerodactyl-Mega:Garchomp:Kingambit:Sneasler:Basculegion,1,Froslass,Froslass,Froslassite,Cursed Body,Blizzard:Shadow Ball:Aurora Veil:Protect,Blizzard,Shadow Ball,Aurora Veil,Protect,Aerodactyl-Mega:Garchomp:Kingambit:Sneasler:Basculegion
2026-05-29,2026-05-29T12:00:03Z,pikalytics,gen9championsvgc2026regma,"Best Pokemon, Teams and Builds in Pokemon Champions",https://pikalytics.com/pokedex/gen9championsvgc2026regma,13,6,CptAuroOG,CptAuroOG,7 - 0 - 0,7,0,0,7,100.00,[REG M-A] LearningtoSam's Weekly,2026-05-28,1,1,21,https://play.limitlesstcg.com/tournament/6a13fc218c163b8097996c62/player/cptauroog/teamlist,https://play.limitlesstcg.com/tournament/6a13fc218c163b8097996c62/standings,Froslass:Aerodactyl-Mega:Garchomp:Kingambit:Sneasler:Basculegion,2,Aerodactyl-Mega,Aerodactyl,Aerodactylite,Unnerve,Rock Slide:Dual Wingbeat:Tailwind:Protect,Rock Slide,Dual Wingbeat,Tailwind,Protect,Froslass:Garchomp:Kingambit:Sneasler:Basculegion
2026-05-29,2026-05-29T12:00:03Z,pikalytics,gen9championsvgc2026regma,"Best Pokemon, Teams and Builds in Pokemon Champions",https://pikalytics.com/pokedex/gen9championsvgc2026regma,13,6,CptAuroOG,CptAuroOG,7 - 0 - 0,7,0,0,7,100.00,[REG M-A] LearningtoSam's Weekly,2026-05-28,1,1,21,https://play.limitlesstcg.com/tournament/6a13fc218c163b8097996c62/player/cptauroog/teamlist,https://play.limitlesstcg.com/tournament/6a13fc218c163b8097996c62/standings,Froslass:Aerodactyl-Mega:Garchomp:Kingambit:Sneasler:Basculegion,3,Garchomp,Garchomp,Sitrus Berry,Rough Skin,Dragon Claw:Rock Slide:Earthquake:Protect,Dragon Claw,Rock Slide,Earthquake,Protect,Froslass:Aerodactyl-Mega:Kingambit:Sneasler:Basculegion
2026-05-29,2026-05-29T12:00:03Z,pikalytics,gen9championsvgc2026regma,"Best Pokemon, Teams and Builds in Pokemon Champions",https://pikalytics.com/pokedex/gen9championsvgc2026regma,13,6,CptAuroOG,CptAuroOG,7 - 0 - 0,7,0,0,7,100.00,[REG M-A] LearningtoSam's Weekly,2026-05-28,1,1,21,https://play.limitlesstcg.com/tournament/6a13fc218c163b8097996c62/player/cptauroog/teamlist,https://play.limitlesstcg.com/tournament/6a13fc218c163b8097996c62/standings,Froslass:Aerodactyl-Mega:Garchomp:Kingambit:Sneasler:Basculegion,4,Kingambit,Kingambit,Chople Berry,Defiant,Kowtow Cleave:Sucker Punch:Iron Head:Protect,Kowtow Cleave,Sucker Punch,Iron Head,Protect,Froslass:Aerodactyl-Mega:Garchomp:Sneasler:Basculegion
2026-05-29,2026-05-29T12:00:03Z,pikalytics,gen9championsvgc2026regma,"Best Pokemon, Teams and Builds in Pokemon Champions",https://pikalytics.com/pokedex/gen9championsvgc2026regma,13,6,CptAuroOG,CptAuroOG,7 - 0 - 0,7,0,0,7,100.00,[REG M-A] LearningtoSam's Weekly,2026-05-28,1,1,21,https://play.limitlesstcg.com/tournament/6a13fc218c163b8097996c62/player/cptauroog/teamlist,https://play.limitlesstcg.com/tournament/6a13fc218c163b8097996c62/standings,Froslass:Aerodactyl-Mega:Garchomp:Kingambit:Sneasler:Basculegion,5,Sneasler,Sneasler,White Herb,Unburden,Dire Claw:Close Combat:Fake Out:Protect,Dire Claw,Close Combat,Fake Out,Protect,Froslass:Aerodactyl-Mega:Garchomp:Kingambit:Basculegion
2026-05-29,2026-05-29T12:00:03Z,pikalytics,gen9championsvgc2026regma,"Best Pokemon, Teams and Builds in Pokemon Champions",https://pikalytics.com/pokedex/gen9championsvgc2026regma,13,6,CptAuroOG,CptAuroOG,7 - 0 - 0,7,0,0,7,100.00,[REG M-A] LearningtoSam's Weekly,2026-05-28,1,1,21,https://play.limitlesstcg.com/tournament/6a13fc218c163b8097996c62/player/cptauroog/teamlist,https://play.limitlesstcg.com/tournament/6a13fc218c163b8097996c62/standings,Froslass:Aerodactyl-Mega:Garchomp:Kingambit:Sneasler:Basculegion,6,Basculegion,Basculegion,Focus Sash,Swift Swim,Waterfall:Last Respects:Aqua Jet:Protect,Waterfall,Last Respects,Aqua Jet,Protect,Froslass:Aerodactyl-Mega:Garchomp:Kingambit:Sneasler
2026-06-01,2026-06-01T12:00:02Z,pikalytics,gen9championsvgc2026regma,"Best Pokemon, teams, and builds in Pokemon Champions VGC 2026",https://pikalytics.com/pokedex/gen9championsvgc2026regma,19,6,Altkyle,Altkyle,9-1,9,1,0,10,90.00,Talon's FIGHT CLUB #86 POKEMON CHAMPIONS,2026-05-28,1,1,52,https://play.limitlesstcg.com/tournament/69e2b31878b359b789d64d36/player/altkyle/teamlist,https://play.limitlesstcg.com/tournament/69e2b31878b359b789d64d36/standings,Dragonite-Mega:Basculegion:Scizor-Mega:Archaludon:Pelipper:Incineroar,1,Dragonite-Mega,Dragonite,Dragoninite,Inner Focus,Dragon Pulse:Flamethrower:Tailwind:Protect,Dragon Pulse,Flamethrower,Tailwind,Protect,Basculegion:Scizor-Mega:Archaludon:Pelipper:Incineroar
2026-06-01,2026-06-01T12:00:02Z,pikalytics,gen9championsvgc2026regma,"Best Pokemon, teams, and builds in Pokemon Champions VGC 2026",https://pikalytics.com/pokedex/gen9championsvgc2026regma,19,6,Altkyle,Altkyle,9-1,9,1,0,10,90.00,Talon's FIGHT CLUB #86 POKEMON CHAMPIONS,2026-05-28,1,1,52,https://play.limitlesstcg.com/tournament/69e2b31878b359b789d64d36/player/altkyle/teamlist,https://play.limitlesstcg.com/tournament/69e2b31878b359b789d64d36/standings,Dragonite-Mega:Basculegion:Scizor-Mega:Archaludon:Pelipper:Incineroar,2,Basculegion,Basculegion,Choice Scarf,Adaptability,Wave Crash:Last Respects:Aqua Jet:Flip Turn,Wave Crash,Last Respects,Aqua Jet,Flip Turn,Dragonite-Mega:Scizor-Mega:Archaludon:Pelipper:Incineroar
2026-06-01,2026-06-01T12:00:02Z,pikalytics,gen9championsvgc2026regma,"Best Pokemon, teams, and builds in Pokemon Champions VGC 2026",https://pikalytics.com/pokedex/gen9championsvgc2026regma,19,6,Altkyle,Altkyle,9-1,9,1,0,10,90.00,Talon's FIGHT CLUB #86 POKEMON CHAMPIONS,2026-05-28,1,1,52,https://play.limitlesstcg.com/tournament/69e2b31878b359b789d64d36/player/altkyle/teamlist,https://play.limitlesstcg.com/tournament/69e2b31878b359b789d64d36/standings,Dragonite-Mega:Basculegion:Scizor-Mega:Archaludon:Pelipper:Incineroar,3,Scizor-Mega,Scizor,Scizorite,Technician,Bullet Punch:Close Combat:Swords Dance:Protect,Bullet Punch,Close Combat,Swords Dance,Protect,Dragonite-Mega:Basculegion:Archaludon:Pelipper:Incineroar
2026-06-01,2026-06-01T12:00:02Z,pikalytics,gen9championsvgc2026regma,"Best Pokemon, teams, and builds in Pokemon Champions VGC 2026",https://pikalytics.com/pokedex/gen9championsvgc2026regma,19,6,Altkyle,Altkyle,9-1,9,1,0,10,90.00,Talon's FIGHT CLUB #86 POKEMON CHAMPIONS,2026-05-28,1,1,52,https://play.limitlesstcg.com/tournament/69e2b31878b359b789d64d36/player/altkyle/teamlist,https://play.limitlesstcg.com/tournament/69e2b31878b359b789d64d36/standings,Dragonite-Mega:Basculegion:Scizor-Mega:Archaludon:Pelipper:Incineroar,4,Archaludon,Archaludon,Chople Berry,Stamina,Electro Shot:Dragon Pulse:Aura Sphere:Protect,Electro Shot,Dragon Pulse,Aura Sphere,Protect,Dragonite-Mega:Basculegion:Scizor-Mega:Pelipper:Incineroar
2026-06-01,2026-06-01T12:00:02Z,pikalytics,gen9championsvgc2026regma,"Best Pokemon, teams, and builds in Pokemon Champions VGC 2026",https://pikalytics.com/pokedex/gen9championsvgc2026regma,19,6,Altkyle,Altkyle,9-1,9,1,0,10,90.00,Talon's FIGHT CLUB #86 POKEMON CHAMPIONS,2026-05-28,1,1,52,https://play.limitlesstcg.com/tournament/69e2b31878b359b789d64d36/player/altkyle/teamlist,https://play.limitlesstcg.com/tournament/69e2b31878b359b789d64d36/standings,Dragonite-Mega:Basculegion:Scizor-Mega:Archaludon:Pelipper:Incineroar,5,Pelipper,Pelipper,Focus Sash,Drizzle,Hurricane:Weather Ball:Tailwind:Protect,Hurricane,Weather Ball,Tailwind,Protect,Dragonite-Mega:Basculegion:Scizor-Mega:Archaludon:Incineroar
2026-06-01,2026-06-01T12:00:02Z,pikalytics,gen9championsvgc2026regma,"Best Pokemon, teams, and builds in Pokemon Champions VGC 2026",https://pikalytics.com/pokedex/gen9championsvgc2026regma,19,6,Altkyle,Altkyle,9-1,9,1,0,10,90.00,Talon's FIGHT CLUB #86 POKEMON CHAMPIONS,2026-05-28,1,1,52,https://play.limitlesstcg.com/tournament/69e2b31878b359b789d64d36/player/altkyle/teamlist,https://play.limitlesstcg.com/tournament/69e2b31878b359b789d64d36/standings,Dragonite-Mega:Basculegion:Scizor-Mega:Archaludon:Pelipper:Incineroar,6,Incineroar,Incineroar,Sitrus Berry,Intimidate,Fake Out:Flare Blitz:Throat Chop:Parting Shot,Fake Out,Flare Blitz,Throat Chop,Parting Shot,Dragonite-Mega:Basculegion:Scizor-Mega:Archaludon:Pelipper
2026-06-01,2026-06-01T12:00:02Z,pikalytics,gen9championsvgc2026regma,"Best Pokemon, teams, and builds in Pokemon Champions VGC 2026",https://pikalytics.com/pokedex/gen9championsvgc2026regma,20,6,CptAuroOG,CptAuroOG,7-0,7,0,0,7,100.00,[REG M-A] LearningtoSam's Weekly,2026-05-28,1,1,21,https://play.limitlesstcg.com/tournament/6a13fc218c163b8097996c62/player/cptauroog/teamlist,https://play.limitlesstcg.com/tournament/6a13fc218c163b8097996c62/standings,Froslass-Mega:Aerodactyl-Mega:Garchomp:Kingambit:Sneasler:Basculegion,1,Froslass-Mega,Froslass,Froslassite,Cursed Body,Blizzard:Shadow Ball:Aurora Veil:Protect,Blizzard,Shadow Ball,Aurora Veil,Protect,Aerodactyl-Mega:Garchomp:Kingambit:Sneasler:Basculegion
2026-06-01,2026-06-01T12:00:02Z,pikalytics,gen9championsvgc2026regma,"Best Pokemon, teams, and builds in Pokemon Champions VGC 2026",https://pikalytics.com/pokedex/gen9championsvgc2026regma,20,6,CptAuroOG,CptAuroOG,7-0,7,0,0,7,100.00,[REG M-A] LearningtoSam's Weekly,2026-05-28,1,1,21,https://play.limitlesstcg.com/tournament/6a13fc218c163b8097996c62/player/cptauroog/teamlist,https://play.limitlesstcg.com/tournament/6a13fc218c163b8097996c62/standings,Froslass-Mega:Aerodactyl-Mega:Garchomp:Kingambit:Sneasler:Basculegion,2,Aerodactyl-Mega,Aerodactyl,Aerodactylite,Unnerve,Rock Slide:Dual Wingbeat:Tailwind:Protect,Rock Slide,Dual Wingbeat,Tailwind,Protect,Froslass-Mega:Garchomp:Kingambit:Sneasler:Basculegion
2026-06-01,2026-06-01T12:00:02Z,pikalytics,gen9championsvgc2026regma,"Best Pokemon, teams, and builds in Pokemon Champions VGC 2026",https://pikalytics.com/pokedex/gen9championsvgc2026regma,20,6,CptAuroOG,CptAuroOG,7-0,7,0,0,7,100.00,[REG M-A] LearningtoSam's Weekly,2026-05-28,1,1,21,https://play.limitlesstcg.com/tournament/6a13fc218c163b8097996c62/player/cptauroog/teamlist,https://play.limitlesstcg.com/tournament/6a13fc218c163b8097996c62/standings,Froslass-Mega:Aerodactyl-Mega:Garchomp:Kingambit:Sneasler:Basculegion,3,Garchomp,Garchomp,Sitrus Berry,Rough Skin,Dragon Claw:Rock Slide:Earthquake:Protect,Dragon Claw,Rock Slide,Earthquake,Protect,Froslass-Mega:Aerodactyl-Mega:Kingambit:Sneasler:Basculegion
2026-06-01,2026-06-01T12:00:02Z,pikalytics,gen9championsvgc2026regma,"Best Pokemon, teams, and builds in Pokemon Champions VGC 2026",https://pikalytics.com/pokedex/gen9championsvgc2026regma,20,6,CptAuroOG,CptAuroOG,7-0,7,0,0,7,100.00,[REG M-A] LearningtoSam's Weekly,2026-05-28,1,1,21,https://play.limitlesstcg.com/tournament/6a13fc218c163b8097996c62/player/cptauroog/teamlist,https://play.limitlesstcg.com/tournament/6a13fc218c163b8097996c62/standings,Froslass-Mega:Aerodactyl-Mega:Garchomp:Kingambit:Sneasler:Basculegion,4,Kingambit,Kingambit,Chople Berry,Defiant,Kowtow Cleave:Sucker Punch:Iron Head:Protect,Kowtow Cleave,Sucker Punch,Iron Head,Protect,Froslass-Mega:Aerodactyl-Mega:Garchomp:Sneasler:Basculegion
2026-06-01,2026-06-01T12:00:02Z,pikalytics,gen9championsvgc2026regma,"Best Pokemon, teams, and builds in Pokemon Champions VGC 2026",https://pikalytics.com/pokedex/gen9championsvgc2026regma,20,6,CptAuroOG,CptAuroOG,7-0,7,0,0,7,100.00,[REG M-A] LearningtoSam's Weekly,2026-05-28,1,1,21,https://play.limitlesstcg.com/tournament/6a13fc218c163b8097996c62/player/cptauroog/teamlist,https://play.limitlesstcg.com/tournament/6a13fc218c163b8097996c62/standings,Froslass-Mega:Aerodactyl-Mega:Garchomp:Kingambit:Sneasler:Basculegion,5,Sneasler,Sneasler,White Herb,Unburden,Dire Claw:Close Combat:Fake Out:Protect,Dire Claw,Close Combat,Fake Out,Protect,Froslass-Mega:Aerodactyl-Mega:Garchomp:Kingambit:Basculegion
2026-06-01,2026-06-01T12:00:02Z,pikalytics,gen9championsvgc2026regma,"Best Pokemon, teams, and builds in Pokemon Champions VGC 2026",https://pikalytics.com/pokedex/gen9championsvgc2026regma,20,6,CptAuroOG,CptAuroOG,7-0,7,0,0,7,100.00,[REG M-A] LearningtoSam's Weekly,2026-05-28,1,1,21,https://play.limitlesstcg.com/tournament/6a13fc218c163b8097996c62/player/cptauroog/teamlist,https://play.limitlesstcg.com/tournament/6a13fc218c163b8097996c62/standings,Froslass-Mega:Aerodactyl-Mega:Garchomp:Kingambit:Sneasler:Basculegion,6,Basculegion,Basculegion,Focus Sash,Swift Swim,Waterfall:Last Respects:Aqua Jet:Protect,Waterfall,Last Respects,Aqua Jet,Protect,Froslass-Mega:Aerodactyl-Mega:Garchomp:Kingambit:Sneasler
2026-06-17,2026-06-17T12:00:03Z,pikalytics,gen9championsvgc2026regma,"Best Pokemon, teams, and builds in Pokemon Champions VGC 2026",https://pikalytics.com/pokedex/gen9championsvgc2026regma,16,6,Snorlaxpikachu1,Snorlaxpikachu1,9-0,9,0,0,9,100.00,CHAMPIONS REG. M-A |👑CROWN FIGHT Bo3 TOUR #70👑,2026-05-29,1,1,16,https://play.limitlesstcg.com/tournament/69eb09bb78b359b789d6aa3d/player/snorlaxpikachu1/teamlist,https://play.limitlesstcg.com/tournament/69eb09bb78b359b789d6aa3d/standings,Gardevoir-Mega:Maushold:Pelipper:Archaludon:Basculegion:Kangaskhan-Mega,1,Gardevoir-Mega,Gardevoir,Gardevoirite,Trace,Hyper Voice:Psyshock:Vacuum Wave:Protect,Hyper Voice,Psyshock,Vacuum Wave,Protect,Maushold:Pelipper:Archaludon:Basculegion:Kangaskhan-Mega
2026-06-17,2026-06-17T12:00:03Z,pikalytics,gen9championsvgc2026regma,"Best Pokemon, teams, and builds in Pokemon Champions VGC 2026",https://pikalytics.com/pokedex/gen9championsvgc2026regma,16,6,Snorlaxpikachu1,Snorlaxpikachu1,9-0,9,0,0,9,100.00,CHAMPIONS REG. M-A |👑CROWN FIGHT Bo3 TOUR #70👑,2026-05-29,1,1,16,https://play.limitlesstcg.com/tournament/69eb09bb78b359b789d6aa3d/player/snorlaxpikachu1/teamlist,https://play.limitlesstcg.com/tournament/69eb09bb78b359b789d6aa3d/standings,Gardevoir-Mega:Maushold:Pelipper:Archaludon:Basculegion:Kangaskhan-Mega,2,Maushold,Maushold,Focus Sash,Friend Guard,Follow Me:Super Fang:Rain Dance:Protect,Follow Me,Super Fang,Rain Dance,Protect,Gardevoir-Mega:Pelipper:Archaludon:Basculegion:Kangaskhan-Mega
2026-06-17,2026-06-17T12:00:03Z,pikalytics,gen9championsvgc2026regma,"Best Pokemon, teams, and builds in Pokemon Champions VGC 2026",https://pikalytics.com/pokedex/gen9championsvgc2026regma,16,6,Snorlaxpikachu1,Snorlaxpikachu1,9-0,9,0,0,9,100.00,CHAMPIONS REG. M-A |👑CROWN FIGHT Bo3 TOUR #70👑,2026-05-29,1,1,16,https://play.limitlesstcg.com/tournament/69eb09bb78b359b789d6aa3d/player/snorlaxpikachu1/teamlist,https://play.limitlesstcg.com/tournament/69eb09bb78b359b789d6aa3d/standings,Gardevoir-Mega:Maushold:Pelipper:Archaludon:Basculegion:Kangaskhan-Mega,3,Pelipper,Pelipper,Sitrus Berry,Drizzle,Weather Ball:Hurricane:Tailwind:Protect,Weather Ball,Hurricane,Tailwind,Protect,Gardevoir-Mega:Maushold:Archaludon:Basculegion:Kangaskhan-Mega
2026-06-17,2026-06-17T12:00:03Z,pikalytics,gen9championsvgc2026regma,"Best Pokemon, teams, and builds in Pokemon Champions VGC 2026",https://pikalytics.com/pokedex/gen9championsvgc2026regma,16,6,Snorlaxpikachu1,Snorlaxpikachu1,9-0,9,0,0,9,100.00,CHAMPIONS REG. M-A |👑CROWN FIGHT Bo3 TOUR #70👑,2026-05-29,1,1,16,https://play.limitlesstcg.com/tournament/69eb09bb78b359b789d6aa3d/player/snorlaxpikachu1/teamlist,https://play.limitlesstcg.com/tournament/69eb09bb78b359b789d6aa3d/standings,Gardevoir-Mega:Maushold:Pelipper:Archaludon:Basculegion:Kangaskhan-Mega,4,Archaludon,Archaludon,Leftovers,Stamina,Electro Shot:Dragon Pulse:Flash Cannon:Protect,Electro Shot,Dragon Pulse,Flash Cannon,Protect,Gardevoir-Mega:Maushold:Pelipper:Basculegion:Kangaskhan-Mega
2026-06-17,2026-06-17T12:00:03Z,pikalytics,gen9championsvgc2026regma,"Best Pokemon, teams, and builds in Pokemon Champions VGC 2026",https://pikalytics.com/pokedex/gen9championsvgc2026regma,16,6,Snorlaxpikachu1,Snorlaxpikachu1,9-0,9,0,0,9,100.00,CHAMPIONS REG. M-A |👑CROWN FIGHT Bo3 TOUR #70👑,2026-05-29,1,1,16,https://play.limitlesstcg.com/tournament/69eb09bb78b359b789d6aa3d/player/snorlaxpikachu1/teamlist,https://play.limitlesstcg.com/tournament/69eb09bb78b359b789d6aa3d/standings,Gardevoir-Mega:Maushold:Pelipper:Archaludon:Basculegion:Kangaskhan-Mega,5,Basculegion,Basculegion,Choice Scarf,Adaptability,Wave Crash:Last Respects:Flip Turn:Aqua Jet,Wave Crash,Last Respects,Flip Turn,Aqua Jet,Gardevoir-Mega:Maushold:Pelipper:Archaludon:Kangaskhan-Mega
2026-06-17,2026-06-17T12:00:03Z,pikalytics,gen9championsvgc2026regma,"Best Pokemon, teams, and builds in Pokemon Champions VGC 2026",https://pikalytics.com/pokedex/gen9championsvgc2026regma,16,6,Snorlaxpikachu1,Snorlaxpikachu1,9-0,9,0,0,9,100.00,CHAMPIONS REG. M-A |👑CROWN FIGHT Bo3 TOUR #70👑,2026-05-29,1,1,16,https://play.limitlesstcg.com/tournament/69eb09bb78b359b789d6aa3d/player/snorlaxpikachu1/teamlist,https://play.limitlesstcg.com/tournament/69eb09bb78b359b789d6aa3d/standings,Gardevoir-Mega:Maushold:Pelipper:Archaludon:Basculegion:Kangaskhan-Mega,6,Kangaskhan-Mega,Kangaskhan,Kangaskhanite,Scrappy,Fake Out:Double-Edge:Crunch:Drain Punch,Fake Out,Double-Edge,Crunch,Drain Punch,Gardevoir-Mega:Maushold:Pelipper:Archaludon:Basculegion
2026-06-08,2026-06-08T12:00:02Z,pikalytics,gen9championsvgc2026regma,"Best Pokemon, teams, and builds in Pokemon Champions VGC 2026",https://pikalytics.com/pokedex/gen9championsvgc2026regma,18,6,aerxdri,aerxdri,7-0,7,0,0,7,100.00,Thalera Champions Cheese #04 - Gerações,2026-05-29,1,1,12,https://play.limitlesstcg.com/tournament/6a15cd8b0f6c1f08998617be/player/aerxdri/teamlist,https://play.limitlesstcg.com/tournament/6a15cd8b0f6c1f08998617be/standings,Chandelure-Mega:Sneasler:Basculegion:Whimsicott:Zoroark-Hisui:Hatterene,1,Chandelure-Mega,Chandelure,Chandelurite,Flash Fire,Heat Wave:Shadow Ball:Minimize:Protect,Heat Wave,Shadow Ball,Minimize,Protect,Sneasler:Basculegion:Whimsicott:Zoroark-Hisui:Hatterene
2026-05-31,2026-05-31T12:00:02Z,pikalytics,gen9championsvgc2026regma,"Best Pokemon, teams, and builds in Pokemon Champions VGC 2026",https://pikalytics.com/pokedex/gen9championsvgc2026regma,18,6,SoulVGC,SoulVGC,9-1,9,1,0,10,90.00,Devils Den Tournaments #78,2026-05-29,1,1,33,https://play.limitlesstcg.com/tournament/6a15fb678c163b8097997edd/player/soulvgc/teamlist,https://play.limitlesstcg.com/tournament/6a15fb678c163b8097997edd/standings,Charizard-Mega-Y:Aerodactyl-Mega:Sylveon:Garchomp:Farigiraf:Kingambit,1,Charizard-Mega-Y,Charizard,Charizardite Y,Blaze,Heat Wave:Weather Ball:Solar Beam:Protect,Heat Wave,Weather Ball,Solar Beam,Protect,Aerodactyl-Mega:Sylveon:Garchomp:Farigiraf:Kingambit
2026-05-31,2026-05-31T12:00:02Z,pikalytics,gen9championsvgc2026regma,"Best Pokemon, teams, and builds in Pokemon Champions VGC 2026",https://pikalytics.com/pokedex/gen9championsvgc2026regma,18,6,SoulVGC,SoulVGC,9-1,9,1,0,10,90.00,Devils Den Tournaments #78,2026-05-29,1,1,33,https://play.limitlesstcg.com/tournament/6a15fb678c163b8097997edd/player/soulvgc/teamlist,https://play.limitlesstcg.com/tournament/6a15fb678c163b8097997edd/standings,Charizard-Mega-Y:Aerodactyl-Mega:Sylveon:Garchomp:Farigiraf:Kingambit,2,Aerodactyl-Mega,Aerodactyl,Aerodactylite,Unnerve,Rock Slide:Dual Wingbeat:Tailwind:Protect,Rock Slide,Dual Wingbeat,Tailwind,Protect,Charizard-Mega-Y:Sylveon:Garchomp:Farigiraf:Kingambit
2026-06-08,2026-06-08T12:00:02Z,pikalytics,gen9championsvgc2026regma,"Best Pokemon, teams, and builds in Pokemon Champions VGC 2026",https://pikalytics.com/pokedex/gen9championsvgc2026regma,18,6,aerxdri,aerxdri,7-0,7,0,0,7,100.00,Thalera Champions Cheese #04 - Gerações,2026-05-29,1,1,12,https://play.limitlesstcg.com/tournament/6a15cd8b0f6c1f08998617be/player/aerxdri/teamlist,https://play.limitlesstcg.com/tournament/6a15cd8b0f6c1f08998617be/standings,Chandelure-Mega:Sneasler:Basculegion:Whimsicott:Zoroark-Hisui:Hatterene,2,Sneasler,Sneasler,White Herb,Unburden,Close Combat:Dire Claw:Swords Dance:Protect,Close Combat,Dire Claw,Swords Dance,Protect,Chandelure-Mega:Basculegion:Whimsicott:Zoroark-Hisui:Hatterene
2026-06-08,2026-06-08T12:00:02Z,pikalytics,gen9championsvgc2026regma,"Best Pokemon, teams, and builds in Pokemon Champions VGC 2026",https://pikalytics.com/pokedex/gen9championsvgc2026regma,18,6,aerxdri,aerxdri,7-0,7,0,0,7,100.00,Thalera Champions Cheese #04 - Gerações,2026-05-29,1,1,12,https://play.limitlesstcg.com/tournament/6a15cd8b0f6c1f08998617be/player/aerxdri/teamlist,https://play.limitlesstcg.com/tournament/6a15cd8b0f6c1f08998617be/standings,Chandelure-Mega:Sneasler:Basculegion:Whimsicott:Zoroark-Hisui:Hatterene,3,Basculegion,Basculegion,Choice Scarf,Adaptability,Last Respects:Wave Crash:Flip Turn:Aqua Jet,Last Respects,Wave Crash,Flip Turn,Aqua Jet,Chandelure-Mega:Sneasler:Whimsicott:Zoroark-Hisui:Hatterene
2026-05-31,2026-05-31T12:00:02Z,pikalytics,gen9championsvgc2026regma,"Best Pokemon, teams, and builds in Pokemon Champions VGC 2026",https://pikalytics.com/pokedex/gen9championsvgc2026regma,18,6,SoulVGC,SoulVGC,9-1,9,1,0,10,90.00,Devils Den Tournaments #78,2026-05-29,1,1,33,https://play.limitlesstcg.com/tournament/6a15fb678c163b8097997edd/player/soulvgc/teamlist,https://play.limitlesstcg.com/tournament/6a15fb678c163b8097997edd/standings,Charizard-Mega-Y:Aerodactyl-Mega:Sylveon:Garchomp:Farigiraf:Kingambit,3,Sylveon,Sylveon,Fairy Feather,Pixilate,Hyper Voice:Hyper Beam:Quick Attack:Protect,Hyper Voice,Hyper Beam,Quick Attack,Protect,Charizard-Mega-Y:Aerodactyl-Mega:Garchomp:Farigiraf:Kingambit
2026-05-31,2026-05-31T12:00:02Z,pikalytics,gen9championsvgc2026regma,"Best Pokemon, teams, and builds in Pokemon Champions VGC 2026",https://pikalytics.com/pokedex/gen9championsvgc2026regma,18,6,SoulVGC,SoulVGC,9-1,9,1,0,10,90.00,Devils Den Tournaments #78,2026-05-29,1,1,33,https://play.limitlesstcg.com/tournament/6a15fb678c163b8097997edd/player/soulvgc/teamlist,https://play.limitlesstcg.com/tournament/6a15fb678c163b8097997edd/standings,Charizard-Mega-Y:Aerodactyl-Mega:Sylveon:Garchomp:Farigiraf:Kingambit,4,Garchomp,Garchomp,Focus Sash,Rough Skin,Earthquake:Dragon Claw:Stomping Tantrum:Protect,Earthquake,Dragon Claw,Stomping Tantrum,Protect,Charizard-Mega-Y:Aerodactyl-Mega:Sylveon:Farigiraf:Kingambit
2026-06-08,2026-06-08T12:00:02Z,pikalytics,gen9championsvgc2026regma,"Best Pokemon, teams, and builds in Pokemon Champions VGC 2026",https://pikalytics.com/pokedex/gen9championsvgc2026regma,18,6,aerxdri,aerxdri,7-0,7,0,0,7,100.00,Thalera Champions Cheese #04 - Gerações,2026-05-29,1,1,12,https://play.limitlesstcg.com/tournament/6a15cd8b0f6c1f08998617be/player/aerxdri/teamlist,https://play.limitlesstcg.com/tournament/6a15cd8b0f6c1f08998617be/standings,Chandelure-Mega:Sneasler:Basculegion:Whimsicott:Zoroark-Hisui:Hatterene,4,Whimsicott,Whimsicott,Focus Sash,Prankster,Moonblast:Tailwind:Encore:Protect,Moonblast,Tailwind,Encore,Protect,Chandelure-Mega:Sneasler:Basculegion:Zoroark-Hisui:Hatterene
2026-05-31,2026-05-31T12:00:02Z,pikalytics,gen9championsvgc2026regma,"Best Pokemon, teams, and builds in Pokemon Champions VGC 2026",https://pikalytics.com/pokedex/gen9championsvgc2026regma,18,6,SoulVGC,SoulVGC,9-1,9,1,0,10,90.00,Devils Den Tournaments #78,2026-05-29,1,1,33,https://play.limitlesstcg.com/tournament/6a15fb678c163b8097997edd/player/soulvgc/teamlist,https://play.limitlesstcg.com/tournament/6a15fb678c163b8097997edd/standings,Charizard-Mega-Y:Aerodactyl-Mega:Sylveon:Garchomp:Farigiraf:Kingambit,5,Farigiraf,Farigiraf,Sitrus Berry,Armor Tail,Twin Beam:Helping Hand:Trick Room:Protect,Twin Beam,Helping Hand,Trick Room,Protect,Charizard-Mega-Y:Aerodactyl-Mega:Sylveon:Garchomp:Kingambit
2026-06-08,2026-06-08T12:00:02Z,pikalytics,gen9championsvgc2026regma,"Best Pokemon, teams, and builds in Pokemon Champions VGC 2026",https://pikalytics.com/pokedex/gen9championsvgc2026regma,18,6,aerxdri,aerxdri,7-0,7,0,0,7,100.00,Thalera Champions Cheese #04 - Gerações,2026-05-29,1,1,12,https://play.limitlesstcg.com/tournament/6a15cd8b0f6c1f08998617be/player/aerxdri/teamlist,https://play.limitlesstcg.com/tournament/6a15cd8b0f6c1f08998617be/standings,Chandelure-Mega:Sneasler:Basculegion:Whimsicott:Zoroark-Hisui:Hatterene,5,Zoroark-Hisui,Hisuian Zoroark,Spell Tag,Illusion,Bitter Malice:Icy Wind:Taunt:Protect,Bitter Malice,Icy Wind,Taunt,Protect,Chandelure-Mega:Sneasler:Basculegion:Whimsicott:Hatterene
2026-06-08,2026-06-08T12:00:02Z,pikalytics,gen9championsvgc2026regma,"Best Pokemon, teams, and builds in Pokemon Champions VGC 2026",https://pikalytics.com/pokedex/gen9championsvgc2026regma,18,6,aerxdri,aerxdri,7-0,7,0,0,7,100.00,Thalera Champions Cheese #04 - Gerações,2026-05-29,1,1,12,https://play.limitlesstcg.com/tournament/6a15cd8b0f6c1f08998617be/player/aerxdri/teamlist,https://play.limitlesstcg.com/tournament/6a15cd8b0f6c1f08998617be/standings,Chandelure-Mega:Sneasler:Basculegion:Whimsicott:Zoroark-Hisui:Hatterene,6,Hatterene,Hatterene,Fairy Feather,Magic Bounce,Psychic:Dazzling Gleam:Trick Room:Protect,Psychic,Dazzling Gleam,Trick Room,Protect,Chandelure-Mega:Sneasler:Basculegion:Whimsicott:Zoroark-Hisui
2026-05-31,2026-05-31T12:00:02Z,pikalytics,gen9championsvgc2026regma,"Best Pokemon, teams, and builds in Pokemon Champions VGC 2026",https://pikalytics.com/pokedex/gen9championsvgc2026regma,18,6,SoulVGC,SoulVGC,9-1,9,1,0,10,90.00,Devils Den Tournaments #78,2026-05-29,1,1,33,https://play.limitlesstcg.com/tournament/6a15fb678c163b8097997edd/player/soulvgc/teamlist,https://play.limitlesstcg.com/tournament/6a15fb678c163b8097997edd/standings,Charizard-Mega-Y:Aerodactyl-Mega:Sylveon:Garchomp:Farigiraf:Kingambit,6,Kingambit,Kingambit,Chople Berry,Defiant,Kowtow Cleave:Iron Head:Sucker Punch:Protect,Kowtow Cleave,Iron Head,Sucker Punch,Protect,Charizard-Mega-Y:Aerodactyl-Mega:Sylveon:Garchomp:Farigiraf
2026-05-31,2026-05-31T12:00:02Z,pikalytics,gen9championsvgc2026regma,"Best Pokemon, teams, and builds in Pokemon Champions VGC 2026",https://pikalytics.com/pokedex/gen9championsvgc2026regma,20,6,Hyokami,Hyokami,6-0,6,0,0,6,100.00,PWC - Battle in the Colosseum #13 - Reg M-A,2026-05-30,1,1,6,https://play.limitlesstcg.com/tournament/6a186d77148dfa3544f3bbe4/player/hyokami/teamlist,https://play.limitlesstcg.com/tournament/6a186d77148dfa3544f3bbe4/standings,Tyranitar-Mega:Excadrill:Sylveon:Milotic:Sinistcha:Skarmory-Mega,1,Tyranitar-Mega,Tyranitar,Tyranitarite,Sand Stream,Rock Slide:Knock Off:Low Kick:Protect,Rock Slide,Knock Off,Low Kick,Protect,Excadrill:Sylveon:Milotic:Sinistcha:Skarmory-Mega
2026-05-31,2026-05-31T12:00:02Z,pikalytics,gen9championsvgc2026regma,"Best Pokemon, teams, and builds in Pokemon Champions VGC 2026",https://pikalytics.com/pokedex/gen9championsvgc2026regma,20,6,Hyokami,Hyokami,6-0,6,0,0,6,100.00,PWC - Battle in the Colosseum #13 - Reg M-A,2026-05-30,1,1,6,https://play.limitlesstcg.com/tournament/6a186d77148dfa3544f3bbe4/player/hyokami/teamlist,https://play.limitlesstcg.com/tournament/6a186d77148dfa3544f3bbe4/standings,Tyranitar-Mega:Excadrill:Sylveon:Milotic:Sinistcha:Skarmory-Mega,2,Excadrill,Excadrill,Focus Sash,Sand Rush,Earthquake:Rock Slide:Iron Head:Protect,Earthquake,Rock Slide,Iron Head,Protect,Tyranitar-Mega:Sylveon:Milotic:Sinistcha:Skarmory-Mega
2026-05-31,2026-05-31T12:00:02Z,pikalytics,gen9championsvgc2026regma,"Best Pokemon, teams, and builds in Pokemon Champions VGC 2026",https://pikalytics.com/pokedex/gen9championsvgc2026regma,20,6,Hyokami,Hyokami,6-0,6,0,0,6,100.00,PWC - Battle in the Colosseum #13 - Reg M-A,2026-05-30,1,1,6,https://play.limitlesstcg.com/tournament/6a186d77148dfa3544f3bbe4/player/hyokami/teamlist,https://play.limitlesstcg.com/tournament/6a186d77148dfa3544f3bbe4/standings,Tyranitar-Mega:Excadrill:Sylveon:Milotic:Sinistcha:Skarmory-Mega,3,Sylveon,Sylveon,Fairy Feather,Pixilate,Hyper Voice:Hyper Beam:Yawn:Detect,Hyper Voice,Hyper Beam,Yawn,Detect,Tyranitar-Mega:Excadrill:Milotic:Sinistcha:Skarmory-Mega
2026-05-31,2026-05-31T12:00:02Z,pikalytics,gen9championsvgc2026regma,"Best Pokemon, teams, and builds in Pokemon Champions VGC 2026",https://pikalytics.com/pokedex/gen9championsvgc2026regma,20,6,Hyokami,Hyokami,6-0,6,0,0,6,100.00,PWC - Battle in the Colosseum #13 - Reg M-A,2026-05-30,1,1,6,https://play.limitlesstcg.com/tournament/6a186d77148dfa3544f3bbe4/player/hyokami/teamlist,https://play.limitlesstcg.com/tournament/6a186d77148dfa3544f3bbe4/standings,Tyranitar-Mega:Excadrill:Sylveon:Milotic:Sinistcha:Skarmory-Mega,4,Milotic,Milotic,Sitrus Berry,Competitive,Scald:Icy Wind:Life Dew:Protect,Scald,Icy Wind,Life Dew,Protect,Tyranitar-Mega:Excadrill:Sylveon:Sinistcha:Skarmory-Mega
2026-05-31,2026-05-31T12:00:02Z,pikalytics,gen9championsvgc2026regma,"Best Pokemon, teams, and builds in Pokemon Champions VGC 2026",https://pikalytics.com/pokedex/gen9championsvgc2026regma,20,6,Hyokami,Hyokami,6-0,6,0,0,6,100.00,PWC - Battle in the Colosseum #13 - Reg M-A,2026-05-30,1,1,6,https://play.limitlesstcg.com/tournament/6a186d77148dfa3544f3bbe4/player/hyokami/teamlist,https://play.limitlesstcg.com/tournament/6a186d77148dfa3544f3bbe4/standings,Tyranitar-Mega:Excadrill:Sylveon:Milotic:Sinistcha:Skarmory-Mega,5,Sinistcha,Sinistcha,Kasib Berry,Hospitality,Matcha Gotcha:Strength Sap:Rage Powder:Trick Room,Matcha Gotcha,Strength Sap,Rage Powder,Trick Room,Tyranitar-Mega:Excadrill:Sylveon:Milotic:Skarmory-Mega
2026-05-31,2026-05-31T12:00:02Z,pikalytics,gen9championsvgc2026regma,"Best Pokemon, teams, and builds in Pokemon Champions VGC 2026",https://pikalytics.com/pokedex/gen9championsvgc2026regma,20,6,Hyokami,Hyokami,6-0,6,0,0,6,100.00,PWC - Battle in the Colosseum #13 - Reg M-A,2026-05-30,1,1,6,https://play.limitlesstcg.com/tournament/6a186d77148dfa3544f3bbe4/player/hyokami/teamlist,https://play.limitlesstcg.com/tournament/6a186d77148dfa3544f3bbe4/standings,Tyranitar-Mega:Excadrill:Sylveon:Milotic:Sinistcha:Skarmory-Mega,6,Skarmory-Mega,Skarmory,Skarmorite,Sturdy,Brave Bird:Iron Head:Tailwind:Protect,Brave Bird,Iron Head,Tailwind,Protect,Tyranitar-Mega:Excadrill:Sylveon:Milotic:Sinistcha
2026-06-08,2026-06-08T12:00:02Z,pikalytics,gen9championsvgc2026regma,"Best Pokemon, teams, and builds in Pokemon Champions VGC 2026",https://pikalytics.com/pokedex/gen9championsvgc2026regma,16,6,katabo,katabo,8-0,8,0,0,8,100.00,VGCA Battle Hall: Academy Ace Edition #2,2026-05-31,1,1,13,https://play.limitlesstcg.com/tournament/6a19947356b11a587a942a3a/player/katabo/teamlist,https://play.limitlesstcg.com/tournament/6a19947356b11a587a942a3a/standings,Floette-Eternal:Talonflame:Garchomp:Maushold:Kingambit:Basculegion,1,Floette-Eternal,Eternal Flower Floette,Floettite,Flower Veil,Moonblast:Dazzling Gleam:Light of Ruin:Protect,Moonblast,Dazzling Gleam,Light of Ruin,Protect,Talonflame:Garchomp:Maushold:Kingambit:Basculegion
2026-06-08,2026-06-08T12:00:02Z,pikalytics,gen9championsvgc2026regma,"Best Pokemon, teams, and builds in Pokemon Champions VGC 2026",https://pikalytics.com/pokedex/gen9championsvgc2026regma,16,6,katabo,katabo,8-0,8,0,0,8,100.00,VGCA Battle Hall: Academy Ace Edition #2,2026-05-31,1,1,13,https://play.limitlesstcg.com/tournament/6a19947356b11a587a942a3a/player/katabo/teamlist,https://play.limitlesstcg.com/tournament/6a19947356b11a587a942a3a/standings,Floette-Eternal:Talonflame:Garchomp:Maushold:Kingambit:Basculegion,2,Talonflame,Talonflame,Sharp Beak,Gale Wings,Air Slash:Overheat:Tailwind:Protect,Air Slash,Overheat,Tailwind,Protect,Floette-Eternal:Garchomp:Maushold:Kingambit:Basculegion
2026-06-08,2026-06-08T12:00:02Z,pikalytics,gen9championsvgc2026regma,"Best Pokemon, teams, and builds in Pokemon Champions VGC 2026",https://pikalytics.com/pokedex/gen9championsvgc2026regma,16,6,katabo,katabo,8-0,8,0,0,8,100.00,VGCA Battle Hall: Academy Ace Edition #2,2026-05-31,1,1,13,https://play.limitlesstcg.com/tournament/6a19947356b11a587a942a3a/player/katabo/teamlist,https://play.limitlesstcg.com/tournament/6a19947356b11a587a942a3a/standings,Floette-Eternal:Talonflame:Garchomp:Maushold:Kingambit:Basculegion,3,Garchomp,Garchomp,Roseli Berry,Rough Skin,Dragon Claw:Earthquake:Rock Slide:Poison Jab,Dragon Claw,Earthquake,Rock Slide,Poison Jab,Floette-Eternal:Talonflame:Maushold:Kingambit:Basculegion
2026-06-08,2026-06-08T12:00:02Z,pikalytics,gen9championsvgc2026regma,"Best Pokemon, teams, and builds in Pokemon Champions VGC 2026",https://pikalytics.com/pokedex/gen9championsvgc2026regma,16,6,katabo,katabo,8-0,8,0,0,8,100.00,VGCA Battle Hall: Academy Ace Edition #2,2026-05-31,1,1,13,https://play.limitlesstcg.com/tournament/6a19947356b11a587a942a3a/player/katabo/teamlist,https://play.limitlesstcg.com/tournament/6a19947356b11a587a942a3a/standings,Floette-Eternal:Talonflame:Garchomp:Maushold:Kingambit:Basculegion,4,Maushold,Maushold,Focus Sash,Friend Guard,Super Fang:Follow Me:Encore:Protect,Super Fang,Follow Me,Encore,Protect,Floette-Eternal:Talonflame:Garchomp:Kingambit:Basculegion
2026-06-08,2026-06-08T12:00:02Z,pikalytics,gen9championsvgc2026regma,"Best Pokemon, teams, and builds in Pokemon Champions VGC 2026",https://pikalytics.com/pokedex/gen9championsvgc2026regma,16,6,katabo,katabo,8-0,8,0,0,8,100.00,VGCA Battle Hall: Academy Ace Edition #2,2026-05-31,1,1,13,https://play.limitlesstcg.com/tournament/6a19947356b11a587a942a3a/player/katabo/teamlist,https://play.limitlesstcg.com/tournament/6a19947356b11a587a942a3a/standings,Floette-Eternal:Talonflame:Garchomp:Maushold:Kingambit:Basculegion,5,Kingambit,Kingambit,Chople Berry,Defiant,Kowtow Cleave:Sucker Punch:Iron Head:Low Kick,Kowtow Cleave,Sucker Punch,Iron Head,Low Kick,Floette-Eternal:Talonflame:Garchomp:Maushold:Basculegion
2026-06-08,2026-06-08T12:00:02Z,pikalytics,gen9championsvgc2026regma,"Best Pokemon, teams, and builds in Pokemon Champions VGC 2026",https://pikalytics.com/pokedex/gen9championsvgc2026regma,16,6,katabo,katabo,8-0,8,0,0,8,100.00,VGCA Battle Hall: Academy Ace Edition #2,2026-05-31,1,1,13,https://play.limitlesstcg.com/tournament/6a19947356b11a587a942a3a/player/katabo/teamlist,https://play.limitlesstcg.com/tournament/6a19947356b11a587a942a3a/standings,Floette-Eternal:Talonflame:Garchomp:Maushold:Kingambit:Basculegion,6,Basculegion,Basculegion,Sitrus Berry,Adaptability,Wave Crash:Last Respects:Aqua Jet:Protect,Wave Crash,Last Respects,Aqua Jet,Protect,Floette-Eternal:Talonflame:Garchomp:Maushold:Kingambit
2026-06-17,2026-06-17T12:00:03Z,pikalytics,gen9championsvgc2026regma,"Best Pokemon, teams, and builds in Pokemon Champions VGC 2026",https://pikalytics.com/pokedex/gen9championsvgc2026regma,9,6,PokeReplay,PokeReplay,11-0,11,0,0,11,100.00,Tenki's Cart - Road to Turin M-A,2026-06-01,1,1,81,https://play.limitlesstcg.com/tournament/6a196f5856b11a587a94281c/player/pokereplay/teamlist,https://play.limitlesstcg.com/tournament/6a196f5856b11a587a94281c/standings,Garchomp:Incineroar:Venusaur:Sinistcha:Charizard-Mega-Y:Floette-Eternal,1,Garchomp,Garchomp,Choice Scarf,Rough Skin,Earthquake:Stomping Tantrum:Rock Slide:Dragon Claw,Earthquake,Stomping Tantrum,Rock Slide,Dragon Claw,Incineroar:Venusaur:Sinistcha:Charizard-Mega-Y:Floette-Eternal
2026-06-17,2026-06-17T12:00:03Z,pikalytics,gen9championsvgc2026regma,"Best Pokemon, teams, and builds in Pokemon Champions VGC 2026",https://pikalytics.com/pokedex/gen9championsvgc2026regma,9,6,PokeReplay,PokeReplay,11-0,11,0,0,11,100.00,Tenki's Cart - Road to Turin M-A,2026-06-01,1,1,81,https://play.limitlesstcg.com/tournament/6a196f5856b11a587a94281c/player/pokereplay/teamlist,https://play.limitlesstcg.com/tournament/6a196f5856b11a587a94281c/standings,Garchomp:Incineroar:Venusaur:Sinistcha:Charizard-Mega-Y:Floette-Eternal,2,Incineroar,Incineroar,Sitrus Berry,Intimidate,Flare Blitz:Throat Chop:Fake Out:Parting Shot,Flare Blitz,Throat Chop,Fake Out,Parting Shot,Garchomp:Venusaur:Sinistcha:Charizard-Mega-Y:Floette-Eternal
2026-06-17,2026-06-17T12:00:03Z,pikalytics,gen9championsvgc2026regma,"Best Pokemon, teams, and builds in Pokemon Champions VGC 2026",https://pikalytics.com/pokedex/gen9championsvgc2026regma,9,6,PokeReplay,PokeReplay,11-0,11,0,0,11,100.00,Tenki's Cart - Road to Turin M-A,2026-06-01,1,1,81,https://play.limitlesstcg.com/tournament/6a196f5856b11a587a94281c/player/pokereplay/teamlist,https://play.limitlesstcg.com/tournament/6a196f5856b11a587a94281c/standings,Garchomp:Incineroar:Venusaur:Sinistcha:Charizard-Mega-Y:Floette-Eternal,3,Venusaur,Venusaur,Focus Sash,Chlorophyll,Sludge Bomb:Earth Power:Sleep Powder:Protect,Sludge Bomb,Earth Power,Sleep Powder,Protect,Garchomp:Incineroar:Sinistcha:Charizard-Mega-Y:Floette-Eternal
2026-06-17,2026-06-17T12:00:03Z,pikalytics,gen9championsvgc2026regma,"Best Pokemon, teams, and builds in Pokemon Champions VGC 2026",https://pikalytics.com/pokedex/gen9championsvgc2026regma,9,6,PokeReplay,PokeReplay,11-0,11,0,0,11,100.00,Tenki's Cart - Road to Turin M-A,2026-06-01,1,1,81,https://play.limitlesstcg.com/tournament/6a196f5856b11a587a94281c/player/pokereplay/teamlist,https://play.limitlesstcg.com/tournament/6a196f5856b11a587a94281c/standings,Garchomp:Incineroar:Venusaur:Sinistcha:Charizard-Mega-Y:Floette-Eternal,4,Sinistcha,Sinistcha,Kasib Berry,Hospitality,Matcha Gotcha:Rage Powder:Trick Room:Protect,Matcha Gotcha,Rage Powder,Trick Room,Protect,Garchomp:Incineroar:Venusaur:Charizard-Mega-Y:Floette-Eternal
2026-06-17,2026-06-17T12:00:03Z,pikalytics,gen9championsvgc2026regma,"Best Pokemon, teams, and builds in Pokemon Champions VGC 2026",https://pikalytics.com/pokedex/gen9championsvgc2026regma,9,6,PokeReplay,PokeReplay,11-0,11,0,0,11,100.00,Tenki's Cart - Road to Turin M-A,2026-06-01,1,1,81,https://play.limitlesstcg.com/tournament/6a196f5856b11a587a94281c/player/pokereplay/teamlist,https://play.limitlesstcg.com/tournament/6a196f5856b11a587a94281c/standings,Garchomp:Incineroar:Venusaur:Sinistcha:Charizard-Mega-Y:Floette-Eternal,5,Charizard-Mega-Y,Charizard,Charizardite Y,Blaze,Heat Wave:Weather Ball:Solar Beam:Protect,Heat Wave,Weather Ball,Solar Beam,Protect,Garchomp:Incineroar:Venusaur:Sinistcha:Floette-Eternal
2026-06-17,2026-06-17T12:00:03Z,pikalytics,gen9championsvgc2026regma,"Best Pokemon, teams, and builds in Pokemon Champions VGC 2026",https://pikalytics.com/pokedex/gen9championsvgc2026regma,9,6,PokeReplay,PokeReplay,11-0,11,0,0,11,100.00,Tenki's Cart - Road to Turin M-A,2026-06-01,1,1,81,https://play.limitlesstcg.com/tournament/6a196f5856b11a587a94281c/player/pokereplay/teamlist,https://play.limitlesstcg.com/tournament/6a196f5856b11a587a94281c/standings,Garchomp:Incineroar:Venusaur:Sinistcha:Charizard-Mega-Y:Floette-Eternal,6,Floette-Eternal,Eternal Flower Floette,Floettite,Flower Veil,Moonblast:Dazzling Gleam:Calm Mind:Protect,Moonblast,Dazzling Gleam,Calm Mind,Protect,Garchomp:Incineroar:Venusaur:Sinistcha:Charizard-Mega-Y
2026-06-08,2026-06-08T12:00:02Z,pikalytics,gen9championsvgc2026regma,"Best Pokemon, teams, and builds in Pokemon Champions VGC 2026",https://pikalytics.com/pokedex/gen9championsvgc2026regma,14,6,Altkyle,Altkyle,8-0,8,0,0,8,100.00,Sketch Academy Champions Regulation M-A Tournament,2026-06-01,1,1,34,https://play.limitlesstcg.com/tournament/6a13fdd30f6c1f089986093b/player/altkyle/teamlist,https://play.limitlesstcg.com/tournament/6a13fdd30f6c1f089986093b/standings,Dragonite-Mega:Basculegion:Scizor-Mega:Archaludon:Pelipper:Incineroar,1,Dragonite-Mega,Dragonite,Dragoninite,Inner Focus,Dragon Pulse:Flamethrower:Tailwind:Protect,Dragon Pulse,Flamethrower,Tailwind,Protect,Basculegion:Scizor-Mega:Archaludon:Pelipper:Incineroar
2026-06-08,2026-06-08T12:00:02Z,pikalytics,gen9championsvgc2026regma,"Best Pokemon, teams, and builds in Pokemon Champions VGC 2026",https://pikalytics.com/pokedex/gen9championsvgc2026regma,14,6,Altkyle,Altkyle,8-0,8,0,0,8,100.00,Sketch Academy Champions Regulation M-A Tournament,2026-06-01,1,1,34,https://play.limitlesstcg.com/tournament/6a13fdd30f6c1f089986093b/player/altkyle/teamlist,https://play.limitlesstcg.com/tournament/6a13fdd30f6c1f089986093b/standings,Dragonite-Mega:Basculegion:Scizor-Mega:Archaludon:Pelipper:Incineroar,2,Basculegion,Basculegion,Choice Scarf,Adaptability,Wave Crash:Last Respects:Aqua Jet:Flip Turn,Wave Crash,Last Respects,Aqua Jet,Flip Turn,Dragonite-Mega:Scizor-Mega:Archaludon:Pelipper:Incineroar
2026-06-08,2026-06-08T12:00:02Z,pikalytics,gen9championsvgc2026regma,"Best Pokemon, teams, and builds in Pokemon Champions VGC 2026",https://pikalytics.com/pokedex/gen9championsvgc2026regma,14,6,Altkyle,Altkyle,8-0,8,0,0,8,100.00,Sketch Academy Champions Regulation M-A Tournament,2026-06-01,1,1,34,https://play.limitlesstcg.com/tournament/6a13fdd30f6c1f089986093b/player/altkyle/teamlist,https://play.limitlesstcg.com/tournament/6a13fdd30f6c1f089986093b/standings,Dragonite-Mega:Basculegion:Scizor-Mega:Archaludon:Pelipper:Incineroar,3,Scizor-Mega,Scizor,Scizorite,Technician,Bullet Punch:Close Combat:Swords Dance:Protect,Bullet Punch,Close Combat,Swords Dance,Protect,Dragonite-Mega:Basculegion:Archaludon:Pelipper:Incineroar
2026-06-08,2026-06-08T12:00:02Z,pikalytics,gen9championsvgc2026regma,"Best Pokemon, teams, and builds in Pokemon Champions VGC 2026",https://pikalytics.com/pokedex/gen9championsvgc2026regma,14,6,Altkyle,Altkyle,8-0,8,0,0,8,100.00,Sketch Academy Champions Regulation M-A Tournament,2026-06-01,1,1,34,https://play.limitlesstcg.com/tournament/6a13fdd30f6c1f089986093b/player/altkyle/teamlist,https://play.limitlesstcg.com/tournament/6a13fdd30f6c1f089986093b/standings,Dragonite-Mega:Basculegion:Scizor-Mega:Archaludon:Pelipper:Incineroar,4,Archaludon,Archaludon,Chople Berry,Stamina,Electro Shot:Dragon Pulse:Aura Sphere:Protect,Electro Shot,Dragon Pulse,Aura Sphere,Protect,Dragonite-Mega:Basculegion:Scizor-Mega:Pelipper:Incineroar
2026-06-08,2026-06-08T12:00:02Z,pikalytics,gen9championsvgc2026regma,"Best Pokemon, teams, and builds in Pokemon Champions VGC 2026",https://pikalytics.com/pokedex/gen9championsvgc2026regma,14,6,Altkyle,Altkyle,8-0,8,0,0,8,100.00,Sketch Academy Champions Regulation M-A Tournament,2026-06-01,1,1,34,https://play.limitlesstcg.com/tournament/6a13fdd30f6c1f089986093b/player/altkyle/teamlist,https://play.limitlesstcg.com/tournament/6a13fdd30f6c1f089986093b/standings,Dragonite-Mega:Basculegion:Scizor-Mega:Archaludon:Pelipper:Incineroar,5,Pelipper,Pelipper,Focus Sash,Drizzle,Hurricane:Weather Ball:Tailwind:Protect,Hurricane,Weather Ball,Tailwind,Protect,Dragonite-Mega:Basculegion:Scizor-Mega:Archaludon:Incineroar
2026-06-08,2026-06-08T12:00:02Z,pikalytics,gen9championsvgc2026regma,"Best Pokemon, teams, and builds in Pokemon Champions VGC 2026",https://pikalytics.com/pokedex/gen9championsvgc2026regma,14,6,Altkyle,Altkyle,8-0,8,0,0,8,100.00,Sketch Academy Champions Regulation M-A Tournament,2026-06-01,1,1,34,https://play.limitlesstcg.com/tournament/6a13fdd30f6c1f089986093b/player/altkyle/teamlist,https://play.limitlesstcg.com/tournament/6a13fdd30f6c1f089986093b/standings,Dragonite-Mega:Basculegion:Scizor-Mega:Archaludon:Pelipper:Incineroar,6,Incineroar,Incineroar,Sitrus Berry,Intimidate,Fake Out:Flare Blitz:Throat Chop:Parting Shot,Fake Out,Flare Blitz,Throat Chop,Parting Shot,Dragonite-Mega:Basculegion:Scizor-Mega:Archaludon:Pelipper
2026-06-17,2026-06-17T12:00:03Z,pikalytics,gen9championsvgc2026regma,"Best Pokemon, teams, and builds in Pokemon Champions VGC 2026",https://pikalytics.com/pokedex/gen9championsvgc2026regma,18,6,GengarIsMad,GengarIsMad,10-1,10,1,0,11,90.91,*Sitrus-Series*|Champions|#61,2026-06-03,1,1,65,https://play.limitlesstcg.com/tournament/6a1843740f6c1f08998629ca/player/gengarismad/teamlist,https://play.limitlesstcg.com/tournament/6a1843740f6c1f08998629ca/standings,Farigiraf:Incineroar:Camerupt-Mega:Kingambit:Vivillon:Crabominable-Mega,1,Farigiraf,Farigiraf,Sitrus Berry,Armor Tail,Protect:Psychic:Helping Hand:Trick Room,Protect,Psychic,Helping Hand,Trick Room,Incineroar:Camerupt-Mega:Kingambit:Vivillon:Crabominable-Mega
2026-06-17,2026-06-17T12:00:03Z,pikalytics,gen9championsvgc2026regma,"Best Pokemon, teams, and builds in Pokemon Champions VGC 2026",https://pikalytics.com/pokedex/gen9championsvgc2026regma,18,6,GengarIsMad,GengarIsMad,10-1,10,1,0,11,90.91,*Sitrus-Series*|Champions|#61,2026-06-03,1,1,65,https://play.limitlesstcg.com/tournament/6a1843740f6c1f08998629ca/player/gengarismad/teamlist,https://play.limitlesstcg.com/tournament/6a1843740f6c1f08998629ca/standings,Farigiraf:Incineroar:Camerupt-Mega:Kingambit:Vivillon:Crabominable-Mega,2,Incineroar,Incineroar,Charcoal,Intimidate,Flare Blitz:Darkest Lariat:Fake Out:Parting Shot,Flare Blitz,Darkest Lariat,Fake Out,Parting Shot,Farigiraf:Camerupt-Mega:Kingambit:Vivillon:Crabominable-Mega
2026-06-17,2026-06-17T12:00:03Z,pikalytics,gen9championsvgc2026regma,"Best Pokemon, teams, and builds in Pokemon Champions VGC 2026",https://pikalytics.com/pokedex/gen9championsvgc2026regma,18,6,GengarIsMad,GengarIsMad,10-1,10,1,0,11,90.91,*Sitrus-Series*|Champions|#61,2026-06-03,1,1,65,https://play.limitlesstcg.com/tournament/6a1843740f6c1f08998629ca/player/gengarismad/teamlist,https://play.limitlesstcg.com/tournament/6a1843740f6c1f08998629ca/standings,Farigiraf:Incineroar:Camerupt-Mega:Kingambit:Vivillon:Crabominable-Mega,3,Camerupt-Mega,Camerupt,Cameruptite,Solid Rock,Protect:Heat Wave:Earth Power:Ancient Power,Protect,Heat Wave,Earth Power,Ancient Power,Farigiraf:Incineroar:Kingambit:Vivillon:Crabominable-Mega
2026-06-17,2026-06-17T12:00:03Z,pikalytics,gen9championsvgc2026regma,"Best Pokemon, teams, and builds in Pokemon Champions VGC 2026",https://pikalytics.com/pokedex/gen9championsvgc2026regma,18,6,GengarIsMad,GengarIsMad,10-1,10,1,0,11,90.91,*Sitrus-Series*|Champions|#61,2026-06-03,1,1,65,https://play.limitlesstcg.com/tournament/6a1843740f6c1f08998629ca/player/gengarismad/teamlist,https://play.limitlesstcg.com/tournament/6a1843740f6c1f08998629ca/standings,Farigiraf:Incineroar:Camerupt-Mega:Kingambit:Vivillon:Crabominable-Mega,4,Kingambit,Kingambit,Black Glasses,Defiant,Swords Dance:Kowtow Cleave:Iron Head:Sucker Punch,Swords Dance,Kowtow Cleave,Iron Head,Sucker Punch,Farigiraf:Incineroar:Camerupt-Mega:Vivillon:Crabominable-Mega
2026-06-17,2026-06-17T12:00:03Z,pikalytics,gen9championsvgc2026regma,"Best Pokemon, teams, and builds in Pokemon Champions VGC 2026",https://pikalytics.com/pokedex/gen9championsvgc2026regma,18,6,GengarIsMad,GengarIsMad,10-1,10,1,0,11,90.91,*Sitrus-Series*|Champions|#61,2026-06-03,1,1,65,https://play.limitlesstcg.com/tournament/6a1843740f6c1f08998629ca/player/gengarismad/teamlist,https://play.limitlesstcg.com/tournament/6a1843740f6c1f08998629ca/standings,Farigiraf:Incineroar:Camerupt-Mega:Kingambit:Vivillon:Crabominable-Mega,5,Vivillon,Vivillon,Focus Sash,Compound Eyes,Rage Powder:Protect:Sleep Powder:Hurricane,Rage Powder,Protect,Sleep Powder,Hurricane,Farigiraf:Incineroar:Camerupt-Mega:Kingambit:Crabominable-Mega
2026-06-17,2026-06-17T12:00:03Z,pikalytics,gen9championsvgc2026regma,"Best Pokemon, teams, and builds in Pokemon Champions VGC 2026",https://pikalytics.com/pokedex/gen9championsvgc2026regma,18,6,GengarIsMad,GengarIsMad,10-1,10,1,0,11,90.91,*Sitrus-Series*|Champions|#61,2026-06-03,1,1,65,https://play.limitlesstcg.com/tournament/6a1843740f6c1f08998629ca/player/gengarismad/teamlist,https://play.limitlesstcg.com/tournament/6a1843740f6c1f08998629ca/standings,Farigiraf:Incineroar:Camerupt-Mega:Kingambit:Vivillon:Crabominable-Mega,6,Crabominable-Mega,Crabominable,Crabominite,Hyper Cutter,Protect:Close Combat:Ice Hammer:Mach Punch,Protect,Close Combat,Ice Hammer,Mach Punch,Farigiraf:Incineroar:Camerupt-Mega:Kingambit:Vivillon
2026-06-15,2026-06-15T12:00:02Z,pikalytics,gen9championsvgc2026regma,"Best Pokemon, teams, and builds in Pokemon Champions VGC 2026",https://pikalytics.com/pokedex/gen9championsvgc2026regma,16,6,SaviorofBiryani,SaviorofBiryani,10-1,10,1,0,11,90.91,Talon's FIGHT CLUB #87 POKEMON CHAMPIONS,2026-06-04,1,1,61,https://play.limitlesstcg.com/tournament/6a14cc4c8c163b8097997614/player/saviorofbiryani/teamlist,https://play.limitlesstcg.com/tournament/6a14cc4c8c163b8097997614/standings,Kingambit:Garchomp:Sylveon:Basculegion:Scovillain-Mega:Aerodactyl-Mega,1,Kingambit,Kingambit,Focus Sash,Defiant,Kowtow Cleave:Low Kick:Sucker Punch:Iron Head,Kowtow Cleave,Low Kick,Sucker Punch,Iron Head,Garchomp:Sylveon:Basculegion:Scovillain-Mega:Aerodactyl-Mega
2026-06-15,2026-06-15T12:00:02Z,pikalytics,gen9championsvgc2026regma,"Best Pokemon, teams, and builds in Pokemon Champions VGC 2026",https://pikalytics.com/pokedex/gen9championsvgc2026regma,16,6,SaviorofBiryani,SaviorofBiryani,10-1,10,1,0,11,90.91,Talon's FIGHT CLUB #87 POKEMON CHAMPIONS,2026-06-04,1,1,61,https://play.limitlesstcg.com/tournament/6a14cc4c8c163b8097997614/player/saviorofbiryani/teamlist,https://play.limitlesstcg.com/tournament/6a14cc4c8c163b8097997614/standings,Kingambit:Garchomp:Sylveon:Basculegion:Scovillain-Mega:Aerodactyl-Mega,2,Garchomp,Garchomp,Sitrus Berry,Rough Skin,Earthquake:Poison Jab:Dragon Claw:Protect,Earthquake,Poison Jab,Dragon Claw,Protect,Kingambit:Sylveon:Basculegion:Scovillain-Mega:Aerodactyl-Mega
2026-06-15,2026-06-15T12:00:02Z,pikalytics,gen9championsvgc2026regma,"Best Pokemon, teams, and builds in Pokemon Champions VGC 2026",https://pikalytics.com/pokedex/gen9championsvgc2026regma,16,6,SaviorofBiryani,SaviorofBiryani,10-1,10,1,0,11,90.91,Talon's FIGHT CLUB #87 POKEMON CHAMPIONS,2026-06-04,1,1,61,https://play.limitlesstcg.com/tournament/6a14cc4c8c163b8097997614/player/saviorofbiryani/teamlist,https://play.limitlesstcg.com/tournament/6a14cc4c8c163b8097997614/standings,Kingambit:Garchomp:Sylveon:Basculegion:Scovillain-Mega:Aerodactyl-Mega,3,Sylveon,Sylveon,Fairy Feather,Pixilate,Calm Mind:Hyper Voice:Quick Attack:Protect,Calm Mind,Hyper Voice,Quick Attack,Protect,Kingambit:Garchomp:Basculegion:Scovillain-Mega:Aerodactyl-Mega
2026-06-15,2026-06-15T12:00:02Z,pikalytics,gen9championsvgc2026regma,"Best Pokemon, teams, and builds in Pokemon Champions VGC 2026",https://pikalytics.com/pokedex/gen9championsvgc2026regma,16,6,SaviorofBiryani,SaviorofBiryani,10-1,10,1,0,11,90.91,Talon's FIGHT CLUB #87 POKEMON CHAMPIONS,2026-06-04,1,1,61,https://play.limitlesstcg.com/tournament/6a14cc4c8c163b8097997614/player/saviorofbiryani/teamlist,https://play.limitlesstcg.com/tournament/6a14cc4c8c163b8097997614/standings,Kingambit:Garchomp:Sylveon:Basculegion:Scovillain-Mega:Aerodactyl-Mega,4,Basculegion,Basculegion,Choice Scarf,Adaptability,Wave Crash:Flip Turn:Aqua Jet:Last Respects,Wave Crash,Flip Turn,Aqua Jet,Last Respects,Kingambit:Garchomp:Sylveon:Scovillain-Mega:Aerodactyl-Mega
2026-06-15,2026-06-15T12:00:02Z,pikalytics,gen9championsvgc2026regma,"Best Pokemon, teams, and builds in Pokemon Champions VGC 2026",https://pikalytics.com/pokedex/gen9championsvgc2026regma,16,6,SaviorofBiryani,SaviorofBiryani,10-1,10,1,0,11,90.91,Talon's FIGHT CLUB #87 POKEMON CHAMPIONS,2026-06-04,1,1,61,https://play.limitlesstcg.com/tournament/6a14cc4c8c163b8097997614/player/saviorofbiryani/teamlist,https://play.limitlesstcg.com/tournament/6a14cc4c8c163b8097997614/standings,Kingambit:Garchomp:Sylveon:Basculegion:Scovillain-Mega:Aerodactyl-Mega,5,Scovillain-Mega,Scovillain,Scovillainite,Moody,Leech Seed:Overheat:Rage Powder:Protect,Leech Seed,Overheat,Rage Powder,Protect,Kingambit:Garchomp:Sylveon:Basculegion:Aerodactyl-Mega
2026-06-15,2026-06-15T12:00:02Z,pikalytics,gen9championsvgc2026regma,"Best Pokemon, teams, and builds in Pokemon Champions VGC 2026",https://pikalytics.com/pokedex/gen9championsvgc2026regma,16,6,SaviorofBiryani,SaviorofBiryani,10-1,10,1,0,11,90.91,Talon's FIGHT CLUB #87 POKEMON CHAMPIONS,2026-06-04,1,1,61,https://play.limitlesstcg.com/tournament/6a14cc4c8c163b8097997614/player/saviorofbiryani/teamlist,https://play.limitlesstcg.com/tournament/6a14cc4c8c163b8097997614/standings,Kingambit:Garchomp:Sylveon:Basculegion:Scovillain-Mega:Aerodactyl-Mega,6,Aerodactyl-Mega,Aerodactyl,Aerodactylite,Unnerve,Rock Slide:Dual Wingbeat:Tailwind:Protect,Rock Slide,Dual Wingbeat,Tailwind,Protect,Kingambit:Garchomp:Sylveon:Basculegion:Scovillain-Mega
2026-06-17,2026-06-17T12:00:03Z,pikalytics,gen9championsvgc2026regma,"Best Pokemon, teams, and builds in Pokemon Champions VGC 2026",https://pikalytics.com/pokedex/gen9championsvgc2026regma,8,6,TingusThePingus,TingusThePingus,12-1,12,1,0,13,92.31,SpearPillar Champions Tour #6 | Reg M-A $100 Prize,2026-06-06,1,1,213,https://play.limitlesstcg.com/tournament/69cd69a336f5b5c303dc45bb/player/tingusthepingus/teamlist,https://play.limitlesstcg.com/tournament/69cd69a336f5b5c303dc45bb/standings,Aerodactyl-Mega:Garchomp:Froslass-Mega:Kingambit:Sneasler:Sylveon,1,Aerodactyl-Mega,Aerodactyl,Aerodactylite,Unnerve,Rock Slide:Dual Wingbeat:Tailwind:Protect,Rock Slide,Dual Wingbeat,Tailwind,Protect,Garchomp:Froslass-Mega:Kingambit:Sneasler:Sylveon
2026-06-17,2026-06-17T12:00:03Z,pikalytics,gen9championsvgc2026regma,"Best Pokemon, teams, and builds in Pokemon Champions VGC 2026",https://pikalytics.com/pokedex/gen9championsvgc2026regma,8,6,TingusThePingus,TingusThePingus,12-1,12,1,0,13,92.31,SpearPillar Champions Tour #6 | Reg M-A $100 Prize,2026-06-06,1,1,213,https://play.limitlesstcg.com/tournament/69cd69a336f5b5c303dc45bb/player/tingusthepingus/teamlist,https://play.limitlesstcg.com/tournament/69cd69a336f5b5c303dc45bb/standings,Aerodactyl-Mega:Garchomp:Froslass-Mega:Kingambit:Sneasler:Sylveon,2,Garchomp,Garchomp,Choice Scarf,Rough Skin,Stomping Tantrum:Dragon Claw:Rock Slide:Iron Head,Stomping Tantrum,Dragon Claw,Rock Slide,Iron Head,Aerodactyl-Mega:Froslass-Mega:Kingambit:Sneasler:Sylveon
2026-06-17,2026-06-17T12:00:03Z,pikalytics,gen9championsvgc2026regma,"Best Pokemon, teams, and builds in Pokemon Champions VGC 2026",https://pikalytics.com/pokedex/gen9championsvgc2026regma,8,6,TingusThePingus,TingusThePingus,12-1,12,1,0,13,92.31,SpearPillar Champions Tour #6 | Reg M-A $100 Prize,2026-06-06,1,1,213,https://play.limitlesstcg.com/tournament/69cd69a336f5b5c303dc45bb/player/tingusthepingus/teamlist,https://play.limitlesstcg.com/tournament/69cd69a336f5b5c303dc45bb/standings,Aerodactyl-Mega:Garchomp:Froslass-Mega:Kingambit:Sneasler:Sylveon,3,Froslass-Mega,Froslass,Froslassite,Cursed Body,Blizzard:Shadow Ball:Aurora Veil:Protect,Blizzard,Shadow Ball,Aurora Veil,Protect,Aerodactyl-Mega:Garchomp:Kingambit:Sneasler:Sylveon
2026-06-17,2026-06-17T12:00:03Z,pikalytics,gen9championsvgc2026regma,"Best Pokemon, teams, and builds in Pokemon Champions VGC 2026",https://pikalytics.com/pokedex/gen9championsvgc2026regma,8,6,TingusThePingus,TingusThePingus,12-1,12,1,0,13,92.31,SpearPillar Champions Tour #6 | Reg M-A $100 Prize,2026-06-06,1,1,213,https://play.limitlesstcg.com/tournament/69cd69a336f5b5c303dc45bb/player/tingusthepingus/teamlist,https://play.limitlesstcg.com/tournament/69cd69a336f5b5c303dc45bb/standings,Aerodactyl-Mega:Garchomp:Froslass-Mega:Kingambit:Sneasler:Sylveon,4,Kingambit,Kingambit,Focus Sash,Defiant,Kowtow Cleave:Sucker Punch:Low Kick:Protect,Kowtow Cleave,Sucker Punch,Low Kick,Protect,Aerodactyl-Mega:Garchomp:Froslass-Mega:Sneasler:Sylveon
2026-06-17,2026-06-17T12:00:03Z,pikalytics,gen9championsvgc2026regma,"Best Pokemon, teams, and builds in Pokemon Champions VGC 2026",https://pikalytics.com/pokedex/gen9championsvgc2026regma,8,6,TingusThePingus,TingusThePingus,12-1,12,1,0,13,92.31,SpearPillar Champions Tour #6 | Reg M-A $100 Prize,2026-06-06,1,1,213,https://play.limitlesstcg.com/tournament/69cd69a336f5b5c303dc45bb/player/tingusthepingus/teamlist,https://play.limitlesstcg.com/tournament/69cd69a336f5b5c303dc45bb/standings,Aerodactyl-Mega:Garchomp:Froslass-Mega:Kingambit:Sneasler:Sylveon,5,Sneasler,Sneasler,White Herb,Unburden,Close Combat:Dire Claw:Fake Out:Protect,Close Combat,Dire Claw,Fake Out,Protect,Aerodactyl-Mega:Garchomp:Froslass-Mega:Kingambit:Sylveon
2026-06-17,2026-06-17T12:00:03Z,pikalytics,gen9championsvgc2026regma,"Best Pokemon, teams, and builds in Pokemon Champions VGC 2026",https://pikalytics.com/pokedex/gen9championsvgc2026regma,8,6,TingusThePingus,TingusThePingus,12-1,12,1,0,13,92.31,SpearPillar Champions Tour #6 | Reg M-A $100 Prize,2026-06-06,1,1,213,https://play.limitlesstcg.com/tournament/69cd69a336f5b5c303dc45bb/player/tingusthepingus/teamlist,https://play.limitlesstcg.com/tournament/69cd69a336f5b5c303dc45bb/standings,Aerodactyl-Mega:Garchomp:Froslass-Mega:Kingambit:Sneasler:Sylveon,6,Sylveon,Sylveon,Fairy Feather,Pixilate,Hyper Voice:Quick Attack:Hyper Beam:Detect,Hyper Voice,Quick Attack,Hyper Beam,Detect,Aerodactyl-Mega:Garchomp:Froslass-Mega:Kingambit:Sneasler
2026-06-17,2026-06-17T12:00:03Z,pikalytics,gen9championsvgc2026regma,"Best Pokemon, teams, and builds in Pokemon Champions VGC 2026",https://pikalytics.com/pokedex/gen9championsvgc2026regma,11,6,GielBakker,GielBakker,10-0,10,0,0,10,100.00,VGC Trainer school x MMHM x Pride month event! #1,2026-06-07,1,1,52,https://play.limitlesstcg.com/tournament/6a157c210f6c1f089986159a/player/gielbakker/teamlist,https://play.limitlesstcg.com/tournament/6a157c210f6c1f089986159a/standings,Gengar-Mega:Floette-Eternal:Incineroar:Kingambit:Sneasler:Kommo-o,1,Gengar-Mega,Gengar,Gengarite,Cursed Body,Protect:Shadow Ball:Perish Song:Disable,Protect,Shadow Ball,Perish Song,Disable,Floette-Eternal:Incineroar:Kingambit:Sneasler:Kommo-o
2026-06-17,2026-06-17T12:00:03Z,pikalytics,gen9championsvgc2026regma,"Best Pokemon, teams, and builds in Pokemon Champions VGC 2026",https://pikalytics.com/pokedex/gen9championsvgc2026regma,11,6,GielBakker,GielBakker,10-0,10,0,0,10,100.00,VGC Trainer school x MMHM x Pride month event! #1,2026-06-07,1,1,52,https://play.limitlesstcg.com/tournament/6a157c210f6c1f089986159a/player/gielbakker/teamlist,https://play.limitlesstcg.com/tournament/6a157c210f6c1f089986159a/standings,Gengar-Mega:Floette-Eternal:Incineroar:Kingambit:Sneasler:Kommo-o,2,Floette-Eternal,Eternal Flower Floette,Floettite,Flower Veil,Dazzling Gleam:Moonblast:Light of Ruin:Protect,Dazzling Gleam,Moonblast,Light of Ruin,Protect,Gengar-Mega:Incineroar:Kingambit:Sneasler:Kommo-o
2026-06-17,2026-06-17T12:00:03Z,pikalytics,gen9championsvgc2026regma,"Best Pokemon, teams, and builds in Pokemon Champions VGC 2026",https://pikalytics.com/pokedex/gen9championsvgc2026regma,11,6,GielBakker,GielBakker,10-0,10,0,0,10,100.00,VGC Trainer school x MMHM x Pride month event! #1,2026-06-07,1,1,52,https://play.limitlesstcg.com/tournament/6a157c210f6c1f089986159a/player/gielbakker/teamlist,https://play.limitlesstcg.com/tournament/6a157c210f6c1f089986159a/standings,Gengar-Mega:Floette-Eternal:Incineroar:Kingambit:Sneasler:Kommo-o,3,Incineroar,Incineroar,Passho Berry,Intimidate,Protect:Flare Blitz:Fake Out:Parting Shot,Protect,Flare Blitz,Fake Out,Parting Shot,Gengar-Mega:Floette-Eternal:Kingambit:Sneasler:Kommo-o
2026-06-17,2026-06-17T12:00:03Z,pikalytics,gen9championsvgc2026regma,"Best Pokemon, teams, and builds in Pokemon Champions VGC 2026",https://pikalytics.com/pokedex/gen9championsvgc2026regma,11,6,GielBakker,GielBakker,10-0,10,0,0,10,100.00,VGC Trainer school x MMHM x Pride month event! #1,2026-06-07,1,1,52,https://play.limitlesstcg.com/tournament/6a157c210f6c1f089986159a/player/gielbakker/teamlist,https://play.limitlesstcg.com/tournament/6a157c210f6c1f089986159a/standings,Gengar-Mega:Floette-Eternal:Incineroar:Kingambit:Sneasler:Kommo-o,4,Kingambit,Kingambit,Black Glasses,Defiant,Sucker Punch:Kowtow Cleave:Swords Dance:Protect,Sucker Punch,Kowtow Cleave,Swords Dance,Protect,Gengar-Mega:Floette-Eternal:Incineroar:Sneasler:Kommo-o
2026-06-17,2026-06-17T12:00:03Z,pikalytics,gen9championsvgc2026regma,"Best Pokemon, teams, and builds in Pokemon Champions VGC 2026",https://pikalytics.com/pokedex/gen9championsvgc2026regma,11,6,GielBakker,GielBakker,10-0,10,0,0,10,100.00,VGC Trainer school x MMHM x Pride month event! #1,2026-06-07,1,1,52,https://play.limitlesstcg.com/tournament/6a157c210f6c1f089986159a/player/gielbakker/teamlist,https://play.limitlesstcg.com/tournament/6a157c210f6c1f089986159a/standings,Gengar-Mega:Floette-Eternal:Incineroar:Kingambit:Sneasler:Kommo-o,5,Sneasler,Sneasler,White Herb,Unburden,Fake Out:Dire Claw:Close Combat:Protect,Fake Out,Dire Claw,Close Combat,Protect,Gengar-Mega:Floette-Eternal:Incineroar:Kingambit:Kommo-o
2026-06-17,2026-06-17T12:00:03Z,pikalytics,gen9championsvgc2026regma,"Best Pokemon, teams, and builds in Pokemon Champions VGC 2026",https://pikalytics.com/pokedex/gen9championsvgc2026regma,11,6,GielBakker,GielBakker,10-0,10,0,0,10,100.00,VGC Trainer school x MMHM x Pride month event! #1,2026-06-07,1,1,52,https://play.limitlesstcg.com/tournament/6a157c210f6c1f089986159a/player/gielbakker/teamlist,https://play.limitlesstcg.com/tournament/6a157c210f6c1f089986159a/standings,Gengar-Mega:Floette-Eternal:Incineroar:Kingambit:Sneasler:Kommo-o,6,Kommo-o,Kommo-o,Leftovers,Soundproof,Clanging Scales:Aura Sphere:Clangorous Soul:Protect,Clanging Scales,Aura Sphere,Clangorous Soul,Protect,Gengar-Mega:Floette-Eternal:Incineroar:Kingambit:Sneasler
2026-06-15,2026-06-15T12:00:02Z,pikalytics,gen9championsvgc2026regma,"Best Pokemon, teams, and builds in Pokemon Champions VGC 2026",https://pikalytics.com/pokedex/gen9championsvgc2026regma,15,6,UsagiFoo,UsagiFoo,8-0,8,0,0,8,100.00,MMHM X CHAOS LEAGUE QUALIFIER #1,2026-06-07,1,1,27,https://play.limitlesstcg.com/tournament/6a21bb1847f3797bf6babaf5/player/usagifoo/teamlist,https://play.limitlesstcg.com/tournament/6a21bb1847f3797bf6babaf5/standings,Gengar-Mega:Sinistcha:Archaludon:Politoed:Incineroar:Froslass-Mega,1,Gengar-Mega,Gengar,Gengarite,Cursed Body,Shadow Ball:Sludge Bomb:Perish Song:Protect,Shadow Ball,Sludge Bomb,Perish Song,Protect,Sinistcha:Archaludon:Politoed:Incineroar:Froslass-Mega
2026-06-15,2026-06-15T12:00:02Z,pikalytics,gen9championsvgc2026regma,"Best Pokemon, teams, and builds in Pokemon Champions VGC 2026",https://pikalytics.com/pokedex/gen9championsvgc2026regma,15,6,UsagiFoo,UsagiFoo,8-0,8,0,0,8,100.00,MMHM X CHAOS LEAGUE QUALIFIER #1,2026-06-07,1,1,27,https://play.limitlesstcg.com/tournament/6a21bb1847f3797bf6babaf5/player/usagifoo/teamlist,https://play.limitlesstcg.com/tournament/6a21bb1847f3797bf6babaf5/standings,Gengar-Mega:Sinistcha:Archaludon:Politoed:Incineroar:Froslass-Mega,2,Sinistcha,Sinistcha,Colbur Berry,Hospitality,Matcha Gotcha:Trick Room:Rage Powder:Protect,Matcha Gotcha,Trick Room,Rage Powder,Protect,Gengar-Mega:Archaludon:Politoed:Incineroar:Froslass-Mega
2026-06-15,2026-06-15T12:00:02Z,pikalytics,gen9championsvgc2026regma,"Best Pokemon, teams, and builds in Pokemon Champions VGC 2026",https://pikalytics.com/pokedex/gen9championsvgc2026regma,15,6,UsagiFoo,UsagiFoo,8-0,8,0,0,8,100.00,MMHM X CHAOS LEAGUE QUALIFIER #1,2026-06-07,1,1,27,https://play.limitlesstcg.com/tournament/6a21bb1847f3797bf6babaf5/player/usagifoo/teamlist,https://play.limitlesstcg.com/tournament/6a21bb1847f3797bf6babaf5/standings,Gengar-Mega:Sinistcha:Archaludon:Politoed:Incineroar:Froslass-Mega,3,Archaludon,Archaludon,Leftovers,Stamina,Electro Shot:Dragon Pulse:Flash Cannon:Protect,Electro Shot,Dragon Pulse,Flash Cannon,Protect,Gengar-Mega:Sinistcha:Politoed:Incineroar:Froslass-Mega
2026-06-15,2026-06-15T12:00:02Z,pikalytics,gen9championsvgc2026regma,"Best Pokemon, teams, and builds in Pokemon Champions VGC 2026",https://pikalytics.com/pokedex/gen9championsvgc2026regma,15,6,UsagiFoo,UsagiFoo,8-0,8,0,0,8,100.00,MMHM X CHAOS LEAGUE QUALIFIER #1,2026-06-07,1,1,27,https://play.limitlesstcg.com/tournament/6a21bb1847f3797bf6babaf5/player/usagifoo/teamlist,https://play.limitlesstcg.com/tournament/6a21bb1847f3797bf6babaf5/standings,Gengar-Mega:Sinistcha:Archaludon:Politoed:Incineroar:Froslass-Mega,4,Politoed,Politoed,Sitrus Berry,Drizzle,Weather Ball:Hypnosis:Perish Song:Protect,Weather Ball,Hypnosis,Perish Song,Protect,Gengar-Mega:Sinistcha:Archaludon:Incineroar:Froslass-Mega
2026-06-15,2026-06-15T12:00:02Z,pikalytics,gen9championsvgc2026regma,"Best Pokemon, teams, and builds in Pokemon Champions VGC 2026",https://pikalytics.com/pokedex/gen9championsvgc2026regma,15,6,UsagiFoo,UsagiFoo,8-0,8,0,0,8,100.00,MMHM X CHAOS LEAGUE QUALIFIER #1,2026-06-07,1,1,27,https://play.limitlesstcg.com/tournament/6a21bb1847f3797bf6babaf5/player/usagifoo/teamlist,https://play.limitlesstcg.com/tournament/6a21bb1847f3797bf6babaf5/standings,Gengar-Mega:Sinistcha:Archaludon:Politoed:Incineroar:Froslass-Mega,5,Incineroar,Incineroar,Chople Berry,Intimidate,Flare Blitz:Fake Out:Parting Shot:Protect,Flare Blitz,Fake Out,Parting Shot,Protect,Gengar-Mega:Sinistcha:Archaludon:Politoed:Froslass-Mega
2026-06-15,2026-06-15T12:00:02Z,pikalytics,gen9championsvgc2026regma,"Best Pokemon, teams, and builds in Pokemon Champions VGC 2026",https://pikalytics.com/pokedex/gen9championsvgc2026regma,15,6,UsagiFoo,UsagiFoo,8-0,8,0,0,8,100.00,MMHM X CHAOS LEAGUE QUALIFIER #1,2026-06-07,1,1,27,https://play.limitlesstcg.com/tournament/6a21bb1847f3797bf6babaf5/player/usagifoo/teamlist,https://play.limitlesstcg.com/tournament/6a21bb1847f3797bf6babaf5/standings,Gengar-Mega:Sinistcha:Archaludon:Politoed:Incineroar:Froslass-Mega,6,Froslass-Mega,Froslass,Froslassite,Cursed Body,Blizzard:Aurora Veil:Rain Dance:Protect,Blizzard,Aurora Veil,Rain Dance,Protect,Gengar-Mega:Sinistcha:Archaludon:Politoed:Incineroar
2026-06-15,2026-06-15T12:00:02Z,pikalytics,gen9championsvgc2026regma,"Best Pokemon, teams, and builds in Pokemon Champions VGC 2026",https://pikalytics.com/pokedex/gen9championsvgc2026regma,18,6,Hrishi,Hrishi,8-0,8,0,0,8,100.00,Mudkip's Marsh Pit #0,2026-06-07,1,1,27,https://play.limitlesstcg.com/tournament/6a19fe8d47f3797bf6ba6bca/player/hrishi/teamlist,https://play.limitlesstcg.com/tournament/6a19fe8d47f3797bf6ba6bca/standings,Scovillain-Mega:Aerodactyl-Mega:Garchomp:Basculegion:Kingambit:Sylveon,1,Scovillain-Mega,Scovillain,Scovillainite,Moody,Overheat:Protect:Leech Seed:Rage Powder,Overheat,Protect,Leech Seed,Rage Powder,Aerodactyl-Mega:Garchomp:Basculegion:Kingambit:Sylveon
2026-06-15,2026-06-15T12:00:02Z,pikalytics,gen9championsvgc2026regma,"Best Pokemon, teams, and builds in Pokemon Champions VGC 2026",https://pikalytics.com/pokedex/gen9championsvgc2026regma,18,6,Hrishi,Hrishi,8-0,8,0,0,8,100.00,Mudkip's Marsh Pit #0,2026-06-07,1,1,27,https://play.limitlesstcg.com/tournament/6a19fe8d47f3797bf6ba6bca/player/hrishi/teamlist,https://play.limitlesstcg.com/tournament/6a19fe8d47f3797bf6ba6bca/standings,Scovillain-Mega:Aerodactyl-Mega:Garchomp:Basculegion:Kingambit:Sylveon,2,Aerodactyl-Mega,Aerodactyl,Aerodactylite,Unnerve,Rock Slide:Protect:Dual Wingbeat:Tailwind,Rock Slide,Protect,Dual Wingbeat,Tailwind,Scovillain-Mega:Garchomp:Basculegion:Kingambit:Sylveon
2026-06-15,2026-06-15T12:00:02Z,pikalytics,gen9championsvgc2026regma,"Best Pokemon, teams, and builds in Pokemon Champions VGC 2026",https://pikalytics.com/pokedex/gen9championsvgc2026regma,18,6,Hrishi,Hrishi,8-0,8,0,0,8,100.00,Mudkip's Marsh Pit #0,2026-06-07,1,1,27,https://play.limitlesstcg.com/tournament/6a19fe8d47f3797bf6ba6bca/player/hrishi/teamlist,https://play.limitlesstcg.com/tournament/6a19fe8d47f3797bf6ba6bca/standings,Scovillain-Mega:Aerodactyl-Mega:Garchomp:Basculegion:Kingambit:Sylveon,3,Garchomp,Garchomp,Sitrus Berry,Rough Skin,Dragon Claw:Earthquake:Protect:Poison Jab,Dragon Claw,Earthquake,Protect,Poison Jab,Scovillain-Mega:Aerodactyl-Mega:Basculegion:Kingambit:Sylveon
2026-06-15,2026-06-15T12:00:02Z,pikalytics,gen9championsvgc2026regma,"Best Pokemon, teams, and builds in Pokemon Champions VGC 2026",https://pikalytics.com/pokedex/gen9championsvgc2026regma,18,6,Hrishi,Hrishi,8-0,8,0,0,8,100.00,Mudkip's Marsh Pit #0,2026-06-07,1,1,27,https://play.limitlesstcg.com/tournament/6a19fe8d47f3797bf6ba6bca/player/hrishi/teamlist,https://play.limitlesstcg.com/tournament/6a19fe8d47f3797bf6ba6bca/standings,Scovillain-Mega:Aerodactyl-Mega:Garchomp:Basculegion:Kingambit:Sylveon,4,Basculegion,Basculegion,Choice Scarf,Adaptability,Last Respects:Wave Crash:Aqua Jet:Flip Turn,Last Respects,Wave Crash,Aqua Jet,Flip Turn,Scovillain-Mega:Aerodactyl-Mega:Garchomp:Kingambit:Sylveon
2026-06-15,2026-06-15T12:00:02Z,pikalytics,gen9championsvgc2026regma,"Best Pokemon, teams, and builds in Pokemon Champions VGC 2026",https://pikalytics.com/pokedex/gen9championsvgc2026regma,18,6,Hrishi,Hrishi,8-0,8,0,0,8,100.00,Mudkip's Marsh Pit #0,2026-06-07,1,1,27,https://play.limitlesstcg.com/tournament/6a19fe8d47f3797bf6ba6bca/player/hrishi/teamlist,https://play.limitlesstcg.com/tournament/6a19fe8d47f3797bf6ba6bca/standings,Scovillain-Mega:Aerodactyl-Mega:Garchomp:Basculegion:Kingambit:Sylveon,5,Kingambit,Kingambit,Focus Sash,Defiant,Kowtow Cleave:Iron Head:Low Kick:Sucker Punch,Kowtow Cleave,Iron Head,Low Kick,Sucker Punch,Scovillain-Mega:Aerodactyl-Mega:Garchomp:Basculegion:Sylveon
2026-06-15,2026-06-15T12:00:02Z,pikalytics,gen9championsvgc2026regma,"Best Pokemon, teams, and builds in Pokemon Champions VGC 2026",https://pikalytics.com/pokedex/gen9championsvgc2026regma,18,6,Hrishi,Hrishi,8-0,8,0,0,8,100.00,Mudkip's Marsh Pit #0,2026-06-07,1,1,27,https://play.limitlesstcg.com/tournament/6a19fe8d47f3797bf6ba6bca/player/hrishi/teamlist,https://play.limitlesstcg.com/tournament/6a19fe8d47f3797bf6ba6bca/standings,Scovillain-Mega:Aerodactyl-Mega:Garchomp:Basculegion:Kingambit:Sylveon,6,Sylveon,Sylveon,Fairy Feather,Pixilate,Hyper Voice:Quick Attack:Calm Mind:Detect,Hyper Voice,Quick Attack,Calm Mind,Detect,Scovillain-Mega:Aerodactyl-Mega:Garchomp:Basculegion:Kingambit
2026-06-15,2026-06-15T12:00:02Z,pikalytics,gen9championsvgc2026regma,"Best Pokemon, teams, and builds in Pokemon Champions VGC 2026",https://pikalytics.com/pokedex/gen9championsvgc2026regma,19,6,QueerCrocodile,QueerCrocodile,8-0,8,0,0,8,100.00,Mt. Moon Champions VGC Weekly #5 2026,2026-06-07,1,1,16,https://play.limitlesstcg.com/tournament/6a1e65ed47f3797bf6ba9b6b/player/queercrocodile/teamlist,https://play.limitlesstcg.com/tournament/6a1e65ed47f3797bf6ba9b6b/standings,Floette-Eternal:Whimsicott:Arcanine-Hisui:Basculegion:Kingambit:Archaludon,1,Floette-Eternal,Eternal Flower Floette,Floettite,Flower Veil,Moonblast:Dazzling Gleam:Light of Ruin:Protect,Moonblast,Dazzling Gleam,Light of Ruin,Protect,Whimsicott:Arcanine-Hisui:Basculegion:Kingambit:Archaludon
2026-06-15,2026-06-15T12:00:02Z,pikalytics,gen9championsvgc2026regma,"Best Pokemon, teams, and builds in Pokemon Champions VGC 2026",https://pikalytics.com/pokedex/gen9championsvgc2026regma,19,6,QueerCrocodile,QueerCrocodile,8-0,8,0,0,8,100.00,Mt. Moon Champions VGC Weekly #5 2026,2026-06-07,1,1,16,https://play.limitlesstcg.com/tournament/6a1e65ed47f3797bf6ba9b6b/player/queercrocodile/teamlist,https://play.limitlesstcg.com/tournament/6a1e65ed47f3797bf6ba9b6b/standings,Floette-Eternal:Whimsicott:Arcanine-Hisui:Basculegion:Kingambit:Archaludon,2,Whimsicott,Whimsicott,Focus Sash,Prankster,Tailwind:Moonblast:Encore:Protect,Tailwind,Moonblast,Encore,Protect,Floette-Eternal:Arcanine-Hisui:Basculegion:Kingambit:Archaludon
2026-06-15,2026-06-15T12:00:02Z,pikalytics,gen9championsvgc2026regma,"Best Pokemon, teams, and builds in Pokemon Champions VGC 2026",https://pikalytics.com/pokedex/gen9championsvgc2026regma,19,6,QueerCrocodile,QueerCrocodile,8-0,8,0,0,8,100.00,Mt. Moon Champions VGC Weekly #5 2026,2026-06-07,1,1,16,https://play.limitlesstcg.com/tournament/6a1e65ed47f3797bf6ba9b6b/player/queercrocodile/teamlist,https://play.limitlesstcg.com/tournament/6a1e65ed47f3797bf6ba9b6b/standings,Floette-Eternal:Whimsicott:Arcanine-Hisui:Basculegion:Kingambit:Archaludon,3,Arcanine-Hisui,Hisuian Arcanine,Sitrus Berry,Rock Head,Rock Slide:Flare Blitz:Extreme Speed:Protect,Rock Slide,Flare Blitz,Extreme Speed,Protect,Floette-Eternal:Whimsicott:Basculegion:Kingambit:Archaludon
2026-06-15,2026-06-15T12:00:02Z,pikalytics,gen9championsvgc2026regma,"Best Pokemon, teams, and builds in Pokemon Champions VGC 2026",https://pikalytics.com/pokedex/gen9championsvgc2026regma,19,6,QueerCrocodile,QueerCrocodile,8-0,8,0,0,8,100.00,Mt. Moon Champions VGC Weekly #5 2026,2026-06-07,1,1,16,https://play.limitlesstcg.com/tournament/6a1e65ed47f3797bf6ba9b6b/player/queercrocodile/teamlist,https://play.limitlesstcg.com/tournament/6a1e65ed47f3797bf6ba9b6b/standings,Floette-Eternal:Whimsicott:Arcanine-Hisui:Basculegion:Kingambit:Archaludon,4,Basculegion,Basculegion,Choice Scarf,Adaptability,Wave Crash:Last Respects:Aqua Jet:Flip Turn,Wave Crash,Last Respects,Aqua Jet,Flip Turn,Floette-Eternal:Whimsicott:Arcanine-Hisui:Kingambit:Archaludon
2026-06-15,2026-06-15T12:00:02Z,pikalytics,gen9championsvgc2026regma,"Best Pokemon, teams, and builds in Pokemon Champions VGC 2026",https://pikalytics.com/pokedex/gen9championsvgc2026regma,19,6,QueerCrocodile,QueerCrocodile,8-0,8,0,0,8,100.00,Mt. Moon Champions VGC Weekly #5 2026,2026-06-07,1,1,16,https://play.limitlesstcg.com/tournament/6a1e65ed47f3797bf6ba9b6b/player/queercrocodile/teamlist,https://play.limitlesstcg.com/tournament/6a1e65ed47f3797bf6ba9b6b/standings,Floette-Eternal:Whimsicott:Arcanine-Hisui:Basculegion:Kingambit:Archaludon,5,Kingambit,Kingambit,Black Glasses,Defiant,Kowtow Cleave:Sucker Punch:Iron Head:Protect,Kowtow Cleave,Sucker Punch,Iron Head,Protect,Floette-Eternal:Whimsicott:Arcanine-Hisui:Basculegion:Archaludon
2026-06-15,2026-06-15T12:00:02Z,pikalytics,gen9championsvgc2026regma,"Best Pokemon, teams, and builds in Pokemon Champions VGC 2026",https://pikalytics.com/pokedex/gen9championsvgc2026regma,19,6,QueerCrocodile,QueerCrocodile,8-0,8,0,0,8,100.00,Mt. Moon Champions VGC Weekly #5 2026,2026-06-07,1,1,16,https://play.limitlesstcg.com/tournament/6a1e65ed47f3797bf6ba9b6b/player/queercrocodile/teamlist,https://play.limitlesstcg.com/tournament/6a1e65ed47f3797bf6ba9b6b/standings,Floette-Eternal:Whimsicott:Arcanine-Hisui:Basculegion:Kingambit:Archaludon,6,Archaludon,Archaludon,White Herb,Sturdy,Draco Meteor:Flash Cannon:Aura Sphere:Protect,Draco Meteor,Flash Cannon,Aura Sphere,Protect,Floette-Eternal:Whimsicott:Arcanine-Hisui:Basculegion:Kingambit
2026-06-17,2026-06-17T12:00:03Z,pikalytics,gen9championsvgc2026regma,"Best Pokemon, teams, and builds in Pokemon Champions VGC 2026",https://pikalytics.com/pokedex/gen9championsvgc2026regma,12,6,JOAO,JOAO,9-0,9,0,0,9,100.00,Intimidators Champions Challenge #16 REG M-A,2026-06-08,1,1,27,https://play.limitlesstcg.com/tournament/6a26baf056b11a587a94c139/player/joao/teamlist,https://play.limitlesstcg.com/tournament/6a26baf056b11a587a94c139/standings,Lycanroc:Sneasler:Scovillain-Mega:Basculegion:Froslass-Mega:Kingambit,1,Lycanroc,Lycanroc Dusk,Focus Sash,Tough Claws,Rock Slide:Close Combat:Accelerock:Protect,Rock Slide,Close Combat,Accelerock,Protect,Sneasler:Scovillain-Mega:Basculegion:Froslass-Mega:Kingambit
2026-06-17,2026-06-17T12:00:03Z,pikalytics,gen9championsvgc2026regma,"Best Pokemon, teams, and builds in Pokemon Champions VGC 2026",https://pikalytics.com/pokedex/gen9championsvgc2026regma,12,6,JOAO,JOAO,9-0,9,0,0,9,100.00,Intimidators Champions Challenge #16 REG M-A,2026-06-08,1,1,27,https://play.limitlesstcg.com/tournament/6a26baf056b11a587a94c139/player/joao/teamlist,https://play.limitlesstcg.com/tournament/6a26baf056b11a587a94c139/standings,Lycanroc:Sneasler:Scovillain-Mega:Basculegion:Froslass-Mega:Kingambit,2,Sneasler,Sneasler,White Herb,Unburden,Close Combat:Dire Claw:Fake Out:Protect,Close Combat,Dire Claw,Fake Out,Protect,Lycanroc:Scovillain-Mega:Basculegion:Froslass-Mega:Kingambit
2026-06-17,2026-06-17T12:00:03Z,pikalytics,gen9championsvgc2026regma,"Best Pokemon, teams, and builds in Pokemon Champions VGC 2026",https://pikalytics.com/pokedex/gen9championsvgc2026regma,12,6,JOAO,JOAO,9-0,9,0,0,9,100.00,Intimidators Champions Challenge #16 REG M-A,2026-06-08,1,1,27,https://play.limitlesstcg.com/tournament/6a26baf056b11a587a94c139/player/joao/teamlist,https://play.limitlesstcg.com/tournament/6a26baf056b11a587a94c139/standings,Lycanroc:Sneasler:Scovillain-Mega:Basculegion:Froslass-Mega:Kingambit,3,Scovillain-Mega,Scovillain,Scovillainite,Moody,Overheat:Giga Drain:Rage Powder:Protect,Overheat,Giga Drain,Rage Powder,Protect,Lycanroc:Sneasler:Basculegion:Froslass-Mega:Kingambit
2026-06-17,2026-06-17T12:00:03Z,pikalytics,gen9championsvgc2026regma,"Best Pokemon, teams, and builds in Pokemon Champions VGC 2026",https://pikalytics.com/pokedex/gen9championsvgc2026regma,12,6,JOAO,JOAO,9-0,9,0,0,9,100.00,Intimidators Champions Challenge #16 REG M-A,2026-06-08,1,1,27,https://play.limitlesstcg.com/tournament/6a26baf056b11a587a94c139/player/joao/teamlist,https://play.limitlesstcg.com/tournament/6a26baf056b11a587a94c139/standings,Lycanroc:Sneasler:Scovillain-Mega:Basculegion:Froslass-Mega:Kingambit,4,Basculegion,Basculegion,Sitrus Berry,Adaptability,Wave Crash:Last Respects:Aqua Jet:Protect,Wave Crash,Last Respects,Aqua Jet,Protect,Lycanroc:Sneasler:Scovillain-Mega:Froslass-Mega:Kingambit
2026-06-17,2026-06-17T12:00:03Z,pikalytics,gen9championsvgc2026regma,"Best Pokemon, teams, and builds in Pokemon Champions VGC 2026",https://pikalytics.com/pokedex/gen9championsvgc2026regma,12,6,JOAO,JOAO,9-0,9,0,0,9,100.00,Intimidators Champions Challenge #16 REG M-A,2026-06-08,1,1,27,https://play.limitlesstcg.com/tournament/6a26baf056b11a587a94c139/player/joao/teamlist,https://play.limitlesstcg.com/tournament/6a26baf056b11a587a94c139/standings,Lycanroc:Sneasler:Scovillain-Mega:Basculegion:Froslass-Mega:Kingambit,5,Froslass-Mega,Froslass,Froslassite,Cursed Body,Blizzard:Shadow Ball:Aurora Veil:Protect,Blizzard,Shadow Ball,Aurora Veil,Protect,Lycanroc:Sneasler:Scovillain-Mega:Basculegion:Kingambit
2026-06-17,2026-06-17T12:00:03Z,pikalytics,gen9championsvgc2026regma,"Best Pokemon, teams, and builds in Pokemon Champions VGC 2026",https://pikalytics.com/pokedex/gen9championsvgc2026regma,12,6,JOAO,JOAO,9-0,9,0,0,9,100.00,Intimidators Champions Challenge #16 REG M-A,2026-06-08,1,1,27,https://play.limitlesstcg.com/tournament/6a26baf056b11a587a94c139/player/joao/teamlist,https://play.limitlesstcg.com/tournament/6a26baf056b11a587a94c139/standings,Lycanroc:Sneasler:Scovillain-Mega:Basculegion:Froslass-Mega:Kingambit,6,Kingambit,Kingambit,Black Glasses,Defiant,Kowtow Cleave:Sucker Punch:Swords Dance:Protect,Kowtow Cleave,Sucker Punch,Swords Dance,Protect,Lycanroc:Sneasler:Scovillain-Mega:Basculegion:Froslass-Mega
2026-06-17,2026-06-17T12:00:03Z,pikalytics,gen9championsvgc2026regma,"Best Pokemon, teams, and builds in Pokemon Champions VGC 2026",https://pikalytics.com/pokedex/gen9championsvgc2026regma,19,6,MrPokEnjoy,MrPokEnjoy,9-0,9,0,0,9,100.00,Hunter's Howl Pokémon Champions M-A Tournament #2,2026-06-11,1,1,19,https://play.limitlesstcg.com/tournament/6a1cbef447f3797bf6ba8a30/player/mrpokenjoy/teamlist,https://play.limitlesstcg.com/tournament/6a1cbef447f3797bf6ba8a30/standings,Charizard-Mega-Y:Hydreigon:Gengar:Kingambit:Garchomp:Whimsicott,1,Charizard-Mega-Y,Charizard,Charizardite Y,Blaze,Heat Wave:Weather Ball:Solar Beam:Protect,Heat Wave,Weather Ball,Solar Beam,Protect,Hydreigon:Gengar:Kingambit:Garchomp:Whimsicott
2026-06-17,2026-06-17T12:00:03Z,pikalytics,gen9championsvgc2026regma,"Best Pokemon, teams, and builds in Pokemon Champions VGC 2026",https://pikalytics.com/pokedex/gen9championsvgc2026regma,19,6,MrPokEnjoy,MrPokEnjoy,9-0,9,0,0,9,100.00,Hunter's Howl Pokémon Champions M-A Tournament #2,2026-06-11,1,1,19,https://play.limitlesstcg.com/tournament/6a1cbef447f3797bf6ba8a30/player/mrpokenjoy/teamlist,https://play.limitlesstcg.com/tournament/6a1cbef447f3797bf6ba8a30/standings,Charizard-Mega-Y:Hydreigon:Gengar:Kingambit:Garchomp:Whimsicott,2,Hydreigon,Hydreigon,Choice Scarf,Levitate,Draco Meteor:Earth Power:Snarl:Dark Pulse,Draco Meteor,Earth Power,Snarl,Dark Pulse,Charizard-Mega-Y:Gengar:Kingambit:Garchomp:Whimsicott
2026-06-17,2026-06-17T12:00:03Z,pikalytics,gen9championsvgc2026regma,"Best Pokemon, teams, and builds in Pokemon Champions VGC 2026",https://pikalytics.com/pokedex/gen9championsvgc2026regma,19,6,MrPokEnjoy,MrPokEnjoy,9-0,9,0,0,9,100.00,Hunter's Howl Pokémon Champions M-A Tournament #2,2026-06-11,1,1,19,https://play.limitlesstcg.com/tournament/6a1cbef447f3797bf6ba8a30/player/mrpokenjoy/teamlist,https://play.limitlesstcg.com/tournament/6a1cbef447f3797bf6ba8a30/standings,Charizard-Mega-Y:Hydreigon:Gengar:Kingambit:Garchomp:Whimsicott,3,Gengar,Gengar,Focus Sash,Cursed Body,Shadow Ball:Sludge Bomb:Icy Wind:Destiny Bond,Shadow Ball,Sludge Bomb,Icy Wind,Destiny Bond,Charizard-Mega-Y:Hydreigon:Kingambit:Garchomp:Whimsicott
2026-06-17,2026-06-17T12:00:03Z,pikalytics,gen9championsvgc2026regma,"Best Pokemon, teams, and builds in Pokemon Champions VGC 2026",https://pikalytics.com/pokedex/gen9championsvgc2026regma,19,6,MrPokEnjoy,MrPokEnjoy,9-0,9,0,0,9,100.00,Hunter's Howl Pokémon Champions M-A Tournament #2,2026-06-11,1,1,19,https://play.limitlesstcg.com/tournament/6a1cbef447f3797bf6ba8a30/player/mrpokenjoy/teamlist,https://play.limitlesstcg.com/tournament/6a1cbef447f3797bf6ba8a30/standings,Charizard-Mega-Y:Hydreigon:Gengar:Kingambit:Garchomp:Whimsicott,4,Kingambit,Kingambit,Chople Berry,Defiant,Kowtow Cleave:Iron Head:Sucker Punch:Protect,Kowtow Cleave,Iron Head,Sucker Punch,Protect,Charizard-Mega-Y:Hydreigon:Gengar:Garchomp:Whimsicott
2026-06-17,2026-06-17T12:00:03Z,pikalytics,gen9championsvgc2026regma,"Best Pokemon, teams, and builds in Pokemon Champions VGC 2026",https://pikalytics.com/pokedex/gen9championsvgc2026regma,19,6,MrPokEnjoy,MrPokEnjoy,9-0,9,0,0,9,100.00,Hunter's Howl Pokémon Champions M-A Tournament #2,2026-06-11,1,1,19,https://play.limitlesstcg.com/tournament/6a1cbef447f3797bf6ba8a30/player/mrpokenjoy/teamlist,https://play.limitlesstcg.com/tournament/6a1cbef447f3797bf6ba8a30/standings,Charizard-Mega-Y:Hydreigon:Gengar:Kingambit:Garchomp:Whimsicott,5,Garchomp,Garchomp,Roseli Berry,Rough Skin,Earthquake:Rock Slide:Poison Jab:Dragon Claw,Earthquake,Rock Slide,Poison Jab,Dragon Claw,Charizard-Mega-Y:Hydreigon:Gengar:Kingambit:Whimsicott
2026-06-17,2026-06-17T12:00:03Z,pikalytics,gen9championsvgc2026regma,"Best Pokemon, teams, and builds in Pokemon Champions VGC 2026",https://pikalytics.com/pokedex/gen9championsvgc2026regma,19,6,MrPokEnjoy,MrPokEnjoy,9-0,9,0,0,9,100.00,Hunter's Howl Pokémon Champions M-A Tournament #2,2026-06-11,1,1,19,https://play.limitlesstcg.com/tournament/6a1cbef447f3797bf6ba8a30/player/mrpokenjoy/teamlist,https://play.limitlesstcg.com/tournament/6a1cbef447f3797bf6ba8a30/standings,Charizard-Mega-Y:Hydreigon:Gengar:Kingambit:Garchomp:Whimsicott,6,Whimsicott,Whimsicott,Fairy Feather,Prankster,Moonblast:Protect:Tailwind:Encore,Moonblast,Protect,Tailwind,Encore,Charizard-Mega-Y:Hydreigon:Gengar:Kingambit:Garchomp
2026-06-17,2026-06-17T12:00:03Z,pikalytics,gen9championsvgc2026regma,"Best Pokemon, teams, and builds in Pokemon Champions VGC 2026",https://pikalytics.com/pokedex/gen9championsvgc2026regma,10,6,PikaTROD,PikaTROD,10-1,10,1,0,11,90.91,SpearPillar Champions Tour #7 | Reg M-A,2026-06-13,1,1,97,https://play.limitlesstcg.com/tournament/6a1dfa3856b11a587a945dde/player/pikatrod/teamlist,https://play.limitlesstcg.com/tournament/6a1dfa3856b11a587a945dde/standings,Gardevoir-Mega:Aerodactyl-Mega:Maushold:Torkoal:Basculegion:Sneasler,1,Gardevoir-Mega,Gardevoir,Gardevoirite,Trace,Hyper Voice:Psyshock:Trick Room:Protect,Hyper Voice,Psyshock,Trick Room,Protect,Aerodactyl-Mega:Maushold:Torkoal:Basculegion:Sneasler
2026-06-17,2026-06-17T12:00:03Z,pikalytics,gen9championsvgc2026regma,"Best Pokemon, teams, and builds in Pokemon Champions VGC 2026",https://pikalytics.com/pokedex/gen9championsvgc2026regma,10,6,PikaTROD,PikaTROD,10-1,10,1,0,11,90.91,SpearPillar Champions Tour #7 | Reg M-A,2026-06-13,1,1,97,https://play.limitlesstcg.com/tournament/6a1dfa3856b11a587a945dde/player/pikatrod/teamlist,https://play.limitlesstcg.com/tournament/6a1dfa3856b11a587a945dde/standings,Gardevoir-Mega:Aerodactyl-Mega:Maushold:Torkoal:Basculegion:Sneasler,2,Aerodactyl-Mega,Aerodactyl,Aerodactylite,Unnerve,Rock Slide:Ice Fang:Protect:Tailwind,Rock Slide,Ice Fang,Protect,Tailwind,Gardevoir-Mega:Maushold:Torkoal:Basculegion:Sneasler
2026-06-17,2026-06-17T12:00:03Z,pikalytics,gen9championsvgc2026regma,"Best Pokemon, teams, and builds in Pokemon Champions VGC 2026",https://pikalytics.com/pokedex/gen9championsvgc2026regma,10,6,PikaTROD,PikaTROD,10-1,10,1,0,11,90.91,SpearPillar Champions Tour #7 | Reg M-A,2026-06-13,1,1,97,https://play.limitlesstcg.com/tournament/6a1dfa3856b11a587a945dde/player/pikatrod/teamlist,https://play.limitlesstcg.com/tournament/6a1dfa3856b11a587a945dde/standings,Gardevoir-Mega:Aerodactyl-Mega:Maushold:Torkoal:Basculegion:Sneasler,3,Maushold,Maushold,Chople Berry,Friend Guard,Follow Me:Protect:Super Fang:Feint,Follow Me,Protect,Super Fang,Feint,Gardevoir-Mega:Aerodactyl-Mega:Torkoal:Basculegion:Sneasler
2026-06-17,2026-06-17T12:00:03Z,pikalytics,gen9championsvgc2026regma,"Best Pokemon, teams, and builds in Pokemon Champions VGC 2026",https://pikalytics.com/pokedex/gen9championsvgc2026regma,10,6,PikaTROD,PikaTROD,10-1,10,1,0,11,90.91,SpearPillar Champions Tour #7 | Reg M-A,2026-06-13,1,1,97,https://play.limitlesstcg.com/tournament/6a1dfa3856b11a587a945dde/player/pikatrod/teamlist,https://play.limitlesstcg.com/tournament/6a1dfa3856b11a587a945dde/standings,Gardevoir-Mega:Aerodactyl-Mega:Maushold:Torkoal:Basculegion:Sneasler,4,Torkoal,Torkoal,Charcoal,Drought,Eruption:Weather Ball:Solar Beam:Protect,Eruption,Weather Ball,Solar Beam,Protect,Gardevoir-Mega:Aerodactyl-Mega:Maushold:Basculegion:Sneasler
2026-06-17,2026-06-17T12:00:03Z,pikalytics,gen9championsvgc2026regma,"Best Pokemon, teams, and builds in Pokemon Champions VGC 2026",https://pikalytics.com/pokedex/gen9championsvgc2026regma,10,6,PikaTROD,PikaTROD,10-1,10,1,0,11,90.91,SpearPillar Champions Tour #7 | Reg M-A,2026-06-13,1,1,97,https://play.limitlesstcg.com/tournament/6a1dfa3856b11a587a945dde/player/pikatrod/teamlist,https://play.limitlesstcg.com/tournament/6a1dfa3856b11a587a945dde/standings,Gardevoir-Mega:Aerodactyl-Mega:Maushold:Torkoal:Basculegion:Sneasler,5,Basculegion,Basculegion,Focus Sash,Adaptability,Last Respects:Liquidation:Aqua Jet:Protect,Last Respects,Liquidation,Aqua Jet,Protect,Gardevoir-Mega:Aerodactyl-Mega:Maushold:Torkoal:Sneasler
2026-06-17,2026-06-17T12:00:03Z,pikalytics,gen9championsvgc2026regma,"Best Pokemon, teams, and builds in Pokemon Champions VGC 2026",https://pikalytics.com/pokedex/gen9championsvgc2026regma,10,6,PikaTROD,PikaTROD,10-1,10,1,0,11,90.91,SpearPillar Champions Tour #7 | Reg M-A,2026-06-13,1,1,97,https://play.limitlesstcg.com/tournament/6a1dfa3856b11a587a945dde/player/pikatrod/teamlist,https://play.limitlesstcg.com/tournament/6a1dfa3856b11a587a945dde/standings,Gardevoir-Mega:Aerodactyl-Mega:Maushold:Torkoal:Basculegion:Sneasler,6,Sneasler,Sneasler,White Herb,Unburden,Close Combat:Dire Claw:Fake Out:Protect,Close Combat,Dire Claw,Fake Out,Protect,Gardevoir-Mega:Aerodactyl-Mega:Maushold:Torkoal:Basculegion
2026-06-17,2026-06-17T12:00:03Z,pikalytics,gen9championsvgc2026regma,"Best Pokemon, teams, and builds in Pokemon Champions VGC 2026",https://pikalytics.com/pokedex/gen9championsvgc2026regma,17,6,root2iris,root2iris,8-0,8,0,0,8,100.00,Pokemon Champions UA League #2,2026-06-13,1,1,12,https://play.limitlesstcg.com/tournament/6a0f503613f957d6d4b4c8cd/player/root2iris/teamlist,https://play.limitlesstcg.com/tournament/6a0f503613f957d6d4b4c8cd/standings,Samurott-Hisui:Incineroar:Snorlax:Dragonite:Gengar-Mega:Ninetales-Alola,1,Samurott-Hisui,Hisuian Samurott,Chople Berry,Sharpness,Night Slash:Sacred Sword:Sucker Punch:Detect,Night Slash,Sacred Sword,Sucker Punch,Detect,Incineroar:Snorlax:Dragonite:Gengar-Mega:Ninetales-Alola
2026-06-17,2026-06-17T12:00:03Z,pikalytics,gen9championsvgc2026regma,"Best Pokemon, teams, and builds in Pokemon Champions VGC 2026",https://pikalytics.com/pokedex/gen9championsvgc2026regma,17,6,root2iris,root2iris,8-0,8,0,0,8,100.00,Pokemon Champions UA League #2,2026-06-13,1,1,12,https://play.limitlesstcg.com/tournament/6a0f503613f957d6d4b4c8cd/player/root2iris/teamlist,https://play.limitlesstcg.com/tournament/6a0f503613f957d6d4b4c8cd/standings,Samurott-Hisui:Incineroar:Snorlax:Dragonite:Gengar-Mega:Ninetales-Alola,2,Incineroar,Incineroar,Sitrus Berry,Intimidate,Overheat:Parting Shot:Fake Out:Protect,Overheat,Parting Shot,Fake Out,Protect,Samurott-Hisui:Snorlax:Dragonite:Gengar-Mega:Ninetales-Alola
2026-06-17,2026-06-17T12:00:03Z,pikalytics,gen9championsvgc2026regma,"Best Pokemon, teams, and builds in Pokemon Champions VGC 2026",https://pikalytics.com/pokedex/gen9championsvgc2026regma,17,6,root2iris,root2iris,8-0,8,0,0,8,100.00,Pokemon Champions UA League #2,2026-06-13,1,1,12,https://play.limitlesstcg.com/tournament/6a0f503613f957d6d4b4c8cd/player/root2iris/teamlist,https://play.limitlesstcg.com/tournament/6a0f503613f957d6d4b4c8cd/standings,Samurott-Hisui:Incineroar:Snorlax:Dragonite:Gengar-Mega:Ninetales-Alola,3,Snorlax,Snorlax,Leftovers,Thick Fat,Yawn:Encore:Fissure:Protect,Yawn,Encore,Fissure,Protect,Samurott-Hisui:Incineroar:Dragonite:Gengar-Mega:Ninetales-Alola
2026-06-17,2026-06-17T12:00:03Z,pikalytics,gen9championsvgc2026regma,"Best Pokemon, teams, and builds in Pokemon Champions VGC 2026",https://pikalytics.com/pokedex/gen9championsvgc2026regma,17,6,root2iris,root2iris,8-0,8,0,0,8,100.00,Pokemon Champions UA League #2,2026-06-13,1,1,12,https://play.limitlesstcg.com/tournament/6a0f503613f957d6d4b4c8cd/player/root2iris/teamlist,https://play.limitlesstcg.com/tournament/6a0f503613f957d6d4b4c8cd/standings,Samurott-Hisui:Incineroar:Snorlax:Dragonite:Gengar-Mega:Ninetales-Alola,4,Dragonite,Dragonite,Dragon Fang,Multiscale,Dragon Claw:Low Kick:Extreme Speed:Protect,Dragon Claw,Low Kick,Extreme Speed,Protect,Samurott-Hisui:Incineroar:Snorlax:Gengar-Mega:Ninetales-Alola
2026-06-17,2026-06-17T12:00:03Z,pikalytics,gen9championsvgc2026regma,"Best Pokemon, teams, and builds in Pokemon Champions VGC 2026",https://pikalytics.com/pokedex/gen9championsvgc2026regma,17,6,root2iris,root2iris,8-0,8,0,0,8,100.00,Pokemon Champions UA League #2,2026-06-13,1,1,12,https://play.limitlesstcg.com/tournament/6a0f503613f957d6d4b4c8cd/player/root2iris/teamlist,https://play.limitlesstcg.com/tournament/6a0f503613f957d6d4b4c8cd/standings,Samurott-Hisui:Incineroar:Snorlax:Dragonite:Gengar-Mega:Ninetales-Alola,5,Gengar-Mega,Gengar,Gengarite,Cursed Body,Sludge Bomb:Shadow Ball:Perish Song:Protect,Sludge Bomb,Shadow Ball,Perish Song,Protect,Samurott-Hisui:Incineroar:Snorlax:Dragonite:Ninetales-Alola
2026-06-17,2026-06-17T12:00:03Z,pikalytics,gen9championsvgc2026regma,"Best Pokemon, teams, and builds in Pokemon Champions VGC 2026",https://pikalytics.com/pokedex/gen9championsvgc2026regma,17,6,root2iris,root2iris,8-0,8,0,0,8,100.00,Pokemon Champions UA League #2,2026-06-13,1,1,12,https://play.limitlesstcg.com/tournament/6a0f503613f957d6d4b4c8cd/player/root2iris/teamlist,https://play.limitlesstcg.com/tournament/6a0f503613f957d6d4b4c8cd/standings,Samurott-Hisui:Incineroar:Snorlax:Dragonite:Gengar-Mega:Ninetales-Alola,6,Ninetales-Alola,Alolan Ninetales,Focus Sash,Snow Warning,Blizzard:Disable:Encore:Protect,Blizzard,Disable,Encore,Protect,Samurott-Hisui:Incineroar:Snorlax:Dragonite:Gengar-Mega
2026-06-17,2026-06-17T12:00:03Z,pikalytics,gen9championsvgc2026regma,"Best Pokemon, teams, and builds in Pokemon Champions VGC 2026",https://pikalytics.com/pokedex/gen9championsvgc2026regma,13,6,John Cornelio Bandilla,John Cornelio Bandilla,9-0,9,0,0,9,100.00,King of Champions II,2026-06-14,1,1,53,https://play.limitlesstcg.com/tournament/6a1543d40f6c1f089986151f/player/quantumslack/teamlist,https://play.limitlesstcg.com/tournament/6a1543d40f6c1f089986151f/standings,Floette-Eternal:Charizard-Mega-Y:Aerodactyl:Sneasler:Kingambit:Incineroar,1,Floette-Eternal,Eternal Flower Floette,Floettite,Flower Veil,Draining Kiss:Dazzling Gleam:Calm Mind:Protect,Draining Kiss,Dazzling Gleam,Calm Mind,Protect,Charizard-Mega-Y:Aerodactyl:Sneasler:Kingambit:Incineroar
2026-06-17,2026-06-17T12:00:03Z,pikalytics,gen9championsvgc2026regma,"Best Pokemon, teams, and builds in Pokemon Champions VGC 2026",https://pikalytics.com/pokedex/gen9championsvgc2026regma,13,6,John Cornelio Bandilla,John Cornelio Bandilla,9-0,9,0,0,9,100.00,King of Champions II,2026-06-14,1,1,53,https://play.limitlesstcg.com/tournament/6a1543d40f6c1f089986151f/player/quantumslack/teamlist,https://play.limitlesstcg.com/tournament/6a1543d40f6c1f089986151f/standings,Floette-Eternal:Charizard-Mega-Y:Aerodactyl:Sneasler:Kingambit:Incineroar,2,Charizard-Mega-Y,Charizard,Charizardite Y,Solar Power,Heat Wave:Weather Ball:Solar Beam:Protect,Heat Wave,Weather Ball,Solar Beam,Protect,Floette-Eternal:Aerodactyl:Sneasler:Kingambit:Incineroar
2026-06-17,2026-06-17T12:00:03Z,pikalytics,gen9championsvgc2026regma,"Best Pokemon, teams, and builds in Pokemon Champions VGC 2026",https://pikalytics.com/pokedex/gen9championsvgc2026regma,13,6,John Cornelio Bandilla,John Cornelio Bandilla,9-0,9,0,0,9,100.00,King of Champions II,2026-06-14,1,1,53,https://play.limitlesstcg.com/tournament/6a1543d40f6c1f089986151f/player/quantumslack/teamlist,https://play.limitlesstcg.com/tournament/6a1543d40f6c1f089986151f/standings,Floette-Eternal:Charizard-Mega-Y:Aerodactyl:Sneasler:Kingambit:Incineroar,3,Aerodactyl,Aerodactyl,Focus Sash,Unnerve,Rock Slide:Dual Wingbeat:Tailwind:Protect,Rock Slide,Dual Wingbeat,Tailwind,Protect,Floette-Eternal:Charizard-Mega-Y:Sneasler:Kingambit:Incineroar
2026-06-17,2026-06-17T12:00:03Z,pikalytics,gen9championsvgc2026regma,"Best Pokemon, teams, and builds in Pokemon Champions VGC 2026",https://pikalytics.com/pokedex/gen9championsvgc2026regma,13,6,John Cornelio Bandilla,John Cornelio Bandilla,9-0,9,0,0,9,100.00,King of Champions II,2026-06-14,1,1,53,https://play.limitlesstcg.com/tournament/6a1543d40f6c1f089986151f/player/quantumslack/teamlist,https://play.limitlesstcg.com/tournament/6a1543d40f6c1f089986151f/standings,Floette-Eternal:Charizard-Mega-Y:Aerodactyl:Sneasler:Kingambit:Incineroar,4,Sneasler,Sneasler,White Herb,Unburden,Fake Out:Dire Claw:Close Combat:Protect,Fake Out,Dire Claw,Close Combat,Protect,Floette-Eternal:Charizard-Mega-Y:Aerodactyl:Kingambit:Incineroar
2026-06-17,2026-06-17T12:00:03Z,pikalytics,gen9championsvgc2026regma,"Best Pokemon, teams, and builds in Pokemon Champions VGC 2026",https://pikalytics.com/pokedex/gen9championsvgc2026regma,13,6,John Cornelio Bandilla,John Cornelio Bandilla,9-0,9,0,0,9,100.00,King of Champions II,2026-06-14,1,1,53,https://play.limitlesstcg.com/tournament/6a1543d40f6c1f089986151f/player/quantumslack/teamlist,https://play.limitlesstcg.com/tournament/6a1543d40f6c1f089986151f/standings,Floette-Eternal:Charizard-Mega-Y:Aerodactyl:Sneasler:Kingambit:Incineroar,5,Kingambit,Kingambit,Black Glasses,Defiant,Kowtow Cleave:Iron Head:Sucker Punch:Protect,Kowtow Cleave,Iron Head,Sucker Punch,Protect,Floette-Eternal:Charizard-Mega-Y:Aerodactyl:Sneasler:Incineroar
2026-06-17,2026-06-17T12:00:03Z,pikalytics,gen9championsvgc2026regma,"Best Pokemon, teams, and builds in Pokemon Champions VGC 2026",https://pikalytics.com/pokedex/gen9championsvgc2026regma,13,6,John Cornelio Bandilla,John Cornelio Bandilla,9-0,9,0,0,9,100.00,King of Champions II,2026-06-14,1,1,53,https://play.limitlesstcg.com/tournament/6a1543d40f6c1f089986151f/player/quantumslack/teamlist,https://play.limitlesstcg.com/tournament/6a1543d40f6c1f089986151f/standings,Floette-Eternal:Charizard-Mega-Y:Aerodactyl:Sneasler:Kingambit:Incineroar,6,Incineroar,Incineroar,Shuca Berry,Intimidate,Fake Out:Flare Blitz:Throat Chop:Parting Shot,Fake Out,Flare Blitz,Throat Chop,Parting Shot,Floette-Eternal:Charizard-Mega-Y:Aerodactyl:Sneasler:Kingambit
2026-06-17,2026-06-17T12:00:03Z,pikalytics,gen9championsvgc2026regma,"Best Pokemon, teams, and builds in Pokemon Champions VGC 2026",https://pikalytics.com/pokedex/gen9championsvgc2026regma,14,6,vedantff12345,vedantff12345,9-0-1,9,0,1,10,90.00,NOVA's SUPER LEAGUE,2026-06-14,1,1,82,https://play.limitlesstcg.com/tournament/6a2a6d37e334c3c9befd3b00/player/vedantff12345/teamlist,https://play.limitlesstcg.com/tournament/6a2a6d37e334c3c9befd3b00/standings,Dragonite-Mega:Basculegion:Kingambit:Incineroar:Sneasler:Sinistcha,1,Dragonite-Mega,Dragonite,Dragoninite,Multiscale,Dragon Pulse:Heat Wave:Tailwind:Protect,Dragon Pulse,Heat Wave,Tailwind,Protect,Basculegion:Kingambit:Incineroar:Sneasler:Sinistcha
2026-06-17,2026-06-17T12:00:03Z,pikalytics,gen9championsvgc2026regma,"Best Pokemon, teams, and builds in Pokemon Champions VGC 2026",https://pikalytics.com/pokedex/gen9championsvgc2026regma,14,6,vedantff12345,vedantff12345,9-0-1,9,0,1,10,90.00,NOVA's SUPER LEAGUE,2026-06-14,1,1,82,https://play.limitlesstcg.com/tournament/6a2a6d37e334c3c9befd3b00/player/vedantff12345/teamlist,https://play.limitlesstcg.com/tournament/6a2a6d37e334c3c9befd3b00/standings,Dragonite-Mega:Basculegion:Kingambit:Incineroar:Sneasler:Sinistcha,2,Basculegion,Basculegion,Choice Scarf,Adaptability,Wave Crash:Flip Turn:Aqua Jet:Last Respects,Wave Crash,Flip Turn,Aqua Jet,Last Respects,Dragonite-Mega:Kingambit:Incineroar:Sneasler:Sinistcha
2026-06-17,2026-06-17T12:00:03Z,pikalytics,gen9championsvgc2026regma,"Best Pokemon, teams, and builds in Pokemon Champions VGC 2026",https://pikalytics.com/pokedex/gen9championsvgc2026regma,14,6,vedantff12345,vedantff12345,9-0-1,9,0,1,10,90.00,NOVA's SUPER LEAGUE,2026-06-14,1,1,82,https://play.limitlesstcg.com/tournament/6a2a6d37e334c3c9befd3b00/player/vedantff12345/teamlist,https://play.limitlesstcg.com/tournament/6a2a6d37e334c3c9befd3b00/standings,Dragonite-Mega:Basculegion:Kingambit:Incineroar:Sneasler:Sinistcha,3,Kingambit,Kingambit,Black Glasses,Defiant,Kowtow Cleave:Sucker Punch:Swords Dance:Protect,Kowtow Cleave,Sucker Punch,Swords Dance,Protect,Dragonite-Mega:Basculegion:Incineroar:Sneasler:Sinistcha
2026-06-17,2026-06-17T12:00:03Z,pikalytics,gen9championsvgc2026regma,"Best Pokemon, teams, and builds in Pokemon Champions VGC 2026",https://pikalytics.com/pokedex/gen9championsvgc2026regma,14,6,vedantff12345,vedantff12345,9-0-1,9,0,1,10,90.00,NOVA's SUPER LEAGUE,2026-06-14,1,1,82,https://play.limitlesstcg.com/tournament/6a2a6d37e334c3c9befd3b00/player/vedantff12345/teamlist,https://play.limitlesstcg.com/tournament/6a2a6d37e334c3c9befd3b00/standings,Dragonite-Mega:Basculegion:Kingambit:Incineroar:Sneasler:Sinistcha,4,Incineroar,Incineroar,Sitrus Berry,Intimidate,Fake Out:Flare Blitz:Throat Chop:Parting Shot,Fake Out,Flare Blitz,Throat Chop,Parting Shot,Dragonite-Mega:Basculegion:Kingambit:Sneasler:Sinistcha
2026-06-17,2026-06-17T12:00:03Z,pikalytics,gen9championsvgc2026regma,"Best Pokemon, teams, and builds in Pokemon Champions VGC 2026",https://pikalytics.com/pokedex/gen9championsvgc2026regma,14,6,vedantff12345,vedantff12345,9-0-1,9,0,1,10,90.00,NOVA's SUPER LEAGUE,2026-06-14,1,1,82,https://play.limitlesstcg.com/tournament/6a2a6d37e334c3c9befd3b00/player/vedantff12345/teamlist,https://play.limitlesstcg.com/tournament/6a2a6d37e334c3c9befd3b00/standings,Dragonite-Mega:Basculegion:Kingambit:Incineroar:Sneasler:Sinistcha,5,Sneasler,Sneasler,White Herb,Unburden,Fake Out:Close Combat:Dire Claw:Protect,Fake Out,Close Combat,Dire Claw,Protect,Dragonite-Mega:Basculegion:Kingambit:Incineroar:Sinistcha
2026-06-17,2026-06-17T12:00:03Z,pikalytics,gen9championsvgc2026regma,"Best Pokemon, teams, and builds in Pokemon Champions VGC 2026",https://pikalytics.com/pokedex/gen9championsvgc2026regma,14,6,vedantff12345,vedantff12345,9-0-1,9,0,1,10,90.00,NOVA's SUPER LEAGUE,2026-06-14,1,1,82,https://play.limitlesstcg.com/tournament/6a2a6d37e334c3c9befd3b00/player/vedantff12345/teamlist,https://play.limitlesstcg.com/tournament/6a2a6d37e334c3c9befd3b00/standings,Dragonite-Mega:Basculegion:Kingambit:Incineroar:Sneasler:Sinistcha,6,Sinistcha,Sinistcha,Leftovers,Hospitality,Matcha Gotcha:Rage Powder:Trick Room:Protect,Matcha Gotcha,Rage Powder,Trick Room,Protect,Dragonite-Mega:Basculegion:Kingambit:Incineroar:Sneasler
2026-06-23,2026-06-23T12:00:02Z,pikalytics,gen9championsvgc2026regma,"Best Pokemon, teams, and builds in Pokemon Champions VGC 2026",https://pikalytics.com/pokedex/gen9championsvgc2026regma,9,6,Soosendosen,Soosendosen,4-0,4,0,0,4,100.00,Último Torneo Ranking PokéchampionsDestiny #9,2026-06-17,1,1,12,https://play.limitlesstcg.com/tournament/6a205d3d56b11a587a94768c/player/soosendosen/teamlist,https://play.limitlesstcg.com/tournament/6a205d3d56b11a587a94768c/standings,Charizard-Mega-X:Incineroar:Sneasler:Kingambit:Floette-Eternal-Mega:Sinistcha,1,Charizard-Mega-X,Charizard,Charizardite X,Blaze,Protect:Temper Flare:Dragon Claw:Dragon Dance,Protect,Temper Flare,Dragon Claw,Dragon Dance,Incineroar:Sneasler:Kingambit:Floette-Eternal-Mega:Sinistcha
2026-06-18,2026-06-18T12:00:03Z,pikalytics,gen9championsvgc2026regma,"Best Pokemon, teams, and builds in Pokemon Champions VGC 2026",https://pikalytics.com/pokedex/gen9championsvgc2026regma,9,6,tpgamer007,tpgamer007,3-1,3,1,0,4,75.00,Último Torneo Ranking PokéchampionsDestiny #9,2026-06-17,2,0,12,https://play.limitlesstcg.com/tournament/6a205d3d56b11a587a94768c/player/tpgamer007/teamlist,https://play.limitlesstcg.com/tournament/6a205d3d56b11a587a94768c/standings,Kingambit:Farigiraf:Vivillon:Sylveon:Tyranitar:Raichu,1,Kingambit,Kingambit,Choice Scarf,Defiant,Iron Head:Low Kick:Kowtow Cleave:Sucker Punch,Iron Head,Low Kick,Kowtow Cleave,Sucker Punch,Farigiraf:Vivillon:Sylveon:Tyranitar:Raichu
2026-06-18,2026-06-18T12:00:03Z,pikalytics,gen9championsvgc2026regma,"Best Pokemon, teams, and builds in Pokemon Champions VGC 2026",https://pikalytics.com/pokedex/gen9championsvgc2026regma,9,6,tpgamer007,tpgamer007,3-1,3,1,0,4,75.00,Último Torneo Ranking PokéchampionsDestiny #9,2026-06-17,2,0,12,https://play.limitlesstcg.com/tournament/6a205d3d56b11a587a94768c/player/tpgamer007/teamlist,https://play.limitlesstcg.com/tournament/6a205d3d56b11a587a94768c/standings,Kingambit:Farigiraf:Vivillon:Sylveon:Tyranitar:Raichu,2,Farigiraf,Farigiraf,Sitrus Berry,Armor Tail,Roar:Trick Room:Twin Beam:Thunderbolt,Roar,Trick Room,Twin Beam,Thunderbolt,Kingambit:Vivillon:Sylveon:Tyranitar:Raichu
2026-06-23,2026-06-23T12:00:02Z,pikalytics,gen9championsvgc2026regma,"Best Pokemon, teams, and builds in Pokemon Champions VGC 2026",https://pikalytics.com/pokedex/gen9championsvgc2026regma,9,6,Soosendosen,Soosendosen,4-0,4,0,0,4,100.00,Último Torneo Ranking PokéchampionsDestiny #9,2026-06-17,1,1,12,https://play.limitlesstcg.com/tournament/6a205d3d56b11a587a94768c/player/soosendosen/teamlist,https://play.limitlesstcg.com/tournament/6a205d3d56b11a587a94768c/standings,Charizard-Mega-X:Incineroar:Sneasler:Kingambit:Floette-Eternal-Mega:Sinistcha,2,Incineroar,Incineroar,Leftovers,Intimidate,Fake Out:Parting Shot:Flare Blitz:Helping Hand,Fake Out,Parting Shot,Flare Blitz,Helping Hand,Charizard-Mega-X:Sneasler:Kingambit:Floette-Eternal-Mega:Sinistcha
2026-06-23,2026-06-23T12:00:02Z,pikalytics,gen9championsvgc2026regma,"Best Pokemon, teams, and builds in Pokemon Champions VGC 2026",https://pikalytics.com/pokedex/gen9championsvgc2026regma,9,6,Soosendosen,Soosendosen,4-0,4,0,0,4,100.00,Último Torneo Ranking PokéchampionsDestiny #9,2026-06-17,1,1,12,https://play.limitlesstcg.com/tournament/6a205d3d56b11a587a94768c/player/soosendosen/teamlist,https://play.limitlesstcg.com/tournament/6a205d3d56b11a587a94768c/standings,Charizard-Mega-X:Incineroar:Sneasler:Kingambit:Floette-Eternal-Mega:Sinistcha,3,Sneasler,Sneasler,Focus Sash,Unburden,Fake Out:Coaching:Close Combat:Dire Claw,Fake Out,Coaching,Close Combat,Dire Claw,Charizard-Mega-X:Incineroar:Kingambit:Floette-Eternal-Mega:Sinistcha
2026-06-18,2026-06-18T12:00:03Z,pikalytics,gen9championsvgc2026regma,"Best Pokemon, teams, and builds in Pokemon Champions VGC 2026",https://pikalytics.com/pokedex/gen9championsvgc2026regma,9,6,tpgamer007,tpgamer007,3-1,3,1,0,4,75.00,Último Torneo Ranking PokéchampionsDestiny #9,2026-06-17,2,0,12,https://play.limitlesstcg.com/tournament/6a205d3d56b11a587a94768c/player/tpgamer007/teamlist,https://play.limitlesstcg.com/tournament/6a205d3d56b11a587a94768c/standings,Kingambit:Farigiraf:Vivillon:Sylveon:Tyranitar:Raichu,3,Vivillon,Vivillon,Choice Scarf,Compound Eyes,Hurricane:Energy Ball:Rage Powder:Sleep Powder,Hurricane,Energy Ball,Rage Powder,Sleep Powder,Kingambit:Farigiraf:Sylveon:Tyranitar:Raichu
2026-06-23,2026-06-23T12:00:02Z,pikalytics,gen9championsvgc2026regma,"Best Pokemon, teams, and builds in Pokemon Champions VGC 2026",https://pikalytics.com/pokedex/gen9championsvgc2026regma,9,6,Soosendosen,Soosendosen,4-0,4,0,0,4,100.00,Último Torneo Ranking PokéchampionsDestiny #9,2026-06-17,1,1,12,https://play.limitlesstcg.com/tournament/6a205d3d56b11a587a94768c/player/soosendosen/teamlist,https://play.limitlesstcg.com/tournament/6a205d3d56b11a587a94768c/standings,Charizard-Mega-X:Incineroar:Sneasler:Kingambit:Floette-Eternal-Mega:Sinistcha,4,Kingambit,Kingambit,Chople Berry,Defiant,Protect:Kowtow Cleave:Sucker Punch:Iron Head,Protect,Kowtow Cleave,Sucker Punch,Iron Head,Charizard-Mega-X:Incineroar:Sneasler:Floette-Eternal-Mega:Sinistcha
2026-06-18,2026-06-18T12:00:03Z,pikalytics,gen9championsvgc2026regma,"Best Pokemon, teams, and builds in Pokemon Champions VGC 2026",https://pikalytics.com/pokedex/gen9championsvgc2026regma,9,6,tpgamer007,tpgamer007,3-1,3,1,0,4,75.00,Último Torneo Ranking PokéchampionsDestiny #9,2026-06-17,2,0,12,https://play.limitlesstcg.com/tournament/6a205d3d56b11a587a94768c/player/tpgamer007/teamlist,https://play.limitlesstcg.com/tournament/6a205d3d56b11a587a94768c/standings,Kingambit:Farigiraf:Vivillon:Sylveon:Tyranitar:Raichu,4,Sylveon,Sylveon,Life Orb,Pixilate,Hyper Beam:Hyper Voice:Quick Attack:Detect,Hyper Beam,Hyper Voice,Quick Attack,Detect,Kingambit:Farigiraf:Vivillon:Tyranitar:Raichu
2026-06-23,2026-06-23T12:00:02Z,pikalytics,gen9championsvgc2026regma,"Best Pokemon, teams, and builds in Pokemon Champions VGC 2026",https://pikalytics.com/pokedex/gen9championsvgc2026regma,9,6,Soosendosen,Soosendosen,4-0,4,0,0,4,100.00,Último Torneo Ranking PokéchampionsDestiny #9,2026-06-17,1,1,12,https://play.limitlesstcg.com/tournament/6a205d3d56b11a587a94768c/player/soosendosen/teamlist,https://play.limitlesstcg.com/tournament/6a205d3d56b11a587a94768c/standings,Charizard-Mega-X:Incineroar:Sneasler:Kingambit:Floette-Eternal-Mega:Sinistcha,5,Floette-Eternal-Mega,Eternal Flower Floette,Floettite,Flower Veil,Protect:Dazzling Gleam:Draining Kiss:Calm Mind,Protect,Dazzling Gleam,Draining Kiss,Calm Mind,Charizard-Mega-X:Incineroar:Sneasler:Kingambit:Sinistcha
2026-06-18,2026-06-18T12:00:03Z,pikalytics,gen9championsvgc2026regma,"Best Pokemon, teams, and builds in Pokemon Champions VGC 2026",https://pikalytics.com/pokedex/gen9championsvgc2026regma,9,6,tpgamer007,tpgamer007,3-1,3,1,0,4,75.00,Último Torneo Ranking PokéchampionsDestiny #9,2026-06-17,2,0,12,https://play.limitlesstcg.com/tournament/6a205d3d56b11a587a94768c/player/tpgamer007/teamlist,https://play.limitlesstcg.com/tournament/6a205d3d56b11a587a94768c/standings,Kingambit:Farigiraf:Vivillon:Sylveon:Tyranitar:Raichu,5,Tyranitar,Tyranitar,Chople Berry,Sand stream,High horsepower:knock off:protect:Rock Slide,High horsepower,knock off,protect,Rock Slide,Kingambit:Farigiraf:Vivillon:Sylveon:Raichu
2026-06-18,2026-06-18T12:00:03Z,pikalytics,gen9championsvgc2026regma,"Best Pokemon, teams, and builds in Pokemon Champions VGC 2026",https://pikalytics.com/pokedex/gen9championsvgc2026regma,9,6,tpgamer007,tpgamer007,3-1,3,1,0,4,75.00,Último Torneo Ranking PokéchampionsDestiny #9,2026-06-17,2,0,12,https://play.limitlesstcg.com/tournament/6a205d3d56b11a587a94768c/player/tpgamer007/teamlist,https://play.limitlesstcg.com/tournament/6a205d3d56b11a587a94768c/standings,Kingambit:Farigiraf:Vivillon:Sylveon:Tyranitar:Raichu,6,Raichu,Raichu,Raichunite Y,Lightning Rod,Zap Cannon:Volt Switch:Focus Blast:Fake out,Zap Cannon,Volt Switch,Focus Blast,Fake out,Kingambit:Farigiraf:Vivillon:Sylveon:Tyranitar
2026-06-23,2026-06-23T12:00:02Z,pikalytics,gen9championsvgc2026regma,"Best Pokemon, teams, and builds in Pokemon Champions VGC 2026",https://pikalytics.com/pokedex/gen9championsvgc2026regma,9,6,Soosendosen,Soosendosen,4-0,4,0,0,4,100.00,Último Torneo Ranking PokéchampionsDestiny #9,2026-06-17,1,1,12,https://play.limitlesstcg.com/tournament/6a205d3d56b11a587a94768c/player/soosendosen/teamlist,https://play.limitlesstcg.com/tournament/6a205d3d56b11a587a94768c/standings,Charizard-Mega-X:Incineroar:Sneasler:Kingambit:Floette-Eternal-Mega:Sinistcha,6,Sinistcha,Sinistcha,Sitrus Berry,Hospitality,Matcha Gotcha:Rage Powder:Protect:Trick Room,Matcha Gotcha,Rage Powder,Protect,Trick Room,Charizard-Mega-X:Incineroar:Sneasler:Kingambit:Floette-Eternal-Mega
2026-06-19,2026-06-19T12:00:03Z,pikalytics,gen9championsvgc2026regma,"Best Pokemon, teams, and builds in Pokemon Champions VGC 2026",https://pikalytics.com/pokedex/gen9championsvgc2026regma,11,6,Gothicrose,Gothicrose,4-1,4,1,0,5,80.00,Hatterene Series W25/2026 - Champions M-B,2026-06-17,3,0,10,https://play.limitlesstcg.com/tournament/6a205e6747f3797bf6baad73/player/gothicrose/teamlist,https://play.limitlesstcg.com/tournament/6a205e6747f3797bf6baad73/standings,Sinistcha:Grimmsnarl:Basculegion:Staraptor-Mega:Metagross-Mega:Sylveon,1,Sinistcha,Sinistcha,Bright Powder,Hospitality,Trick Room:Life Dew:Matcha Gotcha:Rage Powder,Trick Room,Life Dew,Matcha Gotcha,Rage Powder,Grimmsnarl:Basculegion:Staraptor-Mega:Metagross-Mega:Sylveon
2026-06-19,2026-06-19T12:00:03Z,pikalytics,gen9championsvgc2026regma,"Best Pokemon, teams, and builds in Pokemon Champions VGC 2026",https://pikalytics.com/pokedex/gen9championsvgc2026regma,11,6,Gothicrose,Gothicrose,4-1,4,1,0,5,80.00,Hatterene Series W25/2026 - Champions M-B,2026-06-17,3,0,10,https://play.limitlesstcg.com/tournament/6a205e6747f3797bf6baad73/player/gothicrose/teamlist,https://play.limitlesstcg.com/tournament/6a205e6747f3797bf6baad73/standings,Sinistcha:Grimmsnarl:Basculegion:Staraptor-Mega:Metagross-Mega:Sylveon,2,Grimmsnarl,Grimmsnarl,Light Clay,Prankster,Parting Shot:Scary Face:Light Screen:Reflect,Parting Shot,Scary Face,Light Screen,Reflect,Sinistcha:Basculegion:Staraptor-Mega:Metagross-Mega:Sylveon
2026-06-19,2026-06-19T12:00:03Z,pikalytics,gen9championsvgc2026regma,"Best Pokemon, teams, and builds in Pokemon Champions VGC 2026",https://pikalytics.com/pokedex/gen9championsvgc2026regma,11,6,Gothicrose,Gothicrose,4-1,4,1,0,5,80.00,Hatterene Series W25/2026 - Champions M-B,2026-06-17,3,0,10,https://play.limitlesstcg.com/tournament/6a205e6747f3797bf6baad73/player/gothicrose/teamlist,https://play.limitlesstcg.com/tournament/6a205e6747f3797bf6baad73/standings,Sinistcha:Grimmsnarl:Basculegion:Staraptor-Mega:Metagross-Mega:Sylveon,3,Basculegion,Basculegion,Focus Sash,Adaptability,Protect:Liquidation:Aqua Jet:Last Respects,Protect,Liquidation,Aqua Jet,Last Respects,Sinistcha:Grimmsnarl:Staraptor-Mega:Metagross-Mega:Sylveon
2026-06-19,2026-06-19T12:00:03Z,pikalytics,gen9championsvgc2026regma,"Best Pokemon, teams, and builds in Pokemon Champions VGC 2026",https://pikalytics.com/pokedex/gen9championsvgc2026regma,11,6,Gothicrose,Gothicrose,4-1,4,1,0,5,80.00,Hatterene Series W25/2026 - Champions M-B,2026-06-17,3,0,10,https://play.limitlesstcg.com/tournament/6a205e6747f3797bf6baad73/player/gothicrose/teamlist,https://play.limitlesstcg.com/tournament/6a205e6747f3797bf6baad73/standings,Sinistcha:Grimmsnarl:Basculegion:Staraptor-Mega:Metagross-Mega:Sylveon,4,Staraptor-Mega,Staraptor,Staraptite,Intimidate,Protect:Brave Bird:Close Combat:Roost,Protect,Brave Bird,Close Combat,Roost,Sinistcha:Grimmsnarl:Basculegion:Metagross-Mega:Sylveon
2026-06-19,2026-06-19T12:00:03Z,pikalytics,gen9championsvgc2026regma,"Best Pokemon, teams, and builds in Pokemon Champions VGC 2026",https://pikalytics.com/pokedex/gen9championsvgc2026regma,11,6,Gothicrose,Gothicrose,4-1,4,1,0,5,80.00,Hatterene Series W25/2026 - Champions M-B,2026-06-17,3,0,10,https://play.limitlesstcg.com/tournament/6a205e6747f3797bf6baad73/player/gothicrose/teamlist,https://play.limitlesstcg.com/tournament/6a205e6747f3797bf6baad73/standings,Sinistcha:Grimmsnarl:Basculegion:Staraptor-Mega:Metagross-Mega:Sylveon,5,Metagross-Mega,Metagross,Metagrossite,Clear Body,Protect:Bullet Punch:Meteor Assault:Stomping Tantrum,Protect,Bullet Punch,Meteor Assault,Stomping Tantrum,Sinistcha:Grimmsnarl:Basculegion:Staraptor-Mega:Sylveon
2026-06-19,2026-06-19T12:00:03Z,pikalytics,gen9championsvgc2026regma,"Best Pokemon, teams, and builds in Pokemon Champions VGC 2026",https://pikalytics.com/pokedex/gen9championsvgc2026regma,11,6,Gothicrose,Gothicrose,4-1,4,1,0,5,80.00,Hatterene Series W25/2026 - Champions M-B,2026-06-17,3,0,10,https://play.limitlesstcg.com/tournament/6a205e6747f3797bf6baad73/player/gothicrose/teamlist,https://play.limitlesstcg.com/tournament/6a205e6747f3797bf6baad73/standings,Sinistcha:Grimmsnarl:Basculegion:Staraptor-Mega:Metagross-Mega:Sylveon,6,Sylveon,Sylveon,Fairy Feather,Pixilate,Protect:Quick Attack:Hyper Voice:Moonblast,Protect,Quick Attack,Hyper Voice,Moonblast,Sinistcha:Grimmsnarl:Basculegion:Staraptor-Mega:Metagross-Mega
2026-06-23,2026-06-23T12:00:02Z,pikalytics,gen9championsvgc2026regma,"Best Pokemon, teams, and builds in Pokemon Champions VGC 2026",https://pikalytics.com/pokedex/gen9championsvgc2026regma,12,6,Finalbelle,Finalbelle,5-1,5,1,0,6,83.33,Hatterene Series W25/2026 - Champions M-B,2026-06-17,1,1,10,https://play.limitlesstcg.com/tournament/6a205e6747f3797bf6baad73/player/finalbelle/teamlist,https://play.limitlesstcg.com/tournament/6a205e6747f3797bf6baad73/standings,Froslass-Mega:Sneasler:Volcarona:Farigiraf:Quaquaval:Meowscarada,1,Froslass-Mega,Froslass,Froslassite,Cursed Body,Aurora Veil:Blizzard:Shadow Ball:Protect,Aurora Veil,Blizzard,Shadow Ball,Protect,Sneasler:Volcarona:Farigiraf:Quaquaval:Meowscarada
2026-06-19,2026-06-19T12:00:03Z,pikalytics,gen9championsvgc2026regma,"Best Pokemon, teams, and builds in Pokemon Champions VGC 2026",https://pikalytics.com/pokedex/gen9championsvgc2026regma,12,6,quivern,quivern,7-3,7,3,0,10,70.00,*Sitrus-Series*|Champions-MB|#63,2026-06-17,3,0,100,https://play.limitlesstcg.com/tournament/6a2c0161e334c3c9befd473b/player/quivern/teamlist,https://play.limitlesstcg.com/tournament/6a2c0161e334c3c9befd473b/standings,Gardevoir-Mega:Mudsdale:Farigiraf:Vivillon:Torkoal:Sceptile-Mega,1,Gardevoir-Mega,Gardevoir,Gardevoirite,Telepathy,Psychic:Hyper Voice:Trick Room:Protect,Psychic,Hyper Voice,Trick Room,Protect,Mudsdale:Farigiraf:Vivillon:Torkoal:Sceptile-Mega
2026-06-19,2026-06-19T12:00:03Z,pikalytics,gen9championsvgc2026regma,"Best Pokemon, teams, and builds in Pokemon Champions VGC 2026",https://pikalytics.com/pokedex/gen9championsvgc2026regma,12,6,quivern,quivern,7-3,7,3,0,10,70.00,*Sitrus-Series*|Champions-MB|#63,2026-06-17,3,0,100,https://play.limitlesstcg.com/tournament/6a2c0161e334c3c9befd473b/player/quivern/teamlist,https://play.limitlesstcg.com/tournament/6a2c0161e334c3c9befd473b/standings,Gardevoir-Mega:Mudsdale:Farigiraf:Vivillon:Torkoal:Sceptile-Mega,2,Mudsdale,Mudsdale,Life Orb,Inner Focus,Rock Slide:High Horsepower:Heavy Slam:Earthquake,Rock Slide,High Horsepower,Heavy Slam,Earthquake,Gardevoir-Mega:Farigiraf:Vivillon:Torkoal:Sceptile-Mega
2026-06-23,2026-06-23T12:00:02Z,pikalytics,gen9championsvgc2026regma,"Best Pokemon, teams, and builds in Pokemon Champions VGC 2026",https://pikalytics.com/pokedex/gen9championsvgc2026regma,12,6,Finalbelle,Finalbelle,5-1,5,1,0,6,83.33,Hatterene Series W25/2026 - Champions M-B,2026-06-17,1,1,10,https://play.limitlesstcg.com/tournament/6a205e6747f3797bf6baad73/player/finalbelle/teamlist,https://play.limitlesstcg.com/tournament/6a205e6747f3797bf6baad73/standings,Froslass-Mega:Sneasler:Volcarona:Farigiraf:Quaquaval:Meowscarada,2,Sneasler,Sneasler,White Herb,Unburden,Close Combat:Dire Claw:Rock Slide:Fake Out,Close Combat,Dire Claw,Rock Slide,Fake Out,Froslass-Mega:Volcarona:Farigiraf:Quaquaval:Meowscarada
2026-06-19,2026-06-19T12:00:03Z,pikalytics,gen9championsvgc2026regma,"Best Pokemon, teams, and builds in Pokemon Champions VGC 2026",https://pikalytics.com/pokedex/gen9championsvgc2026regma,12,6,quivern,quivern,7-3,7,3,0,10,70.00,*Sitrus-Series*|Champions-MB|#63,2026-06-17,3,0,100,https://play.limitlesstcg.com/tournament/6a2c0161e334c3c9befd473b/player/quivern/teamlist,https://play.limitlesstcg.com/tournament/6a2c0161e334c3c9befd473b/standings,Gardevoir-Mega:Mudsdale:Farigiraf:Vivillon:Torkoal:Sceptile-Mega,3,Farigiraf,Farigiraf,Colbur Berry,Armor Tail,Protect:Trick Room:Thunderbolt:Helping Hand,Protect,Trick Room,Thunderbolt,Helping Hand,Gardevoir-Mega:Mudsdale:Vivillon:Torkoal:Sceptile-Mega
2026-06-23,2026-06-23T12:00:02Z,pikalytics,gen9championsvgc2026regma,"Best Pokemon, teams, and builds in Pokemon Champions VGC 2026",https://pikalytics.com/pokedex/gen9championsvgc2026regma,12,6,Finalbelle,Finalbelle,5-1,5,1,0,6,83.33,Hatterene Series W25/2026 - Champions M-B,2026-06-17,1,1,10,https://play.limitlesstcg.com/tournament/6a205e6747f3797bf6baad73/player/finalbelle/teamlist,https://play.limitlesstcg.com/tournament/6a205e6747f3797bf6baad73/standings,Froslass-Mega:Sneasler:Volcarona:Farigiraf:Quaquaval:Meowscarada,3,Volcarona,Volcarona,Focus Sash,Flame Body,Heat Wave:Giga Drain:Quiver Dance:Protect,Heat Wave,Giga Drain,Quiver Dance,Protect,Froslass-Mega:Sneasler:Farigiraf:Quaquaval:Meowscarada
2026-06-23,2026-06-23T12:00:02Z,pikalytics,gen9championsvgc2026regma,"Best Pokemon, teams, and builds in Pokemon Champions VGC 2026",https://pikalytics.com/pokedex/gen9championsvgc2026regma,12,6,Finalbelle,Finalbelle,5-1,5,1,0,6,83.33,Hatterene Series W25/2026 - Champions M-B,2026-06-17,1,1,10,https://play.limitlesstcg.com/tournament/6a205e6747f3797bf6baad73/player/finalbelle/teamlist,https://play.limitlesstcg.com/tournament/6a205e6747f3797bf6baad73/standings,Froslass-Mega:Sneasler:Volcarona:Farigiraf:Quaquaval:Meowscarada,4,Farigiraf,Farigiraf,Leftovers,Armor Tail,Psychic Noise:Hyper Voice:Helping Hand:Trick Room,Psychic Noise,Hyper Voice,Helping Hand,Trick Room,Froslass-Mega:Sneasler:Volcarona:Quaquaval:Meowscarada
2026-06-19,2026-06-19T12:00:03Z,pikalytics,gen9championsvgc2026regma,"Best Pokemon, teams, and builds in Pokemon Champions VGC 2026",https://pikalytics.com/pokedex/gen9championsvgc2026regma,12,6,quivern,quivern,7-3,7,3,0,10,70.00,*Sitrus-Series*|Champions-MB|#63,2026-06-17,3,0,100,https://play.limitlesstcg.com/tournament/6a2c0161e334c3c9befd473b/player/quivern/teamlist,https://play.limitlesstcg.com/tournament/6a2c0161e334c3c9befd473b/standings,Gardevoir-Mega:Mudsdale:Farigiraf:Vivillon:Torkoal:Sceptile-Mega,4,Vivillon,Vivillon,Focus Sash,Compound Eyes,Hurricane:Protect:Rage Powder:Sleep Powder,Hurricane,Protect,Rage Powder,Sleep Powder,Gardevoir-Mega:Mudsdale:Farigiraf:Torkoal:Sceptile-Mega
2026-06-23,2026-06-23T12:00:02Z,pikalytics,gen9championsvgc2026regma,"Best Pokemon, teams, and builds in Pokemon Champions VGC 2026",https://pikalytics.com/pokedex/gen9championsvgc2026regma,12,6,Finalbelle,Finalbelle,5-1,5,1,0,6,83.33,Hatterene Series W25/2026 - Champions M-B,2026-06-17,1,1,10,https://play.limitlesstcg.com/tournament/6a205e6747f3797bf6baad73/player/finalbelle/teamlist,https://play.limitlesstcg.com/tournament/6a205e6747f3797bf6baad73/standings,Froslass-Mega:Sneasler:Volcarona:Farigiraf:Quaquaval:Meowscarada,5,Quaquaval,Quaquaval,Quick Claw,Moxie,Wave Crash:Knock Off:Close Combat:Aqua Jet,Wave Crash,Knock Off,Close Combat,Aqua Jet,Froslass-Mega:Sneasler:Volcarona:Farigiraf:Meowscarada
2026-06-19,2026-06-19T12:00:03Z,pikalytics,gen9championsvgc2026regma,"Best Pokemon, teams, and builds in Pokemon Champions VGC 2026",https://pikalytics.com/pokedex/gen9championsvgc2026regma,12,6,quivern,quivern,7-3,7,3,0,10,70.00,*Sitrus-Series*|Champions-MB|#63,2026-06-17,3,0,100,https://play.limitlesstcg.com/tournament/6a2c0161e334c3c9befd473b/player/quivern/teamlist,https://play.limitlesstcg.com/tournament/6a2c0161e334c3c9befd473b/standings,Gardevoir-Mega:Mudsdale:Farigiraf:Vivillon:Torkoal:Sceptile-Mega,5,Torkoal,Torkoal,Charcoal,Drought,Eruption:Flamethrower:Earth Power:Protect,Eruption,Flamethrower,Earth Power,Protect,Gardevoir-Mega:Mudsdale:Farigiraf:Vivillon:Sceptile-Mega
2026-06-23,2026-06-23T12:00:02Z,pikalytics,gen9championsvgc2026regma,"Best Pokemon, teams, and builds in Pokemon Champions VGC 2026",https://pikalytics.com/pokedex/gen9championsvgc2026regma,12,6,Finalbelle,Finalbelle,5-1,5,1,0,6,83.33,Hatterene Series W25/2026 - Champions M-B,2026-06-17,1,1,10,https://play.limitlesstcg.com/tournament/6a205e6747f3797bf6baad73/player/finalbelle/teamlist,https://play.limitlesstcg.com/tournament/6a205e6747f3797bf6baad73/standings,Froslass-Mega:Sneasler:Volcarona:Farigiraf:Quaquaval:Meowscarada,6,Meowscarada,Meowscarada,Choice Scarf,Protean,Flower Trick:Thunder Punch:Knock Off:Triple Axel,Flower Trick,Thunder Punch,Knock Off,Triple Axel,Froslass-Mega:Sneasler:Volcarona:Farigiraf:Quaquaval
2026-06-19,2026-06-19T12:00:03Z,pikalytics,gen9championsvgc2026regma,"Best Pokemon, teams, and builds in Pokemon Champions VGC 2026",https://pikalytics.com/pokedex/gen9championsvgc2026regma,12,6,quivern,quivern,7-3,7,3,0,10,70.00,*Sitrus-Series*|Champions-MB|#63,2026-06-17,3,0,100,https://play.limitlesstcg.com/tournament/6a2c0161e334c3c9befd473b/player/quivern/teamlist,https://play.limitlesstcg.com/tournament/6a2c0161e334c3c9befd473b/standings,Gardevoir-Mega:Mudsdale:Farigiraf:Vivillon:Torkoal:Sceptile-Mega,6,Sceptile-Mega,Sceptile,Sceptilite,Overgrow,Leaf Storm:Dragon Pulse:Protect:Shed Tail,Leaf Storm,Dragon Pulse,Protect,Shed Tail,Gardevoir-Mega:Mudsdale:Farigiraf:Vivillon:Torkoal
2026-06-23,2026-06-23T12:00:02Z,pikalytics,gen9championsvgc2026regma,"Best Pokemon, teams, and builds in Pokemon Champions VGC 2026",https://pikalytics.com/pokedex/gen9championsvgc2026regma,13,6,AndreVGC,AndreVGC,9-2,9,2,0,11,81.82,*Sitrus-Series*|Champions-MB|#63,2026-06-17,2,0,100,https://play.limitlesstcg.com/tournament/6a2c0161e334c3c9befd473b/player/andrevgc/teamlist,https://play.limitlesstcg.com/tournament/6a2c0161e334c3c9befd473b/standings,Metagross-Mega:Kommo-o:Sylveon:Aerodactyl-Mega:Incineroar:Milotic,1,Metagross-Mega,Metagross,Metagrossite,Clear Body,Iron Head:Psychic Fangs:Stomping Tantrum:Protect,Iron Head,Psychic Fangs,Stomping Tantrum,Protect,Kommo-o:Sylveon:Aerodactyl-Mega:Incineroar:Milotic
2026-06-23,2026-06-23T12:00:02Z,pikalytics,gen9championsvgc2026regma,"Best Pokemon, teams, and builds in Pokemon Champions VGC 2026",https://pikalytics.com/pokedex/gen9championsvgc2026regma,13,6,AndreVGC,AndreVGC,9-2,9,2,0,11,81.82,*Sitrus-Series*|Champions-MB|#63,2026-06-17,2,0,100,https://play.limitlesstcg.com/tournament/6a2c0161e334c3c9befd473b/player/andrevgc/teamlist,https://play.limitlesstcg.com/tournament/6a2c0161e334c3c9befd473b/standings,Metagross-Mega:Kommo-o:Sylveon:Aerodactyl-Mega:Incineroar:Milotic,2,Kommo-o,Kommo-o,Leftovers,Soundproof,Clanging Scales:Aura Sphere:Clangorous Soul:Protect,Clanging Scales,Aura Sphere,Clangorous Soul,Protect,Metagross-Mega:Sylveon:Aerodactyl-Mega:Incineroar:Milotic
2026-06-23,2026-06-23T12:00:02Z,pikalytics,gen9championsvgc2026regma,"Best Pokemon, teams, and builds in Pokemon Champions VGC 2026",https://pikalytics.com/pokedex/gen9championsvgc2026regma,13,6,AndreVGC,AndreVGC,9-2,9,2,0,11,81.82,*Sitrus-Series*|Champions-MB|#63,2026-06-17,2,0,100,https://play.limitlesstcg.com/tournament/6a2c0161e334c3c9befd473b/player/andrevgc/teamlist,https://play.limitlesstcg.com/tournament/6a2c0161e334c3c9befd473b/standings,Metagross-Mega:Kommo-o:Sylveon:Aerodactyl-Mega:Incineroar:Milotic,3,Sylveon,Sylveon,Fairy Feather,Pixilate,Hyper Voice:Hyper Beam:Quick Attack:Detect,Hyper Voice,Hyper Beam,Quick Attack,Detect,Metagross-Mega:Kommo-o:Aerodactyl-Mega:Incineroar:Milotic
2026-06-23,2026-06-23T12:00:02Z,pikalytics,gen9championsvgc2026regma,"Best Pokemon, teams, and builds in Pokemon Champions VGC 2026",https://pikalytics.com/pokedex/gen9championsvgc2026regma,13,6,AndreVGC,AndreVGC,9-2,9,2,0,11,81.82,*Sitrus-Series*|Champions-MB|#63,2026-06-17,2,0,100,https://play.limitlesstcg.com/tournament/6a2c0161e334c3c9befd473b/player/andrevgc/teamlist,https://play.limitlesstcg.com/tournament/6a2c0161e334c3c9befd473b/standings,Metagross-Mega:Kommo-o:Sylveon:Aerodactyl-Mega:Incineroar:Milotic,4,Aerodactyl-Mega,Aerodactyl,Aerodactylite,Unnerve,Rock Slide:Dual Wingbeat:Tailwind:Protect,Rock Slide,Dual Wingbeat,Tailwind,Protect,Metagross-Mega:Kommo-o:Sylveon:Incineroar:Milotic
2026-06-23,2026-06-23T12:00:02Z,pikalytics,gen9championsvgc2026regma,"Best Pokemon, teams, and builds in Pokemon Champions VGC 2026",https://pikalytics.com/pokedex/gen9championsvgc2026regma,13,6,AndreVGC,AndreVGC,9-2,9,2,0,11,81.82,*Sitrus-Series*|Champions-MB|#63,2026-06-17,2,0,100,https://play.limitlesstcg.com/tournament/6a2c0161e334c3c9befd473b/player/andrevgc/teamlist,https://play.limitlesstcg.com/tournament/6a2c0161e334c3c9befd473b/standings,Metagross-Mega:Kommo-o:Sylveon:Aerodactyl-Mega:Incineroar:Milotic,5,Incineroar,Incineroar,Passho Berry,Intimidate,Flare Blitz:Throat Chop:Parting Shot:Fake Out,Flare Blitz,Throat Chop,Parting Shot,Fake Out,Metagross-Mega:Kommo-o:Sylveon:Aerodactyl-Mega:Milotic
2026-06-23,2026-06-23T12:00:02Z,pikalytics,gen9championsvgc2026regma,"Best Pokemon, teams, and builds in Pokemon Champions VGC 2026",https://pikalytics.com/pokedex/gen9championsvgc2026regma,13,6,AndreVGC,AndreVGC,9-2,9,2,0,11,81.82,*Sitrus-Series*|Champions-MB|#63,2026-06-17,2,0,100,https://play.limitlesstcg.com/tournament/6a2c0161e334c3c9befd473b/player/andrevgc/teamlist,https://play.limitlesstcg.com/tournament/6a2c0161e334c3c9befd473b/standings,Metagross-Mega:Kommo-o:Sylveon:Aerodactyl-Mega:Incineroar:Milotic,6,Milotic,Milotic,Sitrus Berry,Competitive,Scald:Icy Wind:Life Dew:Protect,Scald,Icy Wind,Life Dew,Protect,Metagross-Mega:Kommo-o:Sylveon:Aerodactyl-Mega:Incineroar
2026-06-19,2026-06-19T12:00:03Z,pikalytics,gen9championsvgc2026regma,"Best Pokemon, teams, and builds in Pokemon Champions VGC 2026",https://pikalytics.com/pokedex/gen9championsvgc2026regma,15,6,tpgamer007,tpgamer007,3-1,3,1,0,4,75.00,Último Torneo Ranking PokéchampionsDestiny #9,2026-06-17,2,0,12,https://play.limitlesstcg.com/tournament/6a205d3d56b11a587a94768c/player/tpgamer007/teamlist,https://play.limitlesstcg.com/tournament/6a205d3d56b11a587a94768c/standings,Kingambit:Farigiraf:Vivillon:Sylveon:Tyranitar:Raichu-Mega-Y,1,Kingambit,Kingambit,Choice Scarf,Defiant,Iron Head:Low Kick:Kowtow Cleave:Sucker Punch,Iron Head,Low Kick,Kowtow Cleave,Sucker Punch,Farigiraf:Vivillon:Sylveon:Tyranitar:Raichu-Mega-Y
2026-06-18,2026-06-18T12:00:03Z,pikalytics,gen9championsvgc2026regma,"Best Pokemon, teams, and builds in Pokemon Champions VGC 2026",https://pikalytics.com/pokedex/gen9championsvgc2026regma,15,6,Fr33z,Fr33z,3-0,3,0,0,3,100.00,Alpensee Tour (Reg M-B) #62 - ✨🐢 for #1! IN-GAME!,2026-06-17,14,0,54,https://play.limitlesstcg.com/tournament/6a14208e0f6c1f08998609b4/player/fr33z/teamlist,https://play.limitlesstcg.com/tournament/6a14208e0f6c1f08998609b4/standings,Staraptor:Incineroar:Farigiraf:Mawile-Mega:Kingambit:Torkoal,1,Staraptor,Staraptor,Choice Scarf,Intimidate,Final Gambit:Brave Bird:Close Combat:U-turn,Final Gambit,Brave Bird,Close Combat,U-turn,Incineroar:Farigiraf:Mawile-Mega:Kingambit:Torkoal
2026-06-19,2026-06-19T12:00:03Z,pikalytics,gen9championsvgc2026regma,"Best Pokemon, teams, and builds in Pokemon Champions VGC 2026",https://pikalytics.com/pokedex/gen9championsvgc2026regma,15,6,tpgamer007,tpgamer007,3-1,3,1,0,4,75.00,Último Torneo Ranking PokéchampionsDestiny #9,2026-06-17,2,0,12,https://play.limitlesstcg.com/tournament/6a205d3d56b11a587a94768c/player/tpgamer007/teamlist,https://play.limitlesstcg.com/tournament/6a205d3d56b11a587a94768c/standings,Kingambit:Farigiraf:Vivillon:Sylveon:Tyranitar:Raichu-Mega-Y,2,Farigiraf,Farigiraf,Sitrus Berry,Armor Tail,Roar:Trick Room:Twin Beam:Thunderbolt,Roar,Trick Room,Twin Beam,Thunderbolt,Kingambit:Vivillon:Sylveon:Tyranitar:Raichu-Mega-Y
2026-06-18,2026-06-18T12:00:03Z,pikalytics,gen9championsvgc2026regma,"Best Pokemon, teams, and builds in Pokemon Champions VGC 2026",https://pikalytics.com/pokedex/gen9championsvgc2026regma,15,6,Fr33z,Fr33z,3-0,3,0,0,3,100.00,Alpensee Tour (Reg M-B) #62 - ✨🐢 for #1! IN-GAME!,2026-06-17,14,0,54,https://play.limitlesstcg.com/tournament/6a14208e0f6c1f08998609b4/player/fr33z/teamlist,https://play.limitlesstcg.com/tournament/6a14208e0f6c1f08998609b4/standings,Staraptor:Incineroar:Farigiraf:Mawile-Mega:Kingambit:Torkoal,2,Incineroar,Incineroar,Sitrus Berry,Intimidate,Flare Blitz:Throat Chop:Parting Shot:Fake Out,Flare Blitz,Throat Chop,Parting Shot,Fake Out,Staraptor:Farigiraf:Mawile-Mega:Kingambit:Torkoal
2026-06-18,2026-06-18T12:00:03Z,pikalytics,gen9championsvgc2026regma,"Best Pokemon, teams, and builds in Pokemon Champions VGC 2026",https://pikalytics.com/pokedex/gen9championsvgc2026regma,15,6,Fr33z,Fr33z,3-0,3,0,0,3,100.00,Alpensee Tour (Reg M-B) #62 - ✨🐢 for #1! IN-GAME!,2026-06-17,14,0,54,https://play.limitlesstcg.com/tournament/6a14208e0f6c1f08998609b4/player/fr33z/teamlist,https://play.limitlesstcg.com/tournament/6a14208e0f6c1f08998609b4/standings,Staraptor:Incineroar:Farigiraf:Mawile-Mega:Kingambit:Torkoal,3,Farigiraf,Farigiraf,Colbur Berry,Armor Tail,Psychic:Helping Hand:Trick Room:Protect,Psychic,Helping Hand,Trick Room,Protect,Staraptor:Incineroar:Mawile-Mega:Kingambit:Torkoal
2026-06-19,2026-06-19T12:00:03Z,pikalytics,gen9championsvgc2026regma,"Best Pokemon, teams, and builds in Pokemon Champions VGC 2026",https://pikalytics.com/pokedex/gen9championsvgc2026regma,15,6,tpgamer007,tpgamer007,3-1,3,1,0,4,75.00,Último Torneo Ranking PokéchampionsDestiny #9,2026-06-17,2,0,12,https://play.limitlesstcg.com/tournament/6a205d3d56b11a587a94768c/player/tpgamer007/teamlist,https://play.limitlesstcg.com/tournament/6a205d3d56b11a587a94768c/standings,Kingambit:Farigiraf:Vivillon:Sylveon:Tyranitar:Raichu-Mega-Y,3,Vivillon,Vivillon,Choice Scarf,Compound Eyes,Hurricane:Energy Ball:Rage Powder:Sleep Powder,Hurricane,Energy Ball,Rage Powder,Sleep Powder,Kingambit:Farigiraf:Sylveon:Tyranitar:Raichu-Mega-Y
2026-06-18,2026-06-18T12:00:03Z,pikalytics,gen9championsvgc2026regma,"Best Pokemon, teams, and builds in Pokemon Champions VGC 2026",https://pikalytics.com/pokedex/gen9championsvgc2026regma,15,6,Fr33z,Fr33z,3-0,3,0,0,3,100.00,Alpensee Tour (Reg M-B) #62 - ✨🐢 for #1! IN-GAME!,2026-06-17,14,0,54,https://play.limitlesstcg.com/tournament/6a14208e0f6c1f08998609b4/player/fr33z/teamlist,https://play.limitlesstcg.com/tournament/6a14208e0f6c1f08998609b4/standings,Staraptor:Incineroar:Farigiraf:Mawile-Mega:Kingambit:Torkoal,4,Mawile-Mega,Mawile,Mawilite,Hyper Cutter,Play Rough:Sucker Punch:Rock Slide:Protect,Play Rough,Sucker Punch,Rock Slide,Protect,Staraptor:Incineroar:Farigiraf:Kingambit:Torkoal
2026-06-19,2026-06-19T12:00:03Z,pikalytics,gen9championsvgc2026regma,"Best Pokemon, teams, and builds in Pokemon Champions VGC 2026",https://pikalytics.com/pokedex/gen9championsvgc2026regma,15,6,tpgamer007,tpgamer007,3-1,3,1,0,4,75.00,Último Torneo Ranking PokéchampionsDestiny #9,2026-06-17,2,0,12,https://play.limitlesstcg.com/tournament/6a205d3d56b11a587a94768c/player/tpgamer007/teamlist,https://play.limitlesstcg.com/tournament/6a205d3d56b11a587a94768c/standings,Kingambit:Farigiraf:Vivillon:Sylveon:Tyranitar:Raichu-Mega-Y,4,Sylveon,Sylveon,Life Orb,Pixilate,Hyper Beam:Hyper Voice:Quick Attack:Detect,Hyper Beam,Hyper Voice,Quick Attack,Detect,Kingambit:Farigiraf:Vivillon:Tyranitar:Raichu-Mega-Y
2026-06-18,2026-06-18T12:00:03Z,pikalytics,gen9championsvgc2026regma,"Best Pokemon, teams, and builds in Pokemon Champions VGC 2026",https://pikalytics.com/pokedex/gen9championsvgc2026regma,15,6,Fr33z,Fr33z,3-0,3,0,0,3,100.00,Alpensee Tour (Reg M-B) #62 - ✨🐢 for #1! IN-GAME!,2026-06-17,14,0,54,https://play.limitlesstcg.com/tournament/6a14208e0f6c1f08998609b4/player/fr33z/teamlist,https://play.limitlesstcg.com/tournament/6a14208e0f6c1f08998609b4/standings,Staraptor:Incineroar:Farigiraf:Mawile-Mega:Kingambit:Torkoal,5,Kingambit,Kingambit,Life Orb,Defiant,Kowtow Cleave:Sucker Punch:Iron Head:Low Kick,Kowtow Cleave,Sucker Punch,Iron Head,Low Kick,Staraptor:Incineroar:Farigiraf:Mawile-Mega:Torkoal
2026-06-19,2026-06-19T12:00:03Z,pikalytics,gen9championsvgc2026regma,"Best Pokemon, teams, and builds in Pokemon Champions VGC 2026",https://pikalytics.com/pokedex/gen9championsvgc2026regma,15,6,tpgamer007,tpgamer007,3-1,3,1,0,4,75.00,Último Torneo Ranking PokéchampionsDestiny #9,2026-06-17,2,0,12,https://play.limitlesstcg.com/tournament/6a205d3d56b11a587a94768c/player/tpgamer007/teamlist,https://play.limitlesstcg.com/tournament/6a205d3d56b11a587a94768c/standings,Kingambit:Farigiraf:Vivillon:Sylveon:Tyranitar:Raichu-Mega-Y,5,Tyranitar,Tyranitar,Chople Berry,Sand stream,High horsepower:knock off:protect:Rock Slide,High horsepower,knock off,protect,Rock Slide,Kingambit:Farigiraf:Vivillon:Sylveon:Raichu-Mega-Y
2026-06-19,2026-06-19T12:00:03Z,pikalytics,gen9championsvgc2026regma,"Best Pokemon, teams, and builds in Pokemon Champions VGC 2026",https://pikalytics.com/pokedex/gen9championsvgc2026regma,15,6,tpgamer007,tpgamer007,3-1,3,1,0,4,75.00,Último Torneo Ranking PokéchampionsDestiny #9,2026-06-17,2,0,12,https://play.limitlesstcg.com/tournament/6a205d3d56b11a587a94768c/player/tpgamer007/teamlist,https://play.limitlesstcg.com/tournament/6a205d3d56b11a587a94768c/standings,Kingambit:Farigiraf:Vivillon:Sylveon:Tyranitar:Raichu-Mega-Y,6,Raichu-Mega-Y,Raichu,Raichunite Y,Lightning Rod,Zap Cannon:Volt Switch:Focus Blast:Fake out,Zap Cannon,Volt Switch,Focus Blast,Fake out,Kingambit:Farigiraf:Vivillon:Sylveon:Tyranitar
2026-06-18,2026-06-18T12:00:03Z,pikalytics,gen9championsvgc2026regma,"Best Pokemon, teams, and builds in Pokemon Champions VGC 2026",https://pikalytics.com/pokedex/gen9championsvgc2026regma,15,6,Fr33z,Fr33z,3-0,3,0,0,3,100.00,Alpensee Tour (Reg M-B) #62 - ✨🐢 for #1! IN-GAME!,2026-06-17,14,0,54,https://play.limitlesstcg.com/tournament/6a14208e0f6c1f08998609b4/player/fr33z/teamlist,https://play.limitlesstcg.com/tournament/6a14208e0f6c1f08998609b4/standings,Staraptor:Incineroar:Farigiraf:Mawile-Mega:Kingambit:Torkoal,6,Torkoal,Torkoal,Charcoal,Drought,Eruption:Weather Ball:Solar Beam:Protect,Eruption,Weather Ball,Solar Beam,Protect,Staraptor:Incineroar:Farigiraf:Mawile-Mega:Kingambit
2026-06-25,2026-06-25T12:00:03Z,pikalytics,gen9championsvgc2026regma,"Best Pokemon, teams, and builds in Pokemon Champions VGC 2026",https://pikalytics.com/pokedex/gen9championsvgc2026regma,16,6,BHelixB,BHelixB,9-2,9,2,0,11,81.82,*Sitrus-Series*|Champions-MB|#63,2026-06-17,1,1,100,https://play.limitlesstcg.com/tournament/6a2c0161e334c3c9befd473b/player/bhelixb/teamlist,https://play.limitlesstcg.com/tournament/6a2c0161e334c3c9befd473b/standings,Arcanine-Hisui:Whimsicott:Sneasler:Garchomp:Kingambit:Froslass-Mega,1,Arcanine-Hisui,Hisuian Arcanine,Focus Sash,Rock Head,Flare Blitz:Rock Slide:Extreme Speed:Protect,Flare Blitz,Rock Slide,Extreme Speed,Protect,Whimsicott:Sneasler:Garchomp:Kingambit:Froslass-Mega
2026-06-18,2026-06-18T12:00:03Z,pikalytics,gen9championsvgc2026regma,"Best Pokemon, teams, and builds in Pokemon Champions VGC 2026",https://pikalytics.com/pokedex/gen9championsvgc2026regma,16,6,shabarai,shabarai,4-1,4,1,0,5,80.00,Alpensee Tour (Reg M-B) #62 - ✨🐢 for #1! IN-GAME!,2026-06-17,4,0,54,https://play.limitlesstcg.com/tournament/6a14208e0f6c1f08998609b4/player/shabarai/teamlist,https://play.limitlesstcg.com/tournament/6a14208e0f6c1f08998609b4/standings,Whimsicott:Charizard-Mega-Y:Kingambit:Basculegion:Sinistcha:Staraptor-Mega,1,Whimsicott,Whimsicott,Focus Sash,Prankster,Tailwind:Moonblast:Charm:Protect,Tailwind,Moonblast,Charm,Protect,Charizard-Mega-Y:Kingambit:Basculegion:Sinistcha:Staraptor-Mega
2026-06-18,2026-06-18T12:00:03Z,pikalytics,gen9championsvgc2026regma,"Best Pokemon, teams, and builds in Pokemon Champions VGC 2026",https://pikalytics.com/pokedex/gen9championsvgc2026regma,16,6,shabarai,shabarai,4-1,4,1,0,5,80.00,Alpensee Tour (Reg M-B) #62 - ✨🐢 for #1! IN-GAME!,2026-06-17,4,0,54,https://play.limitlesstcg.com/tournament/6a14208e0f6c1f08998609b4/player/shabarai/teamlist,https://play.limitlesstcg.com/tournament/6a14208e0f6c1f08998609b4/standings,Whimsicott:Charizard-Mega-Y:Kingambit:Basculegion:Sinistcha:Staraptor-Mega,2,Charizard-Mega-Y,Charizard,Charizardite Y,Blaze,Heat Wave:Weather Ball:Solar Beam:Protect,Heat Wave,Weather Ball,Solar Beam,Protect,Whimsicott:Kingambit:Basculegion:Sinistcha:Staraptor-Mega
2026-06-25,2026-06-25T12:00:03Z,pikalytics,gen9championsvgc2026regma,"Best Pokemon, teams, and builds in Pokemon Champions VGC 2026",https://pikalytics.com/pokedex/gen9championsvgc2026regma,16,6,BHelixB,BHelixB,9-2,9,2,0,11,81.82,*Sitrus-Series*|Champions-MB|#63,2026-06-17,1,1,100,https://play.limitlesstcg.com/tournament/6a2c0161e334c3c9befd473b/player/bhelixb/teamlist,https://play.limitlesstcg.com/tournament/6a2c0161e334c3c9befd473b/standings,Arcanine-Hisui:Whimsicott:Sneasler:Garchomp:Kingambit:Froslass-Mega,2,Whimsicott,Whimsicott,Occa Berry,Prankster,Protect:Encore:Tailwind:Moonblast,Protect,Encore,Tailwind,Moonblast,Arcanine-Hisui:Sneasler:Garchomp:Kingambit:Froslass-Mega
2026-06-18,2026-06-18T12:00:03Z,pikalytics,gen9championsvgc2026regma,"Best Pokemon, teams, and builds in Pokemon Champions VGC 2026",https://pikalytics.com/pokedex/gen9championsvgc2026regma,16,6,shabarai,shabarai,4-1,4,1,0,5,80.00,Alpensee Tour (Reg M-B) #62 - ✨🐢 for #1! IN-GAME!,2026-06-17,4,0,54,https://play.limitlesstcg.com/tournament/6a14208e0f6c1f08998609b4/player/shabarai/teamlist,https://play.limitlesstcg.com/tournament/6a14208e0f6c1f08998609b4/standings,Whimsicott:Charizard-Mega-Y:Kingambit:Basculegion:Sinistcha:Staraptor-Mega,3,Kingambit,Kingambit,Chople Berry,Defiant,Kowtow Cleave:Sucker Punch:Iron Head:Low Kick,Kowtow Cleave,Sucker Punch,Iron Head,Low Kick,Whimsicott:Charizard-Mega-Y:Basculegion:Sinistcha:Staraptor-Mega
2026-06-25,2026-06-25T12:00:03Z,pikalytics,gen9championsvgc2026regma,"Best Pokemon, teams, and builds in Pokemon Champions VGC 2026",https://pikalytics.com/pokedex/gen9championsvgc2026regma,16,6,BHelixB,BHelixB,9-2,9,2,0,11,81.82,*Sitrus-Series*|Champions-MB|#63,2026-06-17,1,1,100,https://play.limitlesstcg.com/tournament/6a2c0161e334c3c9befd473b/player/bhelixb/teamlist,https://play.limitlesstcg.com/tournament/6a2c0161e334c3c9befd473b/standings,Arcanine-Hisui:Whimsicott:Sneasler:Garchomp:Kingambit:Froslass-Mega,3,Sneasler,Sneasler,White Herb,Unburden,Fake Out:Dire Claw:Close Combat:Protect,Fake Out,Dire Claw,Close Combat,Protect,Arcanine-Hisui:Whimsicott:Garchomp:Kingambit:Froslass-Mega
2026-06-18,2026-06-18T12:00:03Z,pikalytics,gen9championsvgc2026regma,"Best Pokemon, teams, and builds in Pokemon Champions VGC 2026",https://pikalytics.com/pokedex/gen9championsvgc2026regma,16,6,shabarai,shabarai,4-1,4,1,0,5,80.00,Alpensee Tour (Reg M-B) #62 - ✨🐢 for #1! IN-GAME!,2026-06-17,4,0,54,https://play.limitlesstcg.com/tournament/6a14208e0f6c1f08998609b4/player/shabarai/teamlist,https://play.limitlesstcg.com/tournament/6a14208e0f6c1f08998609b4/standings,Whimsicott:Charizard-Mega-Y:Kingambit:Basculegion:Sinistcha:Staraptor-Mega,4,Basculegion,Basculegion,Focus Sash,Adaptability,Liquidation:Last Respects:Aqua Jet:Protect,Liquidation,Last Respects,Aqua Jet,Protect,Whimsicott:Charizard-Mega-Y:Kingambit:Sinistcha:Staraptor-Mega
2026-06-25,2026-06-25T12:00:03Z,pikalytics,gen9championsvgc2026regma,"Best Pokemon, teams, and builds in Pokemon Champions VGC 2026",https://pikalytics.com/pokedex/gen9championsvgc2026regma,16,6,BHelixB,BHelixB,9-2,9,2,0,11,81.82,*Sitrus-Series*|Champions-MB|#63,2026-06-17,1,1,100,https://play.limitlesstcg.com/tournament/6a2c0161e334c3c9befd473b/player/bhelixb/teamlist,https://play.limitlesstcg.com/tournament/6a2c0161e334c3c9befd473b/standings,Arcanine-Hisui:Whimsicott:Sneasler:Garchomp:Kingambit:Froslass-Mega,4,Garchomp,Garchomp,Life Orb,Rough Skin,Dragon Claw:Earthquake:Rock Slide:Protect,Dragon Claw,Earthquake,Rock Slide,Protect,Arcanine-Hisui:Whimsicott:Sneasler:Kingambit:Froslass-Mega
2026-06-25,2026-06-25T12:00:03Z,pikalytics,gen9championsvgc2026regma,"Best Pokemon, teams, and builds in Pokemon Champions VGC 2026",https://pikalytics.com/pokedex/gen9championsvgc2026regma,16,6,BHelixB,BHelixB,9-2,9,2,0,11,81.82,*Sitrus-Series*|Champions-MB|#63,2026-06-17,1,1,100,https://play.limitlesstcg.com/tournament/6a2c0161e334c3c9befd473b/player/bhelixb/teamlist,https://play.limitlesstcg.com/tournament/6a2c0161e334c3c9befd473b/standings,Arcanine-Hisui:Whimsicott:Sneasler:Garchomp:Kingambit:Froslass-Mega,5,Kingambit,Kingambit,Black Glasses,Defiant,Kowtow Cleave:Iron Head:Sucker Punch:Protect,Kowtow Cleave,Iron Head,Sucker Punch,Protect,Arcanine-Hisui:Whimsicott:Sneasler:Garchomp:Froslass-Mega
2026-06-18,2026-06-18T12:00:03Z,pikalytics,gen9championsvgc2026regma,"Best Pokemon, teams, and builds in Pokemon Champions VGC 2026",https://pikalytics.com/pokedex/gen9championsvgc2026regma,16,6,shabarai,shabarai,4-1,4,1,0,5,80.00,Alpensee Tour (Reg M-B) #62 - ✨🐢 for #1! IN-GAME!,2026-06-17,4,0,54,https://play.limitlesstcg.com/tournament/6a14208e0f6c1f08998609b4/player/shabarai/teamlist,https://play.limitlesstcg.com/tournament/6a14208e0f6c1f08998609b4/standings,Whimsicott:Charizard-Mega-Y:Kingambit:Basculegion:Sinistcha:Staraptor-Mega,5,Sinistcha,Sinistcha,Sitrus Berry,Hospitality,Rage Powder:Matcha Gotcha:Trick Room:Life Dew,Rage Powder,Matcha Gotcha,Trick Room,Life Dew,Whimsicott:Charizard-Mega-Y:Kingambit:Basculegion:Staraptor-Mega
2026-06-25,2026-06-25T12:00:03Z,pikalytics,gen9championsvgc2026regma,"Best Pokemon, teams, and builds in Pokemon Champions VGC 2026",https://pikalytics.com/pokedex/gen9championsvgc2026regma,16,6,BHelixB,BHelixB,9-2,9,2,0,11,81.82,*Sitrus-Series*|Champions-MB|#63,2026-06-17,1,1,100,https://play.limitlesstcg.com/tournament/6a2c0161e334c3c9befd473b/player/bhelixb/teamlist,https://play.limitlesstcg.com/tournament/6a2c0161e334c3c9befd473b/standings,Arcanine-Hisui:Whimsicott:Sneasler:Garchomp:Kingambit:Froslass-Mega,6,Froslass-Mega,Froslass,Froslassite,Snow Cloak,Blizzard:Shadow Ball:Aurora Veil:Protect,Blizzard,Shadow Ball,Aurora Veil,Protect,Arcanine-Hisui:Whimsicott:Sneasler:Garchomp:Kingambit
2026-06-18,2026-06-18T12:00:03Z,pikalytics,gen9championsvgc2026regma,"Best Pokemon, teams, and builds in Pokemon Champions VGC 2026",https://pikalytics.com/pokedex/gen9championsvgc2026regma,16,6,shabarai,shabarai,4-1,4,1,0,5,80.00,Alpensee Tour (Reg M-B) #62 - ✨🐢 for #1! IN-GAME!,2026-06-17,4,0,54,https://play.limitlesstcg.com/tournament/6a14208e0f6c1f08998609b4/player/shabarai/teamlist,https://play.limitlesstcg.com/tournament/6a14208e0f6c1f08998609b4/standings,Whimsicott:Charizard-Mega-Y:Kingambit:Basculegion:Sinistcha:Staraptor-Mega,6,Staraptor-Mega,Staraptor,Staraptite,Intimidate,Brave Bird:Close Combat:Roost:Protect,Brave Bird,Close Combat,Roost,Protect,Whimsicott:Charizard-Mega-Y:Kingambit:Basculegion:Sinistcha
2026-06-19,2026-06-19T12:00:03Z,pikalytics,gen9championsvgc2026regma,"Best Pokemon, teams, and builds in Pokemon Champions VGC 2026",https://pikalytics.com/pokedex/gen9championsvgc2026regma,17,6,Frytki,Frytki,4-1,4,1,0,5,80.00,Alpensee Tour (Reg M-B) #62 - ✨🐢 for #1! IN-GAME!,2026-06-17,3,0,54,https://play.limitlesstcg.com/tournament/6a14208e0f6c1f08998609b4/player/frytki/teamlist,https://play.limitlesstcg.com/tournament/6a14208e0f6c1f08998609b4/standings,Dragonite-Mega:Maushold:Archaludon:Pelipper:Basculegion:Mawile-Mega,1,Dragonite-Mega,Dragonite,Dragoninite,Multiscale,Dragon Pulse:Hurricane:Weather Ball:Protect,Dragon Pulse,Hurricane,Weather Ball,Protect,Maushold:Archaludon:Pelipper:Basculegion:Mawile-Mega
2026-06-19,2026-06-19T12:00:03Z,pikalytics,gen9championsvgc2026regma,"Best Pokemon, teams, and builds in Pokemon Champions VGC 2026",https://pikalytics.com/pokedex/gen9championsvgc2026regma,17,6,Frytki,Frytki,4-1,4,1,0,5,80.00,Alpensee Tour (Reg M-B) #62 - ✨🐢 for #1! IN-GAME!,2026-06-17,3,0,54,https://play.limitlesstcg.com/tournament/6a14208e0f6c1f08998609b4/player/frytki/teamlist,https://play.limitlesstcg.com/tournament/6a14208e0f6c1f08998609b4/standings,Dragonite-Mega:Maushold:Archaludon:Pelipper:Basculegion:Mawile-Mega,2,Maushold,Maushold,Wide Lens,Technician,Protect:Population Bomb:Rain Dance:Follow Me,Protect,Population Bomb,Rain Dance,Follow Me,Dragonite-Mega:Archaludon:Pelipper:Basculegion:Mawile-Mega
2026-06-19,2026-06-19T12:00:03Z,pikalytics,gen9championsvgc2026regma,"Best Pokemon, teams, and builds in Pokemon Champions VGC 2026",https://pikalytics.com/pokedex/gen9championsvgc2026regma,17,6,Frytki,Frytki,4-1,4,1,0,5,80.00,Alpensee Tour (Reg M-B) #62 - ✨🐢 for #1! IN-GAME!,2026-06-17,3,0,54,https://play.limitlesstcg.com/tournament/6a14208e0f6c1f08998609b4/player/frytki/teamlist,https://play.limitlesstcg.com/tournament/6a14208e0f6c1f08998609b4/standings,Dragonite-Mega:Maushold:Archaludon:Pelipper:Basculegion:Mawile-Mega,3,Archaludon,Archaludon,Leftovers,Stamina,Dragon Pulse:Flash Cannon:Electro Shot:Protect,Dragon Pulse,Flash Cannon,Electro Shot,Protect,Dragonite-Mega:Maushold:Pelipper:Basculegion:Mawile-Mega
2026-06-19,2026-06-19T12:00:03Z,pikalytics,gen9championsvgc2026regma,"Best Pokemon, teams, and builds in Pokemon Champions VGC 2026",https://pikalytics.com/pokedex/gen9championsvgc2026regma,17,6,Frytki,Frytki,4-1,4,1,0,5,80.00,Alpensee Tour (Reg M-B) #62 - ✨🐢 for #1! IN-GAME!,2026-06-17,3,0,54,https://play.limitlesstcg.com/tournament/6a14208e0f6c1f08998609b4/player/frytki/teamlist,https://play.limitlesstcg.com/tournament/6a14208e0f6c1f08998609b4/standings,Dragonite-Mega:Maushold:Archaludon:Pelipper:Basculegion:Mawile-Mega,4,Pelipper,Pelipper,Life Orb,Drizzle,Hurricane:Weather Ball:Wide Guard:Tailwind,Hurricane,Weather Ball,Wide Guard,Tailwind,Dragonite-Mega:Maushold:Archaludon:Basculegion:Mawile-Mega
2026-06-19,2026-06-19T12:00:03Z,pikalytics,gen9championsvgc2026regma,"Best Pokemon, teams, and builds in Pokemon Champions VGC 2026",https://pikalytics.com/pokedex/gen9championsvgc2026regma,17,6,Frytki,Frytki,4-1,4,1,0,5,80.00,Alpensee Tour (Reg M-B) #62 - ✨🐢 for #1! IN-GAME!,2026-06-17,3,0,54,https://play.limitlesstcg.com/tournament/6a14208e0f6c1f08998609b4/player/frytki/teamlist,https://play.limitlesstcg.com/tournament/6a14208e0f6c1f08998609b4/standings,Dragonite-Mega:Maushold:Archaludon:Pelipper:Basculegion:Mawile-Mega,5,Basculegion,Basculegion,Choice Scarf,Adaptability,Wave Crash:Last Respects:Aqua Jet:Flip Turn,Wave Crash,Last Respects,Aqua Jet,Flip Turn,Dragonite-Mega:Maushold:Archaludon:Pelipper:Mawile-Mega
2026-06-19,2026-06-19T12:00:03Z,pikalytics,gen9championsvgc2026regma,"Best Pokemon, teams, and builds in Pokemon Champions VGC 2026",https://pikalytics.com/pokedex/gen9championsvgc2026regma,17,6,Frytki,Frytki,4-1,4,1,0,5,80.00,Alpensee Tour (Reg M-B) #62 - ✨🐢 for #1! IN-GAME!,2026-06-17,3,0,54,https://play.limitlesstcg.com/tournament/6a14208e0f6c1f08998609b4/player/frytki/teamlist,https://play.limitlesstcg.com/tournament/6a14208e0f6c1f08998609b4/standings,Dragonite-Mega:Maushold:Archaludon:Pelipper:Basculegion:Mawile-Mega,6,Mawile-Mega,Mawile,Mawilite,Intimidate,Play Rough:Iron Head:Sucker Punch:Protect,Play Rough,Iron Head,Sucker Punch,Protect,Dragonite-Mega:Maushold:Archaludon:Pelipper:Basculegion
2026-06-19,2026-06-19T12:00:03Z,pikalytics,gen9championsvgc2026regma,"Best Pokemon, teams, and builds in Pokemon Champions VGC 2026",https://pikalytics.com/pokedex/gen9championsvgc2026regma,18,6,jazzcatte,jazzcatte,4-2,4,2,0,6,66.67,Hatterene Series W25/2026 - Champions M-B,2026-06-17,2,0,10,https://play.limitlesstcg.com/tournament/6a205e6747f3797bf6baad73/player/jazzcatte/teamlist,https://play.limitlesstcg.com/tournament/6a205e6747f3797bf6baad73/standings,Malamar-Mega:Incineroar:Sinistcha:Glimmora:Whimsicott:Garchomp,1,Malamar-Mega,Malamar,Malamarite,Contrary,Knock Off:Superpower:Zen Headbutt:Protect,Knock Off,Superpower,Zen Headbutt,Protect,Incineroar:Sinistcha:Glimmora:Whimsicott:Garchomp
2026-06-19,2026-06-19T12:00:03Z,pikalytics,gen9championsvgc2026regma,"Best Pokemon, teams, and builds in Pokemon Champions VGC 2026",https://pikalytics.com/pokedex/gen9championsvgc2026regma,18,6,jazzcatte,jazzcatte,4-2,4,2,0,6,66.67,Hatterene Series W25/2026 - Champions M-B,2026-06-17,2,0,10,https://play.limitlesstcg.com/tournament/6a205e6747f3797bf6baad73/player/jazzcatte/teamlist,https://play.limitlesstcg.com/tournament/6a205e6747f3797bf6baad73/standings,Malamar-Mega:Incineroar:Sinistcha:Glimmora:Whimsicott:Garchomp,2,Incineroar,Incineroar,Chople Berry,Intimidate,Fake Out:Parting Shot:Flare Blitz:Throat Chop,Fake Out,Parting Shot,Flare Blitz,Throat Chop,Malamar-Mega:Sinistcha:Glimmora:Whimsicott:Garchomp
2026-06-19,2026-06-19T12:00:03Z,pikalytics,gen9championsvgc2026regma,"Best Pokemon, teams, and builds in Pokemon Champions VGC 2026",https://pikalytics.com/pokedex/gen9championsvgc2026regma,18,6,jazzcatte,jazzcatte,4-2,4,2,0,6,66.67,Hatterene Series W25/2026 - Champions M-B,2026-06-17,2,0,10,https://play.limitlesstcg.com/tournament/6a205e6747f3797bf6baad73/player/jazzcatte/teamlist,https://play.limitlesstcg.com/tournament/6a205e6747f3797bf6baad73/standings,Malamar-Mega:Incineroar:Sinistcha:Glimmora:Whimsicott:Garchomp,3,Sinistcha,Sinistcha,Sitrus Berry,Hospitality,Matcha Gotcha:Trick Room:Rage Powder:Shadow Ball,Matcha Gotcha,Trick Room,Rage Powder,Shadow Ball,Malamar-Mega:Incineroar:Glimmora:Whimsicott:Garchomp
2026-06-19,2026-06-19T12:00:03Z,pikalytics,gen9championsvgc2026regma,"Best Pokemon, teams, and builds in Pokemon Champions VGC 2026",https://pikalytics.com/pokedex/gen9championsvgc2026regma,18,6,jazzcatte,jazzcatte,4-2,4,2,0,6,66.67,Hatterene Series W25/2026 - Champions M-B,2026-06-17,2,0,10,https://play.limitlesstcg.com/tournament/6a205e6747f3797bf6baad73/player/jazzcatte/teamlist,https://play.limitlesstcg.com/tournament/6a205e6747f3797bf6baad73/standings,Malamar-Mega:Incineroar:Sinistcha:Glimmora:Whimsicott:Garchomp,4,Glimmora,Glimmora,Focus Sash,Toxic Debris,Power Gem:Sludge Bomb:Earth Power:Spiky Shield,Power Gem,Sludge Bomb,Earth Power,Spiky Shield,Malamar-Mega:Incineroar:Sinistcha:Whimsicott:Garchomp
2026-06-19,2026-06-19T12:00:03Z,pikalytics,gen9championsvgc2026regma,"Best Pokemon, teams, and builds in Pokemon Champions VGC 2026",https://pikalytics.com/pokedex/gen9championsvgc2026regma,18,6,jazzcatte,jazzcatte,4-2,4,2,0,6,66.67,Hatterene Series W25/2026 - Champions M-B,2026-06-17,2,0,10,https://play.limitlesstcg.com/tournament/6a205e6747f3797bf6baad73/player/jazzcatte/teamlist,https://play.limitlesstcg.com/tournament/6a205e6747f3797bf6baad73/standings,Malamar-Mega:Incineroar:Sinistcha:Glimmora:Whimsicott:Garchomp,5,Whimsicott,Whimsicott,Mental Herb,Prankster,Moonblast:Tailwind:Encore:Protect,Moonblast,Tailwind,Encore,Protect,Malamar-Mega:Incineroar:Sinistcha:Glimmora:Garchomp
2026-06-19,2026-06-19T12:00:03Z,pikalytics,gen9championsvgc2026regma,"Best Pokemon, teams, and builds in Pokemon Champions VGC 2026",https://pikalytics.com/pokedex/gen9championsvgc2026regma,18,6,jazzcatte,jazzcatte,4-2,4,2,0,6,66.67,Hatterene Series W25/2026 - Champions M-B,2026-06-17,2,0,10,https://play.limitlesstcg.com/tournament/6a205e6747f3797bf6baad73/player/jazzcatte/teamlist,https://play.limitlesstcg.com/tournament/6a205e6747f3797bf6baad73/standings,Malamar-Mega:Incineroar:Sinistcha:Glimmora:Whimsicott:Garchomp,6,Garchomp,Garchomp,Life Orb,Rough Skin,Dragon Claw:Stomping Tantrum:Rock Slide:Protect,Dragon Claw,Stomping Tantrum,Rock Slide,Protect,Malamar-Mega:Incineroar:Sinistcha:Glimmora:Whimsicott
2026-06-18,2026-06-18T12:00:03Z,pikalytics,gen9championsvgc2026regma,"Best Pokemon, teams, and builds in Pokemon Champions VGC 2026",https://pikalytics.com/pokedex/gen9championsvgc2026regma,19,6,MeganVGC,MeganVGC,3-2,3,2,0,5,60.00,Hatterene Series W25/2026 - Champions M-B,2026-06-17,4,0,10,https://play.limitlesstcg.com/tournament/6a205e6747f3797bf6baad73/player/meganvgc/teamlist,https://play.limitlesstcg.com/tournament/6a205e6747f3797bf6baad73/standings,Glimmora-Mega:Whimsicott:Gholdengo:Annihilape:Hydreigon:Maushold,1,Glimmora-Mega,Glimmora,Glimmoranite,Toxic Debris,Sludge Bomb:Power Gem:Earth Power:Spiky Shield,Sludge Bomb,Power Gem,Earth Power,Spiky Shield,Whimsicott:Gholdengo:Annihilape:Hydreigon:Maushold
2026-06-25,2026-06-25T12:00:03Z,pikalytics,gen9championsvgc2026regma,"Best Pokemon, teams, and builds in Pokemon Champions VGC 2026",https://pikalytics.com/pokedex/gen9championsvgc2026regma,19,6,Testing444,Testing444,5-0,5,0,0,5,100.00,Alpensee Tour (Reg M-B) #62 - ✨🐢 for #1! IN-GAME!,2026-06-17,1,1,54,https://play.limitlesstcg.com/tournament/6a14208e0f6c1f08998609b4/player/testing444/teamlist,https://play.limitlesstcg.com/tournament/6a14208e0f6c1f08998609b4/standings,Pelipper:Sneasler:Basculegion:Dragonite-Mega:Archaludon:Swampert-Mega,1,Pelipper,Pelipper,Sitrus Berry,Drizzle,Wide Guard:Tailwind:Weather Ball:Hurricane,Wide Guard,Tailwind,Weather Ball,Hurricane,Sneasler:Basculegion:Dragonite-Mega:Archaludon:Swampert-Mega
2026-06-19,2026-06-19T12:00:03Z,pikalytics,gen9championsvgc2026regma,"Best Pokemon, teams, and builds in Pokemon Champions VGC 2026",https://pikalytics.com/pokedex/gen9championsvgc2026regma,19,6,Royal_Rebel_Prince21,Royal_Rebel_Prince21,3-1,3,1,0,4,75.00,Último Torneo Ranking PokéchampionsDestiny #9,2026-06-17,3,0,12,https://play.limitlesstcg.com/tournament/6a205d3d56b11a587a94768c/player/royal_rebel_prince21/teamlist,https://play.limitlesstcg.com/tournament/6a205d3d56b11a587a94768c/standings,Whimsicott:Sneasler:Archaludon:Gyarados-Mega:Pyroar-Mega:Eelektross-Mega,1,Whimsicott,Whimsicott,Focus Sash,Prankster,Moonblast:Tailwind:Protect:Encore,Moonblast,Tailwind,Protect,Encore,Sneasler:Archaludon:Gyarados-Mega:Pyroar-Mega:Eelektross-Mega
2026-06-25,2026-06-25T12:00:03Z,pikalytics,gen9championsvgc2026regma,"Best Pokemon, teams, and builds in Pokemon Champions VGC 2026",https://pikalytics.com/pokedex/gen9championsvgc2026regma,19,6,Testing444,Testing444,5-0,5,0,0,5,100.00,Alpensee Tour (Reg M-B) #62 - ✨🐢 for #1! IN-GAME!,2026-06-17,1,1,54,https://play.limitlesstcg.com/tournament/6a14208e0f6c1f08998609b4/player/testing444/teamlist,https://play.limitlesstcg.com/tournament/6a14208e0f6c1f08998609b4/standings,Pelipper:Sneasler:Basculegion:Dragonite-Mega:Archaludon:Swampert-Mega,2,Sneasler,Sneasler,White Herb,Unburden,Close Combat:Dire Claw:Fake Out:Protect,Close Combat,Dire Claw,Fake Out,Protect,Pelipper:Basculegion:Dragonite-Mega:Archaludon:Swampert-Mega
2026-06-19,2026-06-19T12:00:03Z,pikalytics,gen9championsvgc2026regma,"Best Pokemon, teams, and builds in Pokemon Champions VGC 2026",https://pikalytics.com/pokedex/gen9championsvgc2026regma,19,6,Royal_Rebel_Prince21,Royal_Rebel_Prince21,3-1,3,1,0,4,75.00,Último Torneo Ranking PokéchampionsDestiny #9,2026-06-17,3,0,12,https://play.limitlesstcg.com/tournament/6a205d3d56b11a587a94768c/player/royal_rebel_prince21/teamlist,https://play.limitlesstcg.com/tournament/6a205d3d56b11a587a94768c/standings,Whimsicott:Sneasler:Archaludon:Gyarados-Mega:Pyroar-Mega:Eelektross-Mega,2,Sneasler,Sneasler,White Herb,Unburden,Close Combat:Dire Claw:Fake Out:Protect,Close Combat,Dire Claw,Fake Out,Protect,Whimsicott:Archaludon:Gyarados-Mega:Pyroar-Mega:Eelektross-Mega
2026-06-18,2026-06-18T12:00:03Z,pikalytics,gen9championsvgc2026regma,"Best Pokemon, teams, and builds in Pokemon Champions VGC 2026",https://pikalytics.com/pokedex/gen9championsvgc2026regma,19,6,MeganVGC,MeganVGC,3-2,3,2,0,5,60.00,Hatterene Series W25/2026 - Champions M-B,2026-06-17,4,0,10,https://play.limitlesstcg.com/tournament/6a205e6747f3797bf6baad73/player/meganvgc/teamlist,https://play.limitlesstcg.com/tournament/6a205e6747f3797bf6baad73/standings,Glimmora-Mega:Whimsicott:Gholdengo:Annihilape:Hydreigon:Maushold,2,Whimsicott,Whimsicott,Focus Sash,Prankster,Moonblast:Tailwind:Encore:Protect,Moonblast,Tailwind,Encore,Protect,Glimmora-Mega:Gholdengo:Annihilape:Hydreigon:Maushold
2026-06-19,2026-06-19T12:00:03Z,pikalytics,gen9championsvgc2026regma,"Best Pokemon, teams, and builds in Pokemon Champions VGC 2026",https://pikalytics.com/pokedex/gen9championsvgc2026regma,19,6,Royal_Rebel_Prince21,Royal_Rebel_Prince21,3-1,3,1,0,4,75.00,Último Torneo Ranking PokéchampionsDestiny #9,2026-06-17,3,0,12,https://play.limitlesstcg.com/tournament/6a205d3d56b11a587a94768c/player/royal_rebel_prince21/teamlist,https://play.limitlesstcg.com/tournament/6a205d3d56b11a587a94768c/standings,Whimsicott:Sneasler:Archaludon:Gyarados-Mega:Pyroar-Mega:Eelektross-Mega,3,Archaludon,Archaludon,Leftovers,Stamina,Dragon Pulse:Aura Sphere:Flash Cannon:Protect,Dragon Pulse,Aura Sphere,Flash Cannon,Protect,Whimsicott:Sneasler:Gyarados-Mega:Pyroar-Mega:Eelektross-Mega
2026-06-25,2026-06-25T12:00:03Z,pikalytics,gen9championsvgc2026regma,"Best Pokemon, teams, and builds in Pokemon Champions VGC 2026",https://pikalytics.com/pokedex/gen9championsvgc2026regma,19,6,Testing444,Testing444,5-0,5,0,0,5,100.00,Alpensee Tour (Reg M-B) #62 - ✨🐢 for #1! IN-GAME!,2026-06-17,1,1,54,https://play.limitlesstcg.com/tournament/6a14208e0f6c1f08998609b4/player/testing444/teamlist,https://play.limitlesstcg.com/tournament/6a14208e0f6c1f08998609b4/standings,Pelipper:Sneasler:Basculegion:Dragonite-Mega:Archaludon:Swampert-Mega,3,Basculegion,Basculegion,Choice Scarf,Adaptability,Wave Crash:Last Respects:Flip Turn:Aqua Jet,Wave Crash,Last Respects,Flip Turn,Aqua Jet,Pelipper:Sneasler:Dragonite-Mega:Archaludon:Swampert-Mega
2026-06-18,2026-06-18T12:00:03Z,pikalytics,gen9championsvgc2026regma,"Best Pokemon, teams, and builds in Pokemon Champions VGC 2026",https://pikalytics.com/pokedex/gen9championsvgc2026regma,19,6,MeganVGC,MeganVGC,3-2,3,2,0,5,60.00,Hatterene Series W25/2026 - Champions M-B,2026-06-17,4,0,10,https://play.limitlesstcg.com/tournament/6a205e6747f3797bf6baad73/player/meganvgc/teamlist,https://play.limitlesstcg.com/tournament/6a205e6747f3797bf6baad73/standings,Glimmora-Mega:Whimsicott:Gholdengo:Annihilape:Hydreigon:Maushold,3,Gholdengo,Gholdengo,Life Orb,Good as Gold,Flash Cannon:Shadow Ball:Recover:Protect,Flash Cannon,Shadow Ball,Recover,Protect,Glimmora-Mega:Whimsicott:Annihilape:Hydreigon:Maushold
2026-06-18,2026-06-18T12:00:03Z,pikalytics,gen9championsvgc2026regma,"Best Pokemon, teams, and builds in Pokemon Champions VGC 2026",https://pikalytics.com/pokedex/gen9championsvgc2026regma,19,6,MeganVGC,MeganVGC,3-2,3,2,0,5,60.00,Hatterene Series W25/2026 - Champions M-B,2026-06-17,4,0,10,https://play.limitlesstcg.com/tournament/6a205e6747f3797bf6baad73/player/meganvgc/teamlist,https://play.limitlesstcg.com/tournament/6a205e6747f3797bf6baad73/standings,Glimmora-Mega:Whimsicott:Gholdengo:Annihilape:Hydreigon:Maushold,4,Annihilape,Annihilape,Leftovers,Defiant,Drain Punch:Rage Fist:Bulk Up:Protect,Drain Punch,Rage Fist,Bulk Up,Protect,Glimmora-Mega:Whimsicott:Gholdengo:Hydreigon:Maushold
2026-06-25,2026-06-25T12:00:03Z,pikalytics,gen9championsvgc2026regma,"Best Pokemon, teams, and builds in Pokemon Champions VGC 2026",https://pikalytics.com/pokedex/gen9championsvgc2026regma,19,6,Testing444,Testing444,5-0,5,0,0,5,100.00,Alpensee Tour (Reg M-B) #62 - ✨🐢 for #1! IN-GAME!,2026-06-17,1,1,54,https://play.limitlesstcg.com/tournament/6a14208e0f6c1f08998609b4/player/testing444/teamlist,https://play.limitlesstcg.com/tournament/6a14208e0f6c1f08998609b4/standings,Pelipper:Sneasler:Basculegion:Dragonite-Mega:Archaludon:Swampert-Mega,4,Dragonite-Mega,Dragonite,Dragoninite,Inner Focus,Dragon Pulse:Heat Wave:Tailwind:Protect,Dragon Pulse,Heat Wave,Tailwind,Protect,Pelipper:Sneasler:Basculegion:Archaludon:Swampert-Mega
2026-06-19,2026-06-19T12:00:03Z,pikalytics,gen9championsvgc2026regma,"Best Pokemon, teams, and builds in Pokemon Champions VGC 2026",https://pikalytics.com/pokedex/gen9championsvgc2026regma,19,6,Royal_Rebel_Prince21,Royal_Rebel_Prince21,3-1,3,1,0,4,75.00,Último Torneo Ranking PokéchampionsDestiny #9,2026-06-17,3,0,12,https://play.limitlesstcg.com/tournament/6a205d3d56b11a587a94768c/player/royal_rebel_prince21/teamlist,https://play.limitlesstcg.com/tournament/6a205d3d56b11a587a94768c/standings,Whimsicott:Sneasler:Archaludon:Gyarados-Mega:Pyroar-Mega:Eelektross-Mega,4,Gyarados-Mega,Gyarados,Gyaradosite,Intimidate,Crunch:Waterfall:Dragon Dance:Protect,Crunch,Waterfall,Dragon Dance,Protect,Whimsicott:Sneasler:Archaludon:Pyroar-Mega:Eelektross-Mega
2026-06-25,2026-06-25T12:00:03Z,pikalytics,gen9championsvgc2026regma,"Best Pokemon, teams, and builds in Pokemon Champions VGC 2026",https://pikalytics.com/pokedex/gen9championsvgc2026regma,19,6,Testing444,Testing444,5-0,5,0,0,5,100.00,Alpensee Tour (Reg M-B) #62 - ✨🐢 for #1! IN-GAME!,2026-06-17,1,1,54,https://play.limitlesstcg.com/tournament/6a14208e0f6c1f08998609b4/player/testing444/teamlist,https://play.limitlesstcg.com/tournament/6a14208e0f6c1f08998609b4/standings,Pelipper:Sneasler:Basculegion:Dragonite-Mega:Archaludon:Swampert-Mega,5,Archaludon,Archaludon,Leftovers,Stamina,Electro Shot:Dragon Pulse:Flash Cannon:Protect,Electro Shot,Dragon Pulse,Flash Cannon,Protect,Pelipper:Sneasler:Basculegion:Dragonite-Mega:Swampert-Mega
2026-06-18,2026-06-18T12:00:03Z,pikalytics,gen9championsvgc2026regma,"Best Pokemon, teams, and builds in Pokemon Champions VGC 2026",https://pikalytics.com/pokedex/gen9championsvgc2026regma,19,6,MeganVGC,MeganVGC,3-2,3,2,0,5,60.00,Hatterene Series W25/2026 - Champions M-B,2026-06-17,4,0,10,https://play.limitlesstcg.com/tournament/6a205e6747f3797bf6baad73/player/meganvgc/teamlist,https://play.limitlesstcg.com/tournament/6a205e6747f3797bf6baad73/standings,Glimmora-Mega:Whimsicott:Gholdengo:Annihilape:Hydreigon:Maushold,5,Hydreigon,Hydreigon,Wise Glasses,Levitate,Dragon Pulse:Dark Pulse:Earth Power:Protect,Dragon Pulse,Dark Pulse,Earth Power,Protect,Glimmora-Mega:Whimsicott:Gholdengo:Annihilape:Maushold
2026-06-19,2026-06-19T12:00:03Z,pikalytics,gen9championsvgc2026regma,"Best Pokemon, teams, and builds in Pokemon Champions VGC 2026",https://pikalytics.com/pokedex/gen9championsvgc2026regma,19,6,Royal_Rebel_Prince21,Royal_Rebel_Prince21,3-1,3,1,0,4,75.00,Último Torneo Ranking PokéchampionsDestiny #9,2026-06-17,3,0,12,https://play.limitlesstcg.com/tournament/6a205d3d56b11a587a94768c/player/royal_rebel_prince21/teamlist,https://play.limitlesstcg.com/tournament/6a205d3d56b11a587a94768c/standings,Whimsicott:Sneasler:Archaludon:Gyarados-Mega:Pyroar-Mega:Eelektross-Mega,5,Pyroar-Mega,Pyroar,Pyroarite,Rivalry,Flamethrower:Heat Wave:Hyper Voice:Protect,Flamethrower,Heat Wave,Hyper Voice,Protect,Whimsicott:Sneasler:Archaludon:Gyarados-Mega:Eelektross-Mega
2026-06-19,2026-06-19T12:00:03Z,pikalytics,gen9championsvgc2026regma,"Best Pokemon, teams, and builds in Pokemon Champions VGC 2026",https://pikalytics.com/pokedex/gen9championsvgc2026regma,19,6,Royal_Rebel_Prince21,Royal_Rebel_Prince21,3-1,3,1,0,4,75.00,Último Torneo Ranking PokéchampionsDestiny #9,2026-06-17,3,0,12,https://play.limitlesstcg.com/tournament/6a205d3d56b11a587a94768c/player/royal_rebel_prince21/teamlist,https://play.limitlesstcg.com/tournament/6a205d3d56b11a587a94768c/standings,Whimsicott:Sneasler:Archaludon:Gyarados-Mega:Pyroar-Mega:Eelektross-Mega,6,Eelektross-Mega,Eelektross,Eelektrossite,Levitate,Flamethrower:Thunderbolt:Giga Drain:Protect,Flamethrower,Thunderbolt,Giga Drain,Protect,Whimsicott:Sneasler:Archaludon:Gyarados-Mega:Pyroar-Mega
2026-06-18,2026-06-18T12:00:03Z,pikalytics,gen9championsvgc2026regma,"Best Pokemon, teams, and builds in Pokemon Champions VGC 2026",https://pikalytics.com/pokedex/gen9championsvgc2026regma,19,6,MeganVGC,MeganVGC,3-2,3,2,0,5,60.00,Hatterene Series W25/2026 - Champions M-B,2026-06-17,4,0,10,https://play.limitlesstcg.com/tournament/6a205e6747f3797bf6baad73/player/meganvgc/teamlist,https://play.limitlesstcg.com/tournament/6a205e6747f3797bf6baad73/standings,Glimmora-Mega:Whimsicott:Gholdengo:Annihilape:Hydreigon:Maushold,6,Maushold,Maushold,Wide Lens,Friend Guard,Population Bomb:Beat Up:Follow Me:Protect,Population Bomb,Beat Up,Follow Me,Protect,Glimmora-Mega:Whimsicott:Gholdengo:Annihilape:Hydreigon
2026-06-25,2026-06-25T12:00:03Z,pikalytics,gen9championsvgc2026regma,"Best Pokemon, teams, and builds in Pokemon Champions VGC 2026",https://pikalytics.com/pokedex/gen9championsvgc2026regma,19,6,Testing444,Testing444,5-0,5,0,0,5,100.00,Alpensee Tour (Reg M-B) #62 - ✨🐢 for #1! IN-GAME!,2026-06-17,1,1,54,https://play.limitlesstcg.com/tournament/6a14208e0f6c1f08998609b4/player/testing444/teamlist,https://play.limitlesstcg.com/tournament/6a14208e0f6c1f08998609b4/standings,Pelipper:Sneasler:Basculegion:Dragonite-Mega:Archaludon:Swampert-Mega,6,Swampert-Mega,Swampert,Swampertite,Torrent,Wave Crash:Earthquake:High Horsepower:Protect,Wave Crash,Earthquake,High Horsepower,Protect,Pelipper:Sneasler:Basculegion:Dragonite-Mega:Archaludon
2026-06-18,2026-06-18T12:00:03Z,pikalytics,gen9championsvgc2026regma,"Best Pokemon, teams, and builds in Pokemon Champions VGC 2026",https://pikalytics.com/pokedex/gen9championsvgc2026regma,20,6,Jayisdecent,Jayisdecent,4-1,4,1,0,5,80.00,Alpensee Tour (Reg M-B) #62 - ✨🐢 for #1! IN-GAME!,2026-06-17,6,0,54,https://play.limitlesstcg.com/tournament/6a14208e0f6c1f08998609b4/player/jayisdecent/teamlist,https://play.limitlesstcg.com/tournament/6a14208e0f6c1f08998609b4/standings,Blaziken-Mega:Hydreigon:Incineroar:Sinistcha:Milotic:Floette-Eternal-Mega,1,Blaziken-Mega,Blaziken,Blazikenite,Speed Boost,Flare Blitz:Close Combat:Swords Dance:Detect,Flare Blitz,Close Combat,Swords Dance,Detect,Hydreigon:Incineroar:Sinistcha:Milotic:Floette-Eternal-Mega
2026-06-19,2026-06-19T12:00:03Z,pikalytics,gen9championsvgc2026regma,"Best Pokemon, teams, and builds in Pokemon Champions VGC 2026",https://pikalytics.com/pokedex/gen9championsvgc2026regma,20,6,AlexShyness,AlexShyness,7-2,7,2,0,9,77.78,*Sitrus-Series*|Champions-MB|#63,2026-06-17,6,0,100,https://play.limitlesstcg.com/tournament/6a2c0161e334c3c9befd473b/player/alexshyness/teamlist,https://play.limitlesstcg.com/tournament/6a2c0161e334c3c9befd473b/standings,Charizard-Mega-Y:Venusaur:Torkoal:Mawile-Mega:Farigiraf:Incineroar,1,Charizard-Mega-Y,Charizard,Charizardite Y,Blaze,Protect:Heat Wave:Solar Beam:Weather Ball,Protect,Heat Wave,Solar Beam,Weather Ball,Venusaur:Torkoal:Mawile-Mega:Farigiraf:Incineroar
2026-06-23,2026-06-23T12:00:02Z,pikalytics,gen9championsvgc2026regma,"Best Pokemon, teams, and builds in Pokemon Champions VGC 2026",https://pikalytics.com/pokedex/gen9championsvgc2026regma,20,6,ImTengenUzui,ImTengenUzui,4-1,4,1,0,5,80.00,Alpensee Tour (Reg M-B) #62 - ✨🐢 for #1! IN-GAME!,2026-06-17,2,0,54,https://play.limitlesstcg.com/tournament/6a14208e0f6c1f08998609b4/player/imtengenuzui/teamlist,https://play.limitlesstcg.com/tournament/6a14208e0f6c1f08998609b4/standings,Incineroar:Floette-Eternal-Mega:Sinistcha:Delphox-Mega:Kingambit:Sneasler,1,Incineroar,Incineroar,Sitrus Berry,Intimidate,Throat Chop:Fake Out:Flare Blitz:Parting Shot,Throat Chop,Fake Out,Flare Blitz,Parting Shot,Floette-Eternal-Mega:Sinistcha:Delphox-Mega:Kingambit:Sneasler
2026-06-23,2026-06-23T12:00:02Z,pikalytics,gen9championsvgc2026regma,"Best Pokemon, teams, and builds in Pokemon Champions VGC 2026",https://pikalytics.com/pokedex/gen9championsvgc2026regma,20,6,ImTengenUzui,ImTengenUzui,4-1,4,1,0,5,80.00,Alpensee Tour (Reg M-B) #62 - ✨🐢 for #1! IN-GAME!,2026-06-17,2,0,54,https://play.limitlesstcg.com/tournament/6a14208e0f6c1f08998609b4/player/imtengenuzui/teamlist,https://play.limitlesstcg.com/tournament/6a14208e0f6c1f08998609b4/standings,Incineroar:Floette-Eternal-Mega:Sinistcha:Delphox-Mega:Kingambit:Sneasler,2,Floette-Eternal-Mega,Eternal Flower Floette,Floettite,Flower Veil,Moonblast:Dazzling Gleam:Calm Mind:Protect,Moonblast,Dazzling Gleam,Calm Mind,Protect,Incineroar:Sinistcha:Delphox-Mega:Kingambit:Sneasler
2026-06-18,2026-06-18T12:00:03Z,pikalytics,gen9championsvgc2026regma,"Best Pokemon, teams, and builds in Pokemon Champions VGC 2026",https://pikalytics.com/pokedex/gen9championsvgc2026regma,20,6,Jayisdecent,Jayisdecent,4-1,4,1,0,5,80.00,Alpensee Tour (Reg M-B) #62 - ✨🐢 for #1! IN-GAME!,2026-06-17,6,0,54,https://play.limitlesstcg.com/tournament/6a14208e0f6c1f08998609b4/player/jayisdecent/teamlist,https://play.limitlesstcg.com/tournament/6a14208e0f6c1f08998609b4/standings,Blaziken-Mega:Hydreigon:Incineroar:Sinistcha:Milotic:Floette-Eternal-Mega,2,Hydreigon,Hydreigon,Choice Scarf,Levitate,Draco Meteor:Heat Wave:Dark Pulse:Snarl,Draco Meteor,Heat Wave,Dark Pulse,Snarl,Blaziken-Mega:Incineroar:Sinistcha:Milotic:Floette-Eternal-Mega
2026-06-19,2026-06-19T12:00:03Z,pikalytics,gen9championsvgc2026regma,"Best Pokemon, teams, and builds in Pokemon Champions VGC 2026",https://pikalytics.com/pokedex/gen9championsvgc2026regma,20,6,AlexShyness,AlexShyness,7-2,7,2,0,9,77.78,*Sitrus-Series*|Champions-MB|#63,2026-06-17,6,0,100,https://play.limitlesstcg.com/tournament/6a2c0161e334c3c9befd473b/player/alexshyness/teamlist,https://play.limitlesstcg.com/tournament/6a2c0161e334c3c9befd473b/standings,Charizard-Mega-Y:Venusaur:Torkoal:Mawile-Mega:Farigiraf:Incineroar,2,Venusaur,Venusaur,Focus Sash,Chlorophyll,Protect:Sleep Powder:Sludge Bomb:Energy Ball,Protect,Sleep Powder,Sludge Bomb,Energy Ball,Charizard-Mega-Y:Torkoal:Mawile-Mega:Farigiraf:Incineroar
2026-06-18,2026-06-18T12:00:03Z,pikalytics,gen9championsvgc2026regma,"Best Pokemon, teams, and builds in Pokemon Champions VGC 2026",https://pikalytics.com/pokedex/gen9championsvgc2026regma,20,6,Jayisdecent,Jayisdecent,4-1,4,1,0,5,80.00,Alpensee Tour (Reg M-B) #62 - ✨🐢 for #1! IN-GAME!,2026-06-17,6,0,54,https://play.limitlesstcg.com/tournament/6a14208e0f6c1f08998609b4/player/jayisdecent/teamlist,https://play.limitlesstcg.com/tournament/6a14208e0f6c1f08998609b4/standings,Blaziken-Mega:Hydreigon:Incineroar:Sinistcha:Milotic:Floette-Eternal-Mega,3,Incineroar,Incineroar,Sitrus Berry,Intimidate,Fake Out:Flare Blitz:Throat Chop:Parting Shot,Fake Out,Flare Blitz,Throat Chop,Parting Shot,Blaziken-Mega:Hydreigon:Sinistcha:Milotic:Floette-Eternal-Mega
2026-06-23,2026-06-23T12:00:02Z,pikalytics,gen9championsvgc2026regma,"Best Pokemon, teams, and builds in Pokemon Champions VGC 2026",https://pikalytics.com/pokedex/gen9championsvgc2026regma,20,6,ImTengenUzui,ImTengenUzui,4-1,4,1,0,5,80.00,Alpensee Tour (Reg M-B) #62 - ✨🐢 for #1! IN-GAME!,2026-06-17,2,0,54,https://play.limitlesstcg.com/tournament/6a14208e0f6c1f08998609b4/player/imtengenuzui/teamlist,https://play.limitlesstcg.com/tournament/6a14208e0f6c1f08998609b4/standings,Incineroar:Floette-Eternal-Mega:Sinistcha:Delphox-Mega:Kingambit:Sneasler,3,Sinistcha,Sinistcha,Occa Berry,Hospitality,Matcha Gotcha:Rage Powder:Life Dew:Trick Room,Matcha Gotcha,Rage Powder,Life Dew,Trick Room,Incineroar:Floette-Eternal-Mega:Delphox-Mega:Kingambit:Sneasler
2026-06-19,2026-06-19T12:00:03Z,pikalytics,gen9championsvgc2026regma,"Best Pokemon, teams, and builds in Pokemon Champions VGC 2026",https://pikalytics.com/pokedex/gen9championsvgc2026regma,20,6,AlexShyness,AlexShyness,7-2,7,2,0,9,77.78,*Sitrus-Series*|Champions-MB|#63,2026-06-17,6,0,100,https://play.limitlesstcg.com/tournament/6a2c0161e334c3c9befd473b/player/alexshyness/teamlist,https://play.limitlesstcg.com/tournament/6a2c0161e334c3c9befd473b/standings,Charizard-Mega-Y:Venusaur:Torkoal:Mawile-Mega:Farigiraf:Incineroar,3,Torkoal,Torkoal,Charcoal,Drought,Protect:Eruption:Heat Wave:Weather Ball,Protect,Eruption,Heat Wave,Weather Ball,Charizard-Mega-Y:Venusaur:Mawile-Mega:Farigiraf:Incineroar
2026-06-23,2026-06-23T12:00:02Z,pikalytics,gen9championsvgc2026regma,"Best Pokemon, teams, and builds in Pokemon Champions VGC 2026",https://pikalytics.com/pokedex/gen9championsvgc2026regma,20,6,ImTengenUzui,ImTengenUzui,4-1,4,1,0,5,80.00,Alpensee Tour (Reg M-B) #62 - ✨🐢 for #1! IN-GAME!,2026-06-17,2,0,54,https://play.limitlesstcg.com/tournament/6a14208e0f6c1f08998609b4/player/imtengenuzui/teamlist,https://play.limitlesstcg.com/tournament/6a14208e0f6c1f08998609b4/standings,Incineroar:Floette-Eternal-Mega:Sinistcha:Delphox-Mega:Kingambit:Sneasler,4,Delphox-Mega,Delphox,Delphoxite,Blaze,Heat Wave:Psychic:Nasty Plot:Protect,Heat Wave,Psychic,Nasty Plot,Protect,Incineroar:Floette-Eternal-Mega:Sinistcha:Kingambit:Sneasler
2026-06-19,2026-06-19T12:00:03Z,pikalytics,gen9championsvgc2026regma,"Best Pokemon, teams, and builds in Pokemon Champions VGC 2026",https://pikalytics.com/pokedex/gen9championsvgc2026regma,20,6,AlexShyness,AlexShyness,7-2,7,2,0,9,77.78,*Sitrus-Series*|Champions-MB|#63,2026-06-17,6,0,100,https://play.limitlesstcg.com/tournament/6a2c0161e334c3c9befd473b/player/alexshyness/teamlist,https://play.limitlesstcg.com/tournament/6a2c0161e334c3c9befd473b/standings,Charizard-Mega-Y:Venusaur:Torkoal:Mawile-Mega:Farigiraf:Incineroar,4,Mawile-Mega,Mawile,Mawilite,Hyper Cutter,Protect:Play Rough:Sucker Punch:Iron Head,Protect,Play Rough,Sucker Punch,Iron Head,Charizard-Mega-Y:Venusaur:Torkoal:Farigiraf:Incineroar
2026-06-18,2026-06-18T12:00:03Z,pikalytics,gen9championsvgc2026regma,"Best Pokemon, teams, and builds in Pokemon Champions VGC 2026",https://pikalytics.com/pokedex/gen9championsvgc2026regma,20,6,Jayisdecent,Jayisdecent,4-1,4,1,0,5,80.00,Alpensee Tour (Reg M-B) #62 - ✨🐢 for #1! IN-GAME!,2026-06-17,6,0,54,https://play.limitlesstcg.com/tournament/6a14208e0f6c1f08998609b4/player/jayisdecent/teamlist,https://play.limitlesstcg.com/tournament/6a14208e0f6c1f08998609b4/standings,Blaziken-Mega:Hydreigon:Incineroar:Sinistcha:Milotic:Floette-Eternal-Mega,4,Sinistcha,Sinistcha,Occa Berry,Hospitality,Matcha Gotcha:Rage Powder:Life Dew:Protect,Matcha Gotcha,Rage Powder,Life Dew,Protect,Blaziken-Mega:Hydreigon:Incineroar:Milotic:Floette-Eternal-Mega
2026-06-19,2026-06-19T12:00:03Z,pikalytics,gen9championsvgc2026regma,"Best Pokemon, teams, and builds in Pokemon Champions VGC 2026",https://pikalytics.com/pokedex/gen9championsvgc2026regma,20,6,AlexShyness,AlexShyness,7-2,7,2,0,9,77.78,*Sitrus-Series*|Champions-MB|#63,2026-06-17,6,0,100,https://play.limitlesstcg.com/tournament/6a2c0161e334c3c9befd473b/player/alexshyness/teamlist,https://play.limitlesstcg.com/tournament/6a2c0161e334c3c9befd473b/standings,Charizard-Mega-Y:Venusaur:Torkoal:Mawile-Mega:Farigiraf:Incineroar,5,Farigiraf,Farigiraf,Sitrus Berry,Armor Tail,Psychic:Helping Hand:Trick Room:Hyper Voice,Psychic,Helping Hand,Trick Room,Hyper Voice,Charizard-Mega-Y:Venusaur:Torkoal:Mawile-Mega:Incineroar
2026-06-23,2026-06-23T12:00:02Z,pikalytics,gen9championsvgc2026regma,"Best Pokemon, teams, and builds in Pokemon Champions VGC 2026",https://pikalytics.com/pokedex/gen9championsvgc2026regma,20,6,ImTengenUzui,ImTengenUzui,4-1,4,1,0,5,80.00,Alpensee Tour (Reg M-B) #62 - ✨🐢 for #1! IN-GAME!,2026-06-17,2,0,54,https://play.limitlesstcg.com/tournament/6a14208e0f6c1f08998609b4/player/imtengenuzui/teamlist,https://play.limitlesstcg.com/tournament/6a14208e0f6c1f08998609b4/standings,Incineroar:Floette-Eternal-Mega:Sinistcha:Delphox-Mega:Kingambit:Sneasler,5,Kingambit,Kingambit,Black Glasses,Defiant,Kowtow Cleave:Sucker Punch:Iron Head:Protect,Kowtow Cleave,Sucker Punch,Iron Head,Protect,Incineroar:Floette-Eternal-Mega:Sinistcha:Delphox-Mega:Sneasler
2026-06-18,2026-06-18T12:00:03Z,pikalytics,gen9championsvgc2026regma,"Best Pokemon, teams, and builds in Pokemon Champions VGC 2026",https://pikalytics.com/pokedex/gen9championsvgc2026regma,20,6,Jayisdecent,Jayisdecent,4-1,4,1,0,5,80.00,Alpensee Tour (Reg M-B) #62 - ✨🐢 for #1! IN-GAME!,2026-06-17,6,0,54,https://play.limitlesstcg.com/tournament/6a14208e0f6c1f08998609b4/player/jayisdecent/teamlist,https://play.limitlesstcg.com/tournament/6a14208e0f6c1f08998609b4/standings,Blaziken-Mega:Hydreigon:Incineroar:Sinistcha:Milotic:Floette-Eternal-Mega,5,Milotic,Milotic,Leftovers,Competitive,Muddy Water:Coil:Hypnosis:Recover,Muddy Water,Coil,Hypnosis,Recover,Blaziken-Mega:Hydreigon:Incineroar:Sinistcha:Floette-Eternal-Mega
2026-06-18,2026-06-18T12:00:03Z,pikalytics,gen9championsvgc2026regma,"Best Pokemon, teams, and builds in Pokemon Champions VGC 2026",https://pikalytics.com/pokedex/gen9championsvgc2026regma,20,6,Jayisdecent,Jayisdecent,4-1,4,1,0,5,80.00,Alpensee Tour (Reg M-B) #62 - ✨🐢 for #1! IN-GAME!,2026-06-17,6,0,54,https://play.limitlesstcg.com/tournament/6a14208e0f6c1f08998609b4/player/jayisdecent/teamlist,https://play.limitlesstcg.com/tournament/6a14208e0f6c1f08998609b4/standings,Blaziken-Mega:Hydreigon:Incineroar:Sinistcha:Milotic:Floette-Eternal-Mega,6,Floette-Eternal-Mega,Eternal Flower Floette,Floettite,Fairy Aura,Moonblast:Dazzling Gleam:Calm Mind:Protect,Moonblast,Dazzling Gleam,Calm Mind,Protect,Blaziken-Mega:Hydreigon:Incineroar:Sinistcha:Milotic
2026-06-19,2026-06-19T12:00:03Z,pikalytics,gen9championsvgc2026regma,"Best Pokemon, teams, and builds in Pokemon Champions VGC 2026",https://pikalytics.com/pokedex/gen9championsvgc2026regma,20,6,AlexShyness,AlexShyness,7-2,7,2,0,9,77.78,*Sitrus-Series*|Champions-MB|#63,2026-06-17,6,0,100,https://play.limitlesstcg.com/tournament/6a2c0161e334c3c9befd473b/player/alexshyness/teamlist,https://play.limitlesstcg.com/tournament/6a2c0161e334c3c9befd473b/standings,Charizard-Mega-Y:Venusaur:Torkoal:Mawile-Mega:Farigiraf:Incineroar,6,Incineroar,Incineroar,Passho Berry,Intimidate,Fake Out:Flare Blitz:Throat Chop:Parting Shot,Fake Out,Flare Blitz,Throat Chop,Parting Shot,Charizard-Mega-Y:Venusaur:Torkoal:Mawile-Mega:Farigiraf
2026-06-23,2026-06-23T12:00:02Z,pikalytics,gen9championsvgc2026regma,"Best Pokemon, teams, and builds in Pokemon Champions VGC 2026",https://pikalytics.com/pokedex/gen9championsvgc2026regma,20,6,ImTengenUzui,ImTengenUzui,4-1,4,1,0,5,80.00,Alpensee Tour (Reg M-B) #62 - ✨🐢 for #1! IN-GAME!,2026-06-17,2,0,54,https://play.limitlesstcg.com/tournament/6a14208e0f6c1f08998609b4/player/imtengenuzui/teamlist,https://play.limitlesstcg.com/tournament/6a14208e0f6c1f08998609b4/standings,Incineroar:Floette-Eternal-Mega:Sinistcha:Delphox-Mega:Kingambit:Sneasler,6,Sneasler,Sneasler,White Herb,Unburden,Close Combat:Dire Claw:Fake Out:Protect,Close Combat,Dire Claw,Fake Out,Protect,Incineroar:Floette-Eternal-Mega:Sinistcha:Delphox-Mega:Kingambit
2026-06-23,2026-06-23T12:00:02Z,pikalytics,gen9championsvgc2026regma,"Best Pokemon, teams, and builds in Pokemon Champions VGC 2026",https://pikalytics.com/pokedex/gen9championsvgc2026regma,4,6,Altkyle,Altkyle,6-0,6,0,0,6,100.00,VGC Gemeinde Showdown #9,2026-06-18,1,1,9,https://play.limitlesstcg.com/tournament/6a32c5642d97f3b0c2618782/player/altkyle/teamlist,https://play.limitlesstcg.com/tournament/6a32c5642d97f3b0c2618782/standings,Dragonite-Mega:Basculegion:Scizor-Mega:Archaludon:Pelipper:Incineroar,1,Dragonite-Mega,Dragonite,Dragoninite,Inner Focus,Dragon Pulse:Flamethrower:Tailwind:Protect,Dragon Pulse,Flamethrower,Tailwind,Protect,Basculegion:Scizor-Mega:Archaludon:Pelipper:Incineroar
2026-06-23,2026-06-23T12:00:02Z,pikalytics,gen9championsvgc2026regma,"Best Pokemon, teams, and builds in Pokemon Champions VGC 2026",https://pikalytics.com/pokedex/gen9championsvgc2026regma,4,6,Altkyle,Altkyle,6-0,6,0,0,6,100.00,VGC Gemeinde Showdown #9,2026-06-18,1,1,9,https://play.limitlesstcg.com/tournament/6a32c5642d97f3b0c2618782/player/altkyle/teamlist,https://play.limitlesstcg.com/tournament/6a32c5642d97f3b0c2618782/standings,Dragonite-Mega:Basculegion:Scizor-Mega:Archaludon:Pelipper:Incineroar,2,Basculegion,Basculegion,Choice Scarf,Adaptability,Wave Crash:Last Respects:Aqua Jet:Flip Turn,Wave Crash,Last Respects,Aqua Jet,Flip Turn,Dragonite-Mega:Scizor-Mega:Archaludon:Pelipper:Incineroar
2026-06-23,2026-06-23T12:00:02Z,pikalytics,gen9championsvgc2026regma,"Best Pokemon, teams, and builds in Pokemon Champions VGC 2026",https://pikalytics.com/pokedex/gen9championsvgc2026regma,4,6,Altkyle,Altkyle,6-0,6,0,0,6,100.00,VGC Gemeinde Showdown #9,2026-06-18,1,1,9,https://play.limitlesstcg.com/tournament/6a32c5642d97f3b0c2618782/player/altkyle/teamlist,https://play.limitlesstcg.com/tournament/6a32c5642d97f3b0c2618782/standings,Dragonite-Mega:Basculegion:Scizor-Mega:Archaludon:Pelipper:Incineroar,3,Scizor-Mega,Scizor,Scizorite,Technician,Bullet Punch:Close Combat:Swords Dance:Protect,Bullet Punch,Close Combat,Swords Dance,Protect,Dragonite-Mega:Basculegion:Archaludon:Pelipper:Incineroar
2026-06-23,2026-06-23T12:00:02Z,pikalytics,gen9championsvgc2026regma,"Best Pokemon, teams, and builds in Pokemon Champions VGC 2026",https://pikalytics.com/pokedex/gen9championsvgc2026regma,4,6,Altkyle,Altkyle,6-0,6,0,0,6,100.00,VGC Gemeinde Showdown #9,2026-06-18,1,1,9,https://play.limitlesstcg.com/tournament/6a32c5642d97f3b0c2618782/player/altkyle/teamlist,https://play.limitlesstcg.com/tournament/6a32c5642d97f3b0c2618782/standings,Dragonite-Mega:Basculegion:Scizor-Mega:Archaludon:Pelipper:Incineroar,4,Archaludon,Archaludon,Chople Berry,Stamina,Electro Shot:Dragon Pulse:Aura Sphere:Protect,Electro Shot,Dragon Pulse,Aura Sphere,Protect,Dragonite-Mega:Basculegion:Scizor-Mega:Pelipper:Incineroar
2026-06-23,2026-06-23T12:00:02Z,pikalytics,gen9championsvgc2026regma,"Best Pokemon, teams, and builds in Pokemon Champions VGC 2026",https://pikalytics.com/pokedex/gen9championsvgc2026regma,4,6,Altkyle,Altkyle,6-0,6,0,0,6,100.00,VGC Gemeinde Showdown #9,2026-06-18,1,1,9,https://play.limitlesstcg.com/tournament/6a32c5642d97f3b0c2618782/player/altkyle/teamlist,https://play.limitlesstcg.com/tournament/6a32c5642d97f3b0c2618782/standings,Dragonite-Mega:Basculegion:Scizor-Mega:Archaludon:Pelipper:Incineroar,5,Pelipper,Pelipper,Focus Sash,Drizzle,Hurricane:Weather Ball:Tailwind:Protect,Hurricane,Weather Ball,Tailwind,Protect,Dragonite-Mega:Basculegion:Scizor-Mega:Archaludon:Incineroar
2026-06-23,2026-06-23T12:00:02Z,pikalytics,gen9championsvgc2026regma,"Best Pokemon, teams, and builds in Pokemon Champions VGC 2026",https://pikalytics.com/pokedex/gen9championsvgc2026regma,4,6,Altkyle,Altkyle,6-0,6,0,0,6,100.00,VGC Gemeinde Showdown #9,2026-06-18,1,1,9,https://play.limitlesstcg.com/tournament/6a32c5642d97f3b0c2618782/player/altkyle/teamlist,https://play.limitlesstcg.com/tournament/6a32c5642d97f3b0c2618782/standings,Dragonite-Mega:Basculegion:Scizor-Mega:Archaludon:Pelipper:Incineroar,6,Incineroar,Incineroar,Sitrus Berry,Intimidate,Fake Out:Flare Blitz:Throat Chop:Parting Shot,Fake Out,Flare Blitz,Throat Chop,Parting Shot,Dragonite-Mega:Basculegion:Scizor-Mega:Archaludon:Pelipper
2026-06-18,2026-06-18T12:00:03Z,pikalytics,gen9championsvgc2026regma,"Best Pokemon, teams, and builds in Pokemon Champions VGC 2026",https://pikalytics.com/pokedex/gen9championsvgc2026regma,7,6,seafoamshores,seafoamshores,5-2,5,2,0,7,71.43,REG B DAY 1 THROWDOWN BABYYYYYYYYYYY,2026-06-18,1,1,14,https://play.limitlesstcg.com/tournament/6a3228dee334c3c9befd8572/player/seafoamshores/teamlist,https://play.limitlesstcg.com/tournament/6a3228dee334c3c9befd8572/standings,Swampert-Mega:Pelipper:Archaludon:Raichu:Sableye:Sinistcha,1,Swampert-Mega,Swampert,Swampertite,Torrent,Wave Crash:Earthquake:Ice Punch:Protect,Wave Crash,Earthquake,Ice Punch,Protect,Pelipper:Archaludon:Raichu:Sableye:Sinistcha
2026-06-18,2026-06-18T12:00:03Z,pikalytics,gen9championsvgc2026regma,"Best Pokemon, teams, and builds in Pokemon Champions VGC 2026",https://pikalytics.com/pokedex/gen9championsvgc2026regma,7,6,seafoamshores,seafoamshores,5-2,5,2,0,7,71.43,REG B DAY 1 THROWDOWN BABYYYYYYYYYYY,2026-06-18,1,1,14,https://play.limitlesstcg.com/tournament/6a3228dee334c3c9befd8572/player/seafoamshores/teamlist,https://play.limitlesstcg.com/tournament/6a3228dee334c3c9befd8572/standings,Swampert-Mega:Pelipper:Archaludon:Raichu:Sableye:Sinistcha,2,Pelipper,Pelipper,Focus Sash,Drizzle,Tailwind:Hurricane:Weather Ball:Wide Guard,Tailwind,Hurricane,Weather Ball,Wide Guard,Swampert-Mega:Archaludon:Raichu:Sableye:Sinistcha
2026-06-18,2026-06-18T12:00:03Z,pikalytics,gen9championsvgc2026regma,"Best Pokemon, teams, and builds in Pokemon Champions VGC 2026",https://pikalytics.com/pokedex/gen9championsvgc2026regma,7,6,seafoamshores,seafoamshores,5-2,5,2,0,7,71.43,REG B DAY 1 THROWDOWN BABYYYYYYYYYYY,2026-06-18,1,1,14,https://play.limitlesstcg.com/tournament/6a3228dee334c3c9befd8572/player/seafoamshores/teamlist,https://play.limitlesstcg.com/tournament/6a3228dee334c3c9befd8572/standings,Swampert-Mega:Pelipper:Archaludon:Raichu:Sableye:Sinistcha,3,Archaludon,Archaludon,Leftovers,Stamina,Electro Shot:Dragon Pulse:Flash Cannon:Protect,Electro Shot,Dragon Pulse,Flash Cannon,Protect,Swampert-Mega:Pelipper:Raichu:Sableye:Sinistcha
2026-06-18,2026-06-18T12:00:03Z,pikalytics,gen9championsvgc2026regma,"Best Pokemon, teams, and builds in Pokemon Champions VGC 2026",https://pikalytics.com/pokedex/gen9championsvgc2026regma,7,6,seafoamshores,seafoamshores,5-2,5,2,0,7,71.43,REG B DAY 1 THROWDOWN BABYYYYYYYYYYY,2026-06-18,1,1,14,https://play.limitlesstcg.com/tournament/6a3228dee334c3c9befd8572/player/seafoamshores/teamlist,https://play.limitlesstcg.com/tournament/6a3228dee334c3c9befd8572/standings,Swampert-Mega:Pelipper:Archaludon:Raichu:Sableye:Sinistcha,4,Raichu,Raichu,Raichunite X,Lightning Rod,Protect:Encore:Volt Switch:Volt Tackle,Protect,Encore,Volt Switch,Volt Tackle,Swampert-Mega:Pelipper:Archaludon:Sableye:Sinistcha
2026-06-18,2026-06-18T12:00:03Z,pikalytics,gen9championsvgc2026regma,"Best Pokemon, teams, and builds in Pokemon Champions VGC 2026",https://pikalytics.com/pokedex/gen9championsvgc2026regma,7,6,seafoamshores,seafoamshores,5-2,5,2,0,7,71.43,REG B DAY 1 THROWDOWN BABYYYYYYYYYYY,2026-06-18,1,1,14,https://play.limitlesstcg.com/tournament/6a3228dee334c3c9befd8572/player/seafoamshores/teamlist,https://play.limitlesstcg.com/tournament/6a3228dee334c3c9befd8572/standings,Swampert-Mega:Pelipper:Archaludon:Raichu:Sableye:Sinistcha,5,Sableye,Sableye,Light Clay,Prankster,Foul Play:Reflect:Light Screen:Rain Dance,Foul Play,Reflect,Light Screen,Rain Dance,Swampert-Mega:Pelipper:Archaludon:Raichu:Sinistcha
2026-06-18,2026-06-18T12:00:03Z,pikalytics,gen9championsvgc2026regma,"Best Pokemon, teams, and builds in Pokemon Champions VGC 2026",https://pikalytics.com/pokedex/gen9championsvgc2026regma,7,6,seafoamshores,seafoamshores,5-2,5,2,0,7,71.43,REG B DAY 1 THROWDOWN BABYYYYYYYYYYY,2026-06-18,1,1,14,https://play.limitlesstcg.com/tournament/6a3228dee334c3c9befd8572/player/seafoamshores/teamlist,https://play.limitlesstcg.com/tournament/6a3228dee334c3c9befd8572/standings,Swampert-Mega:Pelipper:Archaludon:Raichu:Sableye:Sinistcha,6,Sinistcha,Sinistcha,Sitrus Berry,Hospitality,Rage Powder:Protect:Matcha Gotcha:Life Dew,Rage Powder,Protect,Matcha Gotcha,Life Dew,Swampert-Mega:Pelipper:Archaludon:Raichu:Sableye
2026-06-23,2026-06-23T12:00:02Z,pikalytics,gen9championsvgc2026regma,"Best Pokemon, teams, and builds in Pokemon Champions VGC 2026",https://pikalytics.com/pokedex/gen9championsvgc2026regma,8,6,Testing444,Testing444,8-2,8,2,0,10,80.00,Tenki's x MMHM - Champions M-B,2026-06-18,1,1,49,https://play.limitlesstcg.com/tournament/6a04baa9dfbdf089cbbd9917/player/testing444/teamlist,https://play.limitlesstcg.com/tournament/6a04baa9dfbdf089cbbd9917/standings,Pelipper:Sneasler:Basculegion:Dragonite-Mega:Archaludon:Gholdengo,1,Pelipper,Pelipper,Sitrus Berry,Drizzle,Wide Guard:Tailwind:Weather Ball:Hurricane,Wide Guard,Tailwind,Weather Ball,Hurricane,Sneasler:Basculegion:Dragonite-Mega:Archaludon:Gholdengo
2026-06-19,2026-06-19T12:00:03Z,pikalytics,gen9championsvgc2026regma,"Best Pokemon, teams, and builds in Pokemon Champions VGC 2026",https://pikalytics.com/pokedex/gen9championsvgc2026regma,8,6,Ntavi,Ntavi,2-0,2,0,0,2,100.00,Tenki's x MMHM - Champions M-B,2026-06-18,1,1,49,https://play.limitlesstcg.com/tournament/6a04baa9dfbdf089cbbd9917/player/ntavi/teamlist,https://play.limitlesstcg.com/tournament/6a04baa9dfbdf089cbbd9917/standings,Swampert-Mega:Pelipper:Archaludon:Sinistcha:Maushold:Gholdengo,1,Swampert-Mega,Swampert,Swampertite,Torrent,Wave Crash:High Horsepower:Ice Punch:Protect,Wave Crash,High Horsepower,Ice Punch,Protect,Pelipper:Archaludon:Sinistcha:Maushold:Gholdengo
2026-06-19,2026-06-19T12:00:03Z,pikalytics,gen9championsvgc2026regma,"Best Pokemon, teams, and builds in Pokemon Champions VGC 2026",https://pikalytics.com/pokedex/gen9championsvgc2026regma,8,6,Ntavi,Ntavi,2-0,2,0,0,2,100.00,Tenki's x MMHM - Champions M-B,2026-06-18,1,1,49,https://play.limitlesstcg.com/tournament/6a04baa9dfbdf089cbbd9917/player/ntavi/teamlist,https://play.limitlesstcg.com/tournament/6a04baa9dfbdf089cbbd9917/standings,Swampert-Mega:Pelipper:Archaludon:Sinistcha:Maushold:Gholdengo,2,Pelipper,Pelipper,Sitrus Berry,Drizzle,Weather Ball:Hurricane:Tailwind:Wide Guard,Weather Ball,Hurricane,Tailwind,Wide Guard,Swampert-Mega:Archaludon:Sinistcha:Maushold:Gholdengo
2026-06-23,2026-06-23T12:00:02Z,pikalytics,gen9championsvgc2026regma,"Best Pokemon, teams, and builds in Pokemon Champions VGC 2026",https://pikalytics.com/pokedex/gen9championsvgc2026regma,8,6,Testing444,Testing444,8-2,8,2,0,10,80.00,Tenki's x MMHM - Champions M-B,2026-06-18,1,1,49,https://play.limitlesstcg.com/tournament/6a04baa9dfbdf089cbbd9917/player/testing444/teamlist,https://play.limitlesstcg.com/tournament/6a04baa9dfbdf089cbbd9917/standings,Pelipper:Sneasler:Basculegion:Dragonite-Mega:Archaludon:Gholdengo,2,Sneasler,Sneasler,White Herb,Unburden,Close Combat:Dire Claw:Fake Out:Protect,Close Combat,Dire Claw,Fake Out,Protect,Pelipper:Basculegion:Dragonite-Mega:Archaludon:Gholdengo
2026-06-19,2026-06-19T12:00:03Z,pikalytics,gen9championsvgc2026regma,"Best Pokemon, teams, and builds in Pokemon Champions VGC 2026",https://pikalytics.com/pokedex/gen9championsvgc2026regma,8,6,Ntavi,Ntavi,2-0,2,0,0,2,100.00,Tenki's x MMHM - Champions M-B,2026-06-18,1,1,49,https://play.limitlesstcg.com/tournament/6a04baa9dfbdf089cbbd9917/player/ntavi/teamlist,https://play.limitlesstcg.com/tournament/6a04baa9dfbdf089cbbd9917/standings,Swampert-Mega:Pelipper:Archaludon:Sinistcha:Maushold:Gholdengo,3,Archaludon,Archaludon,Leftovers,Stamina,Electro Shot:Dragon Pulse:Flash Cannon:Protect,Electro Shot,Dragon Pulse,Flash Cannon,Protect,Swampert-Mega:Pelipper:Sinistcha:Maushold:Gholdengo
2026-06-23,2026-06-23T12:00:02Z,pikalytics,gen9championsvgc2026regma,"Best Pokemon, teams, and builds in Pokemon Champions VGC 2026",https://pikalytics.com/pokedex/gen9championsvgc2026regma,8,6,Testing444,Testing444,8-2,8,2,0,10,80.00,Tenki's x MMHM - Champions M-B,2026-06-18,1,1,49,https://play.limitlesstcg.com/tournament/6a04baa9dfbdf089cbbd9917/player/testing444/teamlist,https://play.limitlesstcg.com/tournament/6a04baa9dfbdf089cbbd9917/standings,Pelipper:Sneasler:Basculegion:Dragonite-Mega:Archaludon:Gholdengo,3,Basculegion,Basculegion,Choice Scarf,Adaptability,Wave Crash:Last Respects:Flip Turn:Aqua Jet,Wave Crash,Last Respects,Flip Turn,Aqua Jet,Pelipper:Sneasler:Dragonite-Mega:Archaludon:Gholdengo
2026-06-23,2026-06-23T12:00:02Z,pikalytics,gen9championsvgc2026regma,"Best Pokemon, teams, and builds in Pokemon Champions VGC 2026",https://pikalytics.com/pokedex/gen9championsvgc2026regma,8,6,Testing444,Testing444,8-2,8,2,0,10,80.00,Tenki's x MMHM - Champions M-B,2026-06-18,1,1,49,https://play.limitlesstcg.com/tournament/6a04baa9dfbdf089cbbd9917/player/testing444/teamlist,https://play.limitlesstcg.com/tournament/6a04baa9dfbdf089cbbd9917/standings,Pelipper:Sneasler:Basculegion:Dragonite-Mega:Archaludon:Gholdengo,4,Dragonite-Mega,Dragonite,Dragoninite,Inner Focus,Dragon Pulse:Heat Wave:Tailwind:Protect,Dragon Pulse,Heat Wave,Tailwind,Protect,Pelipper:Sneasler:Basculegion:Archaludon:Gholdengo
2026-06-19,2026-06-19T12:00:03Z,pikalytics,gen9championsvgc2026regma,"Best Pokemon, teams, and builds in Pokemon Champions VGC 2026",https://pikalytics.com/pokedex/gen9championsvgc2026regma,8,6,Ntavi,Ntavi,2-0,2,0,0,2,100.00,Tenki's x MMHM - Champions M-B,2026-06-18,1,1,49,https://play.limitlesstcg.com/tournament/6a04baa9dfbdf089cbbd9917/player/ntavi/teamlist,https://play.limitlesstcg.com/tournament/6a04baa9dfbdf089cbbd9917/standings,Swampert-Mega:Pelipper:Archaludon:Sinistcha:Maushold:Gholdengo,4,Sinistcha,Sinistcha,Kasib Berry,Hospitality,Rage Powder:Matcha Gotcha:Trick Room:Protect,Rage Powder,Matcha Gotcha,Trick Room,Protect,Swampert-Mega:Pelipper:Archaludon:Maushold:Gholdengo
2026-06-23,2026-06-23T12:00:02Z,pikalytics,gen9championsvgc2026regma,"Best Pokemon, teams, and builds in Pokemon Champions VGC 2026",https://pikalytics.com/pokedex/gen9championsvgc2026regma,8,6,Testing444,Testing444,8-2,8,2,0,10,80.00,Tenki's x MMHM - Champions M-B,2026-06-18,1,1,49,https://play.limitlesstcg.com/tournament/6a04baa9dfbdf089cbbd9917/player/testing444/teamlist,https://play.limitlesstcg.com/tournament/6a04baa9dfbdf089cbbd9917/standings,Pelipper:Sneasler:Basculegion:Dragonite-Mega:Archaludon:Gholdengo,5,Archaludon,Archaludon,Leftovers,Stamina,Electro Shot:Dragon Pulse:Flash Cannon:Protect,Electro Shot,Dragon Pulse,Flash Cannon,Protect,Pelipper:Sneasler:Basculegion:Dragonite-Mega:Gholdengo
2026-06-19,2026-06-19T12:00:03Z,pikalytics,gen9championsvgc2026regma,"Best Pokemon, teams, and builds in Pokemon Champions VGC 2026",https://pikalytics.com/pokedex/gen9championsvgc2026regma,8,6,Ntavi,Ntavi,2-0,2,0,0,2,100.00,Tenki's x MMHM - Champions M-B,2026-06-18,1,1,49,https://play.limitlesstcg.com/tournament/6a04baa9dfbdf089cbbd9917/player/ntavi/teamlist,https://play.limitlesstcg.com/tournament/6a04baa9dfbdf089cbbd9917/standings,Swampert-Mega:Pelipper:Archaludon:Sinistcha:Maushold:Gholdengo,5,Maushold,Maushold,Focus Sash,Friend Guard,Follow Me:Super Fang:Rain Dance:Protect,Follow Me,Super Fang,Rain Dance,Protect,Swampert-Mega:Pelipper:Archaludon:Sinistcha:Gholdengo
2026-06-19,2026-06-19T12:00:03Z,pikalytics,gen9championsvgc2026regma,"Best Pokemon, teams, and builds in Pokemon Champions VGC 2026",https://pikalytics.com/pokedex/gen9championsvgc2026regma,8,6,Ntavi,Ntavi,2-0,2,0,0,2,100.00,Tenki's x MMHM - Champions M-B,2026-06-18,1,1,49,https://play.limitlesstcg.com/tournament/6a04baa9dfbdf089cbbd9917/player/ntavi/teamlist,https://play.limitlesstcg.com/tournament/6a04baa9dfbdf089cbbd9917/standings,Swampert-Mega:Pelipper:Archaludon:Sinistcha:Maushold:Gholdengo,6,Gholdengo,Gholdengo,Life Orb,Good as Gold,Make It Rain:Shadow Ball:Nasty Plot:Protect,Make It Rain,Shadow Ball,Nasty Plot,Protect,Swampert-Mega:Pelipper:Archaludon:Sinistcha:Maushold
2026-06-23,2026-06-23T12:00:02Z,pikalytics,gen9championsvgc2026regma,"Best Pokemon, teams, and builds in Pokemon Champions VGC 2026",https://pikalytics.com/pokedex/gen9championsvgc2026regma,8,6,Testing444,Testing444,8-2,8,2,0,10,80.00,Tenki's x MMHM - Champions M-B,2026-06-18,1,1,49,https://play.limitlesstcg.com/tournament/6a04baa9dfbdf089cbbd9917/player/testing444/teamlist,https://play.limitlesstcg.com/tournament/6a04baa9dfbdf089cbbd9917/standings,Pelipper:Sneasler:Basculegion:Dragonite-Mega:Archaludon:Gholdengo,6,Gholdengo,Gholdengo,Focus Sash,Good as Gold,Make It Rain:Shadow Ball:Nasty Plot:Protect,Make It Rain,Shadow Ball,Nasty Plot,Protect,Pelipper:Sneasler:Basculegion:Dragonite-Mega:Archaludon
2026-06-29,2026-06-29T12:00:03Z,pikalytics,gen9championsvgc2026regma,"Best Pokemon, teams, and builds in Pokemon Champions VGC 2026",https://pikalytics.com/pokedex/gen9championsvgc2026regma,9,6,Chinese Spy,Chinese Spy,8-1,8,1,0,9,88.89,Intimidators Champions Challenge #19 REG M-B,2026-06-18,1,1,41,https://play.limitlesstcg.com/tournament/6a2fe50b2d97f3b0c261746a/player/wochienreaction/teamlist,https://play.limitlesstcg.com/tournament/6a2fe50b2d97f3b0c261746a/standings,Charizard-Mega-Y:Metagross-Mega:Samurott-Hisui:Sylveon:Garchomp:Aerodactyl,1,Charizard-Mega-Y,Charizard,Charizardite Y,Blaze,Heat Wave:Solar Beam:Protect:Weather Ball,Heat Wave,Solar Beam,Protect,Weather Ball,Metagross-Mega:Samurott-Hisui:Sylveon:Garchomp:Aerodactyl
2026-06-29,2026-06-29T12:00:03Z,pikalytics,gen9championsvgc2026regma,"Best Pokemon, teams, and builds in Pokemon Champions VGC 2026",https://pikalytics.com/pokedex/gen9championsvgc2026regma,9,6,Chinese Spy,Chinese Spy,8-1,8,1,0,9,88.89,Intimidators Champions Challenge #19 REG M-B,2026-06-18,1,1,41,https://play.limitlesstcg.com/tournament/6a2fe50b2d97f3b0c261746a/player/wochienreaction/teamlist,https://play.limitlesstcg.com/tournament/6a2fe50b2d97f3b0c261746a/standings,Charizard-Mega-Y:Metagross-Mega:Samurott-Hisui:Sylveon:Garchomp:Aerodactyl,2,Metagross-Mega,Metagross,Metagrossite,Clear Body,Protect:Iron Head:Body Press:Ice Punch,Protect,Iron Head,Body Press,Ice Punch,Charizard-Mega-Y:Samurott-Hisui:Sylveon:Garchomp:Aerodactyl
2026-06-29,2026-06-29T12:00:03Z,pikalytics,gen9championsvgc2026regma,"Best Pokemon, teams, and builds in Pokemon Champions VGC 2026",https://pikalytics.com/pokedex/gen9championsvgc2026regma,9,6,Chinese Spy,Chinese Spy,8-1,8,1,0,9,88.89,Intimidators Champions Challenge #19 REG M-B,2026-06-18,1,1,41,https://play.limitlesstcg.com/tournament/6a2fe50b2d97f3b0c261746a/player/wochienreaction/teamlist,https://play.limitlesstcg.com/tournament/6a2fe50b2d97f3b0c261746a/standings,Charizard-Mega-Y:Metagross-Mega:Samurott-Hisui:Sylveon:Garchomp:Aerodactyl,3,Samurott-Hisui,Hisuian Samurott,Black Glasses,Sharpness,Ceaseless Edge:Sucker Punch:Sacred Sword:Protect,Ceaseless Edge,Sucker Punch,Sacred Sword,Protect,Charizard-Mega-Y:Metagross-Mega:Sylveon:Garchomp:Aerodactyl
2026-06-29,2026-06-29T12:00:03Z,pikalytics,gen9championsvgc2026regma,"Best Pokemon, teams, and builds in Pokemon Champions VGC 2026",https://pikalytics.com/pokedex/gen9championsvgc2026regma,9,6,Chinese Spy,Chinese Spy,8-1,8,1,0,9,88.89,Intimidators Champions Challenge #19 REG M-B,2026-06-18,1,1,41,https://play.limitlesstcg.com/tournament/6a2fe50b2d97f3b0c261746a/player/wochienreaction/teamlist,https://play.limitlesstcg.com/tournament/6a2fe50b2d97f3b0c261746a/standings,Charizard-Mega-Y:Metagross-Mega:Samurott-Hisui:Sylveon:Garchomp:Aerodactyl,4,Sylveon,Sylveon,Fairy Feather,Pixilate,Hyper Beam:Hyper Voice:Quick Attack:Protect,Hyper Beam,Hyper Voice,Quick Attack,Protect,Charizard-Mega-Y:Metagross-Mega:Samurott-Hisui:Garchomp:Aerodactyl
2026-06-29,2026-06-29T12:00:03Z,pikalytics,gen9championsvgc2026regma,"Best Pokemon, teams, and builds in Pokemon Champions VGC 2026",https://pikalytics.com/pokedex/gen9championsvgc2026regma,9,6,Chinese Spy,Chinese Spy,8-1,8,1,0,9,88.89,Intimidators Champions Challenge #19 REG M-B,2026-06-18,1,1,41,https://play.limitlesstcg.com/tournament/6a2fe50b2d97f3b0c261746a/player/wochienreaction/teamlist,https://play.limitlesstcg.com/tournament/6a2fe50b2d97f3b0c261746a/standings,Charizard-Mega-Y:Metagross-Mega:Samurott-Hisui:Sylveon:Garchomp:Aerodactyl,5,Garchomp,Garchomp,Life Orb,Rough Skin,Dragon Claw:Protect:Earthquake:Rock Tomb,Dragon Claw,Protect,Earthquake,Rock Tomb,Charizard-Mega-Y:Metagross-Mega:Samurott-Hisui:Sylveon:Aerodactyl
2026-06-29,2026-06-29T12:00:03Z,pikalytics,gen9championsvgc2026regma,"Best Pokemon, teams, and builds in Pokemon Champions VGC 2026",https://pikalytics.com/pokedex/gen9championsvgc2026regma,9,6,Chinese Spy,Chinese Spy,8-1,8,1,0,9,88.89,Intimidators Champions Challenge #19 REG M-B,2026-06-18,1,1,41,https://play.limitlesstcg.com/tournament/6a2fe50b2d97f3b0c261746a/player/wochienreaction/teamlist,https://play.limitlesstcg.com/tournament/6a2fe50b2d97f3b0c261746a/standings,Charizard-Mega-Y:Metagross-Mega:Samurott-Hisui:Sylveon:Garchomp:Aerodactyl,6,Aerodactyl,Aerodactyl,Focus Sash,Unnerve,Tailwind:Rock Slide:Wide Guard:Protect,Tailwind,Rock Slide,Wide Guard,Protect,Charizard-Mega-Y:Metagross-Mega:Samurott-Hisui:Sylveon:Garchomp
2026-06-23,2026-06-23T12:00:02Z,pikalytics,gen9championsvgc2026regma,"Best Pokemon, teams, and builds in Pokemon Champions VGC 2026",https://pikalytics.com/pokedex/gen9championsvgc2026regma,10,6,CptAuroOG,CptAuroOG,4-0,4,0,0,4,100.00,London Corviknight VGC Weekly tour!,2026-06-18,1,1,5,https://play.limitlesstcg.com/tournament/6a29aa50e334c3c9befd3385/player/cptauroog/teamlist,https://play.limitlesstcg.com/tournament/6a29aa50e334c3c9befd3385/standings,Archaludon:Pelipper:Raichu-Mega-X:Swampert-Mega:Annihilape:Maushold,1,Archaludon,Archaludon,Leftovers,Stamina,Flash Cannon:Dragon Pulse:Electro Shot:Protect,Flash Cannon,Dragon Pulse,Electro Shot,Protect,Pelipper:Raichu-Mega-X:Swampert-Mega:Annihilape:Maushold
2026-06-19,2026-06-19T12:00:03Z,pikalytics,gen9championsvgc2026regma,"Best Pokemon, teams, and builds in Pokemon Champions VGC 2026",https://pikalytics.com/pokedex/gen9championsvgc2026regma,10,6,seafoamshores,seafoamshores,5-2,5,2,0,7,71.43,REG B DAY 1 THROWDOWN BABYYYYYYYYYYY,2026-06-18,1,1,14,https://play.limitlesstcg.com/tournament/6a3228dee334c3c9befd8572/player/seafoamshores/teamlist,https://play.limitlesstcg.com/tournament/6a3228dee334c3c9befd8572/standings,Swampert-Mega:Pelipper:Archaludon:Raichu-Mega-X:Sableye:Sinistcha,1,Swampert-Mega,Swampert,Swampertite,Torrent,Wave Crash:Earthquake:Ice Punch:Protect,Wave Crash,Earthquake,Ice Punch,Protect,Pelipper:Archaludon:Raichu-Mega-X:Sableye:Sinistcha
2026-06-18,2026-06-18T12:00:03Z,pikalytics,gen9championsvgc2026regma,"Best Pokemon, teams, and builds in Pokemon Champions VGC 2026",https://pikalytics.com/pokedex/gen9championsvgc2026regma,10,6,Fluffy_m1n,Fluffy_m1n,6-1,6,1,0,7,85.71,REG B DAY 1 THROWDOWN BABYYYYYYYYYYY,2026-06-18,2,0,14,https://play.limitlesstcg.com/tournament/6a3228dee334c3c9befd8572/player/fluffy_m1n/teamlist,https://play.limitlesstcg.com/tournament/6a3228dee334c3c9befd8572/standings,Whimsicott:Ninetales-Alola:Raichu:Metagross-Mega:Kingambit:Basculegion,1,Whimsicott,Whimsicott,Focus Sash,Prankster,Protect:Moonblast:Tailwind:Encore,Protect,Moonblast,Tailwind,Encore,Ninetales-Alola:Raichu:Metagross-Mega:Kingambit:Basculegion
2026-06-18,2026-06-18T12:00:03Z,pikalytics,gen9championsvgc2026regma,"Best Pokemon, teams, and builds in Pokemon Champions VGC 2026",https://pikalytics.com/pokedex/gen9championsvgc2026regma,10,6,Fluffy_m1n,Fluffy_m1n,6-1,6,1,0,7,85.71,REG B DAY 1 THROWDOWN BABYYYYYYYYYYY,2026-06-18,2,0,14,https://play.limitlesstcg.com/tournament/6a3228dee334c3c9befd8572/player/fluffy_m1n/teamlist,https://play.limitlesstcg.com/tournament/6a3228dee334c3c9befd8572/standings,Whimsicott:Ninetales-Alola:Raichu:Metagross-Mega:Kingambit:Basculegion,2,Ninetales-Alola,Alolan Ninetales,Life Orb,Snow Warning,Protect:Blizzard:Moonblast:Freeze-Dry,Protect,Blizzard,Moonblast,Freeze-Dry,Whimsicott:Raichu:Metagross-Mega:Kingambit:Basculegion
2026-06-19,2026-06-19T12:00:03Z,pikalytics,gen9championsvgc2026regma,"Best Pokemon, teams, and builds in Pokemon Champions VGC 2026",https://pikalytics.com/pokedex/gen9championsvgc2026regma,10,6,seafoamshores,seafoamshores,5-2,5,2,0,7,71.43,REG B DAY 1 THROWDOWN BABYYYYYYYYYYY,2026-06-18,1,1,14,https://play.limitlesstcg.com/tournament/6a3228dee334c3c9befd8572/player/seafoamshores/teamlist,https://play.limitlesstcg.com/tournament/6a3228dee334c3c9befd8572/standings,Swampert-Mega:Pelipper:Archaludon:Raichu-Mega-X:Sableye:Sinistcha,2,Pelipper,Pelipper,Focus Sash,Drizzle,Tailwind:Hurricane:Weather Ball:Wide Guard,Tailwind,Hurricane,Weather Ball,Wide Guard,Swampert-Mega:Archaludon:Raichu-Mega-X:Sableye:Sinistcha
2026-06-23,2026-06-23T12:00:02Z,pikalytics,gen9championsvgc2026regma,"Best Pokemon, teams, and builds in Pokemon Champions VGC 2026",https://pikalytics.com/pokedex/gen9championsvgc2026regma,10,6,CptAuroOG,CptAuroOG,4-0,4,0,0,4,100.00,London Corviknight VGC Weekly tour!,2026-06-18,1,1,5,https://play.limitlesstcg.com/tournament/6a29aa50e334c3c9befd3385/player/cptauroog/teamlist,https://play.limitlesstcg.com/tournament/6a29aa50e334c3c9befd3385/standings,Archaludon:Pelipper:Raichu-Mega-X:Swampert-Mega:Annihilape:Maushold,2,Pelipper,Pelipper,Damp Rock,Drizzle,Weather Ball:Hurricane:Wide Guard:Tailwind,Weather Ball,Hurricane,Wide Guard,Tailwind,Archaludon:Raichu-Mega-X:Swampert-Mega:Annihilape:Maushold
2026-06-19,2026-06-19T12:00:03Z,pikalytics,gen9championsvgc2026regma,"Best Pokemon, teams, and builds in Pokemon Champions VGC 2026",https://pikalytics.com/pokedex/gen9championsvgc2026regma,10,6,seafoamshores,seafoamshores,5-2,5,2,0,7,71.43,REG B DAY 1 THROWDOWN BABYYYYYYYYYYY,2026-06-18,1,1,14,https://play.limitlesstcg.com/tournament/6a3228dee334c3c9befd8572/player/seafoamshores/teamlist,https://play.limitlesstcg.com/tournament/6a3228dee334c3c9befd8572/standings,Swampert-Mega:Pelipper:Archaludon:Raichu-Mega-X:Sableye:Sinistcha,3,Archaludon,Archaludon,Leftovers,Stamina,Electro Shot:Dragon Pulse:Flash Cannon:Protect,Electro Shot,Dragon Pulse,Flash Cannon,Protect,Swampert-Mega:Pelipper:Raichu-Mega-X:Sableye:Sinistcha
2026-06-18,2026-06-18T12:00:03Z,pikalytics,gen9championsvgc2026regma,"Best Pokemon, teams, and builds in Pokemon Champions VGC 2026",https://pikalytics.com/pokedex/gen9championsvgc2026regma,10,6,Fluffy_m1n,Fluffy_m1n,6-1,6,1,0,7,85.71,REG B DAY 1 THROWDOWN BABYYYYYYYYYYY,2026-06-18,2,0,14,https://play.limitlesstcg.com/tournament/6a3228dee334c3c9befd8572/player/fluffy_m1n/teamlist,https://play.limitlesstcg.com/tournament/6a3228dee334c3c9befd8572/standings,Whimsicott:Ninetales-Alola:Raichu:Metagross-Mega:Kingambit:Basculegion,3,Raichu,Raichu,Raichunite Y,Lightning Rod,Protect:Fake Out:Zap Cannon:Focus Blast,Protect,Fake Out,Zap Cannon,Focus Blast,Whimsicott:Ninetales-Alola:Metagross-Mega:Kingambit:Basculegion
2026-06-23,2026-06-23T12:00:02Z,pikalytics,gen9championsvgc2026regma,"Best Pokemon, teams, and builds in Pokemon Champions VGC 2026",https://pikalytics.com/pokedex/gen9championsvgc2026regma,10,6,CptAuroOG,CptAuroOG,4-0,4,0,0,4,100.00,London Corviknight VGC Weekly tour!,2026-06-18,1,1,5,https://play.limitlesstcg.com/tournament/6a29aa50e334c3c9befd3385/player/cptauroog/teamlist,https://play.limitlesstcg.com/tournament/6a29aa50e334c3c9befd3385/standings,Archaludon:Pelipper:Raichu-Mega-X:Swampert-Mega:Annihilape:Maushold,3,Raichu-Mega-X,Raichu,Raichunite X,Lightning Rod,Rising Voltage:Rain Dance:Volt Switch:Fake Out,Rising Voltage,Rain Dance,Volt Switch,Fake Out,Archaludon:Pelipper:Swampert-Mega:Annihilape:Maushold
2026-06-18,2026-06-18T12:00:03Z,pikalytics,gen9championsvgc2026regma,"Best Pokemon, teams, and builds in Pokemon Champions VGC 2026",https://pikalytics.com/pokedex/gen9championsvgc2026regma,10,6,Fluffy_m1n,Fluffy_m1n,6-1,6,1,0,7,85.71,REG B DAY 1 THROWDOWN BABYYYYYYYYYYY,2026-06-18,2,0,14,https://play.limitlesstcg.com/tournament/6a3228dee334c3c9befd8572/player/fluffy_m1n/teamlist,https://play.limitlesstcg.com/tournament/6a3228dee334c3c9befd8572/standings,Whimsicott:Ninetales-Alola:Raichu:Metagross-Mega:Kingambit:Basculegion,4,Metagross-Mega,Metagross,Metagrossite,Clear Body,Protect:Bullet Punch:Iron Head:Psychic Fangs,Protect,Bullet Punch,Iron Head,Psychic Fangs,Whimsicott:Ninetales-Alola:Raichu:Kingambit:Basculegion
2026-06-19,2026-06-19T12:00:03Z,pikalytics,gen9championsvgc2026regma,"Best Pokemon, teams, and builds in Pokemon Champions VGC 2026",https://pikalytics.com/pokedex/gen9championsvgc2026regma,10,6,seafoamshores,seafoamshores,5-2,5,2,0,7,71.43,REG B DAY 1 THROWDOWN BABYYYYYYYYYYY,2026-06-18,1,1,14,https://play.limitlesstcg.com/tournament/6a3228dee334c3c9befd8572/player/seafoamshores/teamlist,https://play.limitlesstcg.com/tournament/6a3228dee334c3c9befd8572/standings,Swampert-Mega:Pelipper:Archaludon:Raichu-Mega-X:Sableye:Sinistcha,4,Raichu-Mega-X,Raichu,Raichunite X,Lightning Rod,Protect:Encore:Volt Switch:Volt Tackle,Protect,Encore,Volt Switch,Volt Tackle,Swampert-Mega:Pelipper:Archaludon:Sableye:Sinistcha
2026-06-23,2026-06-23T12:00:02Z,pikalytics,gen9championsvgc2026regma,"Best Pokemon, teams, and builds in Pokemon Champions VGC 2026",https://pikalytics.com/pokedex/gen9championsvgc2026regma,10,6,CptAuroOG,CptAuroOG,4-0,4,0,0,4,100.00,London Corviknight VGC Weekly tour!,2026-06-18,1,1,5,https://play.limitlesstcg.com/tournament/6a29aa50e334c3c9befd3385/player/cptauroog/teamlist,https://play.limitlesstcg.com/tournament/6a29aa50e334c3c9befd3385/standings,Archaludon:Pelipper:Raichu-Mega-X:Swampert-Mega:Annihilape:Maushold,4,Swampert-Mega,Swampert,Swampertite,Swift Swim,Wave Crash:Earthquake:Ice Punch:Protect,Wave Crash,Earthquake,Ice Punch,Protect,Archaludon:Pelipper:Raichu-Mega-X:Annihilape:Maushold
2026-06-23,2026-06-23T12:00:02Z,pikalytics,gen9championsvgc2026regma,"Best Pokemon, teams, and builds in Pokemon Champions VGC 2026",https://pikalytics.com/pokedex/gen9championsvgc2026regma,10,6,CptAuroOG,CptAuroOG,4-0,4,0,0,4,100.00,London Corviknight VGC Weekly tour!,2026-06-18,1,1,5,https://play.limitlesstcg.com/tournament/6a29aa50e334c3c9befd3385/player/cptauroog/teamlist,https://play.limitlesstcg.com/tournament/6a29aa50e334c3c9befd3385/standings,Archaludon:Pelipper:Raichu-Mega-X:Swampert-Mega:Annihilape:Maushold,5,Annihilape,Annihilape,Sitrus Berry,Defiant,Drain Punch:Rage Fist:Bulk Up:Protect,Drain Punch,Rage Fist,Bulk Up,Protect,Archaludon:Pelipper:Raichu-Mega-X:Swampert-Mega:Maushold
2026-06-18,2026-06-18T12:00:03Z,pikalytics,gen9championsvgc2026regma,"Best Pokemon, teams, and builds in Pokemon Champions VGC 2026",https://pikalytics.com/pokedex/gen9championsvgc2026regma,10,6,Fluffy_m1n,Fluffy_m1n,6-1,6,1,0,7,85.71,REG B DAY 1 THROWDOWN BABYYYYYYYYYYY,2026-06-18,2,0,14,https://play.limitlesstcg.com/tournament/6a3228dee334c3c9befd8572/player/fluffy_m1n/teamlist,https://play.limitlesstcg.com/tournament/6a3228dee334c3c9befd8572/standings,Whimsicott:Ninetales-Alola:Raichu:Metagross-Mega:Kingambit:Basculegion,5,Kingambit,Kingambit,Chople Berry,Defiant,Protect:Kowtow Cleave:Sucker Punch:Low Kick,Protect,Kowtow Cleave,Sucker Punch,Low Kick,Whimsicott:Ninetales-Alola:Raichu:Metagross-Mega:Basculegion
2026-06-19,2026-06-19T12:00:03Z,pikalytics,gen9championsvgc2026regma,"Best Pokemon, teams, and builds in Pokemon Champions VGC 2026",https://pikalytics.com/pokedex/gen9championsvgc2026regma,10,6,seafoamshores,seafoamshores,5-2,5,2,0,7,71.43,REG B DAY 1 THROWDOWN BABYYYYYYYYYYY,2026-06-18,1,1,14,https://play.limitlesstcg.com/tournament/6a3228dee334c3c9befd8572/player/seafoamshores/teamlist,https://play.limitlesstcg.com/tournament/6a3228dee334c3c9befd8572/standings,Swampert-Mega:Pelipper:Archaludon:Raichu-Mega-X:Sableye:Sinistcha,5,Sableye,Sableye,Light Clay,Prankster,Foul Play:Reflect:Light Screen:Rain Dance,Foul Play,Reflect,Light Screen,Rain Dance,Swampert-Mega:Pelipper:Archaludon:Raichu-Mega-X:Sinistcha
2026-06-18,2026-06-18T12:00:03Z,pikalytics,gen9championsvgc2026regma,"Best Pokemon, teams, and builds in Pokemon Champions VGC 2026",https://pikalytics.com/pokedex/gen9championsvgc2026regma,10,6,Fluffy_m1n,Fluffy_m1n,6-1,6,1,0,7,85.71,REG B DAY 1 THROWDOWN BABYYYYYYYYYYY,2026-06-18,2,0,14,https://play.limitlesstcg.com/tournament/6a3228dee334c3c9befd8572/player/fluffy_m1n/teamlist,https://play.limitlesstcg.com/tournament/6a3228dee334c3c9befd8572/standings,Whimsicott:Ninetales-Alola:Raichu:Metagross-Mega:Kingambit:Basculegion,6,Basculegion,Basculegion,Mystic Water,Adaptability,Protect:Wave Crash:Last Respects:Aqua Jet,Protect,Wave Crash,Last Respects,Aqua Jet,Whimsicott:Ninetales-Alola:Raichu:Metagross-Mega:Kingambit
2026-06-23,2026-06-23T12:00:02Z,pikalytics,gen9championsvgc2026regma,"Best Pokemon, teams, and builds in Pokemon Champions VGC 2026",https://pikalytics.com/pokedex/gen9championsvgc2026regma,10,6,CptAuroOG,CptAuroOG,4-0,4,0,0,4,100.00,London Corviknight VGC Weekly tour!,2026-06-18,1,1,5,https://play.limitlesstcg.com/tournament/6a29aa50e334c3c9befd3385/player/cptauroog/teamlist,https://play.limitlesstcg.com/tournament/6a29aa50e334c3c9befd3385/standings,Archaludon:Pelipper:Raichu-Mega-X:Swampert-Mega:Annihilape:Maushold,6,Maushold,Maushold,Focus Sash,Friend Guard,Super Fang:Beat Up:Follow Me:Protect,Super Fang,Beat Up,Follow Me,Protect,Archaludon:Pelipper:Raichu-Mega-X:Swampert-Mega:Annihilape
2026-06-19,2026-06-19T12:00:03Z,pikalytics,gen9championsvgc2026regma,"Best Pokemon, teams, and builds in Pokemon Champions VGC 2026",https://pikalytics.com/pokedex/gen9championsvgc2026regma,10,6,seafoamshores,seafoamshores,5-2,5,2,0,7,71.43,REG B DAY 1 THROWDOWN BABYYYYYYYYYYY,2026-06-18,1,1,14,https://play.limitlesstcg.com/tournament/6a3228dee334c3c9befd8572/player/seafoamshores/teamlist,https://play.limitlesstcg.com/tournament/6a3228dee334c3c9befd8572/standings,Swampert-Mega:Pelipper:Archaludon:Raichu-Mega-X:Sableye:Sinistcha,6,Sinistcha,Sinistcha,Sitrus Berry,Hospitality,Rage Powder:Protect:Matcha Gotcha:Life Dew,Rage Powder,Protect,Matcha Gotcha,Life Dew,Swampert-Mega:Pelipper:Archaludon:Raichu-Mega-X:Sableye
2026-06-23,2026-06-23T12:00:02Z,pikalytics,gen9championsvgc2026regma,"Best Pokemon, teams, and builds in Pokemon Champions VGC 2026",https://pikalytics.com/pokedex/gen9championsvgc2026regma,11,6,Lukitax,Lukitax,7-2,7,2,0,9,77.78,Ratorneo #3 Champions 2026 | Reg MB | APTO CELUS,2026-06-18,1,1,24,https://play.limitlesstcg.com/tournament/6a32d1922d97f3b0c261884e/player/lukitax/teamlist,https://play.limitlesstcg.com/tournament/6a32d1922d97f3b0c261884e/standings,Pelipper:Swampert-Mega:Archaludon:Sinistcha:Floette-Eternal-Mega:Incineroar,1,Pelipper,Pelipper,Focus Sash,Drizzle,Weather Ball:Hurricane:Tailwind:Protect,Weather Ball,Hurricane,Tailwind,Protect,Swampert-Mega:Archaludon:Sinistcha:Floette-Eternal-Mega:Incineroar
2026-06-23,2026-06-23T12:00:02Z,pikalytics,gen9championsvgc2026regma,"Best Pokemon, teams, and builds in Pokemon Champions VGC 2026",https://pikalytics.com/pokedex/gen9championsvgc2026regma,11,6,Lukitax,Lukitax,7-2,7,2,0,9,77.78,Ratorneo #3 Champions 2026 | Reg MB | APTO CELUS,2026-06-18,1,1,24,https://play.limitlesstcg.com/tournament/6a32d1922d97f3b0c261884e/player/lukitax/teamlist,https://play.limitlesstcg.com/tournament/6a32d1922d97f3b0c261884e/standings,Pelipper:Swampert-Mega:Archaludon:Sinistcha:Floette-Eternal-Mega:Incineroar,2,Swampert-Mega,Swampert,Swampertite,Damp,Wave Crash:Earthquake:Ice Punch:Protect,Wave Crash,Earthquake,Ice Punch,Protect,Pelipper:Archaludon:Sinistcha:Floette-Eternal-Mega:Incineroar
2026-06-23,2026-06-23T12:00:02Z,pikalytics,gen9championsvgc2026regma,"Best Pokemon, teams, and builds in Pokemon Champions VGC 2026",https://pikalytics.com/pokedex/gen9championsvgc2026regma,11,6,Lukitax,Lukitax,7-2,7,2,0,9,77.78,Ratorneo #3 Champions 2026 | Reg MB | APTO CELUS,2026-06-18,1,1,24,https://play.limitlesstcg.com/tournament/6a32d1922d97f3b0c261884e/player/lukitax/teamlist,https://play.limitlesstcg.com/tournament/6a32d1922d97f3b0c261884e/standings,Pelipper:Swampert-Mega:Archaludon:Sinistcha:Floette-Eternal-Mega:Incineroar,3,Archaludon,Archaludon,Leftovers,Stamina,Dragon Pulse:Flash Cannon:Electro Shot:Protect,Dragon Pulse,Flash Cannon,Electro Shot,Protect,Pelipper:Swampert-Mega:Sinistcha:Floette-Eternal-Mega:Incineroar
2026-06-23,2026-06-23T12:00:02Z,pikalytics,gen9championsvgc2026regma,"Best Pokemon, teams, and builds in Pokemon Champions VGC 2026",https://pikalytics.com/pokedex/gen9championsvgc2026regma,11,6,Lukitax,Lukitax,7-2,7,2,0,9,77.78,Ratorneo #3 Champions 2026 | Reg MB | APTO CELUS,2026-06-18,1,1,24,https://play.limitlesstcg.com/tournament/6a32d1922d97f3b0c261884e/player/lukitax/teamlist,https://play.limitlesstcg.com/tournament/6a32d1922d97f3b0c261884e/standings,Pelipper:Swampert-Mega:Archaludon:Sinistcha:Floette-Eternal-Mega:Incineroar,4,Sinistcha,Sinistcha,Kasib Berry,Hospitality,Matcha Gotcha:Rage Powder:Trick Room:Protect,Matcha Gotcha,Rage Powder,Trick Room,Protect,Pelipper:Swampert-Mega:Archaludon:Floette-Eternal-Mega:Incineroar
2026-06-23,2026-06-23T12:00:02Z,pikalytics,gen9championsvgc2026regma,"Best Pokemon, teams, and builds in Pokemon Champions VGC 2026",https://pikalytics.com/pokedex/gen9championsvgc2026regma,11,6,Lukitax,Lukitax,7-2,7,2,0,9,77.78,Ratorneo #3 Champions 2026 | Reg MB | APTO CELUS,2026-06-18,1,1,24,https://play.limitlesstcg.com/tournament/6a32d1922d97f3b0c261884e/player/lukitax/teamlist,https://play.limitlesstcg.com/tournament/6a32d1922d97f3b0c261884e/standings,Pelipper:Swampert-Mega:Archaludon:Sinistcha:Floette-Eternal-Mega:Incineroar,5,Floette-Eternal-Mega,Eternal Flower Floette,Floettite,Flower Veil,Moonblast:Dazzling Gleam:Protect:Calm Mind,Moonblast,Dazzling Gleam,Protect,Calm Mind,Pelipper:Swampert-Mega:Archaludon:Sinistcha:Incineroar
2026-06-23,2026-06-23T12:00:02Z,pikalytics,gen9championsvgc2026regma,"Best Pokemon, teams, and builds in Pokemon Champions VGC 2026",https://pikalytics.com/pokedex/gen9championsvgc2026regma,11,6,Lukitax,Lukitax,7-2,7,2,0,9,77.78,Ratorneo #3 Champions 2026 | Reg MB | APTO CELUS,2026-06-18,1,1,24,https://play.limitlesstcg.com/tournament/6a32d1922d97f3b0c261884e/player/lukitax/teamlist,https://play.limitlesstcg.com/tournament/6a32d1922d97f3b0c261884e/standings,Pelipper:Swampert-Mega:Archaludon:Sinistcha:Floette-Eternal-Mega:Incineroar,6,Incineroar,Incineroar,Sitrus Berry,Intimidate,Flare Blitz:Throat Chop:Parting Shot:Fake Out,Flare Blitz,Throat Chop,Parting Shot,Fake Out,Pelipper:Swampert-Mega:Archaludon:Sinistcha:Floette-Eternal-Mega
2026-06-19,2026-06-19T12:00:03Z,pikalytics,gen9championsvgc2026regma,"Best Pokemon, teams, and builds in Pokemon Champions VGC 2026",https://pikalytics.com/pokedex/gen9championsvgc2026regma,13,6,Fluffy_m1n,Fluffy_m1n,6-1,6,1,0,7,85.71,REG B DAY 1 THROWDOWN BABYYYYYYYYYYY,2026-06-18,2,0,14,https://play.limitlesstcg.com/tournament/6a3228dee334c3c9befd8572/player/fluffy_m1n/teamlist,https://play.limitlesstcg.com/tournament/6a3228dee334c3c9befd8572/standings,Whimsicott:Ninetales-Alola:Raichu-Mega-Y:Metagross-Mega:Kingambit:Basculegion,1,Whimsicott,Whimsicott,Focus Sash,Prankster,Protect:Moonblast:Tailwind:Encore,Protect,Moonblast,Tailwind,Encore,Ninetales-Alola:Raichu-Mega-Y:Metagross-Mega:Kingambit:Basculegion
2026-06-19,2026-06-19T12:00:03Z,pikalytics,gen9championsvgc2026regma,"Best Pokemon, teams, and builds in Pokemon Champions VGC 2026",https://pikalytics.com/pokedex/gen9championsvgc2026regma,13,6,Fluffy_m1n,Fluffy_m1n,6-1,6,1,0,7,85.71,REG B DAY 1 THROWDOWN BABYYYYYYYYYYY,2026-06-18,2,0,14,https://play.limitlesstcg.com/tournament/6a3228dee334c3c9befd8572/player/fluffy_m1n/teamlist,https://play.limitlesstcg.com/tournament/6a3228dee334c3c9befd8572/standings,Whimsicott:Ninetales-Alola:Raichu-Mega-Y:Metagross-Mega:Kingambit:Basculegion,2,Ninetales-Alola,Alolan Ninetales,Life Orb,Snow Warning,Protect:Blizzard:Moonblast:Freeze-Dry,Protect,Blizzard,Moonblast,Freeze-Dry,Whimsicott:Raichu-Mega-Y:Metagross-Mega:Kingambit:Basculegion
2026-06-19,2026-06-19T12:00:03Z,pikalytics,gen9championsvgc2026regma,"Best Pokemon, teams, and builds in Pokemon Champions VGC 2026",https://pikalytics.com/pokedex/gen9championsvgc2026regma,13,6,Fluffy_m1n,Fluffy_m1n,6-1,6,1,0,7,85.71,REG B DAY 1 THROWDOWN BABYYYYYYYYYYY,2026-06-18,2,0,14,https://play.limitlesstcg.com/tournament/6a3228dee334c3c9befd8572/player/fluffy_m1n/teamlist,https://play.limitlesstcg.com/tournament/6a3228dee334c3c9befd8572/standings,Whimsicott:Ninetales-Alola:Raichu-Mega-Y:Metagross-Mega:Kingambit:Basculegion,3,Raichu-Mega-Y,Raichu,Raichunite Y,Lightning Rod,Protect:Fake Out:Zap Cannon:Focus Blast,Protect,Fake Out,Zap Cannon,Focus Blast,Whimsicott:Ninetales-Alola:Metagross-Mega:Kingambit:Basculegion
2026-06-19,2026-06-19T12:00:03Z,pikalytics,gen9championsvgc2026regma,"Best Pokemon, teams, and builds in Pokemon Champions VGC 2026",https://pikalytics.com/pokedex/gen9championsvgc2026regma,13,6,Fluffy_m1n,Fluffy_m1n,6-1,6,1,0,7,85.71,REG B DAY 1 THROWDOWN BABYYYYYYYYYYY,2026-06-18,2,0,14,https://play.limitlesstcg.com/tournament/6a3228dee334c3c9befd8572/player/fluffy_m1n/teamlist,https://play.limitlesstcg.com/tournament/6a3228dee334c3c9befd8572/standings,Whimsicott:Ninetales-Alola:Raichu-Mega-Y:Metagross-Mega:Kingambit:Basculegion,4,Metagross-Mega,Metagross,Metagrossite,Clear Body,Protect:Bullet Punch:Iron Head:Psychic Fangs,Protect,Bullet Punch,Iron Head,Psychic Fangs,Whimsicott:Ninetales-Alola:Raichu-Mega-Y:Kingambit:Basculegion
2026-06-19,2026-06-19T12:00:03Z,pikalytics,gen9championsvgc2026regma,"Best Pokemon, teams, and builds in Pokemon Champions VGC 2026",https://pikalytics.com/pokedex/gen9championsvgc2026regma,13,6,Fluffy_m1n,Fluffy_m1n,6-1,6,1,0,7,85.71,REG B DAY 1 THROWDOWN BABYYYYYYYYYYY,2026-06-18,2,0,14,https://play.limitlesstcg.com/tournament/6a3228dee334c3c9befd8572/player/fluffy_m1n/teamlist,https://play.limitlesstcg.com/tournament/6a3228dee334c3c9befd8572/standings,Whimsicott:Ninetales-Alola:Raichu-Mega-Y:Metagross-Mega:Kingambit:Basculegion,5,Kingambit,Kingambit,Chople Berry,Defiant,Protect:Kowtow Cleave:Sucker Punch:Low Kick,Protect,Kowtow Cleave,Sucker Punch,Low Kick,Whimsicott:Ninetales-Alola:Raichu-Mega-Y:Metagross-Mega:Basculegion
2026-06-19,2026-06-19T12:00:03Z,pikalytics,gen9championsvgc2026regma,"Best Pokemon, teams, and builds in Pokemon Champions VGC 2026",https://pikalytics.com/pokedex/gen9championsvgc2026regma,13,6,Fluffy_m1n,Fluffy_m1n,6-1,6,1,0,7,85.71,REG B DAY 1 THROWDOWN BABYYYYYYYYYYY,2026-06-18,2,0,14,https://play.limitlesstcg.com/tournament/6a3228dee334c3c9befd8572/player/fluffy_m1n/teamlist,https://play.limitlesstcg.com/tournament/6a3228dee334c3c9befd8572/standings,Whimsicott:Ninetales-Alola:Raichu-Mega-Y:Metagross-Mega:Kingambit:Basculegion,6,Basculegion,Basculegion,Mystic Water,Adaptability,Protect:Wave Crash:Last Respects:Aqua Jet,Protect,Wave Crash,Last Respects,Aqua Jet,Whimsicott:Ninetales-Alola:Raichu-Mega-Y:Metagross-Mega:Kingambit
2026-06-19,2026-06-19T12:00:03Z,pikalytics,gen9championsvgc2026regma,"Best Pokemon, teams, and builds in Pokemon Champions VGC 2026",https://pikalytics.com/pokedex/gen9championsvgc2026regma,14,6,Yoshi1267,Yoshi1267,2-0,2,0,0,2,100.00,Tenki's x MMHM - Champions M-B,2026-06-18,2,0,49,https://play.limitlesstcg.com/tournament/6a04baa9dfbdf089cbbd9917/player/yoshi1267/teamlist,https://play.limitlesstcg.com/tournament/6a04baa9dfbdf089cbbd9917/standings,Delphox-Mega:Primarina:Sneasler:Kingambit:Sinistcha:Incineroar,1,Delphox-Mega,Delphox,Delphoxite,Blaze,Heat Wave:Psyshock:Nasty Plot:Protect,Heat Wave,Psyshock,Nasty Plot,Protect,Primarina:Sneasler:Kingambit:Sinistcha:Incineroar
2026-06-23,2026-06-23T12:00:02Z,pikalytics,gen9championsvgc2026regma,"Best Pokemon, teams, and builds in Pokemon Champions VGC 2026",https://pikalytics.com/pokedex/gen9championsvgc2026regma,14,6,Hirseknabe,Hirseknabe,8-2,8,2,0,10,80.00,r/VGC Regulation M-B Kickoff Cup,2026-06-18,2,0,231,https://play.limitlesstcg.com/tournament/6a32a5ae2d97f3b0c2618621/player/hirseknabe/teamlist,https://play.limitlesstcg.com/tournament/6a32a5ae2d97f3b0c2618621/standings,Kangaskhan-Mega:Farigiraf:Torkoal:Basculegion:Vileplume:Kommo-o,1,Kangaskhan-Mega,Kangaskhan,Kangaskhanite,Scrappy,Double-Edge:Fake Out:Low Kick:Sucker Punch,Double-Edge,Fake Out,Low Kick,Sucker Punch,Farigiraf:Torkoal:Basculegion:Vileplume:Kommo-o
2026-06-23,2026-06-23T12:00:02Z,pikalytics,gen9championsvgc2026regma,"Best Pokemon, teams, and builds in Pokemon Champions VGC 2026",https://pikalytics.com/pokedex/gen9championsvgc2026regma,14,6,Hirseknabe,Hirseknabe,8-2,8,2,0,10,80.00,r/VGC Regulation M-B Kickoff Cup,2026-06-18,2,0,231,https://play.limitlesstcg.com/tournament/6a32a5ae2d97f3b0c2618621/player/hirseknabe/teamlist,https://play.limitlesstcg.com/tournament/6a32a5ae2d97f3b0c2618621/standings,Kangaskhan-Mega:Farigiraf:Torkoal:Basculegion:Vileplume:Kommo-o,2,Farigiraf,Farigiraf,Colbur Berry,Armor Tail,Hyper Voice:Psychic:Protect:Trick Room,Hyper Voice,Psychic,Protect,Trick Room,Kangaskhan-Mega:Torkoal:Basculegion:Vileplume:Kommo-o
2026-06-19,2026-06-19T12:00:03Z,pikalytics,gen9championsvgc2026regma,"Best Pokemon, teams, and builds in Pokemon Champions VGC 2026",https://pikalytics.com/pokedex/gen9championsvgc2026regma,14,6,Yoshi1267,Yoshi1267,2-0,2,0,0,2,100.00,Tenki's x MMHM - Champions M-B,2026-06-18,2,0,49,https://play.limitlesstcg.com/tournament/6a04baa9dfbdf089cbbd9917/player/yoshi1267/teamlist,https://play.limitlesstcg.com/tournament/6a04baa9dfbdf089cbbd9917/standings,Delphox-Mega:Primarina:Sneasler:Kingambit:Sinistcha:Incineroar,2,Primarina,Primarina,Life Orb,Liquid Voice,Hyper Voice:Draining Kiss:Moonblast:Protect,Hyper Voice,Draining Kiss,Moonblast,Protect,Delphox-Mega:Sneasler:Kingambit:Sinistcha:Incineroar
2026-06-19,2026-06-19T12:00:03Z,pikalytics,gen9championsvgc2026regma,"Best Pokemon, teams, and builds in Pokemon Champions VGC 2026",https://pikalytics.com/pokedex/gen9championsvgc2026regma,14,6,Yoshi1267,Yoshi1267,2-0,2,0,0,2,100.00,Tenki's x MMHM - Champions M-B,2026-06-18,2,0,49,https://play.limitlesstcg.com/tournament/6a04baa9dfbdf089cbbd9917/player/yoshi1267/teamlist,https://play.limitlesstcg.com/tournament/6a04baa9dfbdf089cbbd9917/standings,Delphox-Mega:Primarina:Sneasler:Kingambit:Sinistcha:Incineroar,3,Sneasler,Sneasler,Focus Sash,Poison Touch,Dire Claw:Close Combat:Quick Guard:Fake Out,Dire Claw,Close Combat,Quick Guard,Fake Out,Delphox-Mega:Primarina:Kingambit:Sinistcha:Incineroar
2026-06-23,2026-06-23T12:00:02Z,pikalytics,gen9championsvgc2026regma,"Best Pokemon, teams, and builds in Pokemon Champions VGC 2026",https://pikalytics.com/pokedex/gen9championsvgc2026regma,14,6,Hirseknabe,Hirseknabe,8-2,8,2,0,10,80.00,r/VGC Regulation M-B Kickoff Cup,2026-06-18,2,0,231,https://play.limitlesstcg.com/tournament/6a32a5ae2d97f3b0c2618621/player/hirseknabe/teamlist,https://play.limitlesstcg.com/tournament/6a32a5ae2d97f3b0c2618621/standings,Kangaskhan-Mega:Farigiraf:Torkoal:Basculegion:Vileplume:Kommo-o,3,Torkoal,Torkoal,Charcoal,Drought,Eruption:Weather Ball:Earth Power:Protect,Eruption,Weather Ball,Earth Power,Protect,Kangaskhan-Mega:Farigiraf:Basculegion:Vileplume:Kommo-o
2026-06-23,2026-06-23T12:00:02Z,pikalytics,gen9championsvgc2026regma,"Best Pokemon, teams, and builds in Pokemon Champions VGC 2026",https://pikalytics.com/pokedex/gen9championsvgc2026regma,14,6,Hirseknabe,Hirseknabe,8-2,8,2,0,10,80.00,r/VGC Regulation M-B Kickoff Cup,2026-06-18,2,0,231,https://play.limitlesstcg.com/tournament/6a32a5ae2d97f3b0c2618621/player/hirseknabe/teamlist,https://play.limitlesstcg.com/tournament/6a32a5ae2d97f3b0c2618621/standings,Kangaskhan-Mega:Farigiraf:Torkoal:Basculegion:Vileplume:Kommo-o,4,Basculegion,Basculegion,Choice Scarf,Adaptability,Aqua Jet:Wave Crash:Last Respects:Flip Turn,Aqua Jet,Wave Crash,Last Respects,Flip Turn,Kangaskhan-Mega:Farigiraf:Torkoal:Vileplume:Kommo-o
2026-06-19,2026-06-19T12:00:03Z,pikalytics,gen9championsvgc2026regma,"Best Pokemon, teams, and builds in Pokemon Champions VGC 2026",https://pikalytics.com/pokedex/gen9championsvgc2026regma,14,6,Yoshi1267,Yoshi1267,2-0,2,0,0,2,100.00,Tenki's x MMHM - Champions M-B,2026-06-18,2,0,49,https://play.limitlesstcg.com/tournament/6a04baa9dfbdf089cbbd9917/player/yoshi1267/teamlist,https://play.limitlesstcg.com/tournament/6a04baa9dfbdf089cbbd9917/standings,Delphox-Mega:Primarina:Sneasler:Kingambit:Sinistcha:Incineroar,4,Kingambit,Kingambit,Black Glasses,Defiant,Sucker Punch:Kowtow Cleave:Swords Dance:Protect,Sucker Punch,Kowtow Cleave,Swords Dance,Protect,Delphox-Mega:Primarina:Sneasler:Sinistcha:Incineroar
2026-06-19,2026-06-19T12:00:03Z,pikalytics,gen9championsvgc2026regma,"Best Pokemon, teams, and builds in Pokemon Champions VGC 2026",https://pikalytics.com/pokedex/gen9championsvgc2026regma,14,6,Yoshi1267,Yoshi1267,2-0,2,0,0,2,100.00,Tenki's x MMHM - Champions M-B,2026-06-18,2,0,49,https://play.limitlesstcg.com/tournament/6a04baa9dfbdf089cbbd9917/player/yoshi1267/teamlist,https://play.limitlesstcg.com/tournament/6a04baa9dfbdf089cbbd9917/standings,Delphox-Mega:Primarina:Sneasler:Kingambit:Sinistcha:Incineroar,5,Sinistcha,Sinistcha,Kasib Berry,Hospitality,Matcha Gotcha:Rage Powder:Trick Room:Protect,Matcha Gotcha,Rage Powder,Trick Room,Protect,Delphox-Mega:Primarina:Sneasler:Kingambit:Incineroar
2026-06-23,2026-06-23T12:00:02Z,pikalytics,gen9championsvgc2026regma,"Best Pokemon, teams, and builds in Pokemon Champions VGC 2026",https://pikalytics.com/pokedex/gen9championsvgc2026regma,14,6,Hirseknabe,Hirseknabe,8-2,8,2,0,10,80.00,r/VGC Regulation M-B Kickoff Cup,2026-06-18,2,0,231,https://play.limitlesstcg.com/tournament/6a32a5ae2d97f3b0c2618621/player/hirseknabe/teamlist,https://play.limitlesstcg.com/tournament/6a32a5ae2d97f3b0c2618621/standings,Kangaskhan-Mega:Farigiraf:Torkoal:Basculegion:Vileplume:Kommo-o,5,Vileplume,Vileplume,Focus Sash,Chlorophyll,Sludge Bomb:Energy Ball:Sleep Powder:After You,Sludge Bomb,Energy Ball,Sleep Powder,After You,Kangaskhan-Mega:Farigiraf:Torkoal:Basculegion:Kommo-o
2026-06-19,2026-06-19T12:00:03Z,pikalytics,gen9championsvgc2026regma,"Best Pokemon, teams, and builds in Pokemon Champions VGC 2026",https://pikalytics.com/pokedex/gen9championsvgc2026regma,14,6,Yoshi1267,Yoshi1267,2-0,2,0,0,2,100.00,Tenki's x MMHM - Champions M-B,2026-06-18,2,0,49,https://play.limitlesstcg.com/tournament/6a04baa9dfbdf089cbbd9917/player/yoshi1267/teamlist,https://play.limitlesstcg.com/tournament/6a04baa9dfbdf089cbbd9917/standings,Delphox-Mega:Primarina:Sneasler:Kingambit:Sinistcha:Incineroar,6,Incineroar,Incineroar,Sitrus Berry,Intimidate,Fake Out:Flare Blitz:Parting Shot:Throat Chop,Fake Out,Flare Blitz,Parting Shot,Throat Chop,Delphox-Mega:Primarina:Sneasler:Kingambit:Sinistcha
2026-06-23,2026-06-23T12:00:02Z,pikalytics,gen9championsvgc2026regma,"Best Pokemon, teams, and builds in Pokemon Champions VGC 2026",https://pikalytics.com/pokedex/gen9championsvgc2026regma,14,6,Hirseknabe,Hirseknabe,8-2,8,2,0,10,80.00,r/VGC Regulation M-B Kickoff Cup,2026-06-18,2,0,231,https://play.limitlesstcg.com/tournament/6a32a5ae2d97f3b0c2618621/player/hirseknabe/teamlist,https://play.limitlesstcg.com/tournament/6a32a5ae2d97f3b0c2618621/standings,Kangaskhan-Mega:Farigiraf:Torkoal:Basculegion:Vileplume:Kommo-o,6,Kommo-o,Kommo-o,Haban Berry,Overcoat,Clanging Scales:Aura Sphere:Protect:Clangorous Soul,Clanging Scales,Aura Sphere,Protect,Clangorous Soul,Kangaskhan-Mega:Farigiraf:Torkoal:Basculegion:Vileplume
2026-06-25,2026-06-25T12:00:03Z,pikalytics,gen9championsvgc2026regma,"Best Pokemon, teams, and builds in Pokemon Champions VGC 2026",https://pikalytics.com/pokedex/gen9championsvgc2026regma,15,6,Josh Lao,Josh Lao,5-0,5,0,0,5,100.00,Tyrant Thursdays #1,2026-06-18,1,1,27,https://play.limitlesstcg.com/tournament/6a0f033edfbdf089cbbde57a/player/caterqu/teamlist,https://play.limitlesstcg.com/tournament/6a0f033edfbdf089cbbde57a/standings,Annihilape:Kingambit:Sylveon:Farigiraf:Charizard-Mega-Y:Garchomp,1,Annihilape,Annihilape,Roseli Berry,Defiant,Rage Fist:Drain Punch:Bulk Up:Protect,Rage Fist,Drain Punch,Bulk Up,Protect,Kingambit:Sylveon:Farigiraf:Charizard-Mega-Y:Garchomp
2026-06-23,2026-06-23T12:00:02Z,pikalytics,gen9championsvgc2026regma,"Best Pokemon, teams, and builds in Pokemon Champions VGC 2026",https://pikalytics.com/pokedex/gen9championsvgc2026regma,15,6,Ryan Pareja,Ryan Pareja,5-0,5,0,0,5,100.00,Tyrant Thursdays #1,2026-06-18,2,0,27,https://play.limitlesstcg.com/tournament/6a0f033edfbdf089cbbde57a/player/ryanpogi68/teamlist,https://play.limitlesstcg.com/tournament/6a0f033edfbdf089cbbde57a/standings,Dragonite-Mega:Gholdengo:Maushold:Annihilape:Froslass-Mega:Arcanine-Hisui,1,Dragonite-Mega,Dragonite,Dragoninite,Multiscale,Scale Shot:Tailwind:Haze:Protect,Scale Shot,Tailwind,Haze,Protect,Gholdengo:Maushold:Annihilape:Froslass-Mega:Arcanine-Hisui
2026-06-23,2026-06-23T12:00:02Z,pikalytics,gen9championsvgc2026regma,"Best Pokemon, teams, and builds in Pokemon Champions VGC 2026",https://pikalytics.com/pokedex/gen9championsvgc2026regma,15,6,Ryan Pareja,Ryan Pareja,5-0,5,0,0,5,100.00,Tyrant Thursdays #1,2026-06-18,2,0,27,https://play.limitlesstcg.com/tournament/6a0f033edfbdf089cbbde57a/player/ryanpogi68/teamlist,https://play.limitlesstcg.com/tournament/6a0f033edfbdf089cbbde57a/standings,Dragonite-Mega:Gholdengo:Maushold:Annihilape:Froslass-Mega:Arcanine-Hisui,2,Gholdengo,Gholdengo,Life Orb,Good as Gold,Make It Rain:Shadow Ball:Nasty Plot:Protect,Make It Rain,Shadow Ball,Nasty Plot,Protect,Dragonite-Mega:Maushold:Annihilape:Froslass-Mega:Arcanine-Hisui
2026-06-25,2026-06-25T12:00:03Z,pikalytics,gen9championsvgc2026regma,"Best Pokemon, teams, and builds in Pokemon Champions VGC 2026",https://pikalytics.com/pokedex/gen9championsvgc2026regma,15,6,Josh Lao,Josh Lao,5-0,5,0,0,5,100.00,Tyrant Thursdays #1,2026-06-18,1,1,27,https://play.limitlesstcg.com/tournament/6a0f033edfbdf089cbbde57a/player/caterqu/teamlist,https://play.limitlesstcg.com/tournament/6a0f033edfbdf089cbbde57a/standings,Annihilape:Kingambit:Sylveon:Farigiraf:Charizard-Mega-Y:Garchomp,2,Kingambit,Kingambit,Expert Belt,Supreme Overlord,Kowtow Cleave:Iron Head:Sucker Punch:Protect,Kowtow Cleave,Iron Head,Sucker Punch,Protect,Annihilape:Sylveon:Farigiraf:Charizard-Mega-Y:Garchomp
2026-06-23,2026-06-23T12:00:02Z,pikalytics,gen9championsvgc2026regma,"Best Pokemon, teams, and builds in Pokemon Champions VGC 2026",https://pikalytics.com/pokedex/gen9championsvgc2026regma,15,6,Ryan Pareja,Ryan Pareja,5-0,5,0,0,5,100.00,Tyrant Thursdays #1,2026-06-18,2,0,27,https://play.limitlesstcg.com/tournament/6a0f033edfbdf089cbbde57a/player/ryanpogi68/teamlist,https://play.limitlesstcg.com/tournament/6a0f033edfbdf089cbbde57a/standings,Dragonite-Mega:Gholdengo:Maushold:Annihilape:Froslass-Mega:Arcanine-Hisui,3,Maushold,Maushold,Focus Sash,Friend Guard,Super Fang:Beat Up:Follow Me:Protect,Super Fang,Beat Up,Follow Me,Protect,Dragonite-Mega:Gholdengo:Annihilape:Froslass-Mega:Arcanine-Hisui
2026-06-25,2026-06-25T12:00:03Z,pikalytics,gen9championsvgc2026regma,"Best Pokemon, teams, and builds in Pokemon Champions VGC 2026",https://pikalytics.com/pokedex/gen9championsvgc2026regma,15,6,Josh Lao,Josh Lao,5-0,5,0,0,5,100.00,Tyrant Thursdays #1,2026-06-18,1,1,27,https://play.limitlesstcg.com/tournament/6a0f033edfbdf089cbbde57a/player/caterqu/teamlist,https://play.limitlesstcg.com/tournament/6a0f033edfbdf089cbbde57a/standings,Annihilape:Kingambit:Sylveon:Farigiraf:Charizard-Mega-Y:Garchomp,3,Sylveon,Sylveon,Fairy Feather,Pixilate,Hyper Voice:Hyper Beam:Quick Attack:Detect,Hyper Voice,Hyper Beam,Quick Attack,Detect,Annihilape:Kingambit:Farigiraf:Charizard-Mega-Y:Garchomp
2026-06-23,2026-06-23T12:00:02Z,pikalytics,gen9championsvgc2026regma,"Best Pokemon, teams, and builds in Pokemon Champions VGC 2026",https://pikalytics.com/pokedex/gen9championsvgc2026regma,15,6,Ryan Pareja,Ryan Pareja,5-0,5,0,0,5,100.00,Tyrant Thursdays #1,2026-06-18,2,0,27,https://play.limitlesstcg.com/tournament/6a0f033edfbdf089cbbde57a/player/ryanpogi68/teamlist,https://play.limitlesstcg.com/tournament/6a0f033edfbdf089cbbde57a/standings,Dragonite-Mega:Gholdengo:Maushold:Annihilape:Froslass-Mega:Arcanine-Hisui,4,Annihilape,Annihilape,Sitrus Berry,Defiant,Rage Fist:Drain Punch:Bulk Up:Protect,Rage Fist,Drain Punch,Bulk Up,Protect,Dragonite-Mega:Gholdengo:Maushold:Froslass-Mega:Arcanine-Hisui
2026-06-25,2026-06-25T12:00:03Z,pikalytics,gen9championsvgc2026regma,"Best Pokemon, teams, and builds in Pokemon Champions VGC 2026",https://pikalytics.com/pokedex/gen9championsvgc2026regma,15,6,Josh Lao,Josh Lao,5-0,5,0,0,5,100.00,Tyrant Thursdays #1,2026-06-18,1,1,27,https://play.limitlesstcg.com/tournament/6a0f033edfbdf089cbbde57a/player/caterqu/teamlist,https://play.limitlesstcg.com/tournament/6a0f033edfbdf089cbbde57a/standings,Annihilape:Kingambit:Sylveon:Farigiraf:Charizard-Mega-Y:Garchomp,4,Farigiraf,Farigiraf,Sitrus Berry,Armor Tail,Psychic:Beat Up:Trick Room:Protect,Psychic,Beat Up,Trick Room,Protect,Annihilape:Kingambit:Sylveon:Charizard-Mega-Y:Garchomp
2026-06-25,2026-06-25T12:00:03Z,pikalytics,gen9championsvgc2026regma,"Best Pokemon, teams, and builds in Pokemon Champions VGC 2026",https://pikalytics.com/pokedex/gen9championsvgc2026regma,15,6,Josh Lao,Josh Lao,5-0,5,0,0,5,100.00,Tyrant Thursdays #1,2026-06-18,1,1,27,https://play.limitlesstcg.com/tournament/6a0f033edfbdf089cbbde57a/player/caterqu/teamlist,https://play.limitlesstcg.com/tournament/6a0f033edfbdf089cbbde57a/standings,Annihilape:Kingambit:Sylveon:Farigiraf:Charizard-Mega-Y:Garchomp,5,Charizard-Mega-Y,Charizard,Charizardite Y,Blaze,Heat Wave:Weather Ball:Solar Beam:Protect,Heat Wave,Weather Ball,Solar Beam,Protect,Annihilape:Kingambit:Sylveon:Farigiraf:Garchomp
2026-06-23,2026-06-23T12:00:02Z,pikalytics,gen9championsvgc2026regma,"Best Pokemon, teams, and builds in Pokemon Champions VGC 2026",https://pikalytics.com/pokedex/gen9championsvgc2026regma,15,6,Ryan Pareja,Ryan Pareja,5-0,5,0,0,5,100.00,Tyrant Thursdays #1,2026-06-18,2,0,27,https://play.limitlesstcg.com/tournament/6a0f033edfbdf089cbbde57a/player/ryanpogi68/teamlist,https://play.limitlesstcg.com/tournament/6a0f033edfbdf089cbbde57a/standings,Dragonite-Mega:Gholdengo:Maushold:Annihilape:Froslass-Mega:Arcanine-Hisui,5,Froslass-Mega,Froslass,Froslassite,Cursed Body,Blizzard:Aurora Veil:Haze:Protect,Blizzard,Aurora Veil,Haze,Protect,Dragonite-Mega:Gholdengo:Maushold:Annihilape:Arcanine-Hisui
2026-06-23,2026-06-23T12:00:02Z,pikalytics,gen9championsvgc2026regma,"Best Pokemon, teams, and builds in Pokemon Champions VGC 2026",https://pikalytics.com/pokedex/gen9championsvgc2026regma,15,6,Ryan Pareja,Ryan Pareja,5-0,5,0,0,5,100.00,Tyrant Thursdays #1,2026-06-18,2,0,27,https://play.limitlesstcg.com/tournament/6a0f033edfbdf089cbbde57a/player/ryanpogi68/teamlist,https://play.limitlesstcg.com/tournament/6a0f033edfbdf089cbbde57a/standings,Dragonite-Mega:Gholdengo:Maushold:Annihilape:Froslass-Mega:Arcanine-Hisui,6,Arcanine-Hisui,Hisuian Arcanine,Choice Scarf,Rock Head,Head Smash:Flare Blitz:Rock Slide:Psychic Fangs,Head Smash,Flare Blitz,Rock Slide,Psychic Fangs,Dragonite-Mega:Gholdengo:Maushold:Annihilape:Froslass-Mega
2026-06-25,2026-06-25T12:00:03Z,pikalytics,gen9championsvgc2026regma,"Best Pokemon, teams, and builds in Pokemon Champions VGC 2026",https://pikalytics.com/pokedex/gen9championsvgc2026regma,15,6,Josh Lao,Josh Lao,5-0,5,0,0,5,100.00,Tyrant Thursdays #1,2026-06-18,1,1,27,https://play.limitlesstcg.com/tournament/6a0f033edfbdf089cbbde57a/player/caterqu/teamlist,https://play.limitlesstcg.com/tournament/6a0f033edfbdf089cbbde57a/standings,Annihilape:Kingambit:Sylveon:Farigiraf:Charizard-Mega-Y:Garchomp,6,Garchomp,Garchomp,Life Orb,Rough Skin,Dragon Claw:Earthquake:Rock Slide:Protect,Dragon Claw,Earthquake,Rock Slide,Protect,Annihilape:Kingambit:Sylveon:Farigiraf:Charizard-Mega-Y
2026-06-19,2026-06-19T12:00:03Z,pikalytics,gen9championsvgc2026regma,"Best Pokemon, teams, and builds in Pokemon Champions VGC 2026",https://pikalytics.com/pokedex/gen9championsvgc2026regma,16,6,Ronald Cariño,Ronald Cariño,4-1,4,1,0,5,80.00,Tyrant Thursdays #1,2026-06-18,3,0,27,https://play.limitlesstcg.com/tournament/6a0f033edfbdf089cbbde57a/player/ronron/teamlist,https://play.limitlesstcg.com/tournament/6a0f033edfbdf089cbbde57a/standings,Pyroar-Mega:Sneasler:Whimsicott:Dragonite:Sinistcha:Zoroark-Hisui,1,Pyroar-Mega,Pyroar,Pyroarite,Unnerve,Protect:Heat Wave:Overheat:Hyper Voice,Protect,Heat Wave,Overheat,Hyper Voice,Sneasler:Whimsicott:Dragonite:Sinistcha:Zoroark-Hisui
2026-06-19,2026-06-19T12:00:03Z,pikalytics,gen9championsvgc2026regma,"Best Pokemon, teams, and builds in Pokemon Champions VGC 2026",https://pikalytics.com/pokedex/gen9championsvgc2026regma,16,6,Ronald Cariño,Ronald Cariño,4-1,4,1,0,5,80.00,Tyrant Thursdays #1,2026-06-18,3,0,27,https://play.limitlesstcg.com/tournament/6a0f033edfbdf089cbbde57a/player/ronron/teamlist,https://play.limitlesstcg.com/tournament/6a0f033edfbdf089cbbde57a/standings,Pyroar-Mega:Sneasler:Whimsicott:Dragonite:Sinistcha:Zoroark-Hisui,2,Sneasler,Sneasler,White Herb,Unburden,Protect:Close Combat:Dire Claw:Fake Out,Protect,Close Combat,Dire Claw,Fake Out,Pyroar-Mega:Whimsicott:Dragonite:Sinistcha:Zoroark-Hisui
2026-06-19,2026-06-19T12:00:03Z,pikalytics,gen9championsvgc2026regma,"Best Pokemon, teams, and builds in Pokemon Champions VGC 2026",https://pikalytics.com/pokedex/gen9championsvgc2026regma,16,6,Ronald Cariño,Ronald Cariño,4-1,4,1,0,5,80.00,Tyrant Thursdays #1,2026-06-18,3,0,27,https://play.limitlesstcg.com/tournament/6a0f033edfbdf089cbbde57a/player/ronron/teamlist,https://play.limitlesstcg.com/tournament/6a0f033edfbdf089cbbde57a/standings,Pyroar-Mega:Sneasler:Whimsicott:Dragonite:Sinistcha:Zoroark-Hisui,3,Whimsicott,Whimsicott,Focus Sash,Prankster,Moonblast:Protect:Tailwind:Sunny Day,Moonblast,Protect,Tailwind,Sunny Day,Pyroar-Mega:Sneasler:Dragonite:Sinistcha:Zoroark-Hisui
2026-06-19,2026-06-19T12:00:03Z,pikalytics,gen9championsvgc2026regma,"Best Pokemon, teams, and builds in Pokemon Champions VGC 2026",https://pikalytics.com/pokedex/gen9championsvgc2026regma,16,6,Ronald Cariño,Ronald Cariño,4-1,4,1,0,5,80.00,Tyrant Thursdays #1,2026-06-18,3,0,27,https://play.limitlesstcg.com/tournament/6a0f033edfbdf089cbbde57a/player/ronron/teamlist,https://play.limitlesstcg.com/tournament/6a0f033edfbdf089cbbde57a/standings,Pyroar-Mega:Sneasler:Whimsicott:Dragonite:Sinistcha:Zoroark-Hisui,4,Dragonite,Dragonite,Lum Berry,Multiscale,Protect:Dragon Dance:Dragon Claw:Extreme Speed,Protect,Dragon Dance,Dragon Claw,Extreme Speed,Pyroar-Mega:Sneasler:Whimsicott:Sinistcha:Zoroark-Hisui
2026-06-19,2026-06-19T12:00:03Z,pikalytics,gen9championsvgc2026regma,"Best Pokemon, teams, and builds in Pokemon Champions VGC 2026",https://pikalytics.com/pokedex/gen9championsvgc2026regma,16,6,Ronald Cariño,Ronald Cariño,4-1,4,1,0,5,80.00,Tyrant Thursdays #1,2026-06-18,3,0,27,https://play.limitlesstcg.com/tournament/6a0f033edfbdf089cbbde57a/player/ronron/teamlist,https://play.limitlesstcg.com/tournament/6a0f033edfbdf089cbbde57a/standings,Pyroar-Mega:Sneasler:Whimsicott:Dragonite:Sinistcha:Zoroark-Hisui,5,Sinistcha,Sinistcha,Sitrus Berry,Hospitality,Protect:Matcha Gotcha:Rage Powder:Trick Room,Protect,Matcha Gotcha,Rage Powder,Trick Room,Pyroar-Mega:Sneasler:Whimsicott:Dragonite:Zoroark-Hisui
2026-06-19,2026-06-19T12:00:03Z,pikalytics,gen9championsvgc2026regma,"Best Pokemon, teams, and builds in Pokemon Champions VGC 2026",https://pikalytics.com/pokedex/gen9championsvgc2026regma,16,6,Ronald Cariño,Ronald Cariño,4-1,4,1,0,5,80.00,Tyrant Thursdays #1,2026-06-18,3,0,27,https://play.limitlesstcg.com/tournament/6a0f033edfbdf089cbbde57a/player/ronron/teamlist,https://play.limitlesstcg.com/tournament/6a0f033edfbdf089cbbde57a/standings,Pyroar-Mega:Sneasler:Whimsicott:Dragonite:Sinistcha:Zoroark-Hisui,6,Zoroark-Hisui,Hisuian Zoroark,Silk Scarf,Illusion,Protect:Icy Wind:Hyper Voice:Bitter Malice,Protect,Icy Wind,Hyper Voice,Bitter Malice,Pyroar-Mega:Sneasler:Whimsicott:Dragonite:Sinistcha
2026-06-23,2026-06-23T12:00:02Z,pikalytics,gen9championsvgc2026regma,"Best Pokemon, teams, and builds in Pokemon Champions VGC 2026",https://pikalytics.com/pokedex/gen9championsvgc2026regma,17,6,KoelSaul,KoelSaul,8-1,8,1,0,9,88.89,r/VGC Regulation M-B Kickoff Cup,2026-06-18,3,0,231,https://play.limitlesstcg.com/tournament/6a32a5ae2d97f3b0c2618621/player/koelsaul/teamlist,https://play.limitlesstcg.com/tournament/6a32a5ae2d97f3b0c2618621/standings,Maushold:Annihilape:Sylveon:Aegislash:Hydreigon:Aerodactyl-Mega,1,Maushold,Maushold,Chople Berry,Friend Guard,Protect:Beat Up:Super Fang:Follow Me,Protect,Beat Up,Super Fang,Follow Me,Annihilape:Sylveon:Aegislash:Hydreigon:Aerodactyl-Mega
2026-06-23,2026-06-23T12:00:02Z,pikalytics,gen9championsvgc2026regma,"Best Pokemon, teams, and builds in Pokemon Champions VGC 2026",https://pikalytics.com/pokedex/gen9championsvgc2026regma,17,6,KoelSaul,KoelSaul,8-1,8,1,0,9,88.89,r/VGC Regulation M-B Kickoff Cup,2026-06-18,3,0,231,https://play.limitlesstcg.com/tournament/6a32a5ae2d97f3b0c2618621/player/koelsaul/teamlist,https://play.limitlesstcg.com/tournament/6a32a5ae2d97f3b0c2618621/standings,Maushold:Annihilape:Sylveon:Aegislash:Hydreigon:Aerodactyl-Mega,2,Annihilape,Annihilape,Leftovers,Defiant,Protect:Bulk Up:Drain Punch:Rage Fist,Protect,Bulk Up,Drain Punch,Rage Fist,Maushold:Sylveon:Aegislash:Hydreigon:Aerodactyl-Mega
2026-06-23,2026-06-23T12:00:02Z,pikalytics,gen9championsvgc2026regma,"Best Pokemon, teams, and builds in Pokemon Champions VGC 2026",https://pikalytics.com/pokedex/gen9championsvgc2026regma,17,6,KoelSaul,KoelSaul,8-1,8,1,0,9,88.89,r/VGC Regulation M-B Kickoff Cup,2026-06-18,3,0,231,https://play.limitlesstcg.com/tournament/6a32a5ae2d97f3b0c2618621/player/koelsaul/teamlist,https://play.limitlesstcg.com/tournament/6a32a5ae2d97f3b0c2618621/standings,Maushold:Annihilape:Sylveon:Aegislash:Hydreigon:Aerodactyl-Mega,3,Sylveon,Sylveon,Fairy Feather,Pixilate,Protect:Hyper Voice:Hyper Beam:Quick Attack,Protect,Hyper Voice,Hyper Beam,Quick Attack,Maushold:Annihilape:Aegislash:Hydreigon:Aerodactyl-Mega
2026-06-23,2026-06-23T12:00:02Z,pikalytics,gen9championsvgc2026regma,"Best Pokemon, teams, and builds in Pokemon Champions VGC 2026",https://pikalytics.com/pokedex/gen9championsvgc2026regma,17,6,KoelSaul,KoelSaul,8-1,8,1,0,9,88.89,r/VGC Regulation M-B Kickoff Cup,2026-06-18,3,0,231,https://play.limitlesstcg.com/tournament/6a32a5ae2d97f3b0c2618621/player/koelsaul/teamlist,https://play.limitlesstcg.com/tournament/6a32a5ae2d97f3b0c2618621/standings,Maushold:Annihilape:Sylveon:Aegislash:Hydreigon:Aerodactyl-Mega,4,Aegislash,Aegislash,Spell Tag,Stance Change,King's Shield:Poltergeist:Shadow Sneak:Iron Head,King's Shield,Poltergeist,Shadow Sneak,Iron Head,Maushold:Annihilape:Sylveon:Hydreigon:Aerodactyl-Mega
2026-06-23,2026-06-23T12:00:02Z,pikalytics,gen9championsvgc2026regma,"Best Pokemon, teams, and builds in Pokemon Champions VGC 2026",https://pikalytics.com/pokedex/gen9championsvgc2026regma,17,6,KoelSaul,KoelSaul,8-1,8,1,0,9,88.89,r/VGC Regulation M-B Kickoff Cup,2026-06-18,3,0,231,https://play.limitlesstcg.com/tournament/6a32a5ae2d97f3b0c2618621/player/koelsaul/teamlist,https://play.limitlesstcg.com/tournament/6a32a5ae2d97f3b0c2618621/standings,Maushold:Annihilape:Sylveon:Aegislash:Hydreigon:Aerodactyl-Mega,5,Hydreigon,Hydreigon,Choice Scarf,Levitate,Dark Pulse:Snarl:Draco Meteor:Earth Power,Dark Pulse,Snarl,Draco Meteor,Earth Power,Maushold:Annihilape:Sylveon:Aegislash:Aerodactyl-Mega
2026-06-23,2026-06-23T12:00:02Z,pikalytics,gen9championsvgc2026regma,"Best Pokemon, teams, and builds in Pokemon Champions VGC 2026",https://pikalytics.com/pokedex/gen9championsvgc2026regma,17,6,KoelSaul,KoelSaul,8-1,8,1,0,9,88.89,r/VGC Regulation M-B Kickoff Cup,2026-06-18,3,0,231,https://play.limitlesstcg.com/tournament/6a32a5ae2d97f3b0c2618621/player/koelsaul/teamlist,https://play.limitlesstcg.com/tournament/6a32a5ae2d97f3b0c2618621/standings,Maushold:Annihilape:Sylveon:Aegislash:Hydreigon:Aerodactyl-Mega,6,Aerodactyl-Mega,Aerodactyl,Aerodactylite,Unnerve,Wide Guard:Rock Slide:Dual Wingbeat:Tailwind,Wide Guard,Rock Slide,Dual Wingbeat,Tailwind,Maushold:Annihilape:Sylveon:Aegislash:Hydreigon
2026-06-18,2026-06-18T12:00:03Z,pikalytics,gen9championsvgc2026regma,"Best Pokemon, teams, and builds in Pokemon Champions VGC 2026",https://pikalytics.com/pokedex/gen9championsvgc2026regma,18,6,ngerber,ngerber,4-2,4,2,0,6,66.67,REG B DAY 1 THROWDOWN BABYYYYYYYYYYY,2026-06-18,3,0,14,https://play.limitlesstcg.com/tournament/6a3228dee334c3c9befd8572/player/ngerber/teamlist,https://play.limitlesstcg.com/tournament/6a3228dee334c3c9befd8572/standings,Sableye:Swampert-Mega:Pelipper:Archaludon:Overqwil:Sinistcha,1,Sableye,Sableye,Light Clay,Prankster,Rain Dance:Reflect:Light Screen:Foul Play,Rain Dance,Reflect,Light Screen,Foul Play,Swampert-Mega:Pelipper:Archaludon:Overqwil:Sinistcha
2026-06-23,2026-06-23T12:00:02Z,pikalytics,gen9championsvgc2026regma,"Best Pokemon, teams, and builds in Pokemon Champions VGC 2026",https://pikalytics.com/pokedex/gen9championsvgc2026regma,18,6,lucardrgs,lucardrgs,7-1,7,1,0,8,87.50,Intimidators Champions Challenge #19 REG M-B,2026-06-18,3,0,41,https://play.limitlesstcg.com/tournament/6a2fe50b2d97f3b0c261746a/player/lucardrgs/teamlist,https://play.limitlesstcg.com/tournament/6a2fe50b2d97f3b0c261746a/standings,Staraptor-Mega:Floette-Eternal-Mega:Basculegion:Garchomp:Grimmsnarl:Sinistcha,1,Staraptor-Mega,Staraptor,Staraptite,Intimidate,Close Combat:Brave Bird:Roost:Protect,Close Combat,Brave Bird,Roost,Protect,Floette-Eternal-Mega:Basculegion:Garchomp:Grimmsnarl:Sinistcha
2026-06-23,2026-06-23T12:00:02Z,pikalytics,gen9championsvgc2026regma,"Best Pokemon, teams, and builds in Pokemon Champions VGC 2026",https://pikalytics.com/pokedex/gen9championsvgc2026regma,18,6,lucardrgs,lucardrgs,7-1,7,1,0,8,87.50,Intimidators Champions Challenge #19 REG M-B,2026-06-18,3,0,41,https://play.limitlesstcg.com/tournament/6a2fe50b2d97f3b0c261746a/player/lucardrgs/teamlist,https://play.limitlesstcg.com/tournament/6a2fe50b2d97f3b0c261746a/standings,Staraptor-Mega:Floette-Eternal-Mega:Basculegion:Garchomp:Grimmsnarl:Sinistcha,2,Floette-Eternal-Mega,Eternal Flower Floette,Floettite,Flower Veil,Dazzling Gleam:Moonblast:Light of Ruin:Protect,Dazzling Gleam,Moonblast,Light of Ruin,Protect,Staraptor-Mega:Basculegion:Garchomp:Grimmsnarl:Sinistcha
2026-06-18,2026-06-18T12:00:03Z,pikalytics,gen9championsvgc2026regma,"Best Pokemon, teams, and builds in Pokemon Champions VGC 2026",https://pikalytics.com/pokedex/gen9championsvgc2026regma,18,6,ngerber,ngerber,4-2,4,2,0,6,66.67,REG B DAY 1 THROWDOWN BABYYYYYYYYYYY,2026-06-18,3,0,14,https://play.limitlesstcg.com/tournament/6a3228dee334c3c9befd8572/player/ngerber/teamlist,https://play.limitlesstcg.com/tournament/6a3228dee334c3c9befd8572/standings,Sableye:Swampert-Mega:Pelipper:Archaludon:Overqwil:Sinistcha,2,Swampert-Mega,Swampert,Swampertite,Torrent,High Horsepower:Wave Crash:Knock Off:Protect,High Horsepower,Wave Crash,Knock Off,Protect,Sableye:Pelipper:Archaludon:Overqwil:Sinistcha
2026-06-23,2026-06-23T12:00:02Z,pikalytics,gen9championsvgc2026regma,"Best Pokemon, teams, and builds in Pokemon Champions VGC 2026",https://pikalytics.com/pokedex/gen9championsvgc2026regma,18,6,lucardrgs,lucardrgs,7-1,7,1,0,8,87.50,Intimidators Champions Challenge #19 REG M-B,2026-06-18,3,0,41,https://play.limitlesstcg.com/tournament/6a2fe50b2d97f3b0c261746a/player/lucardrgs/teamlist,https://play.limitlesstcg.com/tournament/6a2fe50b2d97f3b0c261746a/standings,Staraptor-Mega:Floette-Eternal-Mega:Basculegion:Garchomp:Grimmsnarl:Sinistcha,3,Basculegion,Basculegion,Sitrus Berry,Adaptability,Wave Crash:Last Respects:Aqua Jet:Protect,Wave Crash,Last Respects,Aqua Jet,Protect,Staraptor-Mega:Floette-Eternal-Mega:Garchomp:Grimmsnarl:Sinistcha
2026-06-18,2026-06-18T12:00:03Z,pikalytics,gen9championsvgc2026regma,"Best Pokemon, teams, and builds in Pokemon Champions VGC 2026",https://pikalytics.com/pokedex/gen9championsvgc2026regma,18,6,ngerber,ngerber,4-2,4,2,0,6,66.67,REG B DAY 1 THROWDOWN BABYYYYYYYYYYY,2026-06-18,3,0,14,https://play.limitlesstcg.com/tournament/6a3228dee334c3c9befd8572/player/ngerber/teamlist,https://play.limitlesstcg.com/tournament/6a3228dee334c3c9befd8572/standings,Sableye:Swampert-Mega:Pelipper:Archaludon:Overqwil:Sinistcha,3,Pelipper,Pelipper,Focus Sash,Drizzle,Weather Ball:Hurricane:Protect:Wide Guard,Weather Ball,Hurricane,Protect,Wide Guard,Sableye:Swampert-Mega:Archaludon:Overqwil:Sinistcha
2026-06-18,2026-06-18T12:00:03Z,pikalytics,gen9championsvgc2026regma,"Best Pokemon, teams, and builds in Pokemon Champions VGC 2026",https://pikalytics.com/pokedex/gen9championsvgc2026regma,18,6,ngerber,ngerber,4-2,4,2,0,6,66.67,REG B DAY 1 THROWDOWN BABYYYYYYYYYYY,2026-06-18,3,0,14,https://play.limitlesstcg.com/tournament/6a3228dee334c3c9befd8572/player/ngerber/teamlist,https://play.limitlesstcg.com/tournament/6a3228dee334c3c9befd8572/standings,Sableye:Swampert-Mega:Pelipper:Archaludon:Overqwil:Sinistcha,4,Archaludon,Archaludon,Leftovers,Stamina,Electro Shot:Flash Cannon:Protect:Dragon Pulse,Electro Shot,Flash Cannon,Protect,Dragon Pulse,Sableye:Swampert-Mega:Pelipper:Overqwil:Sinistcha
2026-06-23,2026-06-23T12:00:02Z,pikalytics,gen9championsvgc2026regma,"Best Pokemon, teams, and builds in Pokemon Champions VGC 2026",https://pikalytics.com/pokedex/gen9championsvgc2026regma,18,6,lucardrgs,lucardrgs,7-1,7,1,0,8,87.50,Intimidators Champions Challenge #19 REG M-B,2026-06-18,3,0,41,https://play.limitlesstcg.com/tournament/6a2fe50b2d97f3b0c261746a/player/lucardrgs/teamlist,https://play.limitlesstcg.com/tournament/6a2fe50b2d97f3b0c261746a/standings,Staraptor-Mega:Floette-Eternal-Mega:Basculegion:Garchomp:Grimmsnarl:Sinistcha,4,Garchomp,Garchomp,Life Orb,Rough Skin,Earthquake:Dragon Claw:Stomping Tantrum:Protect,Earthquake,Dragon Claw,Stomping Tantrum,Protect,Staraptor-Mega:Floette-Eternal-Mega:Basculegion:Grimmsnarl:Sinistcha
2026-06-23,2026-06-23T12:00:02Z,pikalytics,gen9championsvgc2026regma,"Best Pokemon, teams, and builds in Pokemon Champions VGC 2026",https://pikalytics.com/pokedex/gen9championsvgc2026regma,18,6,lucardrgs,lucardrgs,7-1,7,1,0,8,87.50,Intimidators Champions Challenge #19 REG M-B,2026-06-18,3,0,41,https://play.limitlesstcg.com/tournament/6a2fe50b2d97f3b0c261746a/player/lucardrgs/teamlist,https://play.limitlesstcg.com/tournament/6a2fe50b2d97f3b0c261746a/standings,Staraptor-Mega:Floette-Eternal-Mega:Basculegion:Garchomp:Grimmsnarl:Sinistcha,5,Grimmsnarl,Grimmsnarl,Light Clay,Prankster,Reflect:Light Screen:Spirit Break:Scary Face,Reflect,Light Screen,Spirit Break,Scary Face,Staraptor-Mega:Floette-Eternal-Mega:Basculegion:Garchomp:Sinistcha
2026-06-18,2026-06-18T12:00:03Z,pikalytics,gen9championsvgc2026regma,"Best Pokemon, teams, and builds in Pokemon Champions VGC 2026",https://pikalytics.com/pokedex/gen9championsvgc2026regma,18,6,ngerber,ngerber,4-2,4,2,0,6,66.67,REG B DAY 1 THROWDOWN BABYYYYYYYYYYY,2026-06-18,3,0,14,https://play.limitlesstcg.com/tournament/6a3228dee334c3c9befd8572/player/ngerber/teamlist,https://play.limitlesstcg.com/tournament/6a3228dee334c3c9befd8572/standings,Sableye:Swampert-Mega:Pelipper:Archaludon:Overqwil:Sinistcha,5,Overqwil,Overqwil,Life Orb,Swift Swim,Poison Jab:Protect:Crunch:Aqua Jet,Poison Jab,Protect,Crunch,Aqua Jet,Sableye:Swampert-Mega:Pelipper:Archaludon:Sinistcha
2026-06-18,2026-06-18T12:00:03Z,pikalytics,gen9championsvgc2026regma,"Best Pokemon, teams, and builds in Pokemon Champions VGC 2026",https://pikalytics.com/pokedex/gen9championsvgc2026regma,18,6,ngerber,ngerber,4-2,4,2,0,6,66.67,REG B DAY 1 THROWDOWN BABYYYYYYYYYYY,2026-06-18,3,0,14,https://play.limitlesstcg.com/tournament/6a3228dee334c3c9befd8572/player/ngerber/teamlist,https://play.limitlesstcg.com/tournament/6a3228dee334c3c9befd8572/standings,Sableye:Swampert-Mega:Pelipper:Archaludon:Overqwil:Sinistcha,6,Sinistcha,Sinistcha,Coba Berry,Hospitality,Matcha Gotcha:Rage Powder:Life Dew:Trick Room,Matcha Gotcha,Rage Powder,Life Dew,Trick Room,Sableye:Swampert-Mega:Pelipper:Archaludon:Overqwil
2026-06-23,2026-06-23T12:00:02Z,pikalytics,gen9championsvgc2026regma,"Best Pokemon, teams, and builds in Pokemon Champions VGC 2026",https://pikalytics.com/pokedex/gen9championsvgc2026regma,18,6,lucardrgs,lucardrgs,7-1,7,1,0,8,87.50,Intimidators Champions Challenge #19 REG M-B,2026-06-18,3,0,41,https://play.limitlesstcg.com/tournament/6a2fe50b2d97f3b0c261746a/player/lucardrgs/teamlist,https://play.limitlesstcg.com/tournament/6a2fe50b2d97f3b0c261746a/standings,Staraptor-Mega:Floette-Eternal-Mega:Basculegion:Garchomp:Grimmsnarl:Sinistcha,6,Sinistcha,Sinistcha,Kasib Berry,Hospitality,Matcha Gotcha:Strength Sap:Rage Powder:Trick Room,Matcha Gotcha,Strength Sap,Rage Powder,Trick Room,Staraptor-Mega:Floette-Eternal-Mega:Basculegion:Garchomp:Grimmsnarl
2026-06-23,2026-06-23T12:00:02Z,pikalytics,gen9championsvgc2026regma,"Best Pokemon, teams, and builds in Pokemon Champions VGC 2026",https://pikalytics.com/pokedex/gen9championsvgc2026regma,19,6,henryguapo,henryguapo,8-3,8,3,0,11,72.73,Talon's FIGHT CLUB #89 POKEMON CHAMPIONS,2026-06-18,2,0,73,https://play.limitlesstcg.com/tournament/6a14cc888c163b8097997616/player/henryguapo/teamlist,https://play.limitlesstcg.com/tournament/6a14cc888c163b8097997616/standings,Farigiraf:Ampharos-Mega:Torkoal:Vileplume:Lopunny-Mega:Sinistcha,1,Farigiraf,Farigiraf,Mental Herb,Armor Tail,Twin Beam:Trick Room:Helping Hand:Protect,Twin Beam,Trick Room,Helping Hand,Protect,Ampharos-Mega:Torkoal:Vileplume:Lopunny-Mega:Sinistcha
2026-07-28,2026-07-28T12:00:02Z,pikalytics,gen9championsvgc2026regma,"Best Pokemon, teams, and builds in Pokemon Champions VGC 2026",https://pikalytics.com/pokedex/gen9championsvgc2026regma,19,6,Snorlaxpikachu1,Snorlaxpikachu1,9-1,9,1,0,10,90.00,r/VGC Regulation M-B Kickoff Cup,2026-06-18,1,1,231,https://play.limitlesstcg.com/tournament/6a32a5ae2d97f3b0c2618621/player/snorlaxpikachu1/teamlist,https://play.limitlesstcg.com/tournament/6a32a5ae2d97f3b0c2618621/standings,Pyroar-Mega:Whimsicott:Ninetales:Farigiraf:Basculegion:Floette-Eternal-Mega,1,Pyroar-Mega,Pyroar,Pyroarite,Unnerve,Heat Wave:Overheat:Solar Beam:Protect,Heat Wave,Overheat,Solar Beam,Protect,Whimsicott:Ninetales:Farigiraf:Basculegion:Floette-Eternal-Mega
2026-06-23,2026-06-23T12:00:02Z,pikalytics,gen9championsvgc2026regma,"Best Pokemon, teams, and builds in Pokemon Champions VGC 2026",https://pikalytics.com/pokedex/gen9championsvgc2026regma,19,6,henryguapo,henryguapo,8-3,8,3,0,11,72.73,Talon's FIGHT CLUB #89 POKEMON CHAMPIONS,2026-06-18,2,0,73,https://play.limitlesstcg.com/tournament/6a14cc888c163b8097997616/player/henryguapo/teamlist,https://play.limitlesstcg.com/tournament/6a14cc888c163b8097997616/standings,Farigiraf:Ampharos-Mega:Torkoal:Vileplume:Lopunny-Mega:Sinistcha,2,Ampharos-Mega,Ampharos,Ampharosite,Static,Dragon Pulse:Thunderbolt:Power Gem:Protect,Dragon Pulse,Thunderbolt,Power Gem,Protect,Farigiraf:Torkoal:Vileplume:Lopunny-Mega:Sinistcha
2026-07-28,2026-07-28T12:00:02Z,pikalytics,gen9championsvgc2026regma,"Best Pokemon, teams, and builds in Pokemon Champions VGC 2026",https://pikalytics.com/pokedex/gen9championsvgc2026regma,19,6,Snorlaxpikachu1,Snorlaxpikachu1,9-1,9,1,0,10,90.00,r/VGC Regulation M-B Kickoff Cup,2026-06-18,1,1,231,https://play.limitlesstcg.com/tournament/6a32a5ae2d97f3b0c2618621/player/snorlaxpikachu1/teamlist,https://play.limitlesstcg.com/tournament/6a32a5ae2d97f3b0c2618621/standings,Pyroar-Mega:Whimsicott:Ninetales:Farigiraf:Basculegion:Floette-Eternal-Mega,2,Whimsicott,Whimsicott,Focus Sash,Prankster,Moonblast:Tailwind:Sunny Day:Protect,Moonblast,Tailwind,Sunny Day,Protect,Pyroar-Mega:Ninetales:Farigiraf:Basculegion:Floette-Eternal-Mega
2026-07-28,2026-07-28T12:00:02Z,pikalytics,gen9championsvgc2026regma,"Best Pokemon, teams, and builds in Pokemon Champions VGC 2026",https://pikalytics.com/pokedex/gen9championsvgc2026regma,19,6,Snorlaxpikachu1,Snorlaxpikachu1,9-1,9,1,0,10,90.00,r/VGC Regulation M-B Kickoff Cup,2026-06-18,1,1,231,https://play.limitlesstcg.com/tournament/6a32a5ae2d97f3b0c2618621/player/snorlaxpikachu1/teamlist,https://play.limitlesstcg.com/tournament/6a32a5ae2d97f3b0c2618621/standings,Pyroar-Mega:Whimsicott:Ninetales:Farigiraf:Basculegion:Floette-Eternal-Mega,3,Ninetales,Ninetales,Choice Scarf,Drought,Overheat:Heat Wave:Solar Beam:Fake Tears,Overheat,Heat Wave,Solar Beam,Fake Tears,Pyroar-Mega:Whimsicott:Farigiraf:Basculegion:Floette-Eternal-Mega
2026-06-23,2026-06-23T12:00:02Z,pikalytics,gen9championsvgc2026regma,"Best Pokemon, teams, and builds in Pokemon Champions VGC 2026",https://pikalytics.com/pokedex/gen9championsvgc2026regma,19,6,henryguapo,henryguapo,8-3,8,3,0,11,72.73,Talon's FIGHT CLUB #89 POKEMON CHAMPIONS,2026-06-18,2,0,73,https://play.limitlesstcg.com/tournament/6a14cc888c163b8097997616/player/henryguapo/teamlist,https://play.limitlesstcg.com/tournament/6a14cc888c163b8097997616/standings,Farigiraf:Ampharos-Mega:Torkoal:Vileplume:Lopunny-Mega:Sinistcha,3,Torkoal,Torkoal,Charcoal,Drought,Eruption:Heat Wave:Earth Power:Protect,Eruption,Heat Wave,Earth Power,Protect,Farigiraf:Ampharos-Mega:Vileplume:Lopunny-Mega:Sinistcha
2026-07-28,2026-07-28T12:00:02Z,pikalytics,gen9championsvgc2026regma,"Best Pokemon, teams, and builds in Pokemon Champions VGC 2026",https://pikalytics.com/pokedex/gen9championsvgc2026regma,19,6,Snorlaxpikachu1,Snorlaxpikachu1,9-1,9,1,0,10,90.00,r/VGC Regulation M-B Kickoff Cup,2026-06-18,1,1,231,https://play.limitlesstcg.com/tournament/6a32a5ae2d97f3b0c2618621/player/snorlaxpikachu1/teamlist,https://play.limitlesstcg.com/tournament/6a32a5ae2d97f3b0c2618621/standings,Pyroar-Mega:Whimsicott:Ninetales:Farigiraf:Basculegion:Floette-Eternal-Mega,4,Farigiraf,Farigiraf,Sitrus Berry,Armor Tail,Thunderbolt:Twin Beam:Trick Room:Helping Hand,Thunderbolt,Twin Beam,Trick Room,Helping Hand,Pyroar-Mega:Whimsicott:Ninetales:Basculegion:Floette-Eternal-Mega
2026-06-23,2026-06-23T12:00:02Z,pikalytics,gen9championsvgc2026regma,"Best Pokemon, teams, and builds in Pokemon Champions VGC 2026",https://pikalytics.com/pokedex/gen9championsvgc2026regma,19,6,henryguapo,henryguapo,8-3,8,3,0,11,72.73,Talon's FIGHT CLUB #89 POKEMON CHAMPIONS,2026-06-18,2,0,73,https://play.limitlesstcg.com/tournament/6a14cc888c163b8097997616/player/henryguapo/teamlist,https://play.limitlesstcg.com/tournament/6a14cc888c163b8097997616/standings,Farigiraf:Ampharos-Mega:Torkoal:Vileplume:Lopunny-Mega:Sinistcha,4,Vileplume,Vileplume,Focus Sash,Chlorophyll,Sludge Bomb:Sleep Powder:After You:Protect,Sludge Bomb,Sleep Powder,After You,Protect,Farigiraf:Ampharos-Mega:Torkoal:Lopunny-Mega:Sinistcha
2026-07-28,2026-07-28T12:00:02Z,pikalytics,gen9championsvgc2026regma,"Best Pokemon, teams, and builds in Pokemon Champions VGC 2026",https://pikalytics.com/pokedex/gen9championsvgc2026regma,19,6,Snorlaxpikachu1,Snorlaxpikachu1,9-1,9,1,0,10,90.00,r/VGC Regulation M-B Kickoff Cup,2026-06-18,1,1,231,https://play.limitlesstcg.com/tournament/6a32a5ae2d97f3b0c2618621/player/snorlaxpikachu1/teamlist,https://play.limitlesstcg.com/tournament/6a32a5ae2d97f3b0c2618621/standings,Pyroar-Mega:Whimsicott:Ninetales:Farigiraf:Basculegion:Floette-Eternal-Mega,5,Basculegion,Basculegion,Life Orb,Adaptability,Wave Crash:Last Respects:Aqua Jet:Protect,Wave Crash,Last Respects,Aqua Jet,Protect,Pyroar-Mega:Whimsicott:Ninetales:Farigiraf:Floette-Eternal-Mega
2026-06-23,2026-06-23T12:00:02Z,pikalytics,gen9championsvgc2026regma,"Best Pokemon, teams, and builds in Pokemon Champions VGC 2026",https://pikalytics.com/pokedex/gen9championsvgc2026regma,19,6,henryguapo,henryguapo,8-3,8,3,0,11,72.73,Talon's FIGHT CLUB #89 POKEMON CHAMPIONS,2026-06-18,2,0,73,https://play.limitlesstcg.com/tournament/6a14cc888c163b8097997616/player/henryguapo/teamlist,https://play.limitlesstcg.com/tournament/6a14cc888c163b8097997616/standings,Farigiraf:Ampharos-Mega:Torkoal:Vileplume:Lopunny-Mega:Sinistcha,5,Lopunny-Mega,Lopunny,Lopunnite,Limber,Fake Out:Close Combat:Triple Axel:After You,Fake Out,Close Combat,Triple Axel,After You,Farigiraf:Ampharos-Mega:Torkoal:Vileplume:Sinistcha
2026-07-28,2026-07-28T12:00:02Z,pikalytics,gen9championsvgc2026regma,"Best Pokemon, teams, and builds in Pokemon Champions VGC 2026",https://pikalytics.com/pokedex/gen9championsvgc2026regma,19,6,Snorlaxpikachu1,Snorlaxpikachu1,9-1,9,1,0,10,90.00,r/VGC Regulation M-B Kickoff Cup,2026-06-18,1,1,231,https://play.limitlesstcg.com/tournament/6a32a5ae2d97f3b0c2618621/player/snorlaxpikachu1/teamlist,https://play.limitlesstcg.com/tournament/6a32a5ae2d97f3b0c2618621/standings,Pyroar-Mega:Whimsicott:Ninetales:Farigiraf:Basculegion:Floette-Eternal-Mega,6,Floette-Eternal-Mega,Eternal Flower Floette,Floettite,Flower Veil,Moonblast:Dazzling Gleam:Light of Ruin:Protect,Moonblast,Dazzling Gleam,Light of Ruin,Protect,Pyroar-Mega:Whimsicott:Ninetales:Farigiraf:Basculegion
2026-06-23,2026-06-23T12:00:02Z,pikalytics,gen9championsvgc2026regma,"Best Pokemon, teams, and builds in Pokemon Champions VGC 2026",https://pikalytics.com/pokedex/gen9championsvgc2026regma,19,6,henryguapo,henryguapo,8-3,8,3,0,11,72.73,Talon's FIGHT CLUB #89 POKEMON CHAMPIONS,2026-06-18,2,0,73,https://play.limitlesstcg.com/tournament/6a14cc888c163b8097997616/player/henryguapo/teamlist,https://play.limitlesstcg.com/tournament/6a14cc888c163b8097997616/standings,Farigiraf:Ampharos-Mega:Torkoal:Vileplume:Lopunny-Mega:Sinistcha,6,Sinistcha,Sinistcha,Sitrus Berry,Hospitality,Matcha Gotcha:Trick Room:Rage Powder:Protect,Matcha Gotcha,Trick Room,Rage Powder,Protect,Farigiraf:Ampharos-Mega:Torkoal:Vileplume:Lopunny-Mega
2026-07-28,2026-07-28T12:00:02Z,pikalytics,gen9championsvgc2026regma,"Best Pokemon, teams, and builds in Pokemon Champions VGC 2026",https://pikalytics.com/pokedex/gen9championsvgc2026regma,20,6,MysticRy,MysticRy,10-1,10,1,0,11,90.91,Talon's FIGHT CLUB #89 POKEMON CHAMPIONS,2026-06-18,1,1,73,https://play.limitlesstcg.com/tournament/6a14cc888c163b8097997616/player/mysticry/teamlist,https://play.limitlesstcg.com/tournament/6a14cc888c163b8097997616/standings,Froslass-Mega:Kingambit:Primarina:Sneasler:Arcanine-Hisui:Pelipper,1,Froslass-Mega,Froslass,Froslassite,Cursed Body,Blizzard:Shadow Ball:Protect:Aurora Veil,Blizzard,Shadow Ball,Protect,Aurora Veil,Kingambit:Primarina:Sneasler:Arcanine-Hisui:Pelipper
2026-07-28,2026-07-28T12:00:02Z,pikalytics,gen9championsvgc2026regma,"Best Pokemon, teams, and builds in Pokemon Champions VGC 2026",https://pikalytics.com/pokedex/gen9championsvgc2026regma,20,6,MysticRy,MysticRy,10-1,10,1,0,11,90.91,Talon's FIGHT CLUB #89 POKEMON CHAMPIONS,2026-06-18,1,1,73,https://play.limitlesstcg.com/tournament/6a14cc888c163b8097997616/player/mysticry/teamlist,https://play.limitlesstcg.com/tournament/6a14cc888c163b8097997616/standings,Froslass-Mega:Kingambit:Primarina:Sneasler:Arcanine-Hisui:Pelipper,2,Kingambit,Kingambit,Chople Berry,Defiant,Iron Head:Sucker Punch:Protect:Low Kick,Iron Head,Sucker Punch,Protect,Low Kick,Froslass-Mega:Primarina:Sneasler:Arcanine-Hisui:Pelipper
2026-07-28,2026-07-28T12:00:02Z,pikalytics,gen9championsvgc2026regma,"Best Pokemon, teams, and builds in Pokemon Champions VGC 2026",https://pikalytics.com/pokedex/gen9championsvgc2026regma,20,6,MysticRy,MysticRy,10-1,10,1,0,11,90.91,Talon's FIGHT CLUB #89 POKEMON CHAMPIONS,2026-06-18,1,1,73,https://play.limitlesstcg.com/tournament/6a14cc888c163b8097997616/player/mysticry/teamlist,https://play.limitlesstcg.com/tournament/6a14cc888c163b8097997616/standings,Froslass-Mega:Kingambit:Primarina:Sneasler:Arcanine-Hisui:Pelipper,3,Primarina,Primarina,Life Orb,Liquid Voice,Hyper Voice:Moonblast:Protect:Calm Mind,Hyper Voice,Moonblast,Protect,Calm Mind,Froslass-Mega:Kingambit:Sneasler:Arcanine-Hisui:Pelipper
2026-07-28,2026-07-28T12:00:02Z,pikalytics,gen9championsvgc2026regma,"Best Pokemon, teams, and builds in Pokemon Champions VGC 2026",https://pikalytics.com/pokedex/gen9championsvgc2026regma,20,6,MysticRy,MysticRy,10-1,10,1,0,11,90.91,Talon's FIGHT CLUB #89 POKEMON CHAMPIONS,2026-06-18,1,1,73,https://play.limitlesstcg.com/tournament/6a14cc888c163b8097997616/player/mysticry/teamlist,https://play.limitlesstcg.com/tournament/6a14cc888c163b8097997616/standings,Froslass-Mega:Kingambit:Primarina:Sneasler:Arcanine-Hisui:Pelipper,4,Sneasler,Sneasler,White Herb,Unburden,Fake Out:Close Combat:Dire Claw:Protect,Fake Out,Close Combat,Dire Claw,Protect,Froslass-Mega:Kingambit:Primarina:Arcanine-Hisui:Pelipper
2026-07-28,2026-07-28T12:00:02Z,pikalytics,gen9championsvgc2026regma,"Best Pokemon, teams, and builds in Pokemon Champions VGC 2026",https://pikalytics.com/pokedex/gen9championsvgc2026regma,20,6,MysticRy,MysticRy,10-1,10,1,0,11,90.91,Talon's FIGHT CLUB #89 POKEMON CHAMPIONS,2026-06-18,1,1,73,https://play.limitlesstcg.com/tournament/6a14cc888c163b8097997616/player/mysticry/teamlist,https://play.limitlesstcg.com/tournament/6a14cc888c163b8097997616/standings,Froslass-Mega:Kingambit:Primarina:Sneasler:Arcanine-Hisui:Pelipper,5,Arcanine-Hisui,Hisuian Arcanine,Focus Sash,Rock Head,Flare Blitz:Extreme Speed:Head Smash:Protect,Flare Blitz,Extreme Speed,Head Smash,Protect,Froslass-Mega:Kingambit:Primarina:Sneasler:Pelipper
2026-07-28,2026-07-28T12:00:02Z,pikalytics,gen9championsvgc2026regma,"Best Pokemon, teams, and builds in Pokemon Champions VGC 2026",https://pikalytics.com/pokedex/gen9championsvgc2026regma,20,6,MysticRy,MysticRy,10-1,10,1,0,11,90.91,Talon's FIGHT CLUB #89 POKEMON CHAMPIONS,2026-06-18,1,1,73,https://play.limitlesstcg.com/tournament/6a14cc888c163b8097997616/player/mysticry/teamlist,https://play.limitlesstcg.com/tournament/6a14cc888c163b8097997616/standings,Froslass-Mega:Kingambit:Primarina:Sneasler:Arcanine-Hisui:Pelipper,6,Pelipper,Pelipper,Sitrus Berry,Drizzle,Hydro Pump:Hurricane:Tailwind:Wide Guard,Hydro Pump,Hurricane,Tailwind,Wide Guard,Froslass-Mega:Kingambit:Primarina:Sneasler:Arcanine-Hisui
2026-06-29,2026-06-29T12:00:03Z,pikalytics,gen9championsvgc2026regma,"Best Pokemon, teams, and builds in Pokemon Champions VGC 2026",https://pikalytics.com/pokedex/gen9championsvgc2026regma,11,6,Gotou,Gotou,9-2,9,2,0,11,81.82,CHAMPIONS REG. M-B |👑CROWN FIGHT Bo3 TOUR #73👑,2026-06-19,1,1,39,https://play.limitlesstcg.com/tournament/6a1f922947f3797bf6baa810/player/gotou/teamlist,https://play.limitlesstcg.com/tournament/6a1f922947f3797bf6baa810/standings,Metagross-Mega:Floette-Eternal-Mega:Talonflame:Garchomp:Ceruledge:Ninetales-Alola,1,Metagross-Mega,Metagross,Metagrossite,Clear Body,Iron Head:Thunder Punch:Psychic Fangs:Protect,Iron Head,Thunder Punch,Psychic Fangs,Protect,Floette-Eternal-Mega:Talonflame:Garchomp:Ceruledge:Ninetales-Alola
2026-06-29,2026-06-29T12:00:03Z,pikalytics,gen9championsvgc2026regma,"Best Pokemon, teams, and builds in Pokemon Champions VGC 2026",https://pikalytics.com/pokedex/gen9championsvgc2026regma,11,6,Gotou,Gotou,9-2,9,2,0,11,81.82,CHAMPIONS REG. M-B |👑CROWN FIGHT Bo3 TOUR #73👑,2026-06-19,1,1,39,https://play.limitlesstcg.com/tournament/6a1f922947f3797bf6baa810/player/gotou/teamlist,https://play.limitlesstcg.com/tournament/6a1f922947f3797bf6baa810/standings,Metagross-Mega:Floette-Eternal-Mega:Talonflame:Garchomp:Ceruledge:Ninetales-Alola,2,Floette-Eternal-Mega,Eternal Flower Floette,Floettite,Flower Veil,Moonblast:Dazzling Gleam:Light of Ruin:Protect,Moonblast,Dazzling Gleam,Light of Ruin,Protect,Metagross-Mega:Talonflame:Garchomp:Ceruledge:Ninetales-Alola
2026-06-29,2026-06-29T12:00:03Z,pikalytics,gen9championsvgc2026regma,"Best Pokemon, teams, and builds in Pokemon Champions VGC 2026",https://pikalytics.com/pokedex/gen9championsvgc2026regma,11,6,Gotou,Gotou,9-2,9,2,0,11,81.82,CHAMPIONS REG. M-B |👑CROWN FIGHT Bo3 TOUR #73👑,2026-06-19,1,1,39,https://play.limitlesstcg.com/tournament/6a1f922947f3797bf6baa810/player/gotou/teamlist,https://play.limitlesstcg.com/tournament/6a1f922947f3797bf6baa810/standings,Metagross-Mega:Floette-Eternal-Mega:Talonflame:Garchomp:Ceruledge:Ninetales-Alola,3,Talonflame,Talonflame,Sharp Beak,Gale Wings,Tailwind:Dual Wingbeat:Flare Blitz:Protect,Tailwind,Dual Wingbeat,Flare Blitz,Protect,Metagross-Mega:Floette-Eternal-Mega:Garchomp:Ceruledge:Ninetales-Alola
2026-06-29,2026-06-29T12:00:03Z,pikalytics,gen9championsvgc2026regma,"Best Pokemon, teams, and builds in Pokemon Champions VGC 2026",https://pikalytics.com/pokedex/gen9championsvgc2026regma,11,6,Gotou,Gotou,9-2,9,2,0,11,81.82,CHAMPIONS REG. M-B |👑CROWN FIGHT Bo3 TOUR #73👑,2026-06-19,1,1,39,https://play.limitlesstcg.com/tournament/6a1f922947f3797bf6baa810/player/gotou/teamlist,https://play.limitlesstcg.com/tournament/6a1f922947f3797bf6baa810/standings,Metagross-Mega:Floette-Eternal-Mega:Talonflame:Garchomp:Ceruledge:Ninetales-Alola,4,Garchomp,Garchomp,Life Orb,Rough Skin,Dragon Claw:Rock Slide:Earthquake:Protect,Dragon Claw,Rock Slide,Earthquake,Protect,Metagross-Mega:Floette-Eternal-Mega:Talonflame:Ceruledge:Ninetales-Alola
2026-06-29,2026-06-29T12:00:03Z,pikalytics,gen9championsvgc2026regma,"Best Pokemon, teams, and builds in Pokemon Champions VGC 2026",https://pikalytics.com/pokedex/gen9championsvgc2026regma,11,6,Gotou,Gotou,9-2,9,2,0,11,81.82,CHAMPIONS REG. M-B |👑CROWN FIGHT Bo3 TOUR #73👑,2026-06-19,1,1,39,https://play.limitlesstcg.com/tournament/6a1f922947f3797bf6baa810/player/gotou/teamlist,https://play.limitlesstcg.com/tournament/6a1f922947f3797bf6baa810/standings,Metagross-Mega:Floette-Eternal-Mega:Talonflame:Garchomp:Ceruledge:Ninetales-Alola,5,Ceruledge,Ceruledge,Sitrus Berry,Flash Fire,Bitter Blade:Bulk Up:Shadow Sneak:Protect,Bitter Blade,Bulk Up,Shadow Sneak,Protect,Metagross-Mega:Floette-Eternal-Mega:Talonflame:Garchomp:Ninetales-Alola
2026-06-29,2026-06-29T12:00:03Z,pikalytics,gen9championsvgc2026regma,"Best Pokemon, teams, and builds in Pokemon Champions VGC 2026",https://pikalytics.com/pokedex/gen9championsvgc2026regma,11,6,Gotou,Gotou,9-2,9,2,0,11,81.82,CHAMPIONS REG. M-B |👑CROWN FIGHT Bo3 TOUR #73👑,2026-06-19,1,1,39,https://play.limitlesstcg.com/tournament/6a1f922947f3797bf6baa810/player/gotou/teamlist,https://play.limitlesstcg.com/tournament/6a1f922947f3797bf6baa810/standings,Metagross-Mega:Floette-Eternal-Mega:Talonflame:Garchomp:Ceruledge:Ninetales-Alola,6,Ninetales-Alola,Alolan Ninetales,Never-Melt Ice,Snow Warning,Blizzard:Freeze-Dry:Encore:Protect,Blizzard,Freeze-Dry,Encore,Protect,Metagross-Mega:Floette-Eternal-Mega:Talonflame:Garchomp:Ceruledge
2026-06-23,2026-06-23T12:00:02Z,pikalytics,gen9championsvgc2026regma,"Best Pokemon, teams, and builds in Pokemon Champions VGC 2026",https://pikalytics.com/pokedex/gen9championsvgc2026regma,16,6,Dr_Bejan,Dr_Bejan,2-0,2,0,0,2,100.00,CHAMPIONS REG. M-B |👑CROWN FIGHT Bo3 TOUR #73👑,2026-06-19,1,1,39,https://play.limitlesstcg.com/tournament/6a1f922947f3797bf6baa810/player/dr_bejan/teamlist,https://play.limitlesstcg.com/tournament/6a1f922947f3797bf6baa810/standings,Grimmsnarl:Swampert-Mega:Pelipper:Archaludon:Venusaur-Mega:Sneasler,1,Grimmsnarl,Grimmsnarl,Light Clay,Prankster,Reflect:Light Screen:Spirit Break:Parting Shot,Reflect,Light Screen,Spirit Break,Parting Shot,Swampert-Mega:Pelipper:Archaludon:Venusaur-Mega:Sneasler
2026-06-23,2026-06-23T12:00:02Z,pikalytics,gen9championsvgc2026regma,"Best Pokemon, teams, and builds in Pokemon Champions VGC 2026",https://pikalytics.com/pokedex/gen9championsvgc2026regma,16,6,Dr_Bejan,Dr_Bejan,2-0,2,0,0,2,100.00,CHAMPIONS REG. M-B |👑CROWN FIGHT Bo3 TOUR #73👑,2026-06-19,1,1,39,https://play.limitlesstcg.com/tournament/6a1f922947f3797bf6baa810/player/dr_bejan/teamlist,https://play.limitlesstcg.com/tournament/6a1f922947f3797bf6baa810/standings,Grimmsnarl:Swampert-Mega:Pelipper:Archaludon:Venusaur-Mega:Sneasler,2,Swampert-Mega,Swampert,Swampertite,Torrent,Ice Punch:Earthquake:Wave Crash:Protect,Ice Punch,Earthquake,Wave Crash,Protect,Grimmsnarl:Pelipper:Archaludon:Venusaur-Mega:Sneasler
2026-06-23,2026-06-23T12:00:02Z,pikalytics,gen9championsvgc2026regma,"Best Pokemon, teams, and builds in Pokemon Champions VGC 2026",https://pikalytics.com/pokedex/gen9championsvgc2026regma,16,6,Dr_Bejan,Dr_Bejan,2-0,2,0,0,2,100.00,CHAMPIONS REG. M-B |👑CROWN FIGHT Bo3 TOUR #73👑,2026-06-19,1,1,39,https://play.limitlesstcg.com/tournament/6a1f922947f3797bf6baa810/player/dr_bejan/teamlist,https://play.limitlesstcg.com/tournament/6a1f922947f3797bf6baa810/standings,Grimmsnarl:Swampert-Mega:Pelipper:Archaludon:Venusaur-Mega:Sneasler,3,Pelipper,Pelipper,Sitrus Berry,Drizzle,Hurricane:Weather Ball:Wide Guard:Tailwind,Hurricane,Weather Ball,Wide Guard,Tailwind,Grimmsnarl:Swampert-Mega:Archaludon:Venusaur-Mega:Sneasler
2026-06-23,2026-06-23T12:00:02Z,pikalytics,gen9championsvgc2026regma,"Best Pokemon, teams, and builds in Pokemon Champions VGC 2026",https://pikalytics.com/pokedex/gen9championsvgc2026regma,16,6,Dr_Bejan,Dr_Bejan,2-0,2,0,0,2,100.00,CHAMPIONS REG. M-B |👑CROWN FIGHT Bo3 TOUR #73👑,2026-06-19,1,1,39,https://play.limitlesstcg.com/tournament/6a1f922947f3797bf6baa810/player/dr_bejan/teamlist,https://play.limitlesstcg.com/tournament/6a1f922947f3797bf6baa810/standings,Grimmsnarl:Swampert-Mega:Pelipper:Archaludon:Venusaur-Mega:Sneasler,4,Archaludon,Archaludon,Chople Berry,Stamina,Electro Shot:Flash Cannon:Aura Sphere:Protect,Electro Shot,Flash Cannon,Aura Sphere,Protect,Grimmsnarl:Swampert-Mega:Pelipper:Venusaur-Mega:Sneasler
2026-06-23,2026-06-23T12:00:02Z,pikalytics,gen9championsvgc2026regma,"Best Pokemon, teams, and builds in Pokemon Champions VGC 2026",https://pikalytics.com/pokedex/gen9championsvgc2026regma,16,6,Dr_Bejan,Dr_Bejan,2-0,2,0,0,2,100.00,CHAMPIONS REG. M-B |👑CROWN FIGHT Bo3 TOUR #73👑,2026-06-19,1,1,39,https://play.limitlesstcg.com/tournament/6a1f922947f3797bf6baa810/player/dr_bejan/teamlist,https://play.limitlesstcg.com/tournament/6a1f922947f3797bf6baa810/standings,Grimmsnarl:Swampert-Mega:Pelipper:Archaludon:Venusaur-Mega:Sneasler,5,Venusaur-Mega,Venusaur,Venusaurite,Chlorophyll,Sludge Bomb:Earth Power:Giga Drain:Protect,Sludge Bomb,Earth Power,Giga Drain,Protect,Grimmsnarl:Swampert-Mega:Pelipper:Archaludon:Sneasler
2026-06-23,2026-06-23T12:00:02Z,pikalytics,gen9championsvgc2026regma,"Best Pokemon, teams, and builds in Pokemon Champions VGC 2026",https://pikalytics.com/pokedex/gen9championsvgc2026regma,16,6,Dr_Bejan,Dr_Bejan,2-0,2,0,0,2,100.00,CHAMPIONS REG. M-B |👑CROWN FIGHT Bo3 TOUR #73👑,2026-06-19,1,1,39,https://play.limitlesstcg.com/tournament/6a1f922947f3797bf6baa810/player/dr_bejan/teamlist,https://play.limitlesstcg.com/tournament/6a1f922947f3797bf6baa810/standings,Grimmsnarl:Swampert-Mega:Pelipper:Archaludon:Venusaur-Mega:Sneasler,6,Sneasler,Sneasler,Focus Sash,Unburden,Close Combat:Fake Out:Dire Claw:Coaching,Close Combat,Fake Out,Dire Claw,Coaching,Grimmsnarl:Swampert-Mega:Pelipper:Archaludon:Venusaur-Mega
2026-07-28,2026-07-28T12:00:02Z,pikalytics,gen9championsvgc2026regma,"Best Pokemon, teams, and builds in Pokemon Champions VGC 2026",https://pikalytics.com/pokedex/gen9championsvgc2026regma,3,6,burningblazer,burningblazer,14-2,14,2,0,16,87.50,Smogon VGC Major Live 2026 - 1500$ Prize - Reg M-B,2026-06-20,1,1,898,https://play.limitlesstcg.com/tournament/6a131fa78c163b8097996550/player/burningblazer/teamlist,https://play.limitlesstcg.com/tournament/6a131fa78c163b8097996550/standings,Floette-Eternal-Mega:Charizard-Mega-Y:Kingambit:Whimsicott:Basculegion:Garchomp,1,Floette-Eternal-Mega,Eternal Flower Floette,Floettite,Flower Veil,Light of Ruin:Moonblast:Dazzling Gleam:Protect,Light of Ruin,Moonblast,Dazzling Gleam,Protect,Charizard-Mega-Y:Kingambit:Whimsicott:Basculegion:Garchomp
2026-07-28,2026-07-28T12:00:02Z,pikalytics,gen9championsvgc2026regma,"Best Pokemon, teams, and builds in Pokemon Champions VGC 2026",https://pikalytics.com/pokedex/gen9championsvgc2026regma,3,6,burningblazer,burningblazer,14-2,14,2,0,16,87.50,Smogon VGC Major Live 2026 - 1500$ Prize - Reg M-B,2026-06-20,1,1,898,https://play.limitlesstcg.com/tournament/6a131fa78c163b8097996550/player/burningblazer/teamlist,https://play.limitlesstcg.com/tournament/6a131fa78c163b8097996550/standings,Floette-Eternal-Mega:Charizard-Mega-Y:Kingambit:Whimsicott:Basculegion:Garchomp,2,Charizard-Mega-Y,Charizard,Charizardite Y,Blaze,Solar Beam:Heat Wave:Weather Ball:Protect,Solar Beam,Heat Wave,Weather Ball,Protect,Floette-Eternal-Mega:Kingambit:Whimsicott:Basculegion:Garchomp
2026-07-28,2026-07-28T12:00:02Z,pikalytics,gen9championsvgc2026regma,"Best Pokemon, teams, and builds in Pokemon Champions VGC 2026",https://pikalytics.com/pokedex/gen9championsvgc2026regma,3,6,burningblazer,burningblazer,14-2,14,2,0,16,87.50,Smogon VGC Major Live 2026 - 1500$ Prize - Reg M-B,2026-06-20,1,1,898,https://play.limitlesstcg.com/tournament/6a131fa78c163b8097996550/player/burningblazer/teamlist,https://play.limitlesstcg.com/tournament/6a131fa78c163b8097996550/standings,Floette-Eternal-Mega:Charizard-Mega-Y:Kingambit:Whimsicott:Basculegion:Garchomp,3,Kingambit,Kingambit,black glasses,Defiant,Iron Head:Protect:Kowtow Cleave:Sucker Punch,Iron Head,Protect,Kowtow Cleave,Sucker Punch,Floette-Eternal-Mega:Charizard-Mega-Y:Whimsicott:Basculegion:Garchomp
2026-07-28,2026-07-28T12:00:02Z,pikalytics,gen9championsvgc2026regma,"Best Pokemon, teams, and builds in Pokemon Champions VGC 2026",https://pikalytics.com/pokedex/gen9championsvgc2026regma,3,6,burningblazer,burningblazer,14-2,14,2,0,16,87.50,Smogon VGC Major Live 2026 - 1500$ Prize - Reg M-B,2026-06-20,1,1,898,https://play.limitlesstcg.com/tournament/6a131fa78c163b8097996550/player/burningblazer/teamlist,https://play.limitlesstcg.com/tournament/6a131fa78c163b8097996550/standings,Floette-Eternal-Mega:Charizard-Mega-Y:Kingambit:Whimsicott:Basculegion:Garchomp,4,Whimsicott,Whimsicott,Focus Sash,Prankster,Moonblast:Tailwind:Encore:Protect,Moonblast,Tailwind,Encore,Protect,Floette-Eternal-Mega:Charizard-Mega-Y:Kingambit:Basculegion:Garchomp
2026-07-28,2026-07-28T12:00:02Z,pikalytics,gen9championsvgc2026regma,"Best Pokemon, teams, and builds in Pokemon Champions VGC 2026",https://pikalytics.com/pokedex/gen9championsvgc2026regma,3,6,burningblazer,burningblazer,14-2,14,2,0,16,87.50,Smogon VGC Major Live 2026 - 1500$ Prize - Reg M-B,2026-06-20,1,1,898,https://play.limitlesstcg.com/tournament/6a131fa78c163b8097996550/player/burningblazer/teamlist,https://play.limitlesstcg.com/tournament/6a131fa78c163b8097996550/standings,Floette-Eternal-Mega:Charizard-Mega-Y:Kingambit:Whimsicott:Basculegion:Garchomp,5,Basculegion,Basculegion,Mystic Water,Adaptability,Wave Crash:Protect:Last Respects:Aqua Jet,Wave Crash,Protect,Last Respects,Aqua Jet,Floette-Eternal-Mega:Charizard-Mega-Y:Kingambit:Whimsicott:Garchomp
2026-07-28,2026-07-28T12:00:02Z,pikalytics,gen9championsvgc2026regma,"Best Pokemon, teams, and builds in Pokemon Champions VGC 2026",https://pikalytics.com/pokedex/gen9championsvgc2026regma,3,6,burningblazer,burningblazer,14-2,14,2,0,16,87.50,Smogon VGC Major Live 2026 - 1500$ Prize - Reg M-B,2026-06-20,1,1,898,https://play.limitlesstcg.com/tournament/6a131fa78c163b8097996550/player/burningblazer/teamlist,https://play.limitlesstcg.com/tournament/6a131fa78c163b8097996550/standings,Floette-Eternal-Mega:Charizard-Mega-Y:Kingambit:Whimsicott:Basculegion:Garchomp,6,Garchomp,Garchomp,Life Orb,Rough Skin,Earthquake:Rock Slide:Protect:Dragon Claw,Earthquake,Rock Slide,Protect,Dragon Claw,Floette-Eternal-Mega:Charizard-Mega-Y:Kingambit:Whimsicott:Basculegion
2026-07-28,2026-07-28T12:00:02Z,pikalytics,gen9championsvgc2026regma,"Best Pokemon, teams, and builds in Pokemon Champions VGC 2026",https://pikalytics.com/pokedex/gen9championsvgc2026regma,7,6,DaniVGC03,DaniVGC03,13-1,13,1,0,14,92.86,Maddo's Cup #9 | 100€ for the Winner | Reg M-B,2026-06-20,1,1,234,https://play.limitlesstcg.com/tournament/6a274add56b11a587a94c886/player/danivgc03/teamlist,https://play.limitlesstcg.com/tournament/6a274add56b11a587a94c886/standings,Swampert-Mega:Pelipper:Archaludon:Sinistcha:Maushold:Gholdengo,1,Swampert-Mega,Swampert,Swampertite,Torrent,Wave Crash:High Horsepower:Ice Punch:Protect,Wave Crash,High Horsepower,Ice Punch,Protect,Pelipper:Archaludon:Sinistcha:Maushold:Gholdengo
2026-07-28,2026-07-28T12:00:02Z,pikalytics,gen9championsvgc2026regma,"Best Pokemon, teams, and builds in Pokemon Champions VGC 2026",https://pikalytics.com/pokedex/gen9championsvgc2026regma,7,6,DaniVGC03,DaniVGC03,13-1,13,1,0,14,92.86,Maddo's Cup #9 | 100€ for the Winner | Reg M-B,2026-06-20,1,1,234,https://play.limitlesstcg.com/tournament/6a274add56b11a587a94c886/player/danivgc03/teamlist,https://play.limitlesstcg.com/tournament/6a274add56b11a587a94c886/standings,Swampert-Mega:Pelipper:Archaludon:Sinistcha:Maushold:Gholdengo,2,Pelipper,Pelipper,Sitrus Berry,Drizzle,Weather Ball:Hurricane:Tailwind:Wide Guard,Weather Ball,Hurricane,Tailwind,Wide Guard,Swampert-Mega:Archaludon:Sinistcha:Maushold:Gholdengo
2026-07-28,2026-07-28T12:00:02Z,pikalytics,gen9championsvgc2026regma,"Best Pokemon, teams, and builds in Pokemon Champions VGC 2026",https://pikalytics.com/pokedex/gen9championsvgc2026regma,7,6,DaniVGC03,DaniVGC03,13-1,13,1,0,14,92.86,Maddo's Cup #9 | 100€ for the Winner | Reg M-B,2026-06-20,1,1,234,https://play.limitlesstcg.com/tournament/6a274add56b11a587a94c886/player/danivgc03/teamlist,https://play.limitlesstcg.com/tournament/6a274add56b11a587a94c886/standings,Swampert-Mega:Pelipper:Archaludon:Sinistcha:Maushold:Gholdengo,3,Archaludon,Archaludon,Leftovers,Stamina,Electro Shot:Dragon Pulse:Flash Cannon:Protect,Electro Shot,Dragon Pulse,Flash Cannon,Protect,Swampert-Mega:Pelipper:Sinistcha:Maushold:Gholdengo
2026-07-28,2026-07-28T12:00:02Z,pikalytics,gen9championsvgc2026regma,"Best Pokemon, teams, and builds in Pokemon Champions VGC 2026",https://pikalytics.com/pokedex/gen9championsvgc2026regma,7,6,DaniVGC03,DaniVGC03,13-1,13,1,0,14,92.86,Maddo's Cup #9 | 100€ for the Winner | Reg M-B,2026-06-20,1,1,234,https://play.limitlesstcg.com/tournament/6a274add56b11a587a94c886/player/danivgc03/teamlist,https://play.limitlesstcg.com/tournament/6a274add56b11a587a94c886/standings,Swampert-Mega:Pelipper:Archaludon:Sinistcha:Maushold:Gholdengo,4,Sinistcha,Sinistcha,Kasib Berry,Hospitality,Rage Powder:Matcha Gotcha:Trick Room:Protect,Rage Powder,Matcha Gotcha,Trick Room,Protect,Swampert-Mega:Pelipper:Archaludon:Maushold:Gholdengo
2026-07-28,2026-07-28T12:00:02Z,pikalytics,gen9championsvgc2026regma,"Best Pokemon, teams, and builds in Pokemon Champions VGC 2026",https://pikalytics.com/pokedex/gen9championsvgc2026regma,7,6,DaniVGC03,DaniVGC03,13-1,13,1,0,14,92.86,Maddo's Cup #9 | 100€ for the Winner | Reg M-B,2026-06-20,1,1,234,https://play.limitlesstcg.com/tournament/6a274add56b11a587a94c886/player/danivgc03/teamlist,https://play.limitlesstcg.com/tournament/6a274add56b11a587a94c886/standings,Swampert-Mega:Pelipper:Archaludon:Sinistcha:Maushold:Gholdengo,5,Maushold,Maushold,Focus Sash,Friend Guard,Follow Me:Super Fang:Rain Dance:Protect,Follow Me,Super Fang,Rain Dance,Protect,Swampert-Mega:Pelipper:Archaludon:Sinistcha:Gholdengo
2026-07-28,2026-07-28T12:00:02Z,pikalytics,gen9championsvgc2026regma,"Best Pokemon, teams, and builds in Pokemon Champions VGC 2026",https://pikalytics.com/pokedex/gen9championsvgc2026regma,7,6,DaniVGC03,DaniVGC03,13-1,13,1,0,14,92.86,Maddo's Cup #9 | 100€ for the Winner | Reg M-B,2026-06-20,1,1,234,https://play.limitlesstcg.com/tournament/6a274add56b11a587a94c886/player/danivgc03/teamlist,https://play.limitlesstcg.com/tournament/6a274add56b11a587a94c886/standings,Swampert-Mega:Pelipper:Archaludon:Sinistcha:Maushold:Gholdengo,6,Gholdengo,Gholdengo,Life Orb,Good as Gold,Make It Rain:Shadow Ball:Nasty Plot:Protect,Make It Rain,Shadow Ball,Nasty Plot,Protect,Swampert-Mega:Pelipper:Archaludon:Sinistcha:Maushold
2026-06-29,2026-06-29T12:00:03Z,pikalytics,gen9championsvgc2026regma,"Best Pokemon, teams, and builds in Pokemon Champions VGC 2026",https://pikalytics.com/pokedex/gen9championsvgc2026regma,14,6,Silo,Silo,10-0,10,0,0,10,100.00,PASE GRATUITO NINTENDO SWITCH 2 reg MB,2026-06-20,1,1,17,https://play.limitlesstcg.com/tournament/69c5805ad478313a15a335af/player/silo/teamlist,https://play.limitlesstcg.com/tournament/69c5805ad478313a15a335af/standings,Gholdengo:Garchomp:Whimsicott:Incineroar:Sylveon:Staraptor-Mega,1,Gholdengo,Gholdengo,Colbur Berry,Good as Gold,Make It Rain:Shadow Ball:Nasty Plot:Protect,Make It Rain,Shadow Ball,Nasty Plot,Protect,Garchomp:Whimsicott:Incineroar:Sylveon:Staraptor-Mega
2026-06-29,2026-06-29T12:00:03Z,pikalytics,gen9championsvgc2026regma,"Best Pokemon, teams, and builds in Pokemon Champions VGC 2026",https://pikalytics.com/pokedex/gen9championsvgc2026regma,14,6,Silo,Silo,10-0,10,0,0,10,100.00,PASE GRATUITO NINTENDO SWITCH 2 reg MB,2026-06-20,1,1,17,https://play.limitlesstcg.com/tournament/69c5805ad478313a15a335af/player/silo/teamlist,https://play.limitlesstcg.com/tournament/69c5805ad478313a15a335af/standings,Gholdengo:Garchomp:Whimsicott:Incineroar:Sylveon:Staraptor-Mega,2,Garchomp,Garchomp,Life Orb,Rough Skin,Earthquake:Rock Slide:Dragon Claw:Protect,Earthquake,Rock Slide,Dragon Claw,Protect,Gholdengo:Whimsicott:Incineroar:Sylveon:Staraptor-Mega
2026-06-29,2026-06-29T12:00:03Z,pikalytics,gen9championsvgc2026regma,"Best Pokemon, teams, and builds in Pokemon Champions VGC 2026",https://pikalytics.com/pokedex/gen9championsvgc2026regma,14,6,Silo,Silo,10-0,10,0,0,10,100.00,PASE GRATUITO NINTENDO SWITCH 2 reg MB,2026-06-20,1,1,17,https://play.limitlesstcg.com/tournament/69c5805ad478313a15a335af/player/silo/teamlist,https://play.limitlesstcg.com/tournament/69c5805ad478313a15a335af/standings,Gholdengo:Garchomp:Whimsicott:Incineroar:Sylveon:Staraptor-Mega,3,Whimsicott,Whimsicott,Focus Sash,Prankster,Tailwind:Moonblast:Charm:Protect,Tailwind,Moonblast,Charm,Protect,Gholdengo:Garchomp:Incineroar:Sylveon:Staraptor-Mega
2026-06-29,2026-06-29T12:00:03Z,pikalytics,gen9championsvgc2026regma,"Best Pokemon, teams, and builds in Pokemon Champions VGC 2026",https://pikalytics.com/pokedex/gen9championsvgc2026regma,14,6,Silo,Silo,10-0,10,0,0,10,100.00,PASE GRATUITO NINTENDO SWITCH 2 reg MB,2026-06-20,1,1,17,https://play.limitlesstcg.com/tournament/69c5805ad478313a15a335af/player/silo/teamlist,https://play.limitlesstcg.com/tournament/69c5805ad478313a15a335af/standings,Gholdengo:Garchomp:Whimsicott:Incineroar:Sylveon:Staraptor-Mega,4,Incineroar,Incineroar,Chople Berry,Intimidate,Fake Out:Flare Blitz:Darkest Lariat:Parting Shot,Fake Out,Flare Blitz,Darkest Lariat,Parting Shot,Gholdengo:Garchomp:Whimsicott:Sylveon:Staraptor-Mega
2026-06-29,2026-06-29T12:00:03Z,pikalytics,gen9championsvgc2026regma,"Best Pokemon, teams, and builds in Pokemon Champions VGC 2026",https://pikalytics.com/pokedex/gen9championsvgc2026regma,14,6,Silo,Silo,10-0,10,0,0,10,100.00,PASE GRATUITO NINTENDO SWITCH 2 reg MB,2026-06-20,1,1,17,https://play.limitlesstcg.com/tournament/69c5805ad478313a15a335af/player/silo/teamlist,https://play.limitlesstcg.com/tournament/69c5805ad478313a15a335af/standings,Gholdengo:Garchomp:Whimsicott:Incineroar:Sylveon:Staraptor-Mega,5,Sylveon,Sylveon,Fairy Feather,Pixilate,Hyper Voice:Hyper Beam:Quick Attack:Detect,Hyper Voice,Hyper Beam,Quick Attack,Detect,Gholdengo:Garchomp:Whimsicott:Incineroar:Staraptor-Mega
2026-06-29,2026-06-29T12:00:03Z,pikalytics,gen9championsvgc2026regma,"Best Pokemon, teams, and builds in Pokemon Champions VGC 2026",https://pikalytics.com/pokedex/gen9championsvgc2026regma,14,6,Silo,Silo,10-0,10,0,0,10,100.00,PASE GRATUITO NINTENDO SWITCH 2 reg MB,2026-06-20,1,1,17,https://play.limitlesstcg.com/tournament/69c5805ad478313a15a335af/player/silo/teamlist,https://play.limitlesstcg.com/tournament/69c5805ad478313a15a335af/standings,Gholdengo:Garchomp:Whimsicott:Incineroar:Sylveon:Staraptor-Mega,6,Staraptor-Mega,Staraptor,Staraptite,Intimidate,Close Combat:Brave Bird:Roost:Protect,Close Combat,Brave Bird,Roost,Protect,Gholdengo:Garchomp:Whimsicott:Incineroar:Sylveon
2026-06-29,2026-06-29T12:00:03Z,pikalytics,gen9championsvgc2026regma,"Best Pokemon, teams, and builds in Pokemon Champions VGC 2026",https://pikalytics.com/pokedex/gen9championsvgc2026regma,16,6,jiholee32,jiholee32,6-0,6,0,0,6,100.00,Champions Double Weekend Prep IV,2026-06-20,1,1,14,https://play.limitlesstcg.com/tournament/6a322c8a2d97f3b0c26183b9/player/jiholee32/teamlist,https://play.limitlesstcg.com/tournament/6a322c8a2d97f3b0c26183b9/standings,Floette-Eternal-Mega:Incineroar:Garchomp:Charizard-Mega-Y:Sinistcha:Venusaur,1,Floette-Eternal-Mega,Eternal Flower Floette,Floettite,Flower Veil,Protect:Calm Mind:Moonblast:Dazzling Gleam,Protect,Calm Mind,Moonblast,Dazzling Gleam,Incineroar:Garchomp:Charizard-Mega-Y:Sinistcha:Venusaur
2026-06-29,2026-06-29T12:00:03Z,pikalytics,gen9championsvgc2026regma,"Best Pokemon, teams, and builds in Pokemon Champions VGC 2026",https://pikalytics.com/pokedex/gen9championsvgc2026regma,16,6,jiholee32,jiholee32,6-0,6,0,0,6,100.00,Champions Double Weekend Prep IV,2026-06-20,1,1,14,https://play.limitlesstcg.com/tournament/6a322c8a2d97f3b0c26183b9/player/jiholee32/teamlist,https://play.limitlesstcg.com/tournament/6a322c8a2d97f3b0c26183b9/standings,Floette-Eternal-Mega:Incineroar:Garchomp:Charizard-Mega-Y:Sinistcha:Venusaur,2,Incineroar,Incineroar,Sitrus Berry,Intimidate,Fake Out:Throat Chop:Flare Blitz:Parting Shot,Fake Out,Throat Chop,Flare Blitz,Parting Shot,Floette-Eternal-Mega:Garchomp:Charizard-Mega-Y:Sinistcha:Venusaur
2026-06-29,2026-06-29T12:00:03Z,pikalytics,gen9championsvgc2026regma,"Best Pokemon, teams, and builds in Pokemon Champions VGC 2026",https://pikalytics.com/pokedex/gen9championsvgc2026regma,16,6,jiholee32,jiholee32,6-0,6,0,0,6,100.00,Champions Double Weekend Prep IV,2026-06-20,1,1,14,https://play.limitlesstcg.com/tournament/6a322c8a2d97f3b0c26183b9/player/jiholee32/teamlist,https://play.limitlesstcg.com/tournament/6a322c8a2d97f3b0c26183b9/standings,Floette-Eternal-Mega:Incineroar:Garchomp:Charizard-Mega-Y:Sinistcha:Venusaur,3,Garchomp,Garchomp,Life Orb,Rough Skin,Protect:Dragon Claw:Rock Slide:Stomping Tantrum,Protect,Dragon Claw,Rock Slide,Stomping Tantrum,Floette-Eternal-Mega:Incineroar:Charizard-Mega-Y:Sinistcha:Venusaur
2026-06-29,2026-06-29T12:00:03Z,pikalytics,gen9championsvgc2026regma,"Best Pokemon, teams, and builds in Pokemon Champions VGC 2026",https://pikalytics.com/pokedex/gen9championsvgc2026regma,16,6,jiholee32,jiholee32,6-0,6,0,0,6,100.00,Champions Double Weekend Prep IV,2026-06-20,1,1,14,https://play.limitlesstcg.com/tournament/6a322c8a2d97f3b0c26183b9/player/jiholee32/teamlist,https://play.limitlesstcg.com/tournament/6a322c8a2d97f3b0c26183b9/standings,Floette-Eternal-Mega:Incineroar:Garchomp:Charizard-Mega-Y:Sinistcha:Venusaur,4,Charizard-Mega-Y,Charizard,Charizardite Y,Blaze,Protect:Weather Ball:Heat Wave:Solar Beam,Protect,Weather Ball,Heat Wave,Solar Beam,Floette-Eternal-Mega:Incineroar:Garchomp:Sinistcha:Venusaur
2026-06-29,2026-06-29T12:00:03Z,pikalytics,gen9championsvgc2026regma,"Best Pokemon, teams, and builds in Pokemon Champions VGC 2026",https://pikalytics.com/pokedex/gen9championsvgc2026regma,16,6,jiholee32,jiholee32,6-0,6,0,0,6,100.00,Champions Double Weekend Prep IV,2026-06-20,1,1,14,https://play.limitlesstcg.com/tournament/6a322c8a2d97f3b0c26183b9/player/jiholee32/teamlist,https://play.limitlesstcg.com/tournament/6a322c8a2d97f3b0c26183b9/standings,Floette-Eternal-Mega:Incineroar:Garchomp:Charizard-Mega-Y:Sinistcha:Venusaur,5,Sinistcha,Sinistcha,Kasib Berry,Hospitality,Protect:Trick Room:Matcha Gotcha:Rage Powder,Protect,Trick Room,Matcha Gotcha,Rage Powder,Floette-Eternal-Mega:Incineroar:Garchomp:Charizard-Mega-Y:Venusaur
2026-06-29,2026-06-29T12:00:03Z,pikalytics,gen9championsvgc2026regma,"Best Pokemon, teams, and builds in Pokemon Champions VGC 2026",https://pikalytics.com/pokedex/gen9championsvgc2026regma,16,6,jiholee32,jiholee32,6-0,6,0,0,6,100.00,Champions Double Weekend Prep IV,2026-06-20,1,1,14,https://play.limitlesstcg.com/tournament/6a322c8a2d97f3b0c26183b9/player/jiholee32/teamlist,https://play.limitlesstcg.com/tournament/6a322c8a2d97f3b0c26183b9/standings,Floette-Eternal-Mega:Incineroar:Garchomp:Charizard-Mega-Y:Sinistcha:Venusaur,6,Venusaur,Venusaur,Focus Sash,Chlorophyll,Giga Drain:Sleep Powder:Sludge Bomb:Protect,Giga Drain,Sleep Powder,Sludge Bomb,Protect,Floette-Eternal-Mega:Incineroar:Garchomp:Charizard-Mega-Y:Sinistcha
2026-06-25,2026-06-25T12:00:03Z,pikalytics,gen9championsvgc2026regma,"Best Pokemon, teams, and builds in Pokemon Champions VGC 2026",https://pikalytics.com/pokedex/gen9championsvgc2026regma,17,6,Losandy,Losandy,5-0,5,0,0,5,100.00,"Pokemon Champions ""Drizzle Training Arc""",2026-06-20,1,1,6,https://play.limitlesstcg.com/tournament/6a3464d42d97f3b0c26197e8/player/losandy/teamlist,https://play.limitlesstcg.com/tournament/6a3464d42d97f3b0c26197e8/standings,Raichu-Mega-Y:Dragonite:Pelipper:Basculegion:Beartic:Overqwil,1,Raichu-Mega-Y,Raichu,Raichunite Y,Lightning Rod,Zap Cannon:Focus Blast:Fake Out:Volt Switch,Zap Cannon,Focus Blast,Fake Out,Volt Switch,Dragonite:Pelipper:Basculegion:Beartic:Overqwil
2026-06-25,2026-06-25T12:00:03Z,pikalytics,gen9championsvgc2026regma,"Best Pokemon, teams, and builds in Pokemon Champions VGC 2026",https://pikalytics.com/pokedex/gen9championsvgc2026regma,17,6,Losandy,Losandy,5-0,5,0,0,5,100.00,"Pokemon Champions ""Drizzle Training Arc""",2026-06-20,1,1,6,https://play.limitlesstcg.com/tournament/6a3464d42d97f3b0c26197e8/player/losandy/teamlist,https://play.limitlesstcg.com/tournament/6a3464d42d97f3b0c26197e8/standings,Raichu-Mega-Y:Dragonite:Pelipper:Basculegion:Beartic:Overqwil,2,Dragonite,Dragonite,Dragalgite,Multiscale,Draco Meteor:Ice Beam:Hurricane:Protect,Draco Meteor,Ice Beam,Hurricane,Protect,Raichu-Mega-Y:Pelipper:Basculegion:Beartic:Overqwil
2026-06-25,2026-06-25T12:00:03Z,pikalytics,gen9championsvgc2026regma,"Best Pokemon, teams, and builds in Pokemon Champions VGC 2026",https://pikalytics.com/pokedex/gen9championsvgc2026regma,17,6,Losandy,Losandy,5-0,5,0,0,5,100.00,"Pokemon Champions ""Drizzle Training Arc""",2026-06-20,1,1,6,https://play.limitlesstcg.com/tournament/6a3464d42d97f3b0c26197e8/player/losandy/teamlist,https://play.limitlesstcg.com/tournament/6a3464d42d97f3b0c26197e8/standings,Raichu-Mega-Y:Dragonite:Pelipper:Basculegion:Beartic:Overqwil,3,Pelipper,Pelipper,Sitrus Berry,Drizzle,Hurricane:Weather Ball:Wide Guard:Icy Wind,Hurricane,Weather Ball,Wide Guard,Icy Wind,Raichu-Mega-Y:Dragonite:Basculegion:Beartic:Overqwil
2026-06-25,2026-06-25T12:00:03Z,pikalytics,gen9championsvgc2026regma,"Best Pokemon, teams, and builds in Pokemon Champions VGC 2026",https://pikalytics.com/pokedex/gen9championsvgc2026regma,17,6,Losandy,Losandy,5-0,5,0,0,5,100.00,"Pokemon Champions ""Drizzle Training Arc""",2026-06-20,1,1,6,https://play.limitlesstcg.com/tournament/6a3464d42d97f3b0c26197e8/player/losandy/teamlist,https://play.limitlesstcg.com/tournament/6a3464d42d97f3b0c26197e8/standings,Raichu-Mega-Y:Dragonite:Pelipper:Basculegion:Beartic:Overqwil,4,Basculegion,Basculegion,Choice Scarf,Adaptability,Wave Crash:Last Respects:Flip Turn:Aqua Jet,Wave Crash,Last Respects,Flip Turn,Aqua Jet,Raichu-Mega-Y:Dragonite:Pelipper:Beartic:Overqwil
2026-06-25,2026-06-25T12:00:03Z,pikalytics,gen9championsvgc2026regma,"Best Pokemon, teams, and builds in Pokemon Champions VGC 2026",https://pikalytics.com/pokedex/gen9championsvgc2026regma,17,6,Losandy,Losandy,5-0,5,0,0,5,100.00,"Pokemon Champions ""Drizzle Training Arc""",2026-06-20,1,1,6,https://play.limitlesstcg.com/tournament/6a3464d42d97f3b0c26197e8/player/losandy/teamlist,https://play.limitlesstcg.com/tournament/6a3464d42d97f3b0c26197e8/standings,Raichu-Mega-Y:Dragonite:Pelipper:Basculegion:Beartic:Overqwil,5,Beartic,Beartic,Focus Sash,Swift Swim,Icicle Crash:Rock Tomb:Close Combat:Protect,Icicle Crash,Rock Tomb,Close Combat,Protect,Raichu-Mega-Y:Dragonite:Pelipper:Basculegion:Overqwil
2026-06-25,2026-06-25T12:00:03Z,pikalytics,gen9championsvgc2026regma,"Best Pokemon, teams, and builds in Pokemon Champions VGC 2026",https://pikalytics.com/pokedex/gen9championsvgc2026regma,17,6,Losandy,Losandy,5-0,5,0,0,5,100.00,"Pokemon Champions ""Drizzle Training Arc""",2026-06-20,1,1,6,https://play.limitlesstcg.com/tournament/6a3464d42d97f3b0c26197e8/player/losandy/teamlist,https://play.limitlesstcg.com/tournament/6a3464d42d97f3b0c26197e8/standings,Raichu-Mega-Y:Dragonite:Pelipper:Basculegion:Beartic:Overqwil,6,Overqwil,Overqwil,Life Orb,Swift Swim,Poison Jab:Crunch:Waterfall:Protect,Poison Jab,Crunch,Waterfall,Protect,Raichu-Mega-Y:Dragonite:Pelipper:Basculegion:Beartic
2026-06-25,2026-06-25T12:00:03Z,pikalytics,gen9championsvgc2026regma,"Best Pokemon, teams, and builds in Pokemon Champions VGC 2026",https://pikalytics.com/pokedex/gen9championsvgc2026regma,20,6,Lorenzaooo,Lorenzaooo,12-1,12,1,0,13,92.31,Maddo's Cup #9 | 100€ for the Winner | Reg M-B,2026-06-20,3,0,234,https://play.limitlesstcg.com/tournament/6a274add56b11a587a94c886/player/lorenzaooo/teamlist,https://play.limitlesstcg.com/tournament/6a274add56b11a587a94c886/standings,Froslass-Mega:Basculegion:Kingambit:Sneasler:Lycanroc:Scovillain-Mega,1,Froslass-Mega,Froslass,Froslassite,Snow Cloak,Blizzard:Shadow Ball:Aurora Veil:Protect,Blizzard,Shadow Ball,Aurora Veil,Protect,Basculegion:Kingambit:Sneasler:Lycanroc:Scovillain-Mega
2026-06-30,2026-06-30T12:00:03Z,pikalytics,gen9championsvgc2026regma,"Best Pokemon, teams, and builds in Pokemon Champions VGC 2026",https://pikalytics.com/pokedex/gen9championsvgc2026regma,20,6,2cake,2cake,6-0,6,0,0,6,100.00,INGAGE FRONTIER SERIES #1 - $50 PRIZE (Reg M-B),2026-06-20,1,1,62,https://play.limitlesstcg.com/tournament/6a2f143fe334c3c9befd6e8e/player/2cake/teamlist,https://play.limitlesstcg.com/tournament/6a2f143fe334c3c9befd6e8e/standings,Pelipper:Archaludon:Sinistcha:Swampert-Mega:Maushold:Overqwil,1,Pelipper,Pelipper,Focus Sash,Drizzle,Weather Ball:Hurricane:Tailwind:Protect,Weather Ball,Hurricane,Tailwind,Protect,Archaludon:Sinistcha:Swampert-Mega:Maushold:Overqwil
2026-06-30,2026-06-30T12:00:03Z,pikalytics,gen9championsvgc2026regma,"Best Pokemon, teams, and builds in Pokemon Champions VGC 2026",https://pikalytics.com/pokedex/gen9championsvgc2026regma,20,6,2cake,2cake,6-0,6,0,0,6,100.00,INGAGE FRONTIER SERIES #1 - $50 PRIZE (Reg M-B),2026-06-20,1,1,62,https://play.limitlesstcg.com/tournament/6a2f143fe334c3c9befd6e8e/player/2cake/teamlist,https://play.limitlesstcg.com/tournament/6a2f143fe334c3c9befd6e8e/standings,Pelipper:Archaludon:Sinistcha:Swampert-Mega:Maushold:Overqwil,2,Archaludon,Archaludon,Leftovers,Stamina,Electro Shot:Flash Cannon:Dragon Pulse:Protect,Electro Shot,Flash Cannon,Dragon Pulse,Protect,Pelipper:Sinistcha:Swampert-Mega:Maushold:Overqwil
2026-06-25,2026-06-25T12:00:03Z,pikalytics,gen9championsvgc2026regma,"Best Pokemon, teams, and builds in Pokemon Champions VGC 2026",https://pikalytics.com/pokedex/gen9championsvgc2026regma,20,6,Lorenzaooo,Lorenzaooo,12-1,12,1,0,13,92.31,Maddo's Cup #9 | 100€ for the Winner | Reg M-B,2026-06-20,3,0,234,https://play.limitlesstcg.com/tournament/6a274add56b11a587a94c886/player/lorenzaooo/teamlist,https://play.limitlesstcg.com/tournament/6a274add56b11a587a94c886/standings,Froslass-Mega:Basculegion:Kingambit:Sneasler:Lycanroc:Scovillain-Mega,2,Basculegion,Basculegion,Sitrus Berry,Adaptability,Wave Crash:Last Respects:Aqua Jet:Protect,Wave Crash,Last Respects,Aqua Jet,Protect,Froslass-Mega:Kingambit:Sneasler:Lycanroc:Scovillain-Mega
2026-06-25,2026-06-25T12:00:03Z,pikalytics,gen9championsvgc2026regma,"Best Pokemon, teams, and builds in Pokemon Champions VGC 2026",https://pikalytics.com/pokedex/gen9championsvgc2026regma,20,6,Lorenzaooo,Lorenzaooo,12-1,12,1,0,13,92.31,Maddo's Cup #9 | 100€ for the Winner | Reg M-B,2026-06-20,3,0,234,https://play.limitlesstcg.com/tournament/6a274add56b11a587a94c886/player/lorenzaooo/teamlist,https://play.limitlesstcg.com/tournament/6a274add56b11a587a94c886/standings,Froslass-Mega:Basculegion:Kingambit:Sneasler:Lycanroc:Scovillain-Mega,3,Kingambit,Kingambit,Black Glasses,Defiant,Kowtow Cleave:Sucker Punch:Swords Dance:Protect,Kowtow Cleave,Sucker Punch,Swords Dance,Protect,Froslass-Mega:Basculegion:Sneasler:Lycanroc:Scovillain-Mega
2026-06-30,2026-06-30T12:00:03Z,pikalytics,gen9championsvgc2026regma,"Best Pokemon, teams, and builds in Pokemon Champions VGC 2026",https://pikalytics.com/pokedex/gen9championsvgc2026regma,20,6,2cake,2cake,6-0,6,0,0,6,100.00,INGAGE FRONTIER SERIES #1 - $50 PRIZE (Reg M-B),2026-06-20,1,1,62,https://play.limitlesstcg.com/tournament/6a2f143fe334c3c9befd6e8e/player/2cake/teamlist,https://play.limitlesstcg.com/tournament/6a2f143fe334c3c9befd6e8e/standings,Pelipper:Archaludon:Sinistcha:Swampert-Mega:Maushold:Overqwil,3,Sinistcha,Sinistcha,Sitrus Berry,Hospitality,Matcha Gotcha:Rage Powder:Life Dew:Protect,Matcha Gotcha,Rage Powder,Life Dew,Protect,Pelipper:Archaludon:Swampert-Mega:Maushold:Overqwil
2026-06-25,2026-06-25T12:00:03Z,pikalytics,gen9championsvgc2026regma,"Best Pokemon, teams, and builds in Pokemon Champions VGC 2026",https://pikalytics.com/pokedex/gen9championsvgc2026regma,20,6,Lorenzaooo,Lorenzaooo,12-1,12,1,0,13,92.31,Maddo's Cup #9 | 100€ for the Winner | Reg M-B,2026-06-20,3,0,234,https://play.limitlesstcg.com/tournament/6a274add56b11a587a94c886/player/lorenzaooo/teamlist,https://play.limitlesstcg.com/tournament/6a274add56b11a587a94c886/standings,Froslass-Mega:Basculegion:Kingambit:Sneasler:Lycanroc:Scovillain-Mega,4,Sneasler,Sneasler,White Herb,Unburden,Close Combat:Gunk Shot:Protect:Fake Out,Close Combat,Gunk Shot,Protect,Fake Out,Froslass-Mega:Basculegion:Kingambit:Lycanroc:Scovillain-Mega
2026-06-30,2026-06-30T12:00:03Z,pikalytics,gen9championsvgc2026regma,"Best Pokemon, teams, and builds in Pokemon Champions VGC 2026",https://pikalytics.com/pokedex/gen9championsvgc2026regma,20,6,2cake,2cake,6-0,6,0,0,6,100.00,INGAGE FRONTIER SERIES #1 - $50 PRIZE (Reg M-B),2026-06-20,1,1,62,https://play.limitlesstcg.com/tournament/6a2f143fe334c3c9befd6e8e/player/2cake/teamlist,https://play.limitlesstcg.com/tournament/6a2f143fe334c3c9befd6e8e/standings,Pelipper:Archaludon:Sinistcha:Swampert-Mega:Maushold:Overqwil,4,Swampert-Mega,Swampert,Swampertite,Damp,Wave Crash:High Horsepower:Ice Punch:Protect,Wave Crash,High Horsepower,Ice Punch,Protect,Pelipper:Archaludon:Sinistcha:Maushold:Overqwil
2026-06-25,2026-06-25T12:00:03Z,pikalytics,gen9championsvgc2026regma,"Best Pokemon, teams, and builds in Pokemon Champions VGC 2026",https://pikalytics.com/pokedex/gen9championsvgc2026regma,20,6,Lorenzaooo,Lorenzaooo,12-1,12,1,0,13,92.31,Maddo's Cup #9 | 100€ for the Winner | Reg M-B,2026-06-20,3,0,234,https://play.limitlesstcg.com/tournament/6a274add56b11a587a94c886/player/lorenzaooo/teamlist,https://play.limitlesstcg.com/tournament/6a274add56b11a587a94c886/standings,Froslass-Mega:Basculegion:Kingambit:Sneasler:Lycanroc:Scovillain-Mega,5,Lycanroc,Lycanroc Dusk,Focus Sash,Tough Claws,Close Combat:Accelerock:Rock Slide:Protect,Close Combat,Accelerock,Rock Slide,Protect,Froslass-Mega:Basculegion:Kingambit:Sneasler:Scovillain-Mega
2026-06-30,2026-06-30T12:00:03Z,pikalytics,gen9championsvgc2026regma,"Best Pokemon, teams, and builds in Pokemon Champions VGC 2026",https://pikalytics.com/pokedex/gen9championsvgc2026regma,20,6,2cake,2cake,6-0,6,0,0,6,100.00,INGAGE FRONTIER SERIES #1 - $50 PRIZE (Reg M-B),2026-06-20,1,1,62,https://play.limitlesstcg.com/tournament/6a2f143fe334c3c9befd6e8e/player/2cake/teamlist,https://play.limitlesstcg.com/tournament/6a2f143fe334c3c9befd6e8e/standings,Pelipper:Archaludon:Sinistcha:Swampert-Mega:Maushold:Overqwil,5,Maushold,Maushold,Wide Lens,Technician,Population Bomb:Follow Me:Rain Dance:Protect,Population Bomb,Follow Me,Rain Dance,Protect,Pelipper:Archaludon:Sinistcha:Swampert-Mega:Overqwil
2026-06-30,2026-06-30T12:00:03Z,pikalytics,gen9championsvgc2026regma,"Best Pokemon, teams, and builds in Pokemon Champions VGC 2026",https://pikalytics.com/pokedex/gen9championsvgc2026regma,20,6,2cake,2cake,6-0,6,0,0,6,100.00,INGAGE FRONTIER SERIES #1 - $50 PRIZE (Reg M-B),2026-06-20,1,1,62,https://play.limitlesstcg.com/tournament/6a2f143fe334c3c9befd6e8e/player/2cake/teamlist,https://play.limitlesstcg.com/tournament/6a2f143fe334c3c9befd6e8e/standings,Pelipper:Archaludon:Sinistcha:Swampert-Mega:Maushold:Overqwil,6,Overqwil,Overqwil,Life Orb,Swift Swim,Gunk Shot:Throat Chop:Icy Wind:Protect,Gunk Shot,Throat Chop,Icy Wind,Protect,Pelipper:Archaludon:Sinistcha:Swampert-Mega:Maushold
2026-06-25,2026-06-25T12:00:03Z,pikalytics,gen9championsvgc2026regma,"Best Pokemon, teams, and builds in Pokemon Champions VGC 2026",https://pikalytics.com/pokedex/gen9championsvgc2026regma,20,6,Lorenzaooo,Lorenzaooo,12-1,12,1,0,13,92.31,Maddo's Cup #9 | 100€ for the Winner | Reg M-B,2026-06-20,3,0,234,https://play.limitlesstcg.com/tournament/6a274add56b11a587a94c886/player/lorenzaooo/teamlist,https://play.limitlesstcg.com/tournament/6a274add56b11a587a94c886/standings,Froslass-Mega:Basculegion:Kingambit:Sneasler:Lycanroc:Scovillain-Mega,6,Scovillain-Mega,Scovillain,Scovillainite,Moody,Giga Drain:Overheat:Rage Powder:Protect,Giga Drain,Overheat,Rage Powder,Protect,Froslass-Mega:Basculegion:Kingambit:Sneasler:Lycanroc
2026-06-29,2026-06-29T12:00:03Z,pikalytics,gen9championsvgc2026regma,"Best Pokemon, teams, and builds in Pokemon Champions VGC 2026",https://pikalytics.com/pokedex/gen9championsvgc2026regma,17,6,TenkiPK,TenkiPK,8-1,8,1,0,9,88.89,KIng's Gambit #6 | Reg M-B,2026-06-21,1,1,60,https://play.limitlesstcg.com/tournament/6a29ab02e334c3c9befd3389/player/tenkipk/teamlist,https://play.limitlesstcg.com/tournament/6a29ab02e334c3c9befd3389/standings,Charizard-Mega-Y:Floette-Eternal-Mega:Garchomp:Whimsicott:Basculegion:Kingambit,1,Charizard-Mega-Y,Charizard,Charizardite Y,Blaze,Heat Wave:Weather Ball:Solar Beam:Protect,Heat Wave,Weather Ball,Solar Beam,Protect,Floette-Eternal-Mega:Garchomp:Whimsicott:Basculegion:Kingambit
2026-06-29,2026-06-29T12:00:03Z,pikalytics,gen9championsvgc2026regma,"Best Pokemon, teams, and builds in Pokemon Champions VGC 2026",https://pikalytics.com/pokedex/gen9championsvgc2026regma,17,6,TenkiPK,TenkiPK,8-1,8,1,0,9,88.89,KIng's Gambit #6 | Reg M-B,2026-06-21,1,1,60,https://play.limitlesstcg.com/tournament/6a29ab02e334c3c9befd3389/player/tenkipk/teamlist,https://play.limitlesstcg.com/tournament/6a29ab02e334c3c9befd3389/standings,Charizard-Mega-Y:Floette-Eternal-Mega:Garchomp:Whimsicott:Basculegion:Kingambit,2,Floette-Eternal-Mega,Eternal Flower Floette,Floettite,Flower Veil,Moonblast:Dazzling Gleam:Light of Ruin:Protect,Moonblast,Dazzling Gleam,Light of Ruin,Protect,Charizard-Mega-Y:Garchomp:Whimsicott:Basculegion:Kingambit
2026-06-29,2026-06-29T12:00:03Z,pikalytics,gen9championsvgc2026regma,"Best Pokemon, teams, and builds in Pokemon Champions VGC 2026",https://pikalytics.com/pokedex/gen9championsvgc2026regma,17,6,TenkiPK,TenkiPK,8-1,8,1,0,9,88.89,KIng's Gambit #6 | Reg M-B,2026-06-21,1,1,60,https://play.limitlesstcg.com/tournament/6a29ab02e334c3c9befd3389/player/tenkipk/teamlist,https://play.limitlesstcg.com/tournament/6a29ab02e334c3c9befd3389/standings,Charizard-Mega-Y:Floette-Eternal-Mega:Garchomp:Whimsicott:Basculegion:Kingambit,3,Garchomp,Garchomp,Sitrus Berry,Rough Skin,Dragon Claw:Earthquake:Rock Slide:Protect,Dragon Claw,Earthquake,Rock Slide,Protect,Charizard-Mega-Y:Floette-Eternal-Mega:Whimsicott:Basculegion:Kingambit
2026-06-29,2026-06-29T12:00:03Z,pikalytics,gen9championsvgc2026regma,"Best Pokemon, teams, and builds in Pokemon Champions VGC 2026",https://pikalytics.com/pokedex/gen9championsvgc2026regma,17,6,TenkiPK,TenkiPK,8-1,8,1,0,9,88.89,KIng's Gambit #6 | Reg M-B,2026-06-21,1,1,60,https://play.limitlesstcg.com/tournament/6a29ab02e334c3c9befd3389/player/tenkipk/teamlist,https://play.limitlesstcg.com/tournament/6a29ab02e334c3c9befd3389/standings,Charizard-Mega-Y:Floette-Eternal-Mega:Garchomp:Whimsicott:Basculegion:Kingambit,4,Whimsicott,Whimsicott,Focus Sash,Prankster,Moonblast:Tailwind:Encore:Protect,Moonblast,Tailwind,Encore,Protect,Charizard-Mega-Y:Floette-Eternal-Mega:Garchomp:Basculegion:Kingambit
2026-06-29,2026-06-29T12:00:03Z,pikalytics,gen9championsvgc2026regma,"Best Pokemon, teams, and builds in Pokemon Champions VGC 2026",https://pikalytics.com/pokedex/gen9championsvgc2026regma,17,6,TenkiPK,TenkiPK,8-1,8,1,0,9,88.89,KIng's Gambit #6 | Reg M-B,2026-06-21,1,1,60,https://play.limitlesstcg.com/tournament/6a29ab02e334c3c9befd3389/player/tenkipk/teamlist,https://play.limitlesstcg.com/tournament/6a29ab02e334c3c9befd3389/standings,Charizard-Mega-Y:Floette-Eternal-Mega:Garchomp:Whimsicott:Basculegion:Kingambit,5,Basculegion,Basculegion,Mystic Water,Adaptability,Wave Crash:Last Respects:Aqua Jet:Protect,Wave Crash,Last Respects,Aqua Jet,Protect,Charizard-Mega-Y:Floette-Eternal-Mega:Garchomp:Whimsicott:Kingambit
2026-06-29,2026-06-29T12:00:03Z,pikalytics,gen9championsvgc2026regma,"Best Pokemon, teams, and builds in Pokemon Champions VGC 2026",https://pikalytics.com/pokedex/gen9championsvgc2026regma,17,6,TenkiPK,TenkiPK,8-1,8,1,0,9,88.89,KIng's Gambit #6 | Reg M-B,2026-06-21,1,1,60,https://play.limitlesstcg.com/tournament/6a29ab02e334c3c9befd3389/player/tenkipk/teamlist,https://play.limitlesstcg.com/tournament/6a29ab02e334c3c9befd3389/standings,Charizard-Mega-Y:Floette-Eternal-Mega:Garchomp:Whimsicott:Basculegion:Kingambit,6,Kingambit,Kingambit,Black Glasses,Defiant,Kowtow Cleave:Protect:Sucker Punch:Iron Head,Kowtow Cleave,Protect,Sucker Punch,Iron Head,Charizard-Mega-Y:Floette-Eternal-Mega:Garchomp:Whimsicott:Basculegion
2026-06-29,2026-06-29T12:00:03Z,pikalytics,gen9championsvgc2026regma,"Best Pokemon, teams, and builds in Pokemon Champions VGC 2026",https://pikalytics.com/pokedex/gen9championsvgc2026regma,18,6,Altkyle,Altkyle,11-1,11,1,0,12,91.67,The Wide League Saturday Night Rumble #86 REG M-B,2026-06-21,1,1,39,https://play.limitlesstcg.com/tournament/6a31ea742d97f3b0c2618221/player/altkyle/teamlist,https://play.limitlesstcg.com/tournament/6a31ea742d97f3b0c2618221/standings,Dragonite-Mega:Basculegion:Scizor-Mega:Archaludon:Pelipper:Incineroar,1,Dragonite-Mega,Dragonite,Dragoninite,Inner Focus,Dragon Pulse:Flamethrower:Tailwind:Protect,Dragon Pulse,Flamethrower,Tailwind,Protect,Basculegion:Scizor-Mega:Archaludon:Pelipper:Incineroar
2026-06-25,2026-06-25T12:00:03Z,pikalytics,gen9championsvgc2026regma,"Best Pokemon, teams, and builds in Pokemon Champions VGC 2026",https://pikalytics.com/pokedex/gen9championsvgc2026regma,18,6,Louie John Valencia,Louie John Valencia,6-0,6,0,0,6,100.00,Sunday Sabong | This lizard again!?,2026-06-21,1,1,12,https://play.limitlesstcg.com/tournament/6a32946c2d97f3b0c261854e/player/lojica1/teamlist,https://play.limitlesstcg.com/tournament/6a32946c2d97f3b0c261854e/standings,Floette-Eternal-Mega:Charizard-Mega-Y:Whimsicott:Garchomp:Basculegion:Kingambit,1,Floette-Eternal-Mega,Eternal Flower Floette,Floettite,Flower Veil,Moonblast:Dazzling Gleam:Light of Ruin:Protect,Moonblast,Dazzling Gleam,Light of Ruin,Protect,Charizard-Mega-Y:Whimsicott:Garchomp:Basculegion:Kingambit
2026-06-29,2026-06-29T12:00:03Z,pikalytics,gen9championsvgc2026regma,"Best Pokemon, teams, and builds in Pokemon Champions VGC 2026",https://pikalytics.com/pokedex/gen9championsvgc2026regma,18,6,Altkyle,Altkyle,11-1,11,1,0,12,91.67,The Wide League Saturday Night Rumble #86 REG M-B,2026-06-21,1,1,39,https://play.limitlesstcg.com/tournament/6a31ea742d97f3b0c2618221/player/altkyle/teamlist,https://play.limitlesstcg.com/tournament/6a31ea742d97f3b0c2618221/standings,Dragonite-Mega:Basculegion:Scizor-Mega:Archaludon:Pelipper:Incineroar,2,Basculegion,Basculegion,Choice Scarf,Adaptability,Wave Crash:Last Respects:Aqua Jet:Flip Turn,Wave Crash,Last Respects,Aqua Jet,Flip Turn,Dragonite-Mega:Scizor-Mega:Archaludon:Pelipper:Incineroar
2026-06-25,2026-06-25T12:00:03Z,pikalytics,gen9championsvgc2026regma,"Best Pokemon, teams, and builds in Pokemon Champions VGC 2026",https://pikalytics.com/pokedex/gen9championsvgc2026regma,18,6,Louie John Valencia,Louie John Valencia,6-0,6,0,0,6,100.00,Sunday Sabong | This lizard again!?,2026-06-21,1,1,12,https://play.limitlesstcg.com/tournament/6a32946c2d97f3b0c261854e/player/lojica1/teamlist,https://play.limitlesstcg.com/tournament/6a32946c2d97f3b0c261854e/standings,Floette-Eternal-Mega:Charizard-Mega-Y:Whimsicott:Garchomp:Basculegion:Kingambit,2,Charizard-Mega-Y,Charizard,Charizardite Y,Blaze,Heat Wave:Weather Ball:Solar Beam:Protect,Heat Wave,Weather Ball,Solar Beam,Protect,Floette-Eternal-Mega:Whimsicott:Garchomp:Basculegion:Kingambit
2026-06-29,2026-06-29T12:00:03Z,pikalytics,gen9championsvgc2026regma,"Best Pokemon, teams, and builds in Pokemon Champions VGC 2026",https://pikalytics.com/pokedex/gen9championsvgc2026regma,18,6,Altkyle,Altkyle,11-1,11,1,0,12,91.67,The Wide League Saturday Night Rumble #86 REG M-B,2026-06-21,1,1,39,https://play.limitlesstcg.com/tournament/6a31ea742d97f3b0c2618221/player/altkyle/teamlist,https://play.limitlesstcg.com/tournament/6a31ea742d97f3b0c2618221/standings,Dragonite-Mega:Basculegion:Scizor-Mega:Archaludon:Pelipper:Incineroar,3,Scizor-Mega,Scizor,Scizorite,Technician,Bullet Punch:Close Combat:Swords Dance:Protect,Bullet Punch,Close Combat,Swords Dance,Protect,Dragonite-Mega:Basculegion:Archaludon:Pelipper:Incineroar
2026-06-25,2026-06-25T12:00:03Z,pikalytics,gen9championsvgc2026regma,"Best Pokemon, teams, and builds in Pokemon Champions VGC 2026",https://pikalytics.com/pokedex/gen9championsvgc2026regma,18,6,Louie John Valencia,Louie John Valencia,6-0,6,0,0,6,100.00,Sunday Sabong | This lizard again!?,2026-06-21,1,1,12,https://play.limitlesstcg.com/tournament/6a32946c2d97f3b0c261854e/player/lojica1/teamlist,https://play.limitlesstcg.com/tournament/6a32946c2d97f3b0c261854e/standings,Floette-Eternal-Mega:Charizard-Mega-Y:Whimsicott:Garchomp:Basculegion:Kingambit,3,Whimsicott,Whimsicott,Focus Sash,Prankster,Moonblast:Tailwind:Encore:Protect,Moonblast,Tailwind,Encore,Protect,Floette-Eternal-Mega:Charizard-Mega-Y:Garchomp:Basculegion:Kingambit
2026-06-29,2026-06-29T12:00:03Z,pikalytics,gen9championsvgc2026regma,"Best Pokemon, teams, and builds in Pokemon Champions VGC 2026",https://pikalytics.com/pokedex/gen9championsvgc2026regma,18,6,Altkyle,Altkyle,11-1,11,1,0,12,91.67,The Wide League Saturday Night Rumble #86 REG M-B,2026-06-21,1,1,39,https://play.limitlesstcg.com/tournament/6a31ea742d97f3b0c2618221/player/altkyle/teamlist,https://play.limitlesstcg.com/tournament/6a31ea742d97f3b0c2618221/standings,Dragonite-Mega:Basculegion:Scizor-Mega:Archaludon:Pelipper:Incineroar,4,Archaludon,Archaludon,Chople Berry,Stamina,Electro Shot:Dragon Pulse:Aura Sphere:Protect,Electro Shot,Dragon Pulse,Aura Sphere,Protect,Dragonite-Mega:Basculegion:Scizor-Mega:Pelipper:Incineroar
2026-06-25,2026-06-25T12:00:03Z,pikalytics,gen9championsvgc2026regma,"Best Pokemon, teams, and builds in Pokemon Champions VGC 2026",https://pikalytics.com/pokedex/gen9championsvgc2026regma,18,6,Louie John Valencia,Louie John Valencia,6-0,6,0,0,6,100.00,Sunday Sabong | This lizard again!?,2026-06-21,1,1,12,https://play.limitlesstcg.com/tournament/6a32946c2d97f3b0c261854e/player/lojica1/teamlist,https://play.limitlesstcg.com/tournament/6a32946c2d97f3b0c261854e/standings,Floette-Eternal-Mega:Charizard-Mega-Y:Whimsicott:Garchomp:Basculegion:Kingambit,4,Garchomp,Garchomp,Life Orb,Rough Skin,Dragon Claw:Stomping Tantrum:Protect:Rock Slide,Dragon Claw,Stomping Tantrum,Protect,Rock Slide,Floette-Eternal-Mega:Charizard-Mega-Y:Whimsicott:Basculegion:Kingambit
2026-06-25,2026-06-25T12:00:03Z,pikalytics,gen9championsvgc2026regma,"Best Pokemon, teams, and builds in Pokemon Champions VGC 2026",https://pikalytics.com/pokedex/gen9championsvgc2026regma,18,6,Louie John Valencia,Louie John Valencia,6-0,6,0,0,6,100.00,Sunday Sabong | This lizard again!?,2026-06-21,1,1,12,https://play.limitlesstcg.com/tournament/6a32946c2d97f3b0c261854e/player/lojica1/teamlist,https://play.limitlesstcg.com/tournament/6a32946c2d97f3b0c261854e/standings,Floette-Eternal-Mega:Charizard-Mega-Y:Whimsicott:Garchomp:Basculegion:Kingambit,5,Basculegion,Basculegion,Mystic Water,Adaptability,Wave Crash:Last Respects:Aqua Jet:Protect,Wave Crash,Last Respects,Aqua Jet,Protect,Floette-Eternal-Mega:Charizard-Mega-Y:Whimsicott:Garchomp:Kingambit
2026-06-29,2026-06-29T12:00:03Z,pikalytics,gen9championsvgc2026regma,"Best Pokemon, teams, and builds in Pokemon Champions VGC 2026",https://pikalytics.com/pokedex/gen9championsvgc2026regma,18,6,Altkyle,Altkyle,11-1,11,1,0,12,91.67,The Wide League Saturday Night Rumble #86 REG M-B,2026-06-21,1,1,39,https://play.limitlesstcg.com/tournament/6a31ea742d97f3b0c2618221/player/altkyle/teamlist,https://play.limitlesstcg.com/tournament/6a31ea742d97f3b0c2618221/standings,Dragonite-Mega:Basculegion:Scizor-Mega:Archaludon:Pelipper:Incineroar,5,Pelipper,Pelipper,Focus Sash,Drizzle,Hurricane:Weather Ball:Tailwind:Protect,Hurricane,Weather Ball,Tailwind,Protect,Dragonite-Mega:Basculegion:Scizor-Mega:Archaludon:Incineroar
2026-06-29,2026-06-29T12:00:03Z,pikalytics,gen9championsvgc2026regma,"Best Pokemon, teams, and builds in Pokemon Champions VGC 2026",https://pikalytics.com/pokedex/gen9championsvgc2026regma,18,6,Altkyle,Altkyle,11-1,11,1,0,12,91.67,The Wide League Saturday Night Rumble #86 REG M-B,2026-06-21,1,1,39,https://play.limitlesstcg.com/tournament/6a31ea742d97f3b0c2618221/player/altkyle/teamlist,https://play.limitlesstcg.com/tournament/6a31ea742d97f3b0c2618221/standings,Dragonite-Mega:Basculegion:Scizor-Mega:Archaludon:Pelipper:Incineroar,6,Incineroar,Incineroar,Sitrus Berry,Intimidate,Fake Out:Flare Blitz:Throat Chop:Parting Shot,Fake Out,Flare Blitz,Throat Chop,Parting Shot,Dragonite-Mega:Basculegion:Scizor-Mega:Archaludon:Pelipper
2026-06-25,2026-06-25T12:00:03Z,pikalytics,gen9championsvgc2026regma,"Best Pokemon, teams, and builds in Pokemon Champions VGC 2026",https://pikalytics.com/pokedex/gen9championsvgc2026regma,18,6,Louie John Valencia,Louie John Valencia,6-0,6,0,0,6,100.00,Sunday Sabong | This lizard again!?,2026-06-21,1,1,12,https://play.limitlesstcg.com/tournament/6a32946c2d97f3b0c261854e/player/lojica1/teamlist,https://play.limitlesstcg.com/tournament/6a32946c2d97f3b0c261854e/standings,Floette-Eternal-Mega:Charizard-Mega-Y:Whimsicott:Garchomp:Basculegion:Kingambit,6,Kingambit,Kingambit,Occa Berry,Defiant,Kowtow Cleave:Iron Head:Sucker Punch:Protect,Kowtow Cleave,Iron Head,Sucker Punch,Protect,Floette-Eternal-Mega:Charizard-Mega-Y:Whimsicott:Garchomp:Basculegion
2026-07-28,2026-07-28T12:00:02Z,pikalytics,gen9championsvgc2026regma,"Best Pokemon, teams, and builds in Pokemon Champions VGC 2026",https://pikalytics.com/pokedex/gen9championsvgc2026regma,11,6,ege,ege,9-0,9,0,0,9,100.00,Palafin Pals Jet Punch Series 🌊✊Reg M-B #2,2026-06-22,1,1,26,https://play.limitlesstcg.com/tournament/6a390b81c87cd9ff0a30cfc3/player/ege/teamlist,https://play.limitlesstcg.com/tournament/6a390b81c87cd9ff0a30cfc3/standings,Froslass-Mega:Scovillain-Mega:Lycanroc:Kingambit:Basculegion:Sneasler,1,Froslass-Mega,Froslass,Froslassite,Cursed Body,Blizzard:Shadow Ball:Aurora Veil:Protect,Blizzard,Shadow Ball,Aurora Veil,Protect,Scovillain-Mega:Lycanroc:Kingambit:Basculegion:Sneasler
2026-07-28,2026-07-28T12:00:02Z,pikalytics,gen9championsvgc2026regma,"Best Pokemon, teams, and builds in Pokemon Champions VGC 2026",https://pikalytics.com/pokedex/gen9championsvgc2026regma,11,6,ege,ege,9-0,9,0,0,9,100.00,Palafin Pals Jet Punch Series 🌊✊Reg M-B #2,2026-06-22,1,1,26,https://play.limitlesstcg.com/tournament/6a390b81c87cd9ff0a30cfc3/player/ege/teamlist,https://play.limitlesstcg.com/tournament/6a390b81c87cd9ff0a30cfc3/standings,Froslass-Mega:Scovillain-Mega:Lycanroc:Kingambit:Basculegion:Sneasler,2,Scovillain-Mega,Scovillain,Scovillainite,Moody,Overheat:Giga Drain:Rage Powder:Protect,Overheat,Giga Drain,Rage Powder,Protect,Froslass-Mega:Lycanroc:Kingambit:Basculegion:Sneasler
2026-07-28,2026-07-28T12:00:02Z,pikalytics,gen9championsvgc2026regma,"Best Pokemon, teams, and builds in Pokemon Champions VGC 2026",https://pikalytics.com/pokedex/gen9championsvgc2026regma,11,6,ege,ege,9-0,9,0,0,9,100.00,Palafin Pals Jet Punch Series 🌊✊Reg M-B #2,2026-06-22,1,1,26,https://play.limitlesstcg.com/tournament/6a390b81c87cd9ff0a30cfc3/player/ege/teamlist,https://play.limitlesstcg.com/tournament/6a390b81c87cd9ff0a30cfc3/standings,Froslass-Mega:Scovillain-Mega:Lycanroc:Kingambit:Basculegion:Sneasler,3,Lycanroc,Lycanroc Dusk,Focus Sash,Tough Claws,Rock Slide:Close Combat:Accelerock:Protect,Rock Slide,Close Combat,Accelerock,Protect,Froslass-Mega:Scovillain-Mega:Kingambit:Basculegion:Sneasler
2026-07-28,2026-07-28T12:00:02Z,pikalytics,gen9championsvgc2026regma,"Best Pokemon, teams, and builds in Pokemon Champions VGC 2026",https://pikalytics.com/pokedex/gen9championsvgc2026regma,11,6,ege,ege,9-0,9,0,0,9,100.00,Palafin Pals Jet Punch Series 🌊✊Reg M-B #2,2026-06-22,1,1,26,https://play.limitlesstcg.com/tournament/6a390b81c87cd9ff0a30cfc3/player/ege/teamlist,https://play.limitlesstcg.com/tournament/6a390b81c87cd9ff0a30cfc3/standings,Froslass-Mega:Scovillain-Mega:Lycanroc:Kingambit:Basculegion:Sneasler,4,Kingambit,Kingambit,Black Glasses,Defiant,Kowtow Cleave:Sucker Punch:Swords Dance:Protect,Kowtow Cleave,Sucker Punch,Swords Dance,Protect,Froslass-Mega:Scovillain-Mega:Lycanroc:Basculegion:Sneasler
2026-07-28,2026-07-28T12:00:02Z,pikalytics,gen9championsvgc2026regma,"Best Pokemon, teams, and builds in Pokemon Champions VGC 2026",https://pikalytics.com/pokedex/gen9championsvgc2026regma,11,6,ege,ege,9-0,9,0,0,9,100.00,Palafin Pals Jet Punch Series 🌊✊Reg M-B #2,2026-06-22,1,1,26,https://play.limitlesstcg.com/tournament/6a390b81c87cd9ff0a30cfc3/player/ege/teamlist,https://play.limitlesstcg.com/tournament/6a390b81c87cd9ff0a30cfc3/standings,Froslass-Mega:Scovillain-Mega:Lycanroc:Kingambit:Basculegion:Sneasler,5,Basculegion,Basculegion,Sitrus Berry,Adaptability,Wave Crash:Last Respects:Aqua Jet:Protect,Wave Crash,Last Respects,Aqua Jet,Protect,Froslass-Mega:Scovillain-Mega:Lycanroc:Kingambit:Sneasler
2026-07-28,2026-07-28T12:00:02Z,pikalytics,gen9championsvgc2026regma,"Best Pokemon, teams, and builds in Pokemon Champions VGC 2026",https://pikalytics.com/pokedex/gen9championsvgc2026regma,11,6,ege,ege,9-0,9,0,0,9,100.00,Palafin Pals Jet Punch Series 🌊✊Reg M-B #2,2026-06-22,1,1,26,https://play.limitlesstcg.com/tournament/6a390b81c87cd9ff0a30cfc3/player/ege/teamlist,https://play.limitlesstcg.com/tournament/6a390b81c87cd9ff0a30cfc3/standings,Froslass-Mega:Scovillain-Mega:Lycanroc:Kingambit:Basculegion:Sneasler,6,Sneasler,Sneasler,White Herb,Unburden,Close Combat:Gunk Shot:Fake Out:Protect,Close Combat,Gunk Shot,Fake Out,Protect,Froslass-Mega:Scovillain-Mega:Lycanroc:Kingambit:Basculegion
2026-06-29,2026-06-29T12:00:03Z,pikalytics,gen9championsvgc2026regma,"Best Pokemon, teams, and builds in Pokemon Champions VGC 2026",https://pikalytics.com/pokedex/gen9championsvgc2026regma,12,6,MrAwesome,MrAwesome,5-0,5,0,0,5,100.00,Pokepal Smackdown #146 (Champions) (Reg M-B),2026-06-22,1,1,48,https://play.limitlesstcg.com/tournament/6a15ac1d0f6c1f089986169f/player/mrawesome/teamlist,https://play.limitlesstcg.com/tournament/6a15ac1d0f6c1f089986169f/standings,Rotom-Wash:Vanilluxe:Whimsicott:Floette-Eternal-Mega:Incineroar:Ceruledge,1,Rotom-Wash,Wash Rotom,Sitrus Berry,Levitate,Hydro Pump:Thunderbolt:Protect:Will-O-Wisp,Hydro Pump,Thunderbolt,Protect,Will-O-Wisp,Vanilluxe:Whimsicott:Floette-Eternal-Mega:Incineroar:Ceruledge
2026-06-29,2026-06-29T12:00:03Z,pikalytics,gen9championsvgc2026regma,"Best Pokemon, teams, and builds in Pokemon Champions VGC 2026",https://pikalytics.com/pokedex/gen9championsvgc2026regma,12,6,MrAwesome,MrAwesome,5-0,5,0,0,5,100.00,Pokepal Smackdown #146 (Champions) (Reg M-B),2026-06-22,1,1,48,https://play.limitlesstcg.com/tournament/6a15ac1d0f6c1f089986169f/player/mrawesome/teamlist,https://play.limitlesstcg.com/tournament/6a15ac1d0f6c1f089986169f/standings,Rotom-Wash:Vanilluxe:Whimsicott:Floette-Eternal-Mega:Incineroar:Ceruledge,2,Vanilluxe,Vanilluxe,Choice Scarf,Snow Warning,Frost Breath:Blizzard:Freeze-Dry:Icy Wind,Frost Breath,Blizzard,Freeze-Dry,Icy Wind,Rotom-Wash:Whimsicott:Floette-Eternal-Mega:Incineroar:Ceruledge
2026-06-29,2026-06-29T12:00:03Z,pikalytics,gen9championsvgc2026regma,"Best Pokemon, teams, and builds in Pokemon Champions VGC 2026",https://pikalytics.com/pokedex/gen9championsvgc2026regma,12,6,MrAwesome,MrAwesome,5-0,5,0,0,5,100.00,Pokepal Smackdown #146 (Champions) (Reg M-B),2026-06-22,1,1,48,https://play.limitlesstcg.com/tournament/6a15ac1d0f6c1f089986169f/player/mrawesome/teamlist,https://play.limitlesstcg.com/tournament/6a15ac1d0f6c1f089986169f/standings,Rotom-Wash:Vanilluxe:Whimsicott:Floette-Eternal-Mega:Incineroar:Ceruledge,3,Whimsicott,Whimsicott,Focus Sash,Prankster,Moonblast:Protect:Encore:Tailwind,Moonblast,Protect,Encore,Tailwind,Rotom-Wash:Vanilluxe:Floette-Eternal-Mega:Incineroar:Ceruledge
2026-06-29,2026-06-29T12:00:03Z,pikalytics,gen9championsvgc2026regma,"Best Pokemon, teams, and builds in Pokemon Champions VGC 2026",https://pikalytics.com/pokedex/gen9championsvgc2026regma,12,6,MrAwesome,MrAwesome,5-0,5,0,0,5,100.00,Pokepal Smackdown #146 (Champions) (Reg M-B),2026-06-22,1,1,48,https://play.limitlesstcg.com/tournament/6a15ac1d0f6c1f089986169f/player/mrawesome/teamlist,https://play.limitlesstcg.com/tournament/6a15ac1d0f6c1f089986169f/standings,Rotom-Wash:Vanilluxe:Whimsicott:Floette-Eternal-Mega:Incineroar:Ceruledge,4,Floette-Eternal-Mega,Floette,Floettite,Flower Veil,Light of Ruin:Moonblast:Dazzling Gleam:Protect,Light of Ruin,Moonblast,Dazzling Gleam,Protect,Rotom-Wash:Vanilluxe:Whimsicott:Incineroar:Ceruledge
2026-06-29,2026-06-29T12:00:03Z,pikalytics,gen9championsvgc2026regma,"Best Pokemon, teams, and builds in Pokemon Champions VGC 2026",https://pikalytics.com/pokedex/gen9championsvgc2026regma,12,6,MrAwesome,MrAwesome,5-0,5,0,0,5,100.00,Pokepal Smackdown #146 (Champions) (Reg M-B),2026-06-22,1,1,48,https://play.limitlesstcg.com/tournament/6a15ac1d0f6c1f089986169f/player/mrawesome/teamlist,https://play.limitlesstcg.com/tournament/6a15ac1d0f6c1f089986169f/standings,Rotom-Wash:Vanilluxe:Whimsicott:Floette-Eternal-Mega:Incineroar:Ceruledge,5,Incineroar,Incineroar,Passho Berry,Intimidate,Flare Blitz:Fake Out:Parting Shot:Taunt,Flare Blitz,Fake Out,Parting Shot,Taunt,Rotom-Wash:Vanilluxe:Whimsicott:Floette-Eternal-Mega:Ceruledge
2026-06-29,2026-06-29T12:00:03Z,pikalytics,gen9championsvgc2026regma,"Best Pokemon, teams, and builds in Pokemon Champions VGC 2026",https://pikalytics.com/pokedex/gen9championsvgc2026regma,12,6,MrAwesome,MrAwesome,5-0,5,0,0,5,100.00,Pokepal Smackdown #146 (Champions) (Reg M-B),2026-06-22,1,1,48,https://play.limitlesstcg.com/tournament/6a15ac1d0f6c1f089986169f/player/mrawesome/teamlist,https://play.limitlesstcg.com/tournament/6a15ac1d0f6c1f089986169f/standings,Rotom-Wash:Vanilluxe:Whimsicott:Floette-Eternal-Mega:Incineroar:Ceruledge,6,Ceruledge,Ceruledge,Colbur Berry,Flash Fire,Bitter Blade:Shadow Sneak:Protect:Bulk Up,Bitter Blade,Shadow Sneak,Protect,Bulk Up,Rotom-Wash:Vanilluxe:Whimsicott:Floette-Eternal-Mega:Incineroar
2026-06-29,2026-06-29T12:00:03Z,pikalytics,gen9championsvgc2026regma,"Best Pokemon, teams, and builds in Pokemon Champions VGC 2026",https://pikalytics.com/pokedex/gen9championsvgc2026regma,19,6,naibot2814,naibot2814,7-1,7,1,0,8,87.50,The Drywalls Series #8 - M-B,2026-06-22,1,1,78,https://play.limitlesstcg.com/tournament/6a37eb4faf50e12308407acc/player/naibot2814/teamlist,https://play.limitlesstcg.com/tournament/6a37eb4faf50e12308407acc/standings,Metagross-Mega:Sneasler:Incineroar:Hydreigon:Aerodactyl:Floette-Eternal-Mega,1,Metagross-Mega,Metagross,Metagrossite,Clear Body,Iron Head:Psychic Fangs:Body Press:Protect,Iron Head,Psychic Fangs,Body Press,Protect,Sneasler:Incineroar:Hydreigon:Aerodactyl:Floette-Eternal-Mega
2026-06-29,2026-06-29T12:00:03Z,pikalytics,gen9championsvgc2026regma,"Best Pokemon, teams, and builds in Pokemon Champions VGC 2026",https://pikalytics.com/pokedex/gen9championsvgc2026regma,19,6,naibot2814,naibot2814,7-1,7,1,0,8,87.50,The Drywalls Series #8 - M-B,2026-06-22,1,1,78,https://play.limitlesstcg.com/tournament/6a37eb4faf50e12308407acc/player/naibot2814/teamlist,https://play.limitlesstcg.com/tournament/6a37eb4faf50e12308407acc/standings,Metagross-Mega:Sneasler:Incineroar:Hydreigon:Aerodactyl:Floette-Eternal-Mega,2,Sneasler,Sneasler,White Herb,Unburden,Dire Claw:Fake Out:Close Combat:Coaching,Dire Claw,Fake Out,Close Combat,Coaching,Metagross-Mega:Incineroar:Hydreigon:Aerodactyl:Floette-Eternal-Mega
2026-06-29,2026-06-29T12:00:03Z,pikalytics,gen9championsvgc2026regma,"Best Pokemon, teams, and builds in Pokemon Champions VGC 2026",https://pikalytics.com/pokedex/gen9championsvgc2026regma,19,6,naibot2814,naibot2814,7-1,7,1,0,8,87.50,The Drywalls Series #8 - M-B,2026-06-22,1,1,78,https://play.limitlesstcg.com/tournament/6a37eb4faf50e12308407acc/player/naibot2814/teamlist,https://play.limitlesstcg.com/tournament/6a37eb4faf50e12308407acc/standings,Metagross-Mega:Sneasler:Incineroar:Hydreigon:Aerodactyl:Floette-Eternal-Mega,3,Incineroar,Incineroar,Passho Berry,Intimidate,Fake Out:Flare Blitz:Darkest Lariat:Parting Shot,Fake Out,Flare Blitz,Darkest Lariat,Parting Shot,Metagross-Mega:Sneasler:Hydreigon:Aerodactyl:Floette-Eternal-Mega
2026-06-29,2026-06-29T12:00:03Z,pikalytics,gen9championsvgc2026regma,"Best Pokemon, teams, and builds in Pokemon Champions VGC 2026",https://pikalytics.com/pokedex/gen9championsvgc2026regma,19,6,naibot2814,naibot2814,7-1,7,1,0,8,87.50,The Drywalls Series #8 - M-B,2026-06-22,1,1,78,https://play.limitlesstcg.com/tournament/6a37eb4faf50e12308407acc/player/naibot2814/teamlist,https://play.limitlesstcg.com/tournament/6a37eb4faf50e12308407acc/standings,Metagross-Mega:Sneasler:Incineroar:Hydreigon:Aerodactyl:Floette-Eternal-Mega,4,Hydreigon,Hydreigon,Choice Scarf,Levitate,Draco Meteor:Dark Pulse:Flamethrower:Snarl,Draco Meteor,Dark Pulse,Flamethrower,Snarl,Metagross-Mega:Sneasler:Incineroar:Aerodactyl:Floette-Eternal-Mega
2026-06-29,2026-06-29T12:00:03Z,pikalytics,gen9championsvgc2026regma,"Best Pokemon, teams, and builds in Pokemon Champions VGC 2026",https://pikalytics.com/pokedex/gen9championsvgc2026regma,19,6,naibot2814,naibot2814,7-1,7,1,0,8,87.50,The Drywalls Series #8 - M-B,2026-06-22,1,1,78,https://play.limitlesstcg.com/tournament/6a37eb4faf50e12308407acc/player/naibot2814/teamlist,https://play.limitlesstcg.com/tournament/6a37eb4faf50e12308407acc/standings,Metagross-Mega:Sneasler:Incineroar:Hydreigon:Aerodactyl:Floette-Eternal-Mega,5,Aerodactyl,Aerodactyl,Focus Sash,Unnerve,Rock Slide:Dual Wingbeat:Tailwind:Wide Guard,Rock Slide,Dual Wingbeat,Tailwind,Wide Guard,Metagross-Mega:Sneasler:Incineroar:Hydreigon:Floette-Eternal-Mega
2026-06-29,2026-06-29T12:00:03Z,pikalytics,gen9championsvgc2026regma,"Best Pokemon, teams, and builds in Pokemon Champions VGC 2026",https://pikalytics.com/pokedex/gen9championsvgc2026regma,19,6,naibot2814,naibot2814,7-1,7,1,0,8,87.50,The Drywalls Series #8 - M-B,2026-06-22,1,1,78,https://play.limitlesstcg.com/tournament/6a37eb4faf50e12308407acc/player/naibot2814/teamlist,https://play.limitlesstcg.com/tournament/6a37eb4faf50e12308407acc/standings,Metagross-Mega:Sneasler:Incineroar:Hydreigon:Aerodactyl:Floette-Eternal-Mega,6,Floette-Eternal-Mega,Eternal Flower Floette,Floettite,Flower Veil,Draining Kiss:Dazzling Gleam:Calm Mind:Protect,Draining Kiss,Dazzling Gleam,Calm Mind,Protect,Metagross-Mega:Sneasler:Incineroar:Hydreigon:Aerodactyl
2026-06-29,2026-06-29T12:00:03Z,pikalytics,gen9championsvgc2026regma,"Best Pokemon, teams, and builds in Pokemon Champions VGC 2026",https://pikalytics.com/pokedex/gen9championsvgc2026regma,20,6,GielBakker,GielBakker,8-2,8,2,0,10,80.00,TARTAN TAKEDOWN #29 - [CHAMPIONS REG M-B],2026-06-23,1,1,32,https://play.limitlesstcg.com/tournament/6a31aa6fe334c3c9befd80f9/player/gielbakker/teamlist,https://play.limitlesstcg.com/tournament/6a31aa6fe334c3c9befd80f9/standings,Gengar-Mega:Incineroar:Sneasler:Kommo-o:Swampert-Mega:Politoed,1,Gengar-Mega,Gengar,Gengarite,Cursed Body,Protect:Shadow Ball:Perish Song:Disable,Protect,Shadow Ball,Perish Song,Disable,Incineroar:Sneasler:Kommo-o:Swampert-Mega:Politoed
2026-06-29,2026-06-29T12:00:03Z,pikalytics,gen9championsvgc2026regma,"Best Pokemon, teams, and builds in Pokemon Champions VGC 2026",https://pikalytics.com/pokedex/gen9championsvgc2026regma,20,6,GielBakker,GielBakker,8-2,8,2,0,10,80.00,TARTAN TAKEDOWN #29 - [CHAMPIONS REG M-B],2026-06-23,1,1,32,https://play.limitlesstcg.com/tournament/6a31aa6fe334c3c9befd80f9/player/gielbakker/teamlist,https://play.limitlesstcg.com/tournament/6a31aa6fe334c3c9befd80f9/standings,Gengar-Mega:Incineroar:Sneasler:Kommo-o:Swampert-Mega:Politoed,2,Incineroar,Incineroar,Passho Berry,Intimidate,Protect:Throat Chop:Fake Out:Parting Shot,Protect,Throat Chop,Fake Out,Parting Shot,Gengar-Mega:Sneasler:Kommo-o:Swampert-Mega:Politoed
2026-06-29,2026-06-29T12:00:03Z,pikalytics,gen9championsvgc2026regma,"Best Pokemon, teams, and builds in Pokemon Champions VGC 2026",https://pikalytics.com/pokedex/gen9championsvgc2026regma,20,6,GielBakker,GielBakker,8-2,8,2,0,10,80.00,TARTAN TAKEDOWN #29 - [CHAMPIONS REG M-B],2026-06-23,1,1,32,https://play.limitlesstcg.com/tournament/6a31aa6fe334c3c9befd80f9/player/gielbakker/teamlist,https://play.limitlesstcg.com/tournament/6a31aa6fe334c3c9befd80f9/standings,Gengar-Mega:Incineroar:Sneasler:Kommo-o:Swampert-Mega:Politoed,3,Sneasler,Sneasler,White Herb,Unburden,Protect:Dire Claw:Close Combat:Fake Out,Protect,Dire Claw,Close Combat,Fake Out,Gengar-Mega:Incineroar:Kommo-o:Swampert-Mega:Politoed
2026-06-29,2026-06-29T12:00:03Z,pikalytics,gen9championsvgc2026regma,"Best Pokemon, teams, and builds in Pokemon Champions VGC 2026",https://pikalytics.com/pokedex/gen9championsvgc2026regma,20,6,GielBakker,GielBakker,8-2,8,2,0,10,80.00,TARTAN TAKEDOWN #29 - [CHAMPIONS REG M-B],2026-06-23,1,1,32,https://play.limitlesstcg.com/tournament/6a31aa6fe334c3c9befd80f9/player/gielbakker/teamlist,https://play.limitlesstcg.com/tournament/6a31aa6fe334c3c9befd80f9/standings,Gengar-Mega:Incineroar:Sneasler:Kommo-o:Swampert-Mega:Politoed,4,Kommo-o,Kommo-o,Leftovers,Overcoat,Protect:Aura Sphere:Clangorous Soul:Clanging Scales,Protect,Aura Sphere,Clangorous Soul,Clanging Scales,Gengar-Mega:Incineroar:Sneasler:Swampert-Mega:Politoed
2026-06-29,2026-06-29T12:00:03Z,pikalytics,gen9championsvgc2026regma,"Best Pokemon, teams, and builds in Pokemon Champions VGC 2026",https://pikalytics.com/pokedex/gen9championsvgc2026regma,20,6,GielBakker,GielBakker,8-2,8,2,0,10,80.00,TARTAN TAKEDOWN #29 - [CHAMPIONS REG M-B],2026-06-23,1,1,32,https://play.limitlesstcg.com/tournament/6a31aa6fe334c3c9befd80f9/player/gielbakker/teamlist,https://play.limitlesstcg.com/tournament/6a31aa6fe334c3c9befd80f9/standings,Gengar-Mega:Incineroar:Sneasler:Kommo-o:Swampert-Mega:Politoed,5,Swampert-Mega,Swampert,Swampertite,Damp,Protect:High Horsepower:Wave Crash:Ice Punch,Protect,High Horsepower,Wave Crash,Ice Punch,Gengar-Mega:Incineroar:Sneasler:Kommo-o:Politoed
2026-06-29,2026-06-29T12:00:03Z,pikalytics,gen9championsvgc2026regma,"Best Pokemon, teams, and builds in Pokemon Champions VGC 2026",https://pikalytics.com/pokedex/gen9championsvgc2026regma,20,6,GielBakker,GielBakker,8-2,8,2,0,10,80.00,TARTAN TAKEDOWN #29 - [CHAMPIONS REG M-B],2026-06-23,1,1,32,https://play.limitlesstcg.com/tournament/6a31aa6fe334c3c9befd80f9/player/gielbakker/teamlist,https://play.limitlesstcg.com/tournament/6a31aa6fe334c3c9befd80f9/standings,Gengar-Mega:Incineroar:Sneasler:Kommo-o:Swampert-Mega:Politoed,6,Politoed,Politoed,Sitrus Berry,Drizzle,Protect:Encore:Perish Song:Weather Ball,Protect,Encore,Perish Song,Weather Ball,Gengar-Mega:Incineroar:Sneasler:Kommo-o:Swampert-Mega
2026-06-29,2026-06-29T12:00:03Z,pikalytics,gen9championsvgc2026regma,"Best Pokemon, teams, and builds in Pokemon Champions VGC 2026",https://pikalytics.com/pokedex/gen9championsvgc2026regma,13,6,averagememer57,averagememer57,9-2,9,2,0,11,81.82,*Sitrus-Series*|Champions-MB|#64,2026-06-24,1,1,92,https://play.limitlesstcg.com/tournament/6a356985af50e12308405587/player/averagememer57/teamlist,https://play.limitlesstcg.com/tournament/6a356985af50e12308405587/standings,Charizard-Mega-Y:Aerodactyl-Mega:Farigiraf:Garchomp:Sylveon:Kingambit,1,Charizard-Mega-Y,Charizard,Charizardite Y,Blaze,Heat Wave:Weather Ball:Solar Beam:Protect,Heat Wave,Weather Ball,Solar Beam,Protect,Aerodactyl-Mega:Farigiraf:Garchomp:Sylveon:Kingambit
2026-06-29,2026-06-29T12:00:03Z,pikalytics,gen9championsvgc2026regma,"Best Pokemon, teams, and builds in Pokemon Champions VGC 2026",https://pikalytics.com/pokedex/gen9championsvgc2026regma,13,6,averagememer57,averagememer57,9-2,9,2,0,11,81.82,*Sitrus-Series*|Champions-MB|#64,2026-06-24,1,1,92,https://play.limitlesstcg.com/tournament/6a356985af50e12308405587/player/averagememer57/teamlist,https://play.limitlesstcg.com/tournament/6a356985af50e12308405587/standings,Charizard-Mega-Y:Aerodactyl-Mega:Farigiraf:Garchomp:Sylveon:Kingambit,2,Aerodactyl-Mega,Aerodactyl,Aerodactylite,Unnerve,Rock Slide:Dual Wingbeat:Ice Fang:Tailwind,Rock Slide,Dual Wingbeat,Ice Fang,Tailwind,Charizard-Mega-Y:Farigiraf:Garchomp:Sylveon:Kingambit
2026-06-29,2026-06-29T12:00:03Z,pikalytics,gen9championsvgc2026regma,"Best Pokemon, teams, and builds in Pokemon Champions VGC 2026",https://pikalytics.com/pokedex/gen9championsvgc2026regma,13,6,averagememer57,averagememer57,9-2,9,2,0,11,81.82,*Sitrus-Series*|Champions-MB|#64,2026-06-24,1,1,92,https://play.limitlesstcg.com/tournament/6a356985af50e12308405587/player/averagememer57/teamlist,https://play.limitlesstcg.com/tournament/6a356985af50e12308405587/standings,Charizard-Mega-Y:Aerodactyl-Mega:Farigiraf:Garchomp:Sylveon:Kingambit,3,Farigiraf,Farigiraf,Sitrus Berry,Armor Tail,Psychic:Trick Room:Roar:Thunderbolt,Psychic,Trick Room,Roar,Thunderbolt,Charizard-Mega-Y:Aerodactyl-Mega:Garchomp:Sylveon:Kingambit
2026-06-29,2026-06-29T12:00:03Z,pikalytics,gen9championsvgc2026regma,"Best Pokemon, teams, and builds in Pokemon Champions VGC 2026",https://pikalytics.com/pokedex/gen9championsvgc2026regma,13,6,averagememer57,averagememer57,9-2,9,2,0,11,81.82,*Sitrus-Series*|Champions-MB|#64,2026-06-24,1,1,92,https://play.limitlesstcg.com/tournament/6a356985af50e12308405587/player/averagememer57/teamlist,https://play.limitlesstcg.com/tournament/6a356985af50e12308405587/standings,Charizard-Mega-Y:Aerodactyl-Mega:Farigiraf:Garchomp:Sylveon:Kingambit,4,Garchomp,Garchomp,Life Orb,Rough Skin,Earthquake:Stomping Tantrum:Dragon Claw:Protect,Earthquake,Stomping Tantrum,Dragon Claw,Protect,Charizard-Mega-Y:Aerodactyl-Mega:Farigiraf:Sylveon:Kingambit
2026-06-29,2026-06-29T12:00:03Z,pikalytics,gen9championsvgc2026regma,"Best Pokemon, teams, and builds in Pokemon Champions VGC 2026",https://pikalytics.com/pokedex/gen9championsvgc2026regma,13,6,averagememer57,averagememer57,9-2,9,2,0,11,81.82,*Sitrus-Series*|Champions-MB|#64,2026-06-24,1,1,92,https://play.limitlesstcg.com/tournament/6a356985af50e12308405587/player/averagememer57/teamlist,https://play.limitlesstcg.com/tournament/6a356985af50e12308405587/standings,Charizard-Mega-Y:Aerodactyl-Mega:Farigiraf:Garchomp:Sylveon:Kingambit,5,Sylveon,Sylveon,Fairy Feather,Pixilate,Hyper Voice:Hyper Beam:Quick Attack:Detect,Hyper Voice,Hyper Beam,Quick Attack,Detect,Charizard-Mega-Y:Aerodactyl-Mega:Farigiraf:Garchomp:Kingambit
2026-06-29,2026-06-29T12:00:03Z,pikalytics,gen9championsvgc2026regma,"Best Pokemon, teams, and builds in Pokemon Champions VGC 2026",https://pikalytics.com/pokedex/gen9championsvgc2026regma,13,6,averagememer57,averagememer57,9-2,9,2,0,11,81.82,*Sitrus-Series*|Champions-MB|#64,2026-06-24,1,1,92,https://play.limitlesstcg.com/tournament/6a356985af50e12308405587/player/averagememer57/teamlist,https://play.limitlesstcg.com/tournament/6a356985af50e12308405587/standings,Charizard-Mega-Y:Aerodactyl-Mega:Farigiraf:Garchomp:Sylveon:Kingambit,6,Kingambit,Kingambit,Focus Sash,Defiant,Kowtow Cleave:Sucker Punch:Iron Head:Low Kick,Kowtow Cleave,Sucker Punch,Iron Head,Low Kick,Charizard-Mega-Y:Aerodactyl-Mega:Farigiraf:Garchomp:Sylveon
2026-07-28,2026-07-28T12:00:02Z,pikalytics,gen9championsvgc2026regma,"Best Pokemon, teams, and builds in Pokemon Champions VGC 2026",https://pikalytics.com/pokedex/gen9championsvgc2026regma,14,6,DonVGC,DonVGC,7-0,7,0,0,7,100.00,INGAGE FRONTIER SERIES #2 - $80 PRIZE (Reg M-B),2026-06-24,1,1,199,https://play.limitlesstcg.com/tournament/6a38f19b83fd320299bcdb33/player/donvgc/teamlist,https://play.limitlesstcg.com/tournament/6a38f19b83fd320299bcdb33/standings,Basculegion:Aerodactyl:Sinistcha:Kangaskhan-Mega:Floette-Eternal-Mega:Incineroar,1,Basculegion,Basculegion,Choice Scarf,Adaptability,Last Respects:Flip Turn:Wave Crash:Aqua Jet,Last Respects,Flip Turn,Wave Crash,Aqua Jet,Aerodactyl:Sinistcha:Kangaskhan-Mega:Floette-Eternal-Mega:Incineroar
2026-07-28,2026-07-28T12:00:02Z,pikalytics,gen9championsvgc2026regma,"Best Pokemon, teams, and builds in Pokemon Champions VGC 2026",https://pikalytics.com/pokedex/gen9championsvgc2026regma,14,6,DonVGC,DonVGC,7-0,7,0,0,7,100.00,INGAGE FRONTIER SERIES #2 - $80 PRIZE (Reg M-B),2026-06-24,1,1,199,https://play.limitlesstcg.com/tournament/6a38f19b83fd320299bcdb33/player/donvgc/teamlist,https://play.limitlesstcg.com/tournament/6a38f19b83fd320299bcdb33/standings,Basculegion:Aerodactyl:Sinistcha:Kangaskhan-Mega:Floette-Eternal-Mega:Incineroar,2,Aerodactyl,Aerodactyl,Focus Sash,Unnerve,Protect:Tailwind:Rock Slide:Dual Wingbeat,Protect,Tailwind,Rock Slide,Dual Wingbeat,Basculegion:Sinistcha:Kangaskhan-Mega:Floette-Eternal-Mega:Incineroar
2026-07-28,2026-07-28T12:00:02Z,pikalytics,gen9championsvgc2026regma,"Best Pokemon, teams, and builds in Pokemon Champions VGC 2026",https://pikalytics.com/pokedex/gen9championsvgc2026regma,14,6,DonVGC,DonVGC,7-0,7,0,0,7,100.00,INGAGE FRONTIER SERIES #2 - $80 PRIZE (Reg M-B),2026-06-24,1,1,199,https://play.limitlesstcg.com/tournament/6a38f19b83fd320299bcdb33/player/donvgc/teamlist,https://play.limitlesstcg.com/tournament/6a38f19b83fd320299bcdb33/standings,Basculegion:Aerodactyl:Sinistcha:Kangaskhan-Mega:Floette-Eternal-Mega:Incineroar,3,Sinistcha,Sinistcha,Kasib Berry,Hospitality,Trick Room:Rage Powder:Matcha Gotcha:Life Dew,Trick Room,Rage Powder,Matcha Gotcha,Life Dew,Basculegion:Aerodactyl:Kangaskhan-Mega:Floette-Eternal-Mega:Incineroar
2026-07-28,2026-07-28T12:00:02Z,pikalytics,gen9championsvgc2026regma,"Best Pokemon, teams, and builds in Pokemon Champions VGC 2026",https://pikalytics.com/pokedex/gen9championsvgc2026regma,14,6,DonVGC,DonVGC,7-0,7,0,0,7,100.00,INGAGE FRONTIER SERIES #2 - $80 PRIZE (Reg M-B),2026-06-24,1,1,199,https://play.limitlesstcg.com/tournament/6a38f19b83fd320299bcdb33/player/donvgc/teamlist,https://play.limitlesstcg.com/tournament/6a38f19b83fd320299bcdb33/standings,Basculegion:Aerodactyl:Sinistcha:Kangaskhan-Mega:Floette-Eternal-Mega:Incineroar,4,Kangaskhan-Mega,Kangaskhan,Kangaskhanite,Scrappy,Protect:Crunch:Double-Edge:Drain Punch,Protect,Crunch,Double-Edge,Drain Punch,Basculegion:Aerodactyl:Sinistcha:Floette-Eternal-Mega:Incineroar
2026-07-28,2026-07-28T12:00:02Z,pikalytics,gen9championsvgc2026regma,"Best Pokemon, teams, and builds in Pokemon Champions VGC 2026",https://pikalytics.com/pokedex/gen9championsvgc2026regma,14,6,DonVGC,DonVGC,7-0,7,0,0,7,100.00,INGAGE FRONTIER SERIES #2 - $80 PRIZE (Reg M-B),2026-06-24,1,1,199,https://play.limitlesstcg.com/tournament/6a38f19b83fd320299bcdb33/player/donvgc/teamlist,https://play.limitlesstcg.com/tournament/6a38f19b83fd320299bcdb33/standings,Basculegion:Aerodactyl:Sinistcha:Kangaskhan-Mega:Floette-Eternal-Mega:Incineroar,5,Floette-Eternal-Mega,Eternal Flower Floette,Floettite,Flower Veil,Draining Kiss:Dazzling Gleam:Calm Mind:Protect,Draining Kiss,Dazzling Gleam,Calm Mind,Protect,Basculegion:Aerodactyl:Sinistcha:Kangaskhan-Mega:Incineroar
2026-07-28,2026-07-28T12:00:02Z,pikalytics,gen9championsvgc2026regma,"Best Pokemon, teams, and builds in Pokemon Champions VGC 2026",https://pikalytics.com/pokedex/gen9championsvgc2026regma,14,6,DonVGC,DonVGC,7-0,7,0,0,7,100.00,INGAGE FRONTIER SERIES #2 - $80 PRIZE (Reg M-B),2026-06-24,1,1,199,https://play.limitlesstcg.com/tournament/6a38f19b83fd320299bcdb33/player/donvgc/teamlist,https://play.limitlesstcg.com/tournament/6a38f19b83fd320299bcdb33/standings,Basculegion:Aerodactyl:Sinistcha:Kangaskhan-Mega:Floette-Eternal-Mega:Incineroar,6,Incineroar,Incineroar,Sitrus Berry,Intimidate,Fake Out:Flare Blitz:Darkest Lariat:Parting Shot,Fake Out,Flare Blitz,Darkest Lariat,Parting Shot,Basculegion:Aerodactyl:Sinistcha:Kangaskhan-Mega:Floette-Eternal-Mega
2026-07-08,2026-07-08T12:00:02Z,pikalytics,gen9championsvgc2026regma,"Best Pokemon, teams, and builds in Pokemon Champions VGC 2026",https://pikalytics.com/pokedex/gen9championsvgc2026regma,18,6,Joshua De Jose,Joshua De Jose,8-1,8,1,0,9,88.89,Mid-Week Smoke #5,2026-06-24,1,1,37,https://play.limitlesstcg.com/tournament/6a38cfeeceacae7d6441c5bd/player/magnus309/teamlist,https://play.limitlesstcg.com/tournament/6a38cfeeceacae7d6441c5bd/standings,Raichu-Mega-Y:Mawile-Mega:Sinistcha:Ceruledge:Milotic:Incineroar,1,Raichu-Mega-Y,Raichu,Raichunite Y,Lightning Rod,Zap Cannon:Focus Blast:Fake Out:Protect,Zap Cannon,Focus Blast,Fake Out,Protect,Mawile-Mega:Sinistcha:Ceruledge:Milotic:Incineroar
2026-07-08,2026-07-08T12:00:02Z,pikalytics,gen9championsvgc2026regma,"Best Pokemon, teams, and builds in Pokemon Champions VGC 2026",https://pikalytics.com/pokedex/gen9championsvgc2026regma,18,6,Joshua De Jose,Joshua De Jose,8-1,8,1,0,9,88.89,Mid-Week Smoke #5,2026-06-24,1,1,37,https://play.limitlesstcg.com/tournament/6a38cfeeceacae7d6441c5bd/player/magnus309/teamlist,https://play.limitlesstcg.com/tournament/6a38cfeeceacae7d6441c5bd/standings,Raichu-Mega-Y:Mawile-Mega:Sinistcha:Ceruledge:Milotic:Incineroar,2,Mawile-Mega,Mawile,Mawilite,Hyper Cutter,Play Rough:Sucker Punch:Swords Dance:Protect,Play Rough,Sucker Punch,Swords Dance,Protect,Raichu-Mega-Y:Sinistcha:Ceruledge:Milotic:Incineroar
2026-07-08,2026-07-08T12:00:02Z,pikalytics,gen9championsvgc2026regma,"Best Pokemon, teams, and builds in Pokemon Champions VGC 2026",https://pikalytics.com/pokedex/gen9championsvgc2026regma,18,6,Joshua De Jose,Joshua De Jose,8-1,8,1,0,9,88.89,Mid-Week Smoke #5,2026-06-24,1,1,37,https://play.limitlesstcg.com/tournament/6a38cfeeceacae7d6441c5bd/player/magnus309/teamlist,https://play.limitlesstcg.com/tournament/6a38cfeeceacae7d6441c5bd/standings,Raichu-Mega-Y:Mawile-Mega:Sinistcha:Ceruledge:Milotic:Incineroar,3,Sinistcha,Sinistcha,Kasib Berry,Hospitality,Matcha Gotcha:Life Dew:Rage Powder:Protect,Matcha Gotcha,Life Dew,Rage Powder,Protect,Raichu-Mega-Y:Mawile-Mega:Ceruledge:Milotic:Incineroar
2026-07-08,2026-07-08T12:00:02Z,pikalytics,gen9championsvgc2026regma,"Best Pokemon, teams, and builds in Pokemon Champions VGC 2026",https://pikalytics.com/pokedex/gen9championsvgc2026regma,18,6,Joshua De Jose,Joshua De Jose,8-1,8,1,0,9,88.89,Mid-Week Smoke #5,2026-06-24,1,1,37,https://play.limitlesstcg.com/tournament/6a38cfeeceacae7d6441c5bd/player/magnus309/teamlist,https://play.limitlesstcg.com/tournament/6a38cfeeceacae7d6441c5bd/standings,Raichu-Mega-Y:Mawile-Mega:Sinistcha:Ceruledge:Milotic:Incineroar,4,Ceruledge,Ceruledge,Colbur Berry,Flash Fire,Bitter Blade:Shadow Sneak:Bulk Up:Protect,Bitter Blade,Shadow Sneak,Bulk Up,Protect,Raichu-Mega-Y:Mawile-Mega:Sinistcha:Milotic:Incineroar
2026-07-08,2026-07-08T12:00:02Z,pikalytics,gen9championsvgc2026regma,"Best Pokemon, teams, and builds in Pokemon Champions VGC 2026",https://pikalytics.com/pokedex/gen9championsvgc2026regma,18,6,Joshua De Jose,Joshua De Jose,8-1,8,1,0,9,88.89,Mid-Week Smoke #5,2026-06-24,1,1,37,https://play.limitlesstcg.com/tournament/6a38cfeeceacae7d6441c5bd/player/magnus309/teamlist,https://play.limitlesstcg.com/tournament/6a38cfeeceacae7d6441c5bd/standings,Raichu-Mega-Y:Mawile-Mega:Sinistcha:Ceruledge:Milotic:Incineroar,5,Milotic,Milotic,Leftovers,Competitive,Muddy Water:Coil:Hypnosis:Protect,Muddy Water,Coil,Hypnosis,Protect,Raichu-Mega-Y:Mawile-Mega:Sinistcha:Ceruledge:Incineroar
2026-07-08,2026-07-08T12:00:02Z,pikalytics,gen9championsvgc2026regma,"Best Pokemon, teams, and builds in Pokemon Champions VGC 2026",https://pikalytics.com/pokedex/gen9championsvgc2026regma,18,6,Joshua De Jose,Joshua De Jose,8-1,8,1,0,9,88.89,Mid-Week Smoke #5,2026-06-24,1,1,37,https://play.limitlesstcg.com/tournament/6a38cfeeceacae7d6441c5bd/player/magnus309/teamlist,https://play.limitlesstcg.com/tournament/6a38cfeeceacae7d6441c5bd/standings,Raichu-Mega-Y:Mawile-Mega:Sinistcha:Ceruledge:Milotic:Incineroar,6,Incineroar,Incineroar,Sitrus Berry,Intimidate,Flare Blitz:Throat Chop:Fake Out:Parting Shot,Flare Blitz,Throat Chop,Fake Out,Parting Shot,Raichu-Mega-Y:Mawile-Mega:Sinistcha:Ceruledge:Milotic
2026-07-28,2026-07-28T12:00:02Z,pikalytics,gen9championsvgc2026regma,"Best Pokemon, teams, and builds in Pokemon Champions VGC 2026",https://pikalytics.com/pokedex/gen9championsvgc2026regma,8,6,root2iris,root2iris,11-0,11,0,0,11,100.00,Tenki's x MMHM - Champions M-B,2026-06-25,1,1,139,https://play.limitlesstcg.com/tournament/6a04bb7e13f957d6d4b4758c/player/root2iris/teamlist,https://play.limitlesstcg.com/tournament/6a04bb7e13f957d6d4b4758c/standings,Scrafty-Mega:Incineroar:Snorlax:Dragonite:Gengar-Mega:Ninetales-Alola,1,Scrafty-Mega,Scrafty,Scraftinite,Intimidate,Knock Off:Drain Punch:Fake Out:Detect,Knock Off,Drain Punch,Fake Out,Detect,Incineroar:Snorlax:Dragonite:Gengar-Mega:Ninetales-Alola
2026-07-28,2026-07-28T12:00:02Z,pikalytics,gen9championsvgc2026regma,"Best Pokemon, teams, and builds in Pokemon Champions VGC 2026",https://pikalytics.com/pokedex/gen9championsvgc2026regma,8,6,root2iris,root2iris,11-0,11,0,0,11,100.00,Tenki's x MMHM - Champions M-B,2026-06-25,1,1,139,https://play.limitlesstcg.com/tournament/6a04bb7e13f957d6d4b4758c/player/root2iris/teamlist,https://play.limitlesstcg.com/tournament/6a04bb7e13f957d6d4b4758c/standings,Scrafty-Mega:Incineroar:Snorlax:Dragonite:Gengar-Mega:Ninetales-Alola,2,Incineroar,Incineroar,Sitrus Berry,Intimidate,Overheat:Parting Shot:Fake Out:Protect,Overheat,Parting Shot,Fake Out,Protect,Scrafty-Mega:Snorlax:Dragonite:Gengar-Mega:Ninetales-Alola
2026-07-28,2026-07-28T12:00:02Z,pikalytics,gen9championsvgc2026regma,"Best Pokemon, teams, and builds in Pokemon Champions VGC 2026",https://pikalytics.com/pokedex/gen9championsvgc2026regma,8,6,root2iris,root2iris,11-0,11,0,0,11,100.00,Tenki's x MMHM - Champions M-B,2026-06-25,1,1,139,https://play.limitlesstcg.com/tournament/6a04bb7e13f957d6d4b4758c/player/root2iris/teamlist,https://play.limitlesstcg.com/tournament/6a04bb7e13f957d6d4b4758c/standings,Scrafty-Mega:Incineroar:Snorlax:Dragonite:Gengar-Mega:Ninetales-Alola,3,Snorlax,Snorlax,Leftovers,Thick Fat,Yawn:Encore:Fissure:Protect,Yawn,Encore,Fissure,Protect,Scrafty-Mega:Incineroar:Dragonite:Gengar-Mega:Ninetales-Alola
2026-07-28,2026-07-28T12:00:02Z,pikalytics,gen9championsvgc2026regma,"Best Pokemon, teams, and builds in Pokemon Champions VGC 2026",https://pikalytics.com/pokedex/gen9championsvgc2026regma,8,6,root2iris,root2iris,11-0,11,0,0,11,100.00,Tenki's x MMHM - Champions M-B,2026-06-25,1,1,139,https://play.limitlesstcg.com/tournament/6a04bb7e13f957d6d4b4758c/player/root2iris/teamlist,https://play.limitlesstcg.com/tournament/6a04bb7e13f957d6d4b4758c/standings,Scrafty-Mega:Incineroar:Snorlax:Dragonite:Gengar-Mega:Ninetales-Alola,4,Dragonite,Dragonite,Dragon Fang,Multiscale,Dragon Claw:Low Kick:Extreme Speed:Protect,Dragon Claw,Low Kick,Extreme Speed,Protect,Scrafty-Mega:Incineroar:Snorlax:Gengar-Mega:Ninetales-Alola
2026-07-28,2026-07-28T12:00:02Z,pikalytics,gen9championsvgc2026regma,"Best Pokemon, teams, and builds in Pokemon Champions VGC 2026",https://pikalytics.com/pokedex/gen9championsvgc2026regma,8,6,root2iris,root2iris,11-0,11,0,0,11,100.00,Tenki's x MMHM - Champions M-B,2026-06-25,1,1,139,https://play.limitlesstcg.com/tournament/6a04bb7e13f957d6d4b4758c/player/root2iris/teamlist,https://play.limitlesstcg.com/tournament/6a04bb7e13f957d6d4b4758c/standings,Scrafty-Mega:Incineroar:Snorlax:Dragonite:Gengar-Mega:Ninetales-Alola,5,Gengar-Mega,Gengar,Gengarite,Cursed Body,Sludge Bomb:Shadow Ball:Perish Song:Protect,Sludge Bomb,Shadow Ball,Perish Song,Protect,Scrafty-Mega:Incineroar:Snorlax:Dragonite:Ninetales-Alola
2026-07-28,2026-07-28T12:00:02Z,pikalytics,gen9championsvgc2026regma,"Best Pokemon, teams, and builds in Pokemon Champions VGC 2026",https://pikalytics.com/pokedex/gen9championsvgc2026regma,8,6,root2iris,root2iris,11-0,11,0,0,11,100.00,Tenki's x MMHM - Champions M-B,2026-06-25,1,1,139,https://play.limitlesstcg.com/tournament/6a04bb7e13f957d6d4b4758c/player/root2iris/teamlist,https://play.limitlesstcg.com/tournament/6a04bb7e13f957d6d4b4758c/standings,Scrafty-Mega:Incineroar:Snorlax:Dragonite:Gengar-Mega:Ninetales-Alola,6,Ninetales-Alola,Alolan Ninetales,Focus Sash,Snow Warning,Blizzard:Disable:Encore:Protect,Blizzard,Disable,Encore,Protect,Scrafty-Mega:Incineroar:Snorlax:Dragonite:Gengar-Mega
2026-06-29,2026-06-29T12:00:03Z,pikalytics,gen9championsvgc2026regma,"Best Pokemon, teams, and builds in Pokemon Champions VGC 2026",https://pikalytics.com/pokedex/gen9championsvgc2026regma,10,6,adilor232,adilor232,5-0,5,0,0,5,100.00,London Corviknight VGC Weekly tour 2!,2026-06-25,1,1,26,https://play.limitlesstcg.com/tournament/6a37c0f2af50e1230840795c/player/adilor232/teamlist,https://play.limitlesstcg.com/tournament/6a37c0f2af50e1230840795c/standings,Lycanroc:Basculegion:Kingambit:Scizor-Mega:Sableye:Archaludon,1,Lycanroc,Lycanroc Dusk,Focus Sash,Tough Claws,Psychic Fangs:Protect:Rock Slide:Accelerock,Psychic Fangs,Protect,Rock Slide,Accelerock,Basculegion:Kingambit:Scizor-Mega:Sableye:Archaludon
2026-06-29,2026-06-29T12:00:03Z,pikalytics,gen9championsvgc2026regma,"Best Pokemon, teams, and builds in Pokemon Champions VGC 2026",https://pikalytics.com/pokedex/gen9championsvgc2026regma,10,6,adilor232,adilor232,5-0,5,0,0,5,100.00,London Corviknight VGC Weekly tour 2!,2026-06-25,1,1,26,https://play.limitlesstcg.com/tournament/6a37c0f2af50e1230840795c/player/adilor232/teamlist,https://play.limitlesstcg.com/tournament/6a37c0f2af50e1230840795c/standings,Lycanroc:Basculegion:Kingambit:Scizor-Mega:Sableye:Archaludon,2,Basculegion,Basculegion,Life Orb,Adaptability,Wave Crash:Last Respects:Aqua Jet:Protect,Wave Crash,Last Respects,Aqua Jet,Protect,Lycanroc:Kingambit:Scizor-Mega:Sableye:Archaludon
2026-06-29,2026-06-29T12:00:03Z,pikalytics,gen9championsvgc2026regma,"Best Pokemon, teams, and builds in Pokemon Champions VGC 2026",https://pikalytics.com/pokedex/gen9championsvgc2026regma,10,6,adilor232,adilor232,5-0,5,0,0,5,100.00,London Corviknight VGC Weekly tour 2!,2026-06-25,1,1,26,https://play.limitlesstcg.com/tournament/6a37c0f2af50e1230840795c/player/adilor232/teamlist,https://play.limitlesstcg.com/tournament/6a37c0f2af50e1230840795c/standings,Lycanroc:Basculegion:Kingambit:Scizor-Mega:Sableye:Archaludon,3,Kingambit,Kingambit,Black Glasses,Defiant,Kowtow Cleave:Sucker Punch:Swords Dance:Protect,Kowtow Cleave,Sucker Punch,Swords Dance,Protect,Lycanroc:Basculegion:Scizor-Mega:Sableye:Archaludon
2026-06-29,2026-06-29T12:00:03Z,pikalytics,gen9championsvgc2026regma,"Best Pokemon, teams, and builds in Pokemon Champions VGC 2026",https://pikalytics.com/pokedex/gen9championsvgc2026regma,10,6,adilor232,adilor232,5-0,5,0,0,5,100.00,London Corviknight VGC Weekly tour 2!,2026-06-25,1,1,26,https://play.limitlesstcg.com/tournament/6a37c0f2af50e1230840795c/player/adilor232/teamlist,https://play.limitlesstcg.com/tournament/6a37c0f2af50e1230840795c/standings,Lycanroc:Basculegion:Kingambit:Scizor-Mega:Sableye:Archaludon,4,Scizor-Mega,Scizor,Scizorite,Technician,Protect:Bug Bite:Bullet Punch:Close Combat,Protect,Bug Bite,Bullet Punch,Close Combat,Lycanroc:Basculegion:Kingambit:Sableye:Archaludon
2026-06-29,2026-06-29T12:00:03Z,pikalytics,gen9championsvgc2026regma,"Best Pokemon, teams, and builds in Pokemon Champions VGC 2026",https://pikalytics.com/pokedex/gen9championsvgc2026regma,10,6,adilor232,adilor232,5-0,5,0,0,5,100.00,London Corviknight VGC Weekly tour 2!,2026-06-25,1,1,26,https://play.limitlesstcg.com/tournament/6a37c0f2af50e1230840795c/player/adilor232/teamlist,https://play.limitlesstcg.com/tournament/6a37c0f2af50e1230840795c/standings,Lycanroc:Basculegion:Kingambit:Scizor-Mega:Sableye:Archaludon,5,Sableye,Sableye,Roseli Berry,Prankster,Encore:Rain Dance:Disable:Will-O-Wisp,Encore,Rain Dance,Disable,Will-O-Wisp,Lycanroc:Basculegion:Kingambit:Scizor-Mega:Archaludon
2026-06-29,2026-06-29T12:00:03Z,pikalytics,gen9championsvgc2026regma,"Best Pokemon, teams, and builds in Pokemon Champions VGC 2026",https://pikalytics.com/pokedex/gen9championsvgc2026regma,10,6,adilor232,adilor232,5-0,5,0,0,5,100.00,London Corviknight VGC Weekly tour 2!,2026-06-25,1,1,26,https://play.limitlesstcg.com/tournament/6a37c0f2af50e1230840795c/player/adilor232/teamlist,https://play.limitlesstcg.com/tournament/6a37c0f2af50e1230840795c/standings,Lycanroc:Basculegion:Kingambit:Scizor-Mega:Sableye:Archaludon,6,Archaludon,Archaludon,Leftovers,Stamina,Electro Shot:Protect:Draco Meteor:Flash Cannon,Electro Shot,Protect,Draco Meteor,Flash Cannon,Lycanroc:Basculegion:Kingambit:Scizor-Mega:Sableye
2026-07-28,2026-07-28T12:00:02Z,pikalytics,gen9championsvgc2026regma,"Best Pokemon, teams, and builds in Pokemon Champions VGC 2026",https://pikalytics.com/pokedex/gen9championsvgc2026regma,12,6,Altkyle,Altkyle,9-0,9,0,0,9,100.00,Intimidators Champions Challenge #21 REG M-B,2026-06-25,1,1,31,https://play.limitlesstcg.com/tournament/6a388ad3ceacae7d6441c3d0/player/altkyle/teamlist,https://play.limitlesstcg.com/tournament/6a388ad3ceacae7d6441c3d0/standings,Dragonite-Mega:Basculegion:Scizor-Mega:Archaludon:Pelipper:Incineroar,1,Dragonite-Mega,Dragonite,Dragoninite,Inner Focus,Dragon Pulse:Flamethrower:Tailwind:Protect,Dragon Pulse,Flamethrower,Tailwind,Protect,Basculegion:Scizor-Mega:Archaludon:Pelipper:Incineroar
2026-07-28,2026-07-28T12:00:02Z,pikalytics,gen9championsvgc2026regma,"Best Pokemon, teams, and builds in Pokemon Champions VGC 2026",https://pikalytics.com/pokedex/gen9championsvgc2026regma,12,6,Altkyle,Altkyle,9-0,9,0,0,9,100.00,Intimidators Champions Challenge #21 REG M-B,2026-06-25,1,1,31,https://play.limitlesstcg.com/tournament/6a388ad3ceacae7d6441c3d0/player/altkyle/teamlist,https://play.limitlesstcg.com/tournament/6a388ad3ceacae7d6441c3d0/standings,Dragonite-Mega:Basculegion:Scizor-Mega:Archaludon:Pelipper:Incineroar,2,Basculegion,Basculegion,Choice Scarf,Adaptability,Wave Crash:Last Respects:Aqua Jet:Flip Turn,Wave Crash,Last Respects,Aqua Jet,Flip Turn,Dragonite-Mega:Scizor-Mega:Archaludon:Pelipper:Incineroar
2026-07-28,2026-07-28T12:00:02Z,pikalytics,gen9championsvgc2026regma,"Best Pokemon, teams, and builds in Pokemon Champions VGC 2026",https://pikalytics.com/pokedex/gen9championsvgc2026regma,12,6,Altkyle,Altkyle,9-0,9,0,0,9,100.00,Intimidators Champions Challenge #21 REG M-B,2026-06-25,1,1,31,https://play.limitlesstcg.com/tournament/6a388ad3ceacae7d6441c3d0/player/altkyle/teamlist,https://play.limitlesstcg.com/tournament/6a388ad3ceacae7d6441c3d0/standings,Dragonite-Mega:Basculegion:Scizor-Mega:Archaludon:Pelipper:Incineroar,3,Scizor-Mega,Scizor,Scizorite,Technician,Bullet Punch:Close Combat:Swords Dance:Protect,Bullet Punch,Close Combat,Swords Dance,Protect,Dragonite-Mega:Basculegion:Archaludon:Pelipper:Incineroar
2026-07-28,2026-07-28T12:00:02Z,pikalytics,gen9championsvgc2026regma,"Best Pokemon, teams, and builds in Pokemon Champions VGC 2026",https://pikalytics.com/pokedex/gen9championsvgc2026regma,12,6,Altkyle,Altkyle,9-0,9,0,0,9,100.00,Intimidators Champions Challenge #21 REG M-B,2026-06-25,1,1,31,https://play.limitlesstcg.com/tournament/6a388ad3ceacae7d6441c3d0/player/altkyle/teamlist,https://play.limitlesstcg.com/tournament/6a388ad3ceacae7d6441c3d0/standings,Dragonite-Mega:Basculegion:Scizor-Mega:Archaludon:Pelipper:Incineroar,4,Archaludon,Archaludon,Chople Berry,Stamina,Electro Shot:Dragon Pulse:Aura Sphere:Protect,Electro Shot,Dragon Pulse,Aura Sphere,Protect,Dragonite-Mega:Basculegion:Scizor-Mega:Pelipper:Incineroar
2026-07-28,2026-07-28T12:00:02Z,pikalytics,gen9championsvgc2026regma,"Best Pokemon, teams, and builds in Pokemon Champions VGC 2026",https://pikalytics.com/pokedex/gen9championsvgc2026regma,12,6,Altkyle,Altkyle,9-0,9,0,0,9,100.00,Intimidators Champions Challenge #21 REG M-B,2026-06-25,1,1,31,https://play.limitlesstcg.com/tournament/6a388ad3ceacae7d6441c3d0/player/altkyle/teamlist,https://play.limitlesstcg.com/tournament/6a388ad3ceacae7d6441c3d0/standings,Dragonite-Mega:Basculegion:Scizor-Mega:Archaludon:Pelipper:Incineroar,5,Pelipper,Pelipper,Focus Sash,Drizzle,Hurricane:Weather Ball:Tailwind:Protect,Hurricane,Weather Ball,Tailwind,Protect,Dragonite-Mega:Basculegion:Scizor-Mega:Archaludon:Incineroar
2026-07-28,2026-07-28T12:00:02Z,pikalytics,gen9championsvgc2026regma,"Best Pokemon, teams, and builds in Pokemon Champions VGC 2026",https://pikalytics.com/pokedex/gen9championsvgc2026regma,12,6,Altkyle,Altkyle,9-0,9,0,0,9,100.00,Intimidators Champions Challenge #21 REG M-B,2026-06-25,1,1,31,https://play.limitlesstcg.com/tournament/6a388ad3ceacae7d6441c3d0/player/altkyle/teamlist,https://play.limitlesstcg.com/tournament/6a388ad3ceacae7d6441c3d0/standings,Dragonite-Mega:Basculegion:Scizor-Mega:Archaludon:Pelipper:Incineroar,6,Incineroar,Incineroar,Sitrus Berry,Intimidate,Fake Out:Flare Blitz:Throat Chop:Parting Shot,Fake Out,Flare Blitz,Throat Chop,Parting Shot,Dragonite-Mega:Basculegion:Scizor-Mega:Archaludon:Pelipper
2026-06-29,2026-06-29T12:00:03Z,pikalytics,gen9championsvgc2026regma,"Best Pokemon, teams, and builds in Pokemon Champions VGC 2026",https://pikalytics.com/pokedex/gen9championsvgc2026regma,15,6,Rodrigo Javier,Rodrigo Javier,5-0,5,0,0,5,100.00,Tyrant Thursdays #2,2026-06-25,1,1,45,https://play.limitlesstcg.com/tournament/6a3b53a483fd320299bcf113/player/pkmntrainerrod/teamlist,https://play.limitlesstcg.com/tournament/6a3b53a483fd320299bcf113/standings,Charizard-Mega-Y:Floette-Eternal-Mega:Whimsicott:Garchomp:Kingambit:Basculegion,1,Charizard-Mega-Y,Charizard,Charizardite Y,Solar Power,Protect:Heat Wave:Weather Ball:Solar Beam,Protect,Heat Wave,Weather Ball,Solar Beam,Floette-Eternal-Mega:Whimsicott:Garchomp:Kingambit:Basculegion
2026-06-29,2026-06-29T12:00:03Z,pikalytics,gen9championsvgc2026regma,"Best Pokemon, teams, and builds in Pokemon Champions VGC 2026",https://pikalytics.com/pokedex/gen9championsvgc2026regma,15,6,Rodrigo Javier,Rodrigo Javier,5-0,5,0,0,5,100.00,Tyrant Thursdays #2,2026-06-25,1,1,45,https://play.limitlesstcg.com/tournament/6a3b53a483fd320299bcf113/player/pkmntrainerrod/teamlist,https://play.limitlesstcg.com/tournament/6a3b53a483fd320299bcf113/standings,Charizard-Mega-Y:Floette-Eternal-Mega:Whimsicott:Garchomp:Kingambit:Basculegion,2,Floette-Eternal-Mega,Eternal Flower Floette,Floettite,Flower Veil,Protect:Moonblast:Dazzling Gleam:Light of Ruin,Protect,Moonblast,Dazzling Gleam,Light of Ruin,Charizard-Mega-Y:Whimsicott:Garchomp:Kingambit:Basculegion
2026-06-29,2026-06-29T12:00:03Z,pikalytics,gen9championsvgc2026regma,"Best Pokemon, teams, and builds in Pokemon Champions VGC 2026",https://pikalytics.com/pokedex/gen9championsvgc2026regma,15,6,Rodrigo Javier,Rodrigo Javier,5-0,5,0,0,5,100.00,Tyrant Thursdays #2,2026-06-25,1,1,45,https://play.limitlesstcg.com/tournament/6a3b53a483fd320299bcf113/player/pkmntrainerrod/teamlist,https://play.limitlesstcg.com/tournament/6a3b53a483fd320299bcf113/standings,Charizard-Mega-Y:Floette-Eternal-Mega:Whimsicott:Garchomp:Kingambit:Basculegion,3,Whimsicott,Whimsicott,Focus Sash,Prankster,Protect:Moonblast:Tailwind:Encore,Protect,Moonblast,Tailwind,Encore,Charizard-Mega-Y:Floette-Eternal-Mega:Garchomp:Kingambit:Basculegion
2026-06-29,2026-06-29T12:00:03Z,pikalytics,gen9championsvgc2026regma,"Best Pokemon, teams, and builds in Pokemon Champions VGC 2026",https://pikalytics.com/pokedex/gen9championsvgc2026regma,15,6,Rodrigo Javier,Rodrigo Javier,5-0,5,0,0,5,100.00,Tyrant Thursdays #2,2026-06-25,1,1,45,https://play.limitlesstcg.com/tournament/6a3b53a483fd320299bcf113/player/pkmntrainerrod/teamlist,https://play.limitlesstcg.com/tournament/6a3b53a483fd320299bcf113/standings,Charizard-Mega-Y:Floette-Eternal-Mega:Whimsicott:Garchomp:Kingambit:Basculegion,4,Garchomp,Garchomp,Roseli Berry,Rough Skin,Poison Jab:Dragon Claw:Earthquake:Rock Slide,Poison Jab,Dragon Claw,Earthquake,Rock Slide,Charizard-Mega-Y:Floette-Eternal-Mega:Whimsicott:Kingambit:Basculegion
2026-06-29,2026-06-29T12:00:03Z,pikalytics,gen9championsvgc2026regma,"Best Pokemon, teams, and builds in Pokemon Champions VGC 2026",https://pikalytics.com/pokedex/gen9championsvgc2026regma,15,6,Rodrigo Javier,Rodrigo Javier,5-0,5,0,0,5,100.00,Tyrant Thursdays #2,2026-06-25,1,1,45,https://play.limitlesstcg.com/tournament/6a3b53a483fd320299bcf113/player/pkmntrainerrod/teamlist,https://play.limitlesstcg.com/tournament/6a3b53a483fd320299bcf113/standings,Charizard-Mega-Y:Floette-Eternal-Mega:Whimsicott:Garchomp:Kingambit:Basculegion,5,Kingambit,Kingambit,Chople Berry,Defiant,Low Kick:Sucker Punch:Kowtow Cleave:Iron Head,Low Kick,Sucker Punch,Kowtow Cleave,Iron Head,Charizard-Mega-Y:Floette-Eternal-Mega:Whimsicott:Garchomp:Basculegion
2026-06-29,2026-06-29T12:00:03Z,pikalytics,gen9championsvgc2026regma,"Best Pokemon, teams, and builds in Pokemon Champions VGC 2026",https://pikalytics.com/pokedex/gen9championsvgc2026regma,15,6,Rodrigo Javier,Rodrigo Javier,5-0,5,0,0,5,100.00,Tyrant Thursdays #2,2026-06-25,1,1,45,https://play.limitlesstcg.com/tournament/6a3b53a483fd320299bcf113/player/pkmntrainerrod/teamlist,https://play.limitlesstcg.com/tournament/6a3b53a483fd320299bcf113/standings,Charizard-Mega-Y:Floette-Eternal-Mega:Whimsicott:Garchomp:Kingambit:Basculegion,6,Basculegion,Basculegion,Life Orb,Adaptability,Protect:Wave Crash:Last Respects:Aqua Jet,Protect,Wave Crash,Last Respects,Aqua Jet,Charizard-Mega-Y:Floette-Eternal-Mega:Whimsicott:Garchomp:Kingambit
2026-07-28,2026-07-28T12:00:02Z,pikalytics,gen9championsvgc2026regma,"Best Pokemon, teams, and builds in Pokemon Champions VGC 2026",https://pikalytics.com/pokedex/gen9championsvgc2026regma,13,6,Scarlett01,Scarlett01,10-1,10,1,0,11,90.91,CHAMPIONS REG. M-B |👑CROWN FIGHT Bo3 TOUR #74👑,2026-06-26,1,1,41,https://play.limitlesstcg.com/tournament/6a2ccd742d97f3b0c2615436/player/scarlett01/teamlist,https://play.limitlesstcg.com/tournament/6a2ccd742d97f3b0c2615436/standings,Archaludon:Basculegion:Pelipper:Maushold:Gardevoir-Mega:Swampert-Mega,1,Archaludon,Archaludon,Leftovers,Stamina,Dragon Pulse:Flash Cannon:Electro Shot:Protect,Dragon Pulse,Flash Cannon,Electro Shot,Protect,Basculegion:Pelipper:Maushold:Gardevoir-Mega:Swampert-Mega
2026-07-28,2026-07-28T12:00:02Z,pikalytics,gen9championsvgc2026regma,"Best Pokemon, teams, and builds in Pokemon Champions VGC 2026",https://pikalytics.com/pokedex/gen9championsvgc2026regma,13,6,Scarlett01,Scarlett01,10-1,10,1,0,11,90.91,CHAMPIONS REG. M-B |👑CROWN FIGHT Bo3 TOUR #74👑,2026-06-26,1,1,41,https://play.limitlesstcg.com/tournament/6a2ccd742d97f3b0c2615436/player/scarlett01/teamlist,https://play.limitlesstcg.com/tournament/6a2ccd742d97f3b0c2615436/standings,Archaludon:Basculegion:Pelipper:Maushold:Gardevoir-Mega:Swampert-Mega,2,Basculegion,Basculegion,Choice Scarf,Adaptability,Wave Crash:Last Respects:Aqua Jet:Flip Turn,Wave Crash,Last Respects,Aqua Jet,Flip Turn,Archaludon:Pelipper:Maushold:Gardevoir-Mega:Swampert-Mega
2026-07-28,2026-07-28T12:00:02Z,pikalytics,gen9championsvgc2026regma,"Best Pokemon, teams, and builds in Pokemon Champions VGC 2026",https://pikalytics.com/pokedex/gen9championsvgc2026regma,13,6,Scarlett01,Scarlett01,10-1,10,1,0,11,90.91,CHAMPIONS REG. M-B |👑CROWN FIGHT Bo3 TOUR #74👑,2026-06-26,1,1,41,https://play.limitlesstcg.com/tournament/6a2ccd742d97f3b0c2615436/player/scarlett01/teamlist,https://play.limitlesstcg.com/tournament/6a2ccd742d97f3b0c2615436/standings,Archaludon:Basculegion:Pelipper:Maushold:Gardevoir-Mega:Swampert-Mega,3,Pelipper,Pelipper,Sitrus Berry,Drizzle,Hurricane:Weather Ball:Tailwind:Protect,Hurricane,Weather Ball,Tailwind,Protect,Archaludon:Basculegion:Maushold:Gardevoir-Mega:Swampert-Mega
2026-07-28,2026-07-28T12:00:02Z,pikalytics,gen9championsvgc2026regma,"Best Pokemon, teams, and builds in Pokemon Champions VGC 2026",https://pikalytics.com/pokedex/gen9championsvgc2026regma,13,6,Scarlett01,Scarlett01,10-1,10,1,0,11,90.91,CHAMPIONS REG. M-B |👑CROWN FIGHT Bo3 TOUR #74👑,2026-06-26,1,1,41,https://play.limitlesstcg.com/tournament/6a2ccd742d97f3b0c2615436/player/scarlett01/teamlist,https://play.limitlesstcg.com/tournament/6a2ccd742d97f3b0c2615436/standings,Archaludon:Basculegion:Pelipper:Maushold:Gardevoir-Mega:Swampert-Mega,4,Maushold,Maushold,Focus Sash,Friend Guard,Super Fang:Rain Dance:Follow Me:Protect,Super Fang,Rain Dance,Follow Me,Protect,Archaludon:Basculegion:Pelipper:Gardevoir-Mega:Swampert-Mega
2026-07-28,2026-07-28T12:00:02Z,pikalytics,gen9championsvgc2026regma,"Best Pokemon, teams, and builds in Pokemon Champions VGC 2026",https://pikalytics.com/pokedex/gen9championsvgc2026regma,13,6,Scarlett01,Scarlett01,10-1,10,1,0,11,90.91,CHAMPIONS REG. M-B |👑CROWN FIGHT Bo3 TOUR #74👑,2026-06-26,1,1,41,https://play.limitlesstcg.com/tournament/6a2ccd742d97f3b0c2615436/player/scarlett01/teamlist,https://play.limitlesstcg.com/tournament/6a2ccd742d97f3b0c2615436/standings,Archaludon:Basculegion:Pelipper:Maushold:Gardevoir-Mega:Swampert-Mega,5,Gardevoir-Mega,Gardevoir,Gardevoirite,Trace,Psyshock:Hyper Voice:Trick Room:Protect,Psyshock,Hyper Voice,Trick Room,Protect,Archaludon:Basculegion:Pelipper:Maushold:Swampert-Mega
2026-07-28,2026-07-28T12:00:02Z,pikalytics,gen9championsvgc2026regma,"Best Pokemon, teams, and builds in Pokemon Champions VGC 2026",https://pikalytics.com/pokedex/gen9championsvgc2026regma,13,6,Scarlett01,Scarlett01,10-1,10,1,0,11,90.91,CHAMPIONS REG. M-B |👑CROWN FIGHT Bo3 TOUR #74👑,2026-06-26,1,1,41,https://play.limitlesstcg.com/tournament/6a2ccd742d97f3b0c2615436/player/scarlett01/teamlist,https://play.limitlesstcg.com/tournament/6a2ccd742d97f3b0c2615436/standings,Archaludon:Basculegion:Pelipper:Maushold:Gardevoir-Mega:Swampert-Mega,6,Swampert-Mega,Swampert,Swampertite,Torrent,Wave Crash:High Horsepower:Ice Punch:Protect,Wave Crash,High Horsepower,Ice Punch,Protect,Archaludon:Basculegion:Pelipper:Maushold:Gardevoir-Mega
2026-07-08,2026-07-08T12:00:02Z,pikalytics,gen9championsvgc2026regma,"Best Pokemon, teams, and builds in Pokemon Champions VGC 2026",https://pikalytics.com/pokedex/gen9championsvgc2026regma,16,6,TraceofLife,TraceofLife,13-4,13,4,0,17,76.47,Yosh Tournament #1 ( Rp 1.800.000 ),2026-06-26,1,1,159,https://play.limitlesstcg.com/tournament/6a34614f2d97f3b0c26197a0/player/traceoflife/teamlist,https://play.limitlesstcg.com/tournament/6a34614f2d97f3b0c26197a0/standings,Charizard:Whimsicott:Basculegion:Floette-Eternal:Kingambit:Garchomp,1,Charizard,Charizard,None,None,Protect,Protect,,,,Whimsicott:Basculegion:Floette-Eternal:Kingambit:Garchomp
2026-07-08,2026-07-08T12:00:02Z,pikalytics,gen9championsvgc2026regma,"Best Pokemon, teams, and builds in Pokemon Champions VGC 2026",https://pikalytics.com/pokedex/gen9championsvgc2026regma,16,6,TraceofLife,TraceofLife,13-4,13,4,0,17,76.47,Yosh Tournament #1 ( Rp 1.800.000 ),2026-06-26,1,1,159,https://play.limitlesstcg.com/tournament/6a34614f2d97f3b0c26197a0/player/traceoflife/teamlist,https://play.limitlesstcg.com/tournament/6a34614f2d97f3b0c26197a0/standings,Charizard:Whimsicott:Basculegion:Floette-Eternal:Kingambit:Garchomp,2,Whimsicott,Whimsicott,None,None,Protect,Protect,,,,Charizard:Basculegion:Floette-Eternal:Kingambit:Garchomp
2026-07-08,2026-07-08T12:00:02Z,pikalytics,gen9championsvgc2026regma,"Best Pokemon, teams, and builds in Pokemon Champions VGC 2026",https://pikalytics.com/pokedex/gen9championsvgc2026regma,16,6,TraceofLife,TraceofLife,13-4,13,4,0,17,76.47,Yosh Tournament #1 ( Rp 1.800.000 ),2026-06-26,1,1,159,https://play.limitlesstcg.com/tournament/6a34614f2d97f3b0c26197a0/player/traceoflife/teamlist,https://play.limitlesstcg.com/tournament/6a34614f2d97f3b0c26197a0/standings,Charizard:Whimsicott:Basculegion:Floette-Eternal:Kingambit:Garchomp,3,Basculegion,Basculegion,None,None,Protect,Protect,,,,Charizard:Whimsicott:Floette-Eternal:Kingambit:Garchomp
2026-07-08,2026-07-08T12:00:02Z,pikalytics,gen9championsvgc2026regma,"Best Pokemon, teams, and builds in Pokemon Champions VGC 2026",https://pikalytics.com/pokedex/gen9championsvgc2026regma,16,6,TraceofLife,TraceofLife,13-4,13,4,0,17,76.47,Yosh Tournament #1 ( Rp 1.800.000 ),2026-06-26,1,1,159,https://play.limitlesstcg.com/tournament/6a34614f2d97f3b0c26197a0/player/traceoflife/teamlist,https://play.limitlesstcg.com/tournament/6a34614f2d97f3b0c26197a0/standings,Charizard:Whimsicott:Basculegion:Floette-Eternal:Kingambit:Garchomp,4,Floette-Eternal,Eternal Flower Floette,None,None,Protect,Protect,,,,Charizard:Whimsicott:Basculegion:Kingambit:Garchomp
2026-07-08,2026-07-08T12:00:02Z,pikalytics,gen9championsvgc2026regma,"Best Pokemon, teams, and builds in Pokemon Champions VGC 2026",https://pikalytics.com/pokedex/gen9championsvgc2026regma,16,6,TraceofLife,TraceofLife,13-4,13,4,0,17,76.47,Yosh Tournament #1 ( Rp 1.800.000 ),2026-06-26,1,1,159,https://play.limitlesstcg.com/tournament/6a34614f2d97f3b0c26197a0/player/traceoflife/teamlist,https://play.limitlesstcg.com/tournament/6a34614f2d97f3b0c26197a0/standings,Charizard:Whimsicott:Basculegion:Floette-Eternal:Kingambit:Garchomp,5,Kingambit,Kingambit,None,None,Protect,Protect,,,,Charizard:Whimsicott:Basculegion:Floette-Eternal:Garchomp
2026-07-08,2026-07-08T12:00:02Z,pikalytics,gen9championsvgc2026regma,"Best Pokemon, teams, and builds in Pokemon Champions VGC 2026",https://pikalytics.com/pokedex/gen9championsvgc2026regma,16,6,TraceofLife,TraceofLife,13-4,13,4,0,17,76.47,Yosh Tournament #1 ( Rp 1.800.000 ),2026-06-26,1,1,159,https://play.limitlesstcg.com/tournament/6a34614f2d97f3b0c26197a0/player/traceoflife/teamlist,https://play.limitlesstcg.com/tournament/6a34614f2d97f3b0c26197a0/standings,Charizard:Whimsicott:Basculegion:Floette-Eternal:Kingambit:Garchomp,6,Garchomp,Garchomp,None,None,Protect,Protect,,,,Charizard:Whimsicott:Basculegion:Floette-Eternal:Kingambit
2026-07-08,2026-07-08T12:00:02Z,pikalytics,gen9championsvgc2026regma,"Best Pokemon, teams, and builds in Pokemon Champions VGC 2026",https://pikalytics.com/pokedex/gen9championsvgc2026regma,20,6,DUhZER4 - Blastoise,DUhZER4 - Blastoise,8-1,8,1,0,9,88.89,Thalera Champions Cheese #08 - Starters Edition,2026-06-26,1,1,22,https://play.limitlesstcg.com/tournament/6a369a31af50e123084062cf/player/duhzer4/teamlist,https://play.limitlesstcg.com/tournament/6a369a31af50e123084062cf/standings,Blastoise-Mega:Farigiraf:Kingambit:Torkoal:Sylveon:Staraptor,1,Blastoise-Mega,Blastoise,Blastoisinite,Rain Dish,Water Spout:Dark Pulse:Aura Sphere:Fake Out,Water Spout,Dark Pulse,Aura Sphere,Fake Out,Farigiraf:Kingambit:Torkoal:Sylveon:Staraptor
2026-07-08,2026-07-08T12:00:02Z,pikalytics,gen9championsvgc2026regma,"Best Pokemon, teams, and builds in Pokemon Champions VGC 2026",https://pikalytics.com/pokedex/gen9championsvgc2026regma,20,6,DUhZER4 - Blastoise,DUhZER4 - Blastoise,8-1,8,1,0,9,88.89,Thalera Champions Cheese #08 - Starters Edition,2026-06-26,1,1,22,https://play.limitlesstcg.com/tournament/6a369a31af50e123084062cf/player/duhzer4/teamlist,https://play.limitlesstcg.com/tournament/6a369a31af50e123084062cf/standings,Blastoise-Mega:Farigiraf:Kingambit:Torkoal:Sylveon:Staraptor,2,Farigiraf,Farigiraf,Colbur Berry,Armor Tail,Psychic:Light Screen:Helping Hand:Trick Room,Psychic,Light Screen,Helping Hand,Trick Room,Blastoise-Mega:Kingambit:Torkoal:Sylveon:Staraptor
2026-07-08,2026-07-08T12:00:02Z,pikalytics,gen9championsvgc2026regma,"Best Pokemon, teams, and builds in Pokemon Champions VGC 2026",https://pikalytics.com/pokedex/gen9championsvgc2026regma,20,6,DUhZER4 - Blastoise,DUhZER4 - Blastoise,8-1,8,1,0,9,88.89,Thalera Champions Cheese #08 - Starters Edition,2026-06-26,1,1,22,https://play.limitlesstcg.com/tournament/6a369a31af50e123084062cf/player/duhzer4/teamlist,https://play.limitlesstcg.com/tournament/6a369a31af50e123084062cf/standings,Blastoise-Mega:Farigiraf:Kingambit:Torkoal:Sylveon:Staraptor,3,Kingambit,Kingambit,Life Orb,Defiant,Kowtow Cleave:Iron Head:Sucker Punch:Protect,Kowtow Cleave,Iron Head,Sucker Punch,Protect,Blastoise-Mega:Farigiraf:Torkoal:Sylveon:Staraptor
2026-07-08,2026-07-08T12:00:02Z,pikalytics,gen9championsvgc2026regma,"Best Pokemon, teams, and builds in Pokemon Champions VGC 2026",https://pikalytics.com/pokedex/gen9championsvgc2026regma,20,6,DUhZER4 - Blastoise,DUhZER4 - Blastoise,8-1,8,1,0,9,88.89,Thalera Champions Cheese #08 - Starters Edition,2026-06-26,1,1,22,https://play.limitlesstcg.com/tournament/6a369a31af50e123084062cf/player/duhzer4/teamlist,https://play.limitlesstcg.com/tournament/6a369a31af50e123084062cf/standings,Blastoise-Mega:Farigiraf:Kingambit:Torkoal:Sylveon:Staraptor,4,Torkoal,Torkoal,Charcoal,Drought,Eruption:Weather Ball:Heat Wave:Protect,Eruption,Weather Ball,Heat Wave,Protect,Blastoise-Mega:Farigiraf:Kingambit:Sylveon:Staraptor
2026-07-08,2026-07-08T12:00:02Z,pikalytics,gen9championsvgc2026regma,"Best Pokemon, teams, and builds in Pokemon Champions VGC 2026",https://pikalytics.com/pokedex/gen9championsvgc2026regma,20,6,DUhZER4 - Blastoise,DUhZER4 - Blastoise,8-1,8,1,0,9,88.89,Thalera Champions Cheese #08 - Starters Edition,2026-06-26,1,1,22,https://play.limitlesstcg.com/tournament/6a369a31af50e123084062cf/player/duhzer4/teamlist,https://play.limitlesstcg.com/tournament/6a369a31af50e123084062cf/standings,Blastoise-Mega:Farigiraf:Kingambit:Torkoal:Sylveon:Staraptor,5,Sylveon,Sylveon,Fairy Feather,Pixilate,Hyper Voice:Hyper Beam:Calm Mind:Detect,Hyper Voice,Hyper Beam,Calm Mind,Detect,Blastoise-Mega:Farigiraf:Kingambit:Torkoal:Staraptor
2026-07-08,2026-07-08T12:00:02Z,pikalytics,gen9championsvgc2026regma,"Best Pokemon, teams, and builds in Pokemon Champions VGC 2026",https://pikalytics.com/pokedex/gen9championsvgc2026regma,20,6,DUhZER4 - Blastoise,DUhZER4 - Blastoise,8-1,8,1,0,9,88.89,Thalera Champions Cheese #08 - Starters Edition,2026-06-26,1,1,22,https://play.limitlesstcg.com/tournament/6a369a31af50e123084062cf/player/duhzer4/teamlist,https://play.limitlesstcg.com/tournament/6a369a31af50e123084062cf/standings,Blastoise-Mega:Farigiraf:Kingambit:Torkoal:Sylveon:Staraptor,6,Staraptor,Staraptor,Choice Scarf,Intimidate,Brave Bird:Sunny Day:U-turn:Final Gambit,Brave Bird,Sunny Day,U-turn,Final Gambit,Blastoise-Mega:Farigiraf:Kingambit:Torkoal:Sylveon
2026-07-28,2026-07-28T12:00:02Z,pikalytics,gen9championsvgc2026regma,"Best Pokemon, teams, and builds in Pokemon Champions VGC 2026",https://pikalytics.com/pokedex/gen9championsvgc2026regma,1,6,JoeUX9,JoeUX9,14-2,14,2,0,16,87.50,4th Annual St. Jude VGC Charity Tournament,2026-06-27,1,1,727,https://play.limitlesstcg.com/tournament/69c7cead36f5b5c303dbfa0c/player/joeux9/teamlist,https://play.limitlesstcg.com/tournament/69c7cead36f5b5c303dbfa0c/standings,Charizard-Mega-Y:Farigiraf:Venusaur:Garchomp:Incineroar:Sylveon,1,Charizard-Mega-Y,Charizard,Charizardite Y,Blaze,Heat Wave:Weather Ball:Solar Beam:Protect,Heat Wave,Weather Ball,Solar Beam,Protect,Farigiraf:Venusaur:Garchomp:Incineroar:Sylveon
2026-07-28,2026-07-28T12:00:02Z,pikalytics,gen9championsvgc2026regma,"Best Pokemon, teams, and builds in Pokemon Champions VGC 2026",https://pikalytics.com/pokedex/gen9championsvgc2026regma,1,6,JoeUX9,JoeUX9,14-2,14,2,0,16,87.50,4th Annual St. Jude VGC Charity Tournament,2026-06-27,1,1,727,https://play.limitlesstcg.com/tournament/69c7cead36f5b5c303dbfa0c/player/joeux9/teamlist,https://play.limitlesstcg.com/tournament/69c7cead36f5b5c303dbfa0c/standings,Charizard-Mega-Y:Farigiraf:Venusaur:Garchomp:Incineroar:Sylveon,2,Farigiraf,Farigiraf,Colbur Berry,Armor Tail,Psychic:Thunderbolt:Helping Hand:Trick Room,Psychic,Thunderbolt,Helping Hand,Trick Room,Charizard-Mega-Y:Venusaur:Garchomp:Incineroar:Sylveon
2026-07-28,2026-07-28T12:00:02Z,pikalytics,gen9championsvgc2026regma,"Best Pokemon, teams, and builds in Pokemon Champions VGC 2026",https://pikalytics.com/pokedex/gen9championsvgc2026regma,1,6,JoeUX9,JoeUX9,14-2,14,2,0,16,87.50,4th Annual St. Jude VGC Charity Tournament,2026-06-27,1,1,727,https://play.limitlesstcg.com/tournament/69c7cead36f5b5c303dbfa0c/player/joeux9/teamlist,https://play.limitlesstcg.com/tournament/69c7cead36f5b5c303dbfa0c/standings,Charizard-Mega-Y:Farigiraf:Venusaur:Garchomp:Incineroar:Sylveon,3,Venusaur,Venusaur,Focus Sash,Chlorophyll,Leaf Storm:Sludge Bomb:Sleep Powder:Protect,Leaf Storm,Sludge Bomb,Sleep Powder,Protect,Charizard-Mega-Y:Farigiraf:Garchomp:Incineroar:Sylveon
2026-07-28,2026-07-28T12:00:02Z,pikalytics,gen9championsvgc2026regma,"Best Pokemon, teams, and builds in Pokemon Champions VGC 2026",https://pikalytics.com/pokedex/gen9championsvgc2026regma,1,6,JoeUX9,JoeUX9,14-2,14,2,0,16,87.50,4th Annual St. Jude VGC Charity Tournament,2026-06-27,1,1,727,https://play.limitlesstcg.com/tournament/69c7cead36f5b5c303dbfa0c/player/joeux9/teamlist,https://play.limitlesstcg.com/tournament/69c7cead36f5b5c303dbfa0c/standings,Charizard-Mega-Y:Farigiraf:Venusaur:Garchomp:Incineroar:Sylveon,4,Garchomp,Garchomp,Life Orb,Rough Skin,Rock Slide:Dragon Claw:Earthquake:Protect,Rock Slide,Dragon Claw,Earthquake,Protect,Charizard-Mega-Y:Farigiraf:Venusaur:Incineroar:Sylveon
2026-07-28,2026-07-28T12:00:02Z,pikalytics,gen9championsvgc2026regma,"Best Pokemon, teams, and builds in Pokemon Champions VGC 2026",https://pikalytics.com/pokedex/gen9championsvgc2026regma,1,6,JoeUX9,JoeUX9,14-2,14,2,0,16,87.50,4th Annual St. Jude VGC Charity Tournament,2026-06-27,1,1,727,https://play.limitlesstcg.com/tournament/69c7cead36f5b5c303dbfa0c/player/joeux9/teamlist,https://play.limitlesstcg.com/tournament/69c7cead36f5b5c303dbfa0c/standings,Charizard-Mega-Y:Farigiraf:Venusaur:Garchomp:Incineroar:Sylveon,5,Incineroar,Incineroar,Sitrus Berry,Intimidate,Flare Blitz:Darkest Lariat:Parting Shot:Fake Out,Flare Blitz,Darkest Lariat,Parting Shot,Fake Out,Charizard-Mega-Y:Farigiraf:Venusaur:Garchomp:Sylveon
2026-07-28,2026-07-28T12:00:02Z,pikalytics,gen9championsvgc2026regma,"Best Pokemon, teams, and builds in Pokemon Champions VGC 2026",https://pikalytics.com/pokedex/gen9championsvgc2026regma,1,6,JoeUX9,JoeUX9,14-2,14,2,0,16,87.50,4th Annual St. Jude VGC Charity Tournament,2026-06-27,1,1,727,https://play.limitlesstcg.com/tournament/69c7cead36f5b5c303dbfa0c/player/joeux9/teamlist,https://play.limitlesstcg.com/tournament/69c7cead36f5b5c303dbfa0c/standings,Charizard-Mega-Y:Farigiraf:Venusaur:Garchomp:Incineroar:Sylveon,6,Sylveon,Sylveon,Fairy Feather,Pixilate,Hyper Voice:Hyper Beam:Quick Attack:Protect,Hyper Voice,Hyper Beam,Quick Attack,Protect,Charizard-Mega-Y:Farigiraf:Venusaur:Garchomp:Incineroar
2026-07-08,2026-07-08T12:00:02Z,pikalytics,gen9championsvgc2026regma,"Best Pokemon, teams, and builds in Pokemon Champions VGC 2026",https://pikalytics.com/pokedex/gen9championsvgc2026regma,17,6,JurassicJoints,JurassicJoints,9-0,9,0,0,9,100.00,Road to Area 229 #4,2026-06-27,1,1,24,https://play.limitlesstcg.com/tournament/6a3c370fc87cd9ff0a30eaa1/player/jurassicjoints/teamlist,https://play.limitlesstcg.com/tournament/6a3c370fc87cd9ff0a30eaa1/standings,Hydreigon:Tyranitar-Mega:Excadrill:Rotom-Wash:Corviknight:Houndstone,1,Hydreigon,Hydreigon,Choice Scarf,Levitate,Heat Wave:Snarl:Draco Meteor:Dark Pulse,Heat Wave,Snarl,Draco Meteor,Dark Pulse,Tyranitar-Mega:Excadrill:Rotom-Wash:Corviknight:Houndstone
2026-07-08,2026-07-08T12:00:02Z,pikalytics,gen9championsvgc2026regma,"Best Pokemon, teams, and builds in Pokemon Champions VGC 2026",https://pikalytics.com/pokedex/gen9championsvgc2026regma,17,6,JurassicJoints,JurassicJoints,9-0,9,0,0,9,100.00,Road to Area 229 #4,2026-06-27,1,1,24,https://play.limitlesstcg.com/tournament/6a3c370fc87cd9ff0a30eaa1/player/jurassicjoints/teamlist,https://play.limitlesstcg.com/tournament/6a3c370fc87cd9ff0a30eaa1/standings,Hydreigon:Tyranitar-Mega:Excadrill:Rotom-Wash:Corviknight:Houndstone,2,Tyranitar-Mega,Tyranitar,Tyranitarite,Sand Stream,Rock Slide:Knock Off:Low Kick:Protect,Rock Slide,Knock Off,Low Kick,Protect,Hydreigon:Excadrill:Rotom-Wash:Corviknight:Houndstone
2026-07-08,2026-07-08T12:00:02Z,pikalytics,gen9championsvgc2026regma,"Best Pokemon, teams, and builds in Pokemon Champions VGC 2026",https://pikalytics.com/pokedex/gen9championsvgc2026regma,17,6,JurassicJoints,JurassicJoints,9-0,9,0,0,9,100.00,Road to Area 229 #4,2026-06-27,1,1,24,https://play.limitlesstcg.com/tournament/6a3c370fc87cd9ff0a30eaa1/player/jurassicjoints/teamlist,https://play.limitlesstcg.com/tournament/6a3c370fc87cd9ff0a30eaa1/standings,Hydreigon:Tyranitar-Mega:Excadrill:Rotom-Wash:Corviknight:Houndstone,3,Excadrill,Excadrill,Focus Sash,Sand Rush,Earthquake:Rock Slide:Protect:Iron Head,Earthquake,Rock Slide,Protect,Iron Head,Hydreigon:Tyranitar-Mega:Rotom-Wash:Corviknight:Houndstone
2026-07-08,2026-07-08T12:00:02Z,pikalytics,gen9championsvgc2026regma,"Best Pokemon, teams, and builds in Pokemon Champions VGC 2026",https://pikalytics.com/pokedex/gen9championsvgc2026regma,17,6,JurassicJoints,JurassicJoints,9-0,9,0,0,9,100.00,Road to Area 229 #4,2026-06-27,1,1,24,https://play.limitlesstcg.com/tournament/6a3c370fc87cd9ff0a30eaa1/player/jurassicjoints/teamlist,https://play.limitlesstcg.com/tournament/6a3c370fc87cd9ff0a30eaa1/standings,Hydreigon:Tyranitar-Mega:Excadrill:Rotom-Wash:Corviknight:Houndstone,4,Rotom-Wash,Wash Rotom,Sitrus Berry,Levitate,Thunderbolt:Will-O-Wisp:Protect:Hydro Pump,Thunderbolt,Will-O-Wisp,Protect,Hydro Pump,Hydreigon:Tyranitar-Mega:Excadrill:Corviknight:Houndstone
2026-07-08,2026-07-08T12:00:02Z,pikalytics,gen9championsvgc2026regma,"Best Pokemon, teams, and builds in Pokemon Champions VGC 2026",https://pikalytics.com/pokedex/gen9championsvgc2026regma,17,6,JurassicJoints,JurassicJoints,9-0,9,0,0,9,100.00,Road to Area 229 #4,2026-06-27,1,1,24,https://play.limitlesstcg.com/tournament/6a3c370fc87cd9ff0a30eaa1/player/jurassicjoints/teamlist,https://play.limitlesstcg.com/tournament/6a3c370fc87cd9ff0a30eaa1/standings,Hydreigon:Tyranitar-Mega:Excadrill:Rotom-Wash:Corviknight:Houndstone,5,Corviknight,Corviknight,Leftovers,Mirror Armor,Brave Bird:Tailwind:Bulk Up:Roost,Brave Bird,Tailwind,Bulk Up,Roost,Hydreigon:Tyranitar-Mega:Excadrill:Rotom-Wash:Houndstone
2026-07-08,2026-07-08T12:00:02Z,pikalytics,gen9championsvgc2026regma,"Best Pokemon, teams, and builds in Pokemon Champions VGC 2026",https://pikalytics.com/pokedex/gen9championsvgc2026regma,17,6,JurassicJoints,JurassicJoints,9-0,9,0,0,9,100.00,Road to Area 229 #4,2026-06-27,1,1,24,https://play.limitlesstcg.com/tournament/6a3c370fc87cd9ff0a30eaa1/player/jurassicjoints/teamlist,https://play.limitlesstcg.com/tournament/6a3c370fc87cd9ff0a30eaa1/standings,Hydreigon:Tyranitar-Mega:Excadrill:Rotom-Wash:Corviknight:Houndstone,6,Houndstone,Houndstone,Spell Tag,Sand Rush,Phantom Force:Will-O-Wisp:Last Respects:Protect,Phantom Force,Will-O-Wisp,Last Respects,Protect,Hydreigon:Tyranitar-Mega:Excadrill:Rotom-Wash:Corviknight
2026-07-08,2026-07-08T12:00:02Z,pikalytics,gen9championsvgc2026regma,"Best Pokemon, teams, and builds in Pokemon Champions VGC 2026",https://pikalytics.com/pokedex/gen9championsvgc2026regma,19,6,Vgcorner,Vgcorner,14-2,14,2,0,16,87.50,4th Annual St. Jude VGC Charity Tournament,2026-06-27,2,0,727,https://play.limitlesstcg.com/tournament/69c7cead36f5b5c303dbfa0c/player/vgcorner/teamlist,https://play.limitlesstcg.com/tournament/69c7cead36f5b5c303dbfa0c/standings,Incineroar:Kingambit:Sneasler:Floette-Eternal-Mega:Sinistcha:Dragonite,1,Incineroar,Incineroar,Sitrus Berry,Intimidate,Fake Out:Flare Blitz:Darkest Lariat:Parting Shot,Fake Out,Flare Blitz,Darkest Lariat,Parting Shot,Kingambit:Sneasler:Floette-Eternal-Mega:Sinistcha:Dragonite
2026-06-30,2026-06-30T12:00:03Z,pikalytics,gen9championsvgc2026regma,"Best Pokemon, teams, and builds in Pokemon Champions VGC 2026",https://pikalytics.com/pokedex/gen9championsvgc2026regma,19,6,Shedfan,Shedfan,5-0,5,0,0,5,100.00,INGAGE FRONTIER SERIES #1 TOP CUTS - 80$ PRIZE,2026-06-27,1,1,17,https://play.limitlesstcg.com/tournament/6a3ce3c9c87cd9ff0a30ef12/player/shedfan/teamlist,https://play.limitlesstcg.com/tournament/6a3ce3c9c87cd9ff0a30ef12/standings,Incineroar:Gardevoir-Mega:Talonflame:Tsareena:Maushold:Basculegion,1,Incineroar,Incineroar,Passho Berry,Intimidate,Fake Out:Parting Shot:Throat Chop:Flare Blitz,Fake Out,Parting Shot,Throat Chop,Flare Blitz,Gardevoir-Mega:Talonflame:Tsareena:Maushold:Basculegion
2026-06-30,2026-06-30T12:00:03Z,pikalytics,gen9championsvgc2026regma,"Best Pokemon, teams, and builds in Pokemon Champions VGC 2026",https://pikalytics.com/pokedex/gen9championsvgc2026regma,19,6,Shedfan,Shedfan,5-0,5,0,0,5,100.00,INGAGE FRONTIER SERIES #1 TOP CUTS - 80$ PRIZE,2026-06-27,1,1,17,https://play.limitlesstcg.com/tournament/6a3ce3c9c87cd9ff0a30ef12/player/shedfan/teamlist,https://play.limitlesstcg.com/tournament/6a3ce3c9c87cd9ff0a30ef12/standings,Incineroar:Gardevoir-Mega:Talonflame:Tsareena:Maushold:Basculegion,2,Gardevoir-Mega,Gardevoir,Gardevoirite,Trace,Protect:Vacuum Wave:Psyshock:Hyper Voice,Protect,Vacuum Wave,Psyshock,Hyper Voice,Incineroar:Talonflame:Tsareena:Maushold:Basculegion
2026-07-08,2026-07-08T12:00:02Z,pikalytics,gen9championsvgc2026regma,"Best Pokemon, teams, and builds in Pokemon Champions VGC 2026",https://pikalytics.com/pokedex/gen9championsvgc2026regma,19,6,Vgcorner,Vgcorner,14-2,14,2,0,16,87.50,4th Annual St. Jude VGC Charity Tournament,2026-06-27,2,0,727,https://play.limitlesstcg.com/tournament/69c7cead36f5b5c303dbfa0c/player/vgcorner/teamlist,https://play.limitlesstcg.com/tournament/69c7cead36f5b5c303dbfa0c/standings,Incineroar:Kingambit:Sneasler:Floette-Eternal-Mega:Sinistcha:Dragonite,2,Kingambit,Kingambit,Chople Berry,Defiant,Kowtow Cleave:Sucker Punch:Swords Dance:Protect,Kowtow Cleave,Sucker Punch,Swords Dance,Protect,Incineroar:Sneasler:Floette-Eternal-Mega:Sinistcha:Dragonite
2026-07-08,2026-07-08T12:00:02Z,pikalytics,gen9championsvgc2026regma,"Best Pokemon, teams, and builds in Pokemon Champions VGC 2026",https://pikalytics.com/pokedex/gen9championsvgc2026regma,19,6,Vgcorner,Vgcorner,14-2,14,2,0,16,87.50,4th Annual St. Jude VGC Charity Tournament,2026-06-27,2,0,727,https://play.limitlesstcg.com/tournament/69c7cead36f5b5c303dbfa0c/player/vgcorner/teamlist,https://play.limitlesstcg.com/tournament/69c7cead36f5b5c303dbfa0c/standings,Incineroar:Kingambit:Sneasler:Floette-Eternal-Mega:Sinistcha:Dragonite,3,Sneasler,Sneasler,Focus Sash,Poison Touch,Fake Out:Coaching:Close Combat:Poison Jab,Fake Out,Coaching,Close Combat,Poison Jab,Incineroar:Kingambit:Floette-Eternal-Mega:Sinistcha:Dragonite
2026-06-30,2026-06-30T12:00:03Z,pikalytics,gen9championsvgc2026regma,"Best Pokemon, teams, and builds in Pokemon Champions VGC 2026",https://pikalytics.com/pokedex/gen9championsvgc2026regma,19,6,Shedfan,Shedfan,5-0,5,0,0,5,100.00,INGAGE FRONTIER SERIES #1 TOP CUTS - 80$ PRIZE,2026-06-27,1,1,17,https://play.limitlesstcg.com/tournament/6a3ce3c9c87cd9ff0a30ef12/player/shedfan/teamlist,https://play.limitlesstcg.com/tournament/6a3ce3c9c87cd9ff0a30ef12/standings,Incineroar:Gardevoir-Mega:Talonflame:Tsareena:Maushold:Basculegion,3,Talonflame,Talonflame,Life Orb,Gale Wings,Protect:Tailwind:Flare Blitz:Brave Bird,Protect,Tailwind,Flare Blitz,Brave Bird,Incineroar:Gardevoir-Mega:Tsareena:Maushold:Basculegion
2026-07-08,2026-07-08T12:00:02Z,pikalytics,gen9championsvgc2026regma,"Best Pokemon, teams, and builds in Pokemon Champions VGC 2026",https://pikalytics.com/pokedex/gen9championsvgc2026regma,19,6,Vgcorner,Vgcorner,14-2,14,2,0,16,87.50,4th Annual St. Jude VGC Charity Tournament,2026-06-27,2,0,727,https://play.limitlesstcg.com/tournament/69c7cead36f5b5c303dbfa0c/player/vgcorner/teamlist,https://play.limitlesstcg.com/tournament/69c7cead36f5b5c303dbfa0c/standings,Incineroar:Kingambit:Sneasler:Floette-Eternal-Mega:Sinistcha:Dragonite,4,Floette-Eternal-Mega,Eternal Flower Floette,Floettite,Flower Veil,Calm Mind:Protect:Draining Kiss:Dazzling Gleam,Calm Mind,Protect,Draining Kiss,Dazzling Gleam,Incineroar:Kingambit:Sneasler:Sinistcha:Dragonite
2026-06-30,2026-06-30T12:00:03Z,pikalytics,gen9championsvgc2026regma,"Best Pokemon, teams, and builds in Pokemon Champions VGC 2026",https://pikalytics.com/pokedex/gen9championsvgc2026regma,19,6,Shedfan,Shedfan,5-0,5,0,0,5,100.00,INGAGE FRONTIER SERIES #1 TOP CUTS - 80$ PRIZE,2026-06-27,1,1,17,https://play.limitlesstcg.com/tournament/6a3ce3c9c87cd9ff0a30ef12/player/shedfan/teamlist,https://play.limitlesstcg.com/tournament/6a3ce3c9c87cd9ff0a30ef12/standings,Incineroar:Gardevoir-Mega:Talonflame:Tsareena:Maushold:Basculegion,4,Tsareena,Tsareena,Wide Lens,Queenly Majesty,Protect:Triple Axel:Low Kick:Power Whip,Protect,Triple Axel,Low Kick,Power Whip,Incineroar:Gardevoir-Mega:Talonflame:Maushold:Basculegion
2026-06-30,2026-06-30T12:00:03Z,pikalytics,gen9championsvgc2026regma,"Best Pokemon, teams, and builds in Pokemon Champions VGC 2026",https://pikalytics.com/pokedex/gen9championsvgc2026regma,19,6,Shedfan,Shedfan,5-0,5,0,0,5,100.00,INGAGE FRONTIER SERIES #1 TOP CUTS - 80$ PRIZE,2026-06-27,1,1,17,https://play.limitlesstcg.com/tournament/6a3ce3c9c87cd9ff0a30ef12/player/shedfan/teamlist,https://play.limitlesstcg.com/tournament/6a3ce3c9c87cd9ff0a30ef12/standings,Incineroar:Gardevoir-Mega:Talonflame:Tsareena:Maushold:Basculegion,5,Maushold,Maushold,Focus Sash,Friend Guard,Protect:Taunt:Follow Me:Super Fang,Protect,Taunt,Follow Me,Super Fang,Incineroar:Gardevoir-Mega:Talonflame:Tsareena:Basculegion
2026-07-08,2026-07-08T12:00:02Z,pikalytics,gen9championsvgc2026regma,"Best Pokemon, teams, and builds in Pokemon Champions VGC 2026",https://pikalytics.com/pokedex/gen9championsvgc2026regma,19,6,Vgcorner,Vgcorner,14-2,14,2,0,16,87.50,4th Annual St. Jude VGC Charity Tournament,2026-06-27,2,0,727,https://play.limitlesstcg.com/tournament/69c7cead36f5b5c303dbfa0c/player/vgcorner/teamlist,https://play.limitlesstcg.com/tournament/69c7cead36f5b5c303dbfa0c/standings,Incineroar:Kingambit:Sneasler:Floette-Eternal-Mega:Sinistcha:Dragonite,5,Sinistcha,Sinistcha,Leftovers,Hospitality,Trick Room:Rage Powder:Matcha Gotcha:Protect,Trick Room,Rage Powder,Matcha Gotcha,Protect,Incineroar:Kingambit:Sneasler:Floette-Eternal-Mega:Dragonite
2026-06-30,2026-06-30T12:00:03Z,pikalytics,gen9championsvgc2026regma,"Best Pokemon, teams, and builds in Pokemon Champions VGC 2026",https://pikalytics.com/pokedex/gen9championsvgc2026regma,19,6,Shedfan,Shedfan,5-0,5,0,0,5,100.00,INGAGE FRONTIER SERIES #1 TOP CUTS - 80$ PRIZE,2026-06-27,1,1,17,https://play.limitlesstcg.com/tournament/6a3ce3c9c87cd9ff0a30ef12/player/shedfan/teamlist,https://play.limitlesstcg.com/tournament/6a3ce3c9c87cd9ff0a30ef12/standings,Incineroar:Gardevoir-Mega:Talonflame:Tsareena:Maushold:Basculegion,6,Basculegion,Basculegion,Mystic Water,Adaptability,Protect:Aqua Jet:Wave Crash:Last Respects,Protect,Aqua Jet,Wave Crash,Last Respects,Incineroar:Gardevoir-Mega:Talonflame:Tsareena:Maushold
2026-07-08,2026-07-08T12:00:02Z,pikalytics,gen9championsvgc2026regma,"Best Pokemon, teams, and builds in Pokemon Champions VGC 2026",https://pikalytics.com/pokedex/gen9championsvgc2026regma,19,6,Vgcorner,Vgcorner,14-2,14,2,0,16,87.50,4th Annual St. Jude VGC Charity Tournament,2026-06-27,2,0,727,https://play.limitlesstcg.com/tournament/69c7cead36f5b5c303dbfa0c/player/vgcorner/teamlist,https://play.limitlesstcg.com/tournament/69c7cead36f5b5c303dbfa0c/standings,Incineroar:Kingambit:Sneasler:Floette-Eternal-Mega:Sinistcha:Dragonite,6,Dragonite,Dragonite,Lum Berry,Multiscale,Extreme Speed:Dragon Claw:Protect:Fire Punch,Extreme Speed,Dragon Claw,Protect,Fire Punch,Incineroar:Kingambit:Sneasler:Floette-Eternal-Mega:Sinistcha
2026-07-28,2026-07-28T12:00:02Z,pikalytics,gen9championsvgc2026regma,"Best Pokemon, teams, and builds in Pokemon Champions VGC 2026",https://pikalytics.com/pokedex/gen9championsvgc2026regma,4,6,Force_India,Force_India,12-0,12,0,0,12,100.00,Pep_uni Pokémon Champions #1,2026-06-28,1,1,33,https://play.limitlesstcg.com/tournament/6a3db5bdc87cd9ff0a30f75a/player/force_india/teamlist,https://play.limitlesstcg.com/tournament/6a3db5bdc87cd9ff0a30f75a/standings,Venusaur-Mega:Grimmsnarl:Pelipper:Archaludon:Swampert-Mega:Hydreigon,1,Venusaur-Mega,Venusaur,Venusaurite,Chlorophyll,Protect:Sludge Bomb:Giga Drain:Earth Power,Protect,Sludge Bomb,Giga Drain,Earth Power,Grimmsnarl:Pelipper:Archaludon:Swampert-Mega:Hydreigon
2026-07-28,2026-07-28T12:00:02Z,pikalytics,gen9championsvgc2026regma,"Best Pokemon, teams, and builds in Pokemon Champions VGC 2026",https://pikalytics.com/pokedex/gen9championsvgc2026regma,4,6,Force_India,Force_India,12-0,12,0,0,12,100.00,Pep_uni Pokémon Champions #1,2026-06-28,1,1,33,https://play.limitlesstcg.com/tournament/6a3db5bdc87cd9ff0a30f75a/player/force_india/teamlist,https://play.limitlesstcg.com/tournament/6a3db5bdc87cd9ff0a30f75a/standings,Venusaur-Mega:Grimmsnarl:Pelipper:Archaludon:Swampert-Mega:Hydreigon,2,Grimmsnarl,Grimmsnarl,Light Clay,Prankster,Spirit Break:Reflect:Light Screen:Parting Shot,Spirit Break,Reflect,Light Screen,Parting Shot,Venusaur-Mega:Pelipper:Archaludon:Swampert-Mega:Hydreigon
2026-07-28,2026-07-28T12:00:02Z,pikalytics,gen9championsvgc2026regma,"Best Pokemon, teams, and builds in Pokemon Champions VGC 2026",https://pikalytics.com/pokedex/gen9championsvgc2026regma,4,6,Force_India,Force_India,12-0,12,0,0,12,100.00,Pep_uni Pokémon Champions #1,2026-06-28,1,1,33,https://play.limitlesstcg.com/tournament/6a3db5bdc87cd9ff0a30f75a/player/force_india/teamlist,https://play.limitlesstcg.com/tournament/6a3db5bdc87cd9ff0a30f75a/standings,Venusaur-Mega:Grimmsnarl:Pelipper:Archaludon:Swampert-Mega:Hydreigon,3,Pelipper,Pelipper,Sitrus Berry,Drizzle,Hurricane:Weather Ball:Tailwind:Wide Guard,Hurricane,Weather Ball,Tailwind,Wide Guard,Venusaur-Mega:Grimmsnarl:Archaludon:Swampert-Mega:Hydreigon
2026-07-28,2026-07-28T12:00:02Z,pikalytics,gen9championsvgc2026regma,"Best Pokemon, teams, and builds in Pokemon Champions VGC 2026",https://pikalytics.com/pokedex/gen9championsvgc2026regma,4,6,Force_India,Force_India,12-0,12,0,0,12,100.00,Pep_uni Pokémon Champions #1,2026-06-28,1,1,33,https://play.limitlesstcg.com/tournament/6a3db5bdc87cd9ff0a30f75a/player/force_india/teamlist,https://play.limitlesstcg.com/tournament/6a3db5bdc87cd9ff0a30f75a/standings,Venusaur-Mega:Grimmsnarl:Pelipper:Archaludon:Swampert-Mega:Hydreigon,4,Archaludon,Archaludon,Leftovers,Stamina,Protect:Electro Shot:Dragon Pulse:Flash Cannon,Protect,Electro Shot,Dragon Pulse,Flash Cannon,Venusaur-Mega:Grimmsnarl:Pelipper:Swampert-Mega:Hydreigon
2026-07-28,2026-07-28T12:00:02Z,pikalytics,gen9championsvgc2026regma,"Best Pokemon, teams, and builds in Pokemon Champions VGC 2026",https://pikalytics.com/pokedex/gen9championsvgc2026regma,4,6,Force_India,Force_India,12-0,12,0,0,12,100.00,Pep_uni Pokémon Champions #1,2026-06-28,1,1,33,https://play.limitlesstcg.com/tournament/6a3db5bdc87cd9ff0a30f75a/player/force_india/teamlist,https://play.limitlesstcg.com/tournament/6a3db5bdc87cd9ff0a30f75a/standings,Venusaur-Mega:Grimmsnarl:Pelipper:Archaludon:Swampert-Mega:Hydreigon,5,Swampert-Mega,Swampert,Swampertite,Torrent,Protect:Wave Crash:Earthquake:Ice Punch,Protect,Wave Crash,Earthquake,Ice Punch,Venusaur-Mega:Grimmsnarl:Pelipper:Archaludon:Hydreigon
2026-07-28,2026-07-28T12:00:02Z,pikalytics,gen9championsvgc2026regma,"Best Pokemon, teams, and builds in Pokemon Champions VGC 2026",https://pikalytics.com/pokedex/gen9championsvgc2026regma,4,6,Force_India,Force_India,12-0,12,0,0,12,100.00,Pep_uni Pokémon Champions #1,2026-06-28,1,1,33,https://play.limitlesstcg.com/tournament/6a3db5bdc87cd9ff0a30f75a/player/force_india/teamlist,https://play.limitlesstcg.com/tournament/6a3db5bdc87cd9ff0a30f75a/standings,Venusaur-Mega:Grimmsnarl:Pelipper:Archaludon:Swampert-Mega:Hydreigon,6,Hydreigon,Hydreigon,Choice Scarf,Levitate,Dark Pulse:Snarl:Draco Meteor:U-turn,Dark Pulse,Snarl,Draco Meteor,U-turn,Venusaur-Mega:Grimmsnarl:Pelipper:Archaludon:Swampert-Mega
2026-07-08,2026-07-08T12:00:02Z,pikalytics,gen9championsvgc2026regma,"Best Pokemon, teams, and builds in Pokemon Champions VGC 2026",https://pikalytics.com/pokedex/gen9championsvgc2026regma,14,6,Mollusk,Mollusk,11-0,11,0,0,11,100.00,The Wide League Saturday Night Rumble #87 REG M-B,2026-06-28,1,1,34,https://play.limitlesstcg.com/tournament/6a3dbda083fd320299bd0416/player/mollusck/teamlist,https://play.limitlesstcg.com/tournament/6a3dbda083fd320299bd0416/standings,Delphox-Mega:Whimsicott:Garchomp:Sinistcha:Staraptor-Mega:Maushold,1,Delphox-Mega,Delphox,Delphoxite,Blaze,Heat Wave:Psychic:Substitute:Protect,Heat Wave,Psychic,Substitute,Protect,Whimsicott:Garchomp:Sinistcha:Staraptor-Mega:Maushold
2026-07-08,2026-07-08T12:00:02Z,pikalytics,gen9championsvgc2026regma,"Best Pokemon, teams, and builds in Pokemon Champions VGC 2026",https://pikalytics.com/pokedex/gen9championsvgc2026regma,14,6,Mollusk,Mollusk,11-0,11,0,0,11,100.00,The Wide League Saturday Night Rumble #87 REG M-B,2026-06-28,1,1,34,https://play.limitlesstcg.com/tournament/6a3dbda083fd320299bd0416/player/mollusck/teamlist,https://play.limitlesstcg.com/tournament/6a3dbda083fd320299bd0416/standings,Delphox-Mega:Whimsicott:Garchomp:Sinistcha:Staraptor-Mega:Maushold,2,Whimsicott,Whimsicott,Focus Sash,Prankster,Moonblast:Tailwind:Fake Tears:Sunny Day,Moonblast,Tailwind,Fake Tears,Sunny Day,Delphox-Mega:Garchomp:Sinistcha:Staraptor-Mega:Maushold
2026-07-08,2026-07-08T12:00:02Z,pikalytics,gen9championsvgc2026regma,"Best Pokemon, teams, and builds in Pokemon Champions VGC 2026",https://pikalytics.com/pokedex/gen9championsvgc2026regma,14,6,Mollusk,Mollusk,11-0,11,0,0,11,100.00,The Wide League Saturday Night Rumble #87 REG M-B,2026-06-28,1,1,34,https://play.limitlesstcg.com/tournament/6a3dbda083fd320299bd0416/player/mollusck/teamlist,https://play.limitlesstcg.com/tournament/6a3dbda083fd320299bd0416/standings,Delphox-Mega:Whimsicott:Garchomp:Sinistcha:Staraptor-Mega:Maushold,3,Garchomp,Garchomp,Life Orb,Rough Skin,Dragon Claw:Earthquake:Rock Slide:Protect,Dragon Claw,Earthquake,Rock Slide,Protect,Delphox-Mega:Whimsicott:Sinistcha:Staraptor-Mega:Maushold
2026-07-08,2026-07-08T12:00:02Z,pikalytics,gen9championsvgc2026regma,"Best Pokemon, teams, and builds in Pokemon Champions VGC 2026",https://pikalytics.com/pokedex/gen9championsvgc2026regma,14,6,Mollusk,Mollusk,11-0,11,0,0,11,100.00,The Wide League Saturday Night Rumble #87 REG M-B,2026-06-28,1,1,34,https://play.limitlesstcg.com/tournament/6a3dbda083fd320299bd0416/player/mollusck/teamlist,https://play.limitlesstcg.com/tournament/6a3dbda083fd320299bd0416/standings,Delphox-Mega:Whimsicott:Garchomp:Sinistcha:Staraptor-Mega:Maushold,4,Sinistcha,Sinistcha,Kasib Berry,Hospitality,Matcha Gotcha:Rage Powder:Strength Sap:Trick Room,Matcha Gotcha,Rage Powder,Strength Sap,Trick Room,Delphox-Mega:Whimsicott:Garchomp:Staraptor-Mega:Maushold
2026-07-08,2026-07-08T12:00:02Z,pikalytics,gen9championsvgc2026regma,"Best Pokemon, teams, and builds in Pokemon Champions VGC 2026",https://pikalytics.com/pokedex/gen9championsvgc2026regma,14,6,Mollusk,Mollusk,11-0,11,0,0,11,100.00,The Wide League Saturday Night Rumble #87 REG M-B,2026-06-28,1,1,34,https://play.limitlesstcg.com/tournament/6a3dbda083fd320299bd0416/player/mollusck/teamlist,https://play.limitlesstcg.com/tournament/6a3dbda083fd320299bd0416/standings,Delphox-Mega:Whimsicott:Garchomp:Sinistcha:Staraptor-Mega:Maushold,5,Staraptor-Mega,Staraptor,Staraptite,Intimidate,Close Combat:Brave Bird:Roost:Protect,Close Combat,Brave Bird,Roost,Protect,Delphox-Mega:Whimsicott:Garchomp:Sinistcha:Maushold
2026-07-08,2026-07-08T12:00:02Z,pikalytics,gen9championsvgc2026regma,"Best Pokemon, teams, and builds in Pokemon Champions VGC 2026",https://pikalytics.com/pokedex/gen9championsvgc2026regma,14,6,Mollusk,Mollusk,11-0,11,0,0,11,100.00,The Wide League Saturday Night Rumble #87 REG M-B,2026-06-28,1,1,34,https://play.limitlesstcg.com/tournament/6a3dbda083fd320299bd0416/player/mollusck/teamlist,https://play.limitlesstcg.com/tournament/6a3dbda083fd320299bd0416/standings,Delphox-Mega:Whimsicott:Garchomp:Sinistcha:Staraptor-Mega:Maushold,6,Maushold,Maushold,Chople Berry,Friend Guard,Super Fang:Charm:Follow Me:Protect,Super Fang,Charm,Follow Me,Protect,Delphox-Mega:Whimsicott:Garchomp:Sinistcha:Staraptor-Mega
2026-07-28,2026-07-28T12:00:02Z,pikalytics,gen9championsvgc2026regma,"Best Pokemon, teams, and builds in Pokemon Champions VGC 2026",https://pikalytics.com/pokedex/gen9championsvgc2026regma,15,6,Lorenzaooo,Lorenzaooo,11-0,11,0,0,11,100.00,GG´s Jade Shell Badge (Champions),2026-06-28,1,1,31,https://play.limitlesstcg.com/tournament/697fb1bc287864eaf0dc2c5a/player/lorenzaooo/teamlist,https://play.limitlesstcg.com/tournament/697fb1bc287864eaf0dc2c5a/standings,Scovillain-Mega:Sylveon:Kingambit:Lycanroc:Basculegion:Metagross-Mega,1,Scovillain-Mega,Scovillain,Scovillainite,Moody,Giga Drain:Overheat:Rage Powder:Protect,Giga Drain,Overheat,Rage Powder,Protect,Sylveon:Kingambit:Lycanroc:Basculegion:Metagross-Mega
2026-07-28,2026-07-28T12:00:02Z,pikalytics,gen9championsvgc2026regma,"Best Pokemon, teams, and builds in Pokemon Champions VGC 2026",https://pikalytics.com/pokedex/gen9championsvgc2026regma,15,6,Lorenzaooo,Lorenzaooo,11-0,11,0,0,11,100.00,GG´s Jade Shell Badge (Champions),2026-06-28,1,1,31,https://play.limitlesstcg.com/tournament/697fb1bc287864eaf0dc2c5a/player/lorenzaooo/teamlist,https://play.limitlesstcg.com/tournament/697fb1bc287864eaf0dc2c5a/standings,Scovillain-Mega:Sylveon:Kingambit:Lycanroc:Basculegion:Metagross-Mega,2,Sylveon,Sylveon,Fairy Feather,Pixilate,Hyper Voice:Hyper Beam:Quick Attack:Detect,Hyper Voice,Hyper Beam,Quick Attack,Detect,Scovillain-Mega:Kingambit:Lycanroc:Basculegion:Metagross-Mega
2026-07-28,2026-07-28T12:00:02Z,pikalytics,gen9championsvgc2026regma,"Best Pokemon, teams, and builds in Pokemon Champions VGC 2026",https://pikalytics.com/pokedex/gen9championsvgc2026regma,15,6,Lorenzaooo,Lorenzaooo,11-0,11,0,0,11,100.00,GG´s Jade Shell Badge (Champions),2026-06-28,1,1,31,https://play.limitlesstcg.com/tournament/697fb1bc287864eaf0dc2c5a/player/lorenzaooo/teamlist,https://play.limitlesstcg.com/tournament/697fb1bc287864eaf0dc2c5a/standings,Scovillain-Mega:Sylveon:Kingambit:Lycanroc:Basculegion:Metagross-Mega,3,Kingambit,Kingambit,Black Glasses,Defiant,Kowtow Cleave:Sucker Punch:Swords Dance:Protect,Kowtow Cleave,Sucker Punch,Swords Dance,Protect,Scovillain-Mega:Sylveon:Lycanroc:Basculegion:Metagross-Mega
2026-07-28,2026-07-28T12:00:02Z,pikalytics,gen9championsvgc2026regma,"Best Pokemon, teams, and builds in Pokemon Champions VGC 2026",https://pikalytics.com/pokedex/gen9championsvgc2026regma,15,6,Lorenzaooo,Lorenzaooo,11-0,11,0,0,11,100.00,GG´s Jade Shell Badge (Champions),2026-06-28,1,1,31,https://play.limitlesstcg.com/tournament/697fb1bc287864eaf0dc2c5a/player/lorenzaooo/teamlist,https://play.limitlesstcg.com/tournament/697fb1bc287864eaf0dc2c5a/standings,Scovillain-Mega:Sylveon:Kingambit:Lycanroc:Basculegion:Metagross-Mega,4,Lycanroc,Lycanroc Dusk,Focus Sash,Tough Claws,Close Combat:Accelerock:Rock Slide:Protect,Close Combat,Accelerock,Rock Slide,Protect,Scovillain-Mega:Sylveon:Kingambit:Basculegion:Metagross-Mega
2026-07-28,2026-07-28T12:00:02Z,pikalytics,gen9championsvgc2026regma,"Best Pokemon, teams, and builds in Pokemon Champions VGC 2026",https://pikalytics.com/pokedex/gen9championsvgc2026regma,15,6,Lorenzaooo,Lorenzaooo,11-0,11,0,0,11,100.00,GG´s Jade Shell Badge (Champions),2026-06-28,1,1,31,https://play.limitlesstcg.com/tournament/697fb1bc287864eaf0dc2c5a/player/lorenzaooo/teamlist,https://play.limitlesstcg.com/tournament/697fb1bc287864eaf0dc2c5a/standings,Scovillain-Mega:Sylveon:Kingambit:Lycanroc:Basculegion:Metagross-Mega,5,Basculegion,Basculegion,Sitrus Berry,Adaptability,Wave Crash:Last Respects:Aqua Jet:Protect,Wave Crash,Last Respects,Aqua Jet,Protect,Scovillain-Mega:Sylveon:Kingambit:Lycanroc:Metagross-Mega
2026-07-28,2026-07-28T12:00:02Z,pikalytics,gen9championsvgc2026regma,"Best Pokemon, teams, and builds in Pokemon Champions VGC 2026",https://pikalytics.com/pokedex/gen9championsvgc2026regma,15,6,Lorenzaooo,Lorenzaooo,11-0,11,0,0,11,100.00,GG´s Jade Shell Badge (Champions),2026-06-28,1,1,31,https://play.limitlesstcg.com/tournament/697fb1bc287864eaf0dc2c5a/player/lorenzaooo/teamlist,https://play.limitlesstcg.com/tournament/697fb1bc287864eaf0dc2c5a/standings,Scovillain-Mega:Sylveon:Kingambit:Lycanroc:Basculegion:Metagross-Mega,6,Metagross-Mega,Metagross,Metagrossite,Clear Body,Iron Head:Psychic Fangs:Ice Punch:Protect,Iron Head,Psychic Fangs,Ice Punch,Protect,Scovillain-Mega:Sylveon:Kingambit:Lycanroc:Basculegion
2026-07-08,2026-07-08T12:00:02Z,pikalytics,gen9championsvgc2026regma,"Best Pokemon, teams, and builds in Pokemon Champions VGC 2026",https://pikalytics.com/pokedex/gen9championsvgc2026regma,15,6,Swiss,Swiss,11-0,11,0,0,11,100.00,SNT Reg M-B Tour #1,2026-06-30,1,1,74,https://play.limitlesstcg.com/tournament/6a3bd39383fd320299bcf26c/player/swiss/teamlist,https://play.limitlesstcg.com/tournament/6a3bd39383fd320299bcf26c/standings,Charizard-Mega-Y:Aerodactyl-Mega:Kingambit:Farigiraf:Sylveon:Garchomp,1,Charizard-Mega-Y,Charizard,Charizardite Y,Drought,Heat Wave:Solar Beam:Weather Ball:Protect,Heat Wave,Solar Beam,Weather Ball,Protect,Aerodactyl-Mega:Kingambit:Farigiraf:Sylveon:Garchomp
2026-07-08,2026-07-08T12:00:02Z,pikalytics,gen9championsvgc2026regma,"Best Pokemon, teams, and builds in Pokemon Champions VGC 2026",https://pikalytics.com/pokedex/gen9championsvgc2026regma,15,6,Swiss,Swiss,11-0,11,0,0,11,100.00,SNT Reg M-B Tour #1,2026-06-30,1,1,74,https://play.limitlesstcg.com/tournament/6a3bd39383fd320299bcf26c/player/swiss/teamlist,https://play.limitlesstcg.com/tournament/6a3bd39383fd320299bcf26c/standings,Charizard-Mega-Y:Aerodactyl-Mega:Kingambit:Farigiraf:Sylveon:Garchomp,2,Aerodactyl-Mega,Aerodactyl,Aerodactylite,Tough Claws,Rock Slide:Ice Fang:Dual Wingbeat:Tailwind,Rock Slide,Ice Fang,Dual Wingbeat,Tailwind,Charizard-Mega-Y:Kingambit:Farigiraf:Sylveon:Garchomp
2026-07-08,2026-07-08T12:00:02Z,pikalytics,gen9championsvgc2026regma,"Best Pokemon, teams, and builds in Pokemon Champions VGC 2026",https://pikalytics.com/pokedex/gen9championsvgc2026regma,15,6,Swiss,Swiss,11-0,11,0,0,11,100.00,SNT Reg M-B Tour #1,2026-06-30,1,1,74,https://play.limitlesstcg.com/tournament/6a3bd39383fd320299bcf26c/player/swiss/teamlist,https://play.limitlesstcg.com/tournament/6a3bd39383fd320299bcf26c/standings,Charizard-Mega-Y:Aerodactyl-Mega:Kingambit:Farigiraf:Sylveon:Garchomp,3,Kingambit,Kingambit,Focus Sash,Defiant,Kowtow Cleave:Iron Head:Sucker Punch:Low Kick,Kowtow Cleave,Iron Head,Sucker Punch,Low Kick,Charizard-Mega-Y:Aerodactyl-Mega:Farigiraf:Sylveon:Garchomp
2026-07-08,2026-07-08T12:00:02Z,pikalytics,gen9championsvgc2026regma,"Best Pokemon, teams, and builds in Pokemon Champions VGC 2026",https://pikalytics.com/pokedex/gen9championsvgc2026regma,15,6,Swiss,Swiss,11-0,11,0,0,11,100.00,SNT Reg M-B Tour #1,2026-06-30,1,1,74,https://play.limitlesstcg.com/tournament/6a3bd39383fd320299bcf26c/player/swiss/teamlist,https://play.limitlesstcg.com/tournament/6a3bd39383fd320299bcf26c/standings,Charizard-Mega-Y:Aerodactyl-Mega:Kingambit:Farigiraf:Sylveon:Garchomp,4,Farigiraf,Farigiraf,Sitrus Berry,Armor Tail,Psychic:Thunderbolt:Roar:Trick Room,Psychic,Thunderbolt,Roar,Trick Room,Charizard-Mega-Y:Aerodactyl-Mega:Kingambit:Sylveon:Garchomp
2026-07-08,2026-07-08T12:00:02Z,pikalytics,gen9championsvgc2026regma,"Best Pokemon, teams, and builds in Pokemon Champions VGC 2026",https://pikalytics.com/pokedex/gen9championsvgc2026regma,15,6,Swiss,Swiss,11-0,11,0,0,11,100.00,SNT Reg M-B Tour #1,2026-06-30,1,1,74,https://play.limitlesstcg.com/tournament/6a3bd39383fd320299bcf26c/player/swiss/teamlist,https://play.limitlesstcg.com/tournament/6a3bd39383fd320299bcf26c/standings,Charizard-Mega-Y:Aerodactyl-Mega:Kingambit:Farigiraf:Sylveon:Garchomp,5,Sylveon,Sylveon,Fairy Feather,Pixilate,Hyper Voice:Hyper Beam:Quick Attack:Protect,Hyper Voice,Hyper Beam,Quick Attack,Protect,Charizard-Mega-Y:Aerodactyl-Mega:Kingambit:Farigiraf:Garchomp
2026-07-08,2026-07-08T12:00:02Z,pikalytics,gen9championsvgc2026regma,"Best Pokemon, teams, and builds in Pokemon Champions VGC 2026",https://pikalytics.com/pokedex/gen9championsvgc2026regma,15,6,Swiss,Swiss,11-0,11,0,0,11,100.00,SNT Reg M-B Tour #1,2026-06-30,1,1,74,https://play.limitlesstcg.com/tournament/6a3bd39383fd320299bcf26c/player/swiss/teamlist,https://play.limitlesstcg.com/tournament/6a3bd39383fd320299bcf26c/standings,Charizard-Mega-Y:Aerodactyl-Mega:Kingambit:Farigiraf:Sylveon:Garchomp,6,Garchomp,Garchomp,Life Orb,Rough Skin,Earthquake:Dragon Claw:Stomping Tantrum:Protect,Earthquake,Dragon Claw,Stomping Tantrum,Protect,Charizard-Mega-Y:Aerodactyl-Mega:Kingambit:Farigiraf:Sylveon
2026-07-28,2026-07-28T12:00:02Z,pikalytics,gen9championsvgc2026regma,"Best Pokemon, teams, and builds in Pokemon Champions VGC 2026",https://pikalytics.com/pokedex/gen9championsvgc2026regma,17,6,NMR | Gostzin I,NMR | Gostzin I,9-1,9,1,0,10,90.00,Intimidators Champions Challenge #22 REG M-B,2026-06-30,1,1,45,https://play.limitlesstcg.com/tournament/6a427367c87cd9ff0a312adf/player/gostzin/teamlist,https://play.limitlesstcg.com/tournament/6a427367c87cd9ff0a312adf/standings,Charizard-Mega-Y:Mamoswine:Toxapex:Incineroar:Kingambit:Maushold,1,Charizard-Mega-Y,Charizard,Charizardite Y,Blaze,Heat Wave:Protect:Solar Beam:Weather Ball,Heat Wave,Protect,Solar Beam,Weather Ball,Mamoswine:Toxapex:Incineroar:Kingambit:Maushold
2026-07-28,2026-07-28T12:00:02Z,pikalytics,gen9championsvgc2026regma,"Best Pokemon, teams, and builds in Pokemon Champions VGC 2026",https://pikalytics.com/pokedex/gen9championsvgc2026regma,17,6,NMR | Gostzin I,NMR | Gostzin I,9-1,9,1,0,10,90.00,Intimidators Champions Challenge #22 REG M-B,2026-06-30,1,1,45,https://play.limitlesstcg.com/tournament/6a427367c87cd9ff0a312adf/player/gostzin/teamlist,https://play.limitlesstcg.com/tournament/6a427367c87cd9ff0a312adf/standings,Charizard-Mega-Y:Mamoswine:Toxapex:Incineroar:Kingambit:Maushold,2,Mamoswine,Mamoswine,Focus Sash,Oblivious,Ice Shard:Icicle Crash:Protect:Earthquake,Ice Shard,Icicle Crash,Protect,Earthquake,Charizard-Mega-Y:Toxapex:Incineroar:Kingambit:Maushold
2026-07-28,2026-07-28T12:00:02Z,pikalytics,gen9championsvgc2026regma,"Best Pokemon, teams, and builds in Pokemon Champions VGC 2026",https://pikalytics.com/pokedex/gen9championsvgc2026regma,17,6,NMR | Gostzin I,NMR | Gostzin I,9-1,9,1,0,10,90.00,Intimidators Champions Challenge #22 REG M-B,2026-06-30,1,1,45,https://play.limitlesstcg.com/tournament/6a427367c87cd9ff0a312adf/player/gostzin/teamlist,https://play.limitlesstcg.com/tournament/6a427367c87cd9ff0a312adf/standings,Charizard-Mega-Y:Mamoswine:Toxapex:Incineroar:Kingambit:Maushold,3,Toxapex,Toxapex,Leftovers,Regenerator,Toxic:Wide Guard:Baneful Bunker:Infestation,Toxic,Wide Guard,Baneful Bunker,Infestation,Charizard-Mega-Y:Mamoswine:Incineroar:Kingambit:Maushold
2026-07-28,2026-07-28T12:00:02Z,pikalytics,gen9championsvgc2026regma,"Best Pokemon, teams, and builds in Pokemon Champions VGC 2026",https://pikalytics.com/pokedex/gen9championsvgc2026regma,17,6,NMR | Gostzin I,NMR | Gostzin I,9-1,9,1,0,10,90.00,Intimidators Champions Challenge #22 REG M-B,2026-06-30,1,1,45,https://play.limitlesstcg.com/tournament/6a427367c87cd9ff0a312adf/player/gostzin/teamlist,https://play.limitlesstcg.com/tournament/6a427367c87cd9ff0a312adf/standings,Charizard-Mega-Y:Mamoswine:Toxapex:Incineroar:Kingambit:Maushold,4,Incineroar,Incineroar,Sitrus Berry,Intimidate,Fake Out:Parting Shot:Flare Blitz:Darkest Lariat,Fake Out,Parting Shot,Flare Blitz,Darkest Lariat,Charizard-Mega-Y:Mamoswine:Toxapex:Kingambit:Maushold
2026-07-28,2026-07-28T12:00:02Z,pikalytics,gen9championsvgc2026regma,"Best Pokemon, teams, and builds in Pokemon Champions VGC 2026",https://pikalytics.com/pokedex/gen9championsvgc2026regma,17,6,NMR | Gostzin I,NMR | Gostzin I,9-1,9,1,0,10,90.00,Intimidators Champions Challenge #22 REG M-B,2026-06-30,1,1,45,https://play.limitlesstcg.com/tournament/6a427367c87cd9ff0a312adf/player/gostzin/teamlist,https://play.limitlesstcg.com/tournament/6a427367c87cd9ff0a312adf/standings,Charizard-Mega-Y:Mamoswine:Toxapex:Incineroar:Kingambit:Maushold,5,Kingambit,Kingambit,Life Orb,Defiant,Low Kick:Protect:Sucker Punch:Kowtow Cleave,Low Kick,Protect,Sucker Punch,Kowtow Cleave,Charizard-Mega-Y:Mamoswine:Toxapex:Incineroar:Maushold
2026-07-28,2026-07-28T12:00:02Z,pikalytics,gen9championsvgc2026regma,"Best Pokemon, teams, and builds in Pokemon Champions VGC 2026",https://pikalytics.com/pokedex/gen9championsvgc2026regma,17,6,NMR | Gostzin I,NMR | Gostzin I,9-1,9,1,0,10,90.00,Intimidators Champions Challenge #22 REG M-B,2026-06-30,1,1,45,https://play.limitlesstcg.com/tournament/6a427367c87cd9ff0a312adf/player/gostzin/teamlist,https://play.limitlesstcg.com/tournament/6a427367c87cd9ff0a312adf/standings,Charizard-Mega-Y:Mamoswine:Toxapex:Incineroar:Kingambit:Maushold,6,Maushold,Maushold,Chople Berry,Friend Guard,Super Fang:Follow Me:Protect:Feint,Super Fang,Follow Me,Protect,Feint,Charizard-Mega-Y:Mamoswine:Toxapex:Incineroar:Kingambit
2026-07-28,2026-07-28T12:00:02Z,pikalytics,gen9championsvgc2026regma,"Best Pokemon, teams, and builds in Pokemon Champions VGC 2026",https://pikalytics.com/pokedex/gen9championsvgc2026regma,18,6,IdoLazer,IdoLazer,8-0,8,0,0,8,100.00,VGC Gemeinde Showdown #10,2026-07-02,1,1,14,https://play.limitlesstcg.com/tournament/6a43c19783fd320299bd4bc8/player/idolazer/teamlist,https://play.limitlesstcg.com/tournament/6a43c19783fd320299bd4bc8/standings,Kingambit:Charizard-Mega-Y:Aerodactyl-Mega:Farigiraf:Garchomp:Sylveon,1,Kingambit,Kingambit,Focus Sash,Defiant,Kowtow Cleave:Iron Head:Sucker Punch:Low Kick,Kowtow Cleave,Iron Head,Sucker Punch,Low Kick,Charizard-Mega-Y:Aerodactyl-Mega:Farigiraf:Garchomp:Sylveon
2026-07-28,2026-07-28T12:00:02Z,pikalytics,gen9championsvgc2026regma,"Best Pokemon, teams, and builds in Pokemon Champions VGC 2026",https://pikalytics.com/pokedex/gen9championsvgc2026regma,18,6,IdoLazer,IdoLazer,8-0,8,0,0,8,100.00,VGC Gemeinde Showdown #10,2026-07-02,1,1,14,https://play.limitlesstcg.com/tournament/6a43c19783fd320299bd4bc8/player/idolazer/teamlist,https://play.limitlesstcg.com/tournament/6a43c19783fd320299bd4bc8/standings,Kingambit:Charizard-Mega-Y:Aerodactyl-Mega:Farigiraf:Garchomp:Sylveon,2,Charizard-Mega-Y,Charizard,Charizardite Y,Blaze,Heat Wave:Solar Beam:Weather Ball:Protect,Heat Wave,Solar Beam,Weather Ball,Protect,Kingambit:Aerodactyl-Mega:Farigiraf:Garchomp:Sylveon
2026-07-28,2026-07-28T12:00:02Z,pikalytics,gen9championsvgc2026regma,"Best Pokemon, teams, and builds in Pokemon Champions VGC 2026",https://pikalytics.com/pokedex/gen9championsvgc2026regma,18,6,IdoLazer,IdoLazer,8-0,8,0,0,8,100.00,VGC Gemeinde Showdown #10,2026-07-02,1,1,14,https://play.limitlesstcg.com/tournament/6a43c19783fd320299bd4bc8/player/idolazer/teamlist,https://play.limitlesstcg.com/tournament/6a43c19783fd320299bd4bc8/standings,Kingambit:Charizard-Mega-Y:Aerodactyl-Mega:Farigiraf:Garchomp:Sylveon,3,Aerodactyl-Mega,Aerodactyl,Aerodactylite,Unnerve,Rock Slide:Dual Wingbeat:Ice Fang:Tailwind,Rock Slide,Dual Wingbeat,Ice Fang,Tailwind,Kingambit:Charizard-Mega-Y:Farigiraf:Garchomp:Sylveon
2026-07-28,2026-07-28T12:00:02Z,pikalytics,gen9championsvgc2026regma,"Best Pokemon, teams, and builds in Pokemon Champions VGC 2026",https://pikalytics.com/pokedex/gen9championsvgc2026regma,18,6,IdoLazer,IdoLazer,8-0,8,0,0,8,100.00,VGC Gemeinde Showdown #10,2026-07-02,1,1,14,https://play.limitlesstcg.com/tournament/6a43c19783fd320299bd4bc8/player/idolazer/teamlist,https://play.limitlesstcg.com/tournament/6a43c19783fd320299bd4bc8/standings,Kingambit:Charizard-Mega-Y:Aerodactyl-Mega:Farigiraf:Garchomp:Sylveon,4,Farigiraf,Farigiraf,Sitrus Berry,Armor Tail,Psychic:Thunderbolt:Trick Room:Protect,Psychic,Thunderbolt,Trick Room,Protect,Kingambit:Charizard-Mega-Y:Aerodactyl-Mega:Garchomp:Sylveon
2026-07-28,2026-07-28T12:00:02Z,pikalytics,gen9championsvgc2026regma,"Best Pokemon, teams, and builds in Pokemon Champions VGC 2026",https://pikalytics.com/pokedex/gen9championsvgc2026regma,18,6,IdoLazer,IdoLazer,8-0,8,0,0,8,100.00,VGC Gemeinde Showdown #10,2026-07-02,1,1,14,https://play.limitlesstcg.com/tournament/6a43c19783fd320299bd4bc8/player/idolazer/teamlist,https://play.limitlesstcg.com/tournament/6a43c19783fd320299bd4bc8/standings,Kingambit:Charizard-Mega-Y:Aerodactyl-Mega:Farigiraf:Garchomp:Sylveon,5,Garchomp,Garchomp,Life Orb,Rough Skin,Earthquake:Dragon Claw:Stomping Tantrum:Protect,Earthquake,Dragon Claw,Stomping Tantrum,Protect,Kingambit:Charizard-Mega-Y:Aerodactyl-Mega:Farigiraf:Sylveon
2026-07-28,2026-07-28T12:00:02Z,pikalytics,gen9championsvgc2026regma,"Best Pokemon, teams, and builds in Pokemon Champions VGC 2026",https://pikalytics.com/pokedex/gen9championsvgc2026regma,18,6,IdoLazer,IdoLazer,8-0,8,0,0,8,100.00,VGC Gemeinde Showdown #10,2026-07-02,1,1,14,https://play.limitlesstcg.com/tournament/6a43c19783fd320299bd4bc8/player/idolazer/teamlist,https://play.limitlesstcg.com/tournament/6a43c19783fd320299bd4bc8/standings,Kingambit:Charizard-Mega-Y:Aerodactyl-Mega:Farigiraf:Garchomp:Sylveon,6,Sylveon,Sylveon,Fairy Feather,Pixilate,Hyper Voice:Hyper Beam:Quick Attack:Protect,Hyper Voice,Hyper Beam,Quick Attack,Protect,Kingambit:Charizard-Mega-Y:Aerodactyl-Mega:Farigiraf:Garchomp
2026-08-13,2026-08-13T12:00:02Z,pikalytics,gen9championsvgc2026regma,"Best Pokemon, teams, and builds in Pokemon Champions VGC 2026",https://pikalytics.com/pokedex/gen9championsvgc2026regma,8,6,Magnetman,Magnetman,13-3-1,13,3,1,17,76.47,Yosh Tournament #2 ( Rp 3.000.000+ ),2026-07-03,1,1,199,https://play.limitlesstcg.com/tournament/6a41b45dc87cd9ff0a3125d8/player/magnetman/teamlist,https://play.limitlesstcg.com/tournament/6a41b45dc87cd9ff0a3125d8/standings,Excadrill:Tyranitar-Mega:Sinistcha:Milotic:Gholdengo:Staraptor-Mega,1,Excadrill,Excadrill,Focus Sash,Sand Rush,High Horsepower:Protect:Rock Slide:Iron Head,High Horsepower,Protect,Rock Slide,Iron Head,Tyranitar-Mega:Sinistcha:Milotic:Gholdengo:Staraptor-Mega
2026-08-13,2026-08-13T12:00:02Z,pikalytics,gen9championsvgc2026regma,"Best Pokemon, teams, and builds in Pokemon Champions VGC 2026",https://pikalytics.com/pokedex/gen9championsvgc2026regma,8,6,Magnetman,Magnetman,13-3-1,13,3,1,17,76.47,Yosh Tournament #2 ( Rp 3.000.000+ ),2026-07-03,1,1,199,https://play.limitlesstcg.com/tournament/6a41b45dc87cd9ff0a3125d8/player/magnetman/teamlist,https://play.limitlesstcg.com/tournament/6a41b45dc87cd9ff0a3125d8/standings,Excadrill:Tyranitar-Mega:Sinistcha:Milotic:Gholdengo:Staraptor-Mega,2,Tyranitar-Mega,Tyranitar,Tyranitarite,Sand Stream,Knock Off:Low Kick:Protect:Rock Slide,Knock Off,Low Kick,Protect,Rock Slide,Excadrill:Sinistcha:Milotic:Gholdengo:Staraptor-Mega
2026-08-13,2026-08-13T12:00:02Z,pikalytics,gen9championsvgc2026regma,"Best Pokemon, teams, and builds in Pokemon Champions VGC 2026",https://pikalytics.com/pokedex/gen9championsvgc2026regma,8,6,Magnetman,Magnetman,13-3-1,13,3,1,17,76.47,Yosh Tournament #2 ( Rp 3.000.000+ ),2026-07-03,1,1,199,https://play.limitlesstcg.com/tournament/6a41b45dc87cd9ff0a3125d8/player/magnetman/teamlist,https://play.limitlesstcg.com/tournament/6a41b45dc87cd9ff0a3125d8/standings,Excadrill:Tyranitar-Mega:Sinistcha:Milotic:Gholdengo:Staraptor-Mega,3,Sinistcha,Sinistcha,Sitrus Berry,Hospitality,Matcha Gotcha:Rage Powder:Trick Room:Protect,Matcha Gotcha,Rage Powder,Trick Room,Protect,Excadrill:Tyranitar-Mega:Milotic:Gholdengo:Staraptor-Mega
2026-08-13,2026-08-13T12:00:02Z,pikalytics,gen9championsvgc2026regma,"Best Pokemon, teams, and builds in Pokemon Champions VGC 2026",https://pikalytics.com/pokedex/gen9championsvgc2026regma,8,6,Magnetman,Magnetman,13-3-1,13,3,1,17,76.47,Yosh Tournament #2 ( Rp 3.000.000+ ),2026-07-03,1,1,199,https://play.limitlesstcg.com/tournament/6a41b45dc87cd9ff0a3125d8/player/magnetman/teamlist,https://play.limitlesstcg.com/tournament/6a41b45dc87cd9ff0a3125d8/standings,Excadrill:Tyranitar-Mega:Sinistcha:Milotic:Gholdengo:Staraptor-Mega,4,Milotic,Milotic,Leftovers,Competitive,Scald:Ice Beam:Icy Wind:Protect,Scald,Ice Beam,Icy Wind,Protect,Excadrill:Tyranitar-Mega:Sinistcha:Gholdengo:Staraptor-Mega
2026-08-13,2026-08-13T12:00:02Z,pikalytics,gen9championsvgc2026regma,"Best Pokemon, teams, and builds in Pokemon Champions VGC 2026",https://pikalytics.com/pokedex/gen9championsvgc2026regma,8,6,Magnetman,Magnetman,13-3-1,13,3,1,17,76.47,Yosh Tournament #2 ( Rp 3.000.000+ ),2026-07-03,1,1,199,https://play.limitlesstcg.com/tournament/6a41b45dc87cd9ff0a3125d8/player/magnetman/teamlist,https://play.limitlesstcg.com/tournament/6a41b45dc87cd9ff0a3125d8/standings,Excadrill:Tyranitar-Mega:Sinistcha:Milotic:Gholdengo:Staraptor-Mega,5,Gholdengo,Gholdengo,Life Orb,Good as Gold,Make It Rain:Nasty Plot:Shadow Ball:Protect,Make It Rain,Nasty Plot,Shadow Ball,Protect,Excadrill:Tyranitar-Mega:Sinistcha:Milotic:Staraptor-Mega
2026-08-13,2026-08-13T12:00:02Z,pikalytics,gen9championsvgc2026regma,"Best Pokemon, teams, and builds in Pokemon Champions VGC 2026",https://pikalytics.com/pokedex/gen9championsvgc2026regma,8,6,Magnetman,Magnetman,13-3-1,13,3,1,17,76.47,Yosh Tournament #2 ( Rp 3.000.000+ ),2026-07-03,1,1,199,https://play.limitlesstcg.com/tournament/6a41b45dc87cd9ff0a3125d8/player/magnetman/teamlist,https://play.limitlesstcg.com/tournament/6a41b45dc87cd9ff0a3125d8/standings,Excadrill:Tyranitar-Mega:Sinistcha:Milotic:Gholdengo:Staraptor-Mega,6,Staraptor-Mega,Staraptor,Staraptite,Intimidate,Brave Bird:Close Combat:Tailwind:Protect,Brave Bird,Close Combat,Tailwind,Protect,Excadrill:Tyranitar-Mega:Sinistcha:Milotic:Gholdengo
2026-07-28,2026-07-28T12:00:02Z,pikalytics,gen9championsvgc2026regma,"Best Pokemon, teams, and builds in Pokemon Champions VGC 2026",https://pikalytics.com/pokedex/gen9championsvgc2026regma,16,6,RoiRehh,RoiRehh,9-1,9,1,0,10,90.00,Rework Esport Champions Talent Cup 2 | 50€ CP,2026-07-03,1,1,35,https://play.limitlesstcg.com/tournament/6a39af2883fd320299bce1f4/player/roirehh/teamlist,https://play.limitlesstcg.com/tournament/6a39af2883fd320299bce1f4/standings,Delphox-Mega:Incineroar:Sinistcha:Maushold:Blastoise-Mega:Sneasler,1,Delphox-Mega,Delphox,Delphoxite,Blaze,Protect:Nasty Plot:Heat Wave:Psyshock,Protect,Nasty Plot,Heat Wave,Psyshock,Incineroar:Sinistcha:Maushold:Blastoise-Mega:Sneasler
2026-07-28,2026-07-28T12:00:02Z,pikalytics,gen9championsvgc2026regma,"Best Pokemon, teams, and builds in Pokemon Champions VGC 2026",https://pikalytics.com/pokedex/gen9championsvgc2026regma,16,6,RoiRehh,RoiRehh,9-1,9,1,0,10,90.00,Rework Esport Champions Talent Cup 2 | 50€ CP,2026-07-03,1,1,35,https://play.limitlesstcg.com/tournament/6a39af2883fd320299bce1f4/player/roirehh/teamlist,https://play.limitlesstcg.com/tournament/6a39af2883fd320299bce1f4/standings,Delphox-Mega:Incineroar:Sinistcha:Maushold:Blastoise-Mega:Sneasler,2,Incineroar,Incineroar,Passho Berry,Intimidate,Flare Blitz:Fake Out:Throat Chop:Parting Shot,Flare Blitz,Fake Out,Throat Chop,Parting Shot,Delphox-Mega:Sinistcha:Maushold:Blastoise-Mega:Sneasler
2026-07-28,2026-07-28T12:00:02Z,pikalytics,gen9championsvgc2026regma,"Best Pokemon, teams, and builds in Pokemon Champions VGC 2026",https://pikalytics.com/pokedex/gen9championsvgc2026regma,16,6,RoiRehh,RoiRehh,9-1,9,1,0,10,90.00,Rework Esport Champions Talent Cup 2 | 50€ CP,2026-07-03,1,1,35,https://play.limitlesstcg.com/tournament/6a39af2883fd320299bce1f4/player/roirehh/teamlist,https://play.limitlesstcg.com/tournament/6a39af2883fd320299bce1f4/standings,Delphox-Mega:Incineroar:Sinistcha:Maushold:Blastoise-Mega:Sneasler,3,Sinistcha,Sinistcha,Kasib Berry,Hospitality,Protect:Matcha Gotcha:Rage Powder:Life Dew,Protect,Matcha Gotcha,Rage Powder,Life Dew,Delphox-Mega:Incineroar:Maushold:Blastoise-Mega:Sneasler
2026-07-28,2026-07-28T12:00:02Z,pikalytics,gen9championsvgc2026regma,"Best Pokemon, teams, and builds in Pokemon Champions VGC 2026",https://pikalytics.com/pokedex/gen9championsvgc2026regma,16,6,RoiRehh,RoiRehh,9-1,9,1,0,10,90.00,Rework Esport Champions Talent Cup 2 | 50€ CP,2026-07-03,1,1,35,https://play.limitlesstcg.com/tournament/6a39af2883fd320299bce1f4/player/roirehh/teamlist,https://play.limitlesstcg.com/tournament/6a39af2883fd320299bce1f4/standings,Delphox-Mega:Incineroar:Sinistcha:Maushold:Blastoise-Mega:Sneasler,4,Maushold,Maushold,Chople Berry,Friend Guard,Protect:Super Fang:Follow Me:Feint,Protect,Super Fang,Follow Me,Feint,Delphox-Mega:Incineroar:Sinistcha:Blastoise-Mega:Sneasler
2026-07-28,2026-07-28T12:00:02Z,pikalytics,gen9championsvgc2026regma,"Best Pokemon, teams, and builds in Pokemon Champions VGC 2026",https://pikalytics.com/pokedex/gen9championsvgc2026regma,16,6,RoiRehh,RoiRehh,9-1,9,1,0,10,90.00,Rework Esport Champions Talent Cup 2 | 50€ CP,2026-07-03,1,1,35,https://play.limitlesstcg.com/tournament/6a39af2883fd320299bce1f4/player/roirehh/teamlist,https://play.limitlesstcg.com/tournament/6a39af2883fd320299bce1f4/standings,Delphox-Mega:Incineroar:Sinistcha:Maushold:Blastoise-Mega:Sneasler,5,Blastoise-Mega,Blastoise,Blastoisinite,Rain Dish,Protect:Shell Smash:Water Spout:Dark Pulse,Protect,Shell Smash,Water Spout,Dark Pulse,Delphox-Mega:Incineroar:Sinistcha:Maushold:Sneasler
2026-07-28,2026-07-28T12:00:02Z,pikalytics,gen9championsvgc2026regma,"Best Pokemon, teams, and builds in Pokemon Champions VGC 2026",https://pikalytics.com/pokedex/gen9championsvgc2026regma,16,6,RoiRehh,RoiRehh,9-1,9,1,0,10,90.00,Rework Esport Champions Talent Cup 2 | 50€ CP,2026-07-03,1,1,35,https://play.limitlesstcg.com/tournament/6a39af2883fd320299bce1f4/player/roirehh/teamlist,https://play.limitlesstcg.com/tournament/6a39af2883fd320299bce1f4/standings,Delphox-Mega:Incineroar:Sinistcha:Maushold:Blastoise-Mega:Sneasler,6,Sneasler,Sneasler,Focus Sash,Poison Touch,Quick Guard:Fake Out:Poison Jab:Close Combat,Quick Guard,Fake Out,Poison Jab,Close Combat,Delphox-Mega:Incineroar:Sinistcha:Maushold:Blastoise-Mega
2026-07-28,2026-07-28T12:00:02Z,pikalytics,gen9championsvgc2026regma,"Best Pokemon, teams, and builds in Pokemon Champions VGC 2026",https://pikalytics.com/pokedex/gen9championsvgc2026regma,9,6,ScarletSkil,ScarletSkil,10-1,10,1,0,11,90.91,BFI'26 - Frontier Tournament #3,2026-07-04,1,1,37,https://play.limitlesstcg.com/tournament/6a3f7832c87cd9ff0a310b57/player/scarletskil/teamlist,https://play.limitlesstcg.com/tournament/6a3f7832c87cd9ff0a310b57/standings,Staraptor-Mega:Froslass-Mega:Kingambit:Toxapex:Garchomp:Incineroar,1,Staraptor-Mega,Staraptor,Staraptite,Intimidate,Close Combat:Brave Bird:Roost:Protect,Close Combat,Brave Bird,Roost,Protect,Froslass-Mega:Kingambit:Toxapex:Garchomp:Incineroar
2026-07-28,2026-07-28T12:00:02Z,pikalytics,gen9championsvgc2026regma,"Best Pokemon, teams, and builds in Pokemon Champions VGC 2026",https://pikalytics.com/pokedex/gen9championsvgc2026regma,9,6,ScarletSkil,ScarletSkil,10-1,10,1,0,11,90.91,BFI'26 - Frontier Tournament #3,2026-07-04,1,1,37,https://play.limitlesstcg.com/tournament/6a3f7832c87cd9ff0a310b57/player/scarletskil/teamlist,https://play.limitlesstcg.com/tournament/6a3f7832c87cd9ff0a310b57/standings,Staraptor-Mega:Froslass-Mega:Kingambit:Toxapex:Garchomp:Incineroar,2,Froslass-Mega,Froslass,Froslassite,Cursed Body,Blizzard:Shadow Ball:Aurora Veil:Protect,Blizzard,Shadow Ball,Aurora Veil,Protect,Staraptor-Mega:Kingambit:Toxapex:Garchomp:Incineroar
2026-07-28,2026-07-28T12:00:02Z,pikalytics,gen9championsvgc2026regma,"Best Pokemon, teams, and builds in Pokemon Champions VGC 2026",https://pikalytics.com/pokedex/gen9championsvgc2026regma,9,6,ScarletSkil,ScarletSkil,10-1,10,1,0,11,90.91,BFI'26 - Frontier Tournament #3,2026-07-04,1,1,37,https://play.limitlesstcg.com/tournament/6a3f7832c87cd9ff0a310b57/player/scarletskil/teamlist,https://play.limitlesstcg.com/tournament/6a3f7832c87cd9ff0a310b57/standings,Staraptor-Mega:Froslass-Mega:Kingambit:Toxapex:Garchomp:Incineroar,3,Kingambit,Kingambit,Black Glasses,Defiant,Kowtow Cleave:Sucker Punch:Swords Dance:Protect,Kowtow Cleave,Sucker Punch,Swords Dance,Protect,Staraptor-Mega:Froslass-Mega:Toxapex:Garchomp:Incineroar
2026-07-28,2026-07-28T12:00:02Z,pikalytics,gen9championsvgc2026regma,"Best Pokemon, teams, and builds in Pokemon Champions VGC 2026",https://pikalytics.com/pokedex/gen9championsvgc2026regma,9,6,ScarletSkil,ScarletSkil,10-1,10,1,0,11,90.91,BFI'26 - Frontier Tournament #3,2026-07-04,1,1,37,https://play.limitlesstcg.com/tournament/6a3f7832c87cd9ff0a310b57/player/scarletskil/teamlist,https://play.limitlesstcg.com/tournament/6a3f7832c87cd9ff0a310b57/standings,Staraptor-Mega:Froslass-Mega:Kingambit:Toxapex:Garchomp:Incineroar,4,Toxapex,Toxapex,Leftovers,Regenerator,Infestation:Wide Guard:Toxic:Baneful Bunker,Infestation,Wide Guard,Toxic,Baneful Bunker,Staraptor-Mega:Froslass-Mega:Kingambit:Garchomp:Incineroar
2026-07-28,2026-07-28T12:00:02Z,pikalytics,gen9championsvgc2026regma,"Best Pokemon, teams, and builds in Pokemon Champions VGC 2026",https://pikalytics.com/pokedex/gen9championsvgc2026regma,9,6,ScarletSkil,ScarletSkil,10-1,10,1,0,11,90.91,BFI'26 - Frontier Tournament #3,2026-07-04,1,1,37,https://play.limitlesstcg.com/tournament/6a3f7832c87cd9ff0a310b57/player/scarletskil/teamlist,https://play.limitlesstcg.com/tournament/6a3f7832c87cd9ff0a310b57/standings,Staraptor-Mega:Froslass-Mega:Kingambit:Toxapex:Garchomp:Incineroar,5,Garchomp,Garchomp,Life Orb,Rough Skin,Dragon Claw:Earthquake:Rock Slide:Protect,Dragon Claw,Earthquake,Rock Slide,Protect,Staraptor-Mega:Froslass-Mega:Kingambit:Toxapex:Incineroar
2026-07-28,2026-07-28T12:00:02Z,pikalytics,gen9championsvgc2026regma,"Best Pokemon, teams, and builds in Pokemon Champions VGC 2026",https://pikalytics.com/pokedex/gen9championsvgc2026regma,9,6,ScarletSkil,ScarletSkil,10-1,10,1,0,11,90.91,BFI'26 - Frontier Tournament #3,2026-07-04,1,1,37,https://play.limitlesstcg.com/tournament/6a3f7832c87cd9ff0a310b57/player/scarletskil/teamlist,https://play.limitlesstcg.com/tournament/6a3f7832c87cd9ff0a310b57/standings,Staraptor-Mega:Froslass-Mega:Kingambit:Toxapex:Garchomp:Incineroar,6,Incineroar,Incineroar,Sitrus Berry,Intimidate,Flare Blitz:Parting Shot:Throat Chop:Fake Out,Flare Blitz,Parting Shot,Throat Chop,Fake Out,Staraptor-Mega:Froslass-Mega:Kingambit:Toxapex:Garchomp
2026-08-13,2026-08-13T12:00:02Z,pikalytics,gen9championsvgc2026regma,"Best Pokemon, teams, and builds in Pokemon Champions VGC 2026",https://pikalytics.com/pokedex/gen9championsvgc2026regma,2,6,Louie John Valencia,Louie John Valencia,13-1,13,1,0,14,92.86,Khun Champions Cup #2,2026-07-05,1,1,266,https://play.limitlesstcg.com/tournament/6a3ceab783fd320299bcfbff/player/lojica1/teamlist,https://play.limitlesstcg.com/tournament/6a3ceab783fd320299bcfbff/standings,Charizard-Mega-Y:Aerodactyl-Mega:Farigiraf:Garchomp:Sylveon:Kingambit,1,Charizard-Mega-Y,Charizard,Charizardite Y,Blaze,Heat Wave:Solar Beam:Weather Ball:Protect,Heat Wave,Solar Beam,Weather Ball,Protect,Aerodactyl-Mega:Farigiraf:Garchomp:Sylveon:Kingambit
2026-08-13,2026-08-13T12:00:02Z,pikalytics,gen9championsvgc2026regma,"Best Pokemon, teams, and builds in Pokemon Champions VGC 2026",https://pikalytics.com/pokedex/gen9championsvgc2026regma,2,6,Louie John Valencia,Louie John Valencia,13-1,13,1,0,14,92.86,Khun Champions Cup #2,2026-07-05,1,1,266,https://play.limitlesstcg.com/tournament/6a3ceab783fd320299bcfbff/player/lojica1/teamlist,https://play.limitlesstcg.com/tournament/6a3ceab783fd320299bcfbff/standings,Charizard-Mega-Y:Aerodactyl-Mega:Farigiraf:Garchomp:Sylveon:Kingambit,2,Aerodactyl-Mega,Aerodactyl,Aerodactylite,Unnerve,Rock Slide:Dual Wingbeat:Ice Fang:Tailwind,Rock Slide,Dual Wingbeat,Ice Fang,Tailwind,Charizard-Mega-Y:Farigiraf:Garchomp:Sylveon:Kingambit
2026-08-13,2026-08-13T12:00:02Z,pikalytics,gen9championsvgc2026regma,"Best Pokemon, teams, and builds in Pokemon Champions VGC 2026",https://pikalytics.com/pokedex/gen9championsvgc2026regma,2,6,Louie John Valencia,Louie John Valencia,13-1,13,1,0,14,92.86,Khun Champions Cup #2,2026-07-05,1,1,266,https://play.limitlesstcg.com/tournament/6a3ceab783fd320299bcfbff/player/lojica1/teamlist,https://play.limitlesstcg.com/tournament/6a3ceab783fd320299bcfbff/standings,Charizard-Mega-Y:Aerodactyl-Mega:Farigiraf:Garchomp:Sylveon:Kingambit,3,Farigiraf,Farigiraf,Sitrus Berry,Armor Tail,Psychic:Thunderbolt:Trick Room:Roar,Psychic,Thunderbolt,Trick Room,Roar,Charizard-Mega-Y:Aerodactyl-Mega:Garchomp:Sylveon:Kingambit
2026-08-13,2026-08-13T12:00:02Z,pikalytics,gen9championsvgc2026regma,"Best Pokemon, teams, and builds in Pokemon Champions VGC 2026",https://pikalytics.com/pokedex/gen9championsvgc2026regma,2,6,Louie John Valencia,Louie John Valencia,13-1,13,1,0,14,92.86,Khun Champions Cup #2,2026-07-05,1,1,266,https://play.limitlesstcg.com/tournament/6a3ceab783fd320299bcfbff/player/lojica1/teamlist,https://play.limitlesstcg.com/tournament/6a3ceab783fd320299bcfbff/standings,Charizard-Mega-Y:Aerodactyl-Mega:Farigiraf:Garchomp:Sylveon:Kingambit,4,Garchomp,Garchomp,Life Orb,Rough Skin,Earthquake:Dragon Claw:Stomping Tantrum:Protect,Earthquake,Dragon Claw,Stomping Tantrum,Protect,Charizard-Mega-Y:Aerodactyl-Mega:Farigiraf:Sylveon:Kingambit
2026-08-13,2026-08-13T12:00:02Z,pikalytics,gen9championsvgc2026regma,"Best Pokemon, teams, and builds in Pokemon Champions VGC 2026",https://pikalytics.com/pokedex/gen9championsvgc2026regma,2,6,Louie John Valencia,Louie John Valencia,13-1,13,1,0,14,92.86,Khun Champions Cup #2,2026-07-05,1,1,266,https://play.limitlesstcg.com/tournament/6a3ceab783fd320299bcfbff/player/lojica1/teamlist,https://play.limitlesstcg.com/tournament/6a3ceab783fd320299bcfbff/standings,Charizard-Mega-Y:Aerodactyl-Mega:Farigiraf:Garchomp:Sylveon:Kingambit,5,Sylveon,Sylveon,Fairy Feather,Pixilate,Hyper Voice:Hyper Beam:Quick Attack:Detect,Hyper Voice,Hyper Beam,Quick Attack,Detect,Charizard-Mega-Y:Aerodactyl-Mega:Farigiraf:Garchomp:Kingambit
2026-08-13,2026-08-13T12:00:02Z,pikalytics,gen9championsvgc2026regma,"Best Pokemon, teams, and builds in Pokemon Champions VGC 2026",https://pikalytics.com/pokedex/gen9championsvgc2026regma,2,6,Louie John Valencia,Louie John Valencia,13-1,13,1,0,14,92.86,Khun Champions Cup #2,2026-07-05,1,1,266,https://play.limitlesstcg.com/tournament/6a3ceab783fd320299bcfbff/player/lojica1/teamlist,https://play.limitlesstcg.com/tournament/6a3ceab783fd320299bcfbff/standings,Charizard-Mega-Y:Aerodactyl-Mega:Farigiraf:Garchomp:Sylveon:Kingambit,6,Kingambit,Kingambit,Focus Sash,Defiant,Kowtow Cleave:Iron Head:Sucker Punch:Low Kick,Kowtow Cleave,Iron Head,Sucker Punch,Low Kick,Charizard-Mega-Y:Aerodactyl-Mega:Farigiraf:Garchomp:Sylveon
2026-07-28,2026-07-28T12:00:02Z,pikalytics,gen9championsvgc2026regma,"Best Pokemon, teams, and builds in Pokemon Champions VGC 2026",https://pikalytics.com/pokedex/gen9championsvgc2026regma,6,6,HyogaVGC,HyogaVGC,9-0,9,0,0,9,100.00,Sketch Academy Sunday Regulation M-B Tournament,2026-07-06,1,1,68,https://play.limitlesstcg.com/tournament/6a420efa83fd320299bd3c35/player/hyogavgc/teamlist,https://play.limitlesstcg.com/tournament/6a420efa83fd320299bd3c35/standings,Incineroar:Sinistcha:Sneasler:Kingambit:Delphox-Mega:Blastoise-Mega,1,Incineroar,Incineroar,Sitrus Berry,Intimidate,Flare Blitz:Throat Chop:Parting Shot:Fake Out,Flare Blitz,Throat Chop,Parting Shot,Fake Out,Sinistcha:Sneasler:Kingambit:Delphox-Mega:Blastoise-Mega
2026-07-28,2026-07-28T12:00:02Z,pikalytics,gen9championsvgc2026regma,"Best Pokemon, teams, and builds in Pokemon Champions VGC 2026",https://pikalytics.com/pokedex/gen9championsvgc2026regma,6,6,HyogaVGC,HyogaVGC,9-0,9,0,0,9,100.00,Sketch Academy Sunday Regulation M-B Tournament,2026-07-06,1,1,68,https://play.limitlesstcg.com/tournament/6a420efa83fd320299bd3c35/player/hyogavgc/teamlist,https://play.limitlesstcg.com/tournament/6a420efa83fd320299bd3c35/standings,Incineroar:Sinistcha:Sneasler:Kingambit:Delphox-Mega:Blastoise-Mega,2,Sinistcha,Sinistcha,Kasib Berry,Hospitality,Matcha Gotcha:Rage Powder:Trick Room:Protect,Matcha Gotcha,Rage Powder,Trick Room,Protect,Incineroar:Sneasler:Kingambit:Delphox-Mega:Blastoise-Mega
2026-07-28,2026-07-28T12:00:02Z,pikalytics,gen9championsvgc2026regma,"Best Pokemon, teams, and builds in Pokemon Champions VGC 2026",https://pikalytics.com/pokedex/gen9championsvgc2026regma,6,6,HyogaVGC,HyogaVGC,9-0,9,0,0,9,100.00,Sketch Academy Sunday Regulation M-B Tournament,2026-07-06,1,1,68,https://play.limitlesstcg.com/tournament/6a420efa83fd320299bd3c35/player/hyogavgc/teamlist,https://play.limitlesstcg.com/tournament/6a420efa83fd320299bd3c35/standings,Incineroar:Sinistcha:Sneasler:Kingambit:Delphox-Mega:Blastoise-Mega,3,Sneasler,Sneasler,Focus Sash,Poison Touch,Close Combat:Poison Jab:Quick Guard:Fake Out,Close Combat,Poison Jab,Quick Guard,Fake Out,Incineroar:Sinistcha:Kingambit:Delphox-Mega:Blastoise-Mega
2026-07-28,2026-07-28T12:00:02Z,pikalytics,gen9championsvgc2026regma,"Best Pokemon, teams, and builds in Pokemon Champions VGC 2026",https://pikalytics.com/pokedex/gen9championsvgc2026regma,6,6,HyogaVGC,HyogaVGC,9-0,9,0,0,9,100.00,Sketch Academy Sunday Regulation M-B Tournament,2026-07-06,1,1,68,https://play.limitlesstcg.com/tournament/6a420efa83fd320299bd3c35/player/hyogavgc/teamlist,https://play.limitlesstcg.com/tournament/6a420efa83fd320299bd3c35/standings,Incineroar:Sinistcha:Sneasler:Kingambit:Delphox-Mega:Blastoise-Mega,4,Kingambit,Kingambit,Life Orb,Defiant,Kowtow Cleave:Sucker Punch:Swords Dance:Protect,Kowtow Cleave,Sucker Punch,Swords Dance,Protect,Incineroar:Sinistcha:Sneasler:Delphox-Mega:Blastoise-Mega
2026-07-28,2026-07-28T12:00:02Z,pikalytics,gen9championsvgc2026regma,"Best Pokemon, teams, and builds in Pokemon Champions VGC 2026",https://pikalytics.com/pokedex/gen9championsvgc2026regma,6,6,HyogaVGC,HyogaVGC,9-0,9,0,0,9,100.00,Sketch Academy Sunday Regulation M-B Tournament,2026-07-06,1,1,68,https://play.limitlesstcg.com/tournament/6a420efa83fd320299bd3c35/player/hyogavgc/teamlist,https://play.limitlesstcg.com/tournament/6a420efa83fd320299bd3c35/standings,Incineroar:Sinistcha:Sneasler:Kingambit:Delphox-Mega:Blastoise-Mega,5,Delphox-Mega,Delphox,Delphoxite,Blaze,Heat Wave:Psyshock:Nasty Plot:Protect,Heat Wave,Psyshock,Nasty Plot,Protect,Incineroar:Sinistcha:Sneasler:Kingambit:Blastoise-Mega
2026-07-28,2026-07-28T12:00:02Z,pikalytics,gen9championsvgc2026regma,"Best Pokemon, teams, and builds in Pokemon Champions VGC 2026",https://pikalytics.com/pokedex/gen9championsvgc2026regma,6,6,HyogaVGC,HyogaVGC,9-0,9,0,0,9,100.00,Sketch Academy Sunday Regulation M-B Tournament,2026-07-06,1,1,68,https://play.limitlesstcg.com/tournament/6a420efa83fd320299bd3c35/player/hyogavgc/teamlist,https://play.limitlesstcg.com/tournament/6a420efa83fd320299bd3c35/standings,Incineroar:Sinistcha:Sneasler:Kingambit:Delphox-Mega:Blastoise-Mega,6,Blastoise-Mega,Blastoise,Blastoisinite,Rain Dish,Water Spout:Dark Pulse:Shell Smash:Protect,Water Spout,Dark Pulse,Shell Smash,Protect,Incineroar:Sinistcha:Sneasler:Kingambit:Delphox-Mega
2026-07-28,2026-07-28T12:00:02Z,pikalytics,gen9championsvgc2026regma,"Best Pokemon, teams, and builds in Pokemon Champions VGC 2026",https://pikalytics.com/pokedex/gen9championsvgc2026regma,10,6,averagememer57,averagememer57,8-0,8,0,0,8,100.00,The Drywalls Series #10,2026-07-06,1,1,76,https://play.limitlesstcg.com/tournament/6a4a47fd063cb29d318e3d02/player/averagememer57/teamlist,https://play.limitlesstcg.com/tournament/6a4a47fd063cb29d318e3d02/standings,Charizard-Mega-Y:Aerodactyl-Mega:Farigiraf:Garchomp:Sylveon:Kingambit,1,Charizard-Mega-Y,Charizard,Charizardite Y,Blaze,Heat Wave:Weather Ball:Solar Beam:Protect,Heat Wave,Weather Ball,Solar Beam,Protect,Aerodactyl-Mega:Farigiraf:Garchomp:Sylveon:Kingambit
2026-07-28,2026-07-28T12:00:02Z,pikalytics,gen9championsvgc2026regma,"Best Pokemon, teams, and builds in Pokemon Champions VGC 2026",https://pikalytics.com/pokedex/gen9championsvgc2026regma,10,6,averagememer57,averagememer57,8-0,8,0,0,8,100.00,The Drywalls Series #10,2026-07-06,1,1,76,https://play.limitlesstcg.com/tournament/6a4a47fd063cb29d318e3d02/player/averagememer57/teamlist,https://play.limitlesstcg.com/tournament/6a4a47fd063cb29d318e3d02/standings,Charizard-Mega-Y:Aerodactyl-Mega:Farigiraf:Garchomp:Sylveon:Kingambit,2,Aerodactyl-Mega,Aerodactyl,Aerodactylite,Unnerve,Rock Slide:Dual Wingbeat:Ice Fang:Tailwind,Rock Slide,Dual Wingbeat,Ice Fang,Tailwind,Charizard-Mega-Y:Farigiraf:Garchomp:Sylveon:Kingambit
2026-07-28,2026-07-28T12:00:02Z,pikalytics,gen9championsvgc2026regma,"Best Pokemon, teams, and builds in Pokemon Champions VGC 2026",https://pikalytics.com/pokedex/gen9championsvgc2026regma,10,6,averagememer57,averagememer57,8-0,8,0,0,8,100.00,The Drywalls Series #10,2026-07-06,1,1,76,https://play.limitlesstcg.com/tournament/6a4a47fd063cb29d318e3d02/player/averagememer57/teamlist,https://play.limitlesstcg.com/tournament/6a4a47fd063cb29d318e3d02/standings,Charizard-Mega-Y:Aerodactyl-Mega:Farigiraf:Garchomp:Sylveon:Kingambit,3,Farigiraf,Farigiraf,Sitrus Berry,Armor Tail,Psychic:Trick Room:Roar:Thunderbolt,Psychic,Trick Room,Roar,Thunderbolt,Charizard-Mega-Y:Aerodactyl-Mega:Garchomp:Sylveon:Kingambit
2026-07-28,2026-07-28T12:00:02Z,pikalytics,gen9championsvgc2026regma,"Best Pokemon, teams, and builds in Pokemon Champions VGC 2026",https://pikalytics.com/pokedex/gen9championsvgc2026regma,10,6,averagememer57,averagememer57,8-0,8,0,0,8,100.00,The Drywalls Series #10,2026-07-06,1,1,76,https://play.limitlesstcg.com/tournament/6a4a47fd063cb29d318e3d02/player/averagememer57/teamlist,https://play.limitlesstcg.com/tournament/6a4a47fd063cb29d318e3d02/standings,Charizard-Mega-Y:Aerodactyl-Mega:Farigiraf:Garchomp:Sylveon:Kingambit,4,Garchomp,Garchomp,Life Orb,Rough Skin,Earthquake:Stomping Tantrum:Dragon Claw:Protect,Earthquake,Stomping Tantrum,Dragon Claw,Protect,Charizard-Mega-Y:Aerodactyl-Mega:Farigiraf:Sylveon:Kingambit
2026-07-28,2026-07-28T12:00:02Z,pikalytics,gen9championsvgc2026regma,"Best Pokemon, teams, and builds in Pokemon Champions VGC 2026",https://pikalytics.com/pokedex/gen9championsvgc2026regma,10,6,averagememer57,averagememer57,8-0,8,0,0,8,100.00,The Drywalls Series #10,2026-07-06,1,1,76,https://play.limitlesstcg.com/tournament/6a4a47fd063cb29d318e3d02/player/averagememer57/teamlist,https://play.limitlesstcg.com/tournament/6a4a47fd063cb29d318e3d02/standings,Charizard-Mega-Y:Aerodactyl-Mega:Farigiraf:Garchomp:Sylveon:Kingambit,5,Sylveon,Sylveon,Fairy Feather,Pixilate,Hyper Voice:Hyper Beam:Quick Attack:Detect,Hyper Voice,Hyper Beam,Quick Attack,Detect,Charizard-Mega-Y:Aerodactyl-Mega:Farigiraf:Garchomp:Kingambit
2026-07-28,2026-07-28T12:00:02Z,pikalytics,gen9championsvgc2026regma,"Best Pokemon, teams, and builds in Pokemon Champions VGC 2026",https://pikalytics.com/pokedex/gen9championsvgc2026regma,10,6,averagememer57,averagememer57,8-0,8,0,0,8,100.00,The Drywalls Series #10,2026-07-06,1,1,76,https://play.limitlesstcg.com/tournament/6a4a47fd063cb29d318e3d02/player/averagememer57/teamlist,https://play.limitlesstcg.com/tournament/6a4a47fd063cb29d318e3d02/standings,Charizard-Mega-Y:Aerodactyl-Mega:Farigiraf:Garchomp:Sylveon:Kingambit,6,Kingambit,Kingambit,Focus Sash,Defiant,Kowtow Cleave:Sucker Punch:Iron Head:Low Kick,Kowtow Cleave,Sucker Punch,Iron Head,Low Kick,Charizard-Mega-Y:Aerodactyl-Mega:Farigiraf:Garchomp:Sylveon
2026-08-13,2026-08-13T12:00:02Z,pikalytics,gen9championsvgc2026regma,"Best Pokemon, teams, and builds in Pokemon Champions VGC 2026",https://pikalytics.com/pokedex/gen9championsvgc2026regma,10,6,Snorlaxpikachu1,Snorlaxpikachu1,12-1,12,1,0,13,92.31,Alpensee x Smogon VGC Tour (Reg M-B) #65,2026-07-08,1,1,181,https://play.limitlesstcg.com/tournament/6a392e23c87cd9ff0a30d0ae/player/snorlaxpikachu1/teamlist,https://play.limitlesstcg.com/tournament/6a392e23c87cd9ff0a30d0ae/standings,Blaziken-Mega:Venusaur-Mega:Ninetales-Alola:Lycanroc:Kingambit:Basculegion,1,Blaziken-Mega,Blaziken,Blazikenite,Speed Boost,Close Combat:Flare Blitz:Stone Edge:Detect,Close Combat,Flare Blitz,Stone Edge,Detect,Venusaur-Mega:Ninetales-Alola:Lycanroc:Kingambit:Basculegion
2026-08-13,2026-08-13T12:00:02Z,pikalytics,gen9championsvgc2026regma,"Best Pokemon, teams, and builds in Pokemon Champions VGC 2026",https://pikalytics.com/pokedex/gen9championsvgc2026regma,10,6,Snorlaxpikachu1,Snorlaxpikachu1,12-1,12,1,0,13,92.31,Alpensee x Smogon VGC Tour (Reg M-B) #65,2026-07-08,1,1,181,https://play.limitlesstcg.com/tournament/6a392e23c87cd9ff0a30d0ae/player/snorlaxpikachu1/teamlist,https://play.limitlesstcg.com/tournament/6a392e23c87cd9ff0a30d0ae/standings,Blaziken-Mega:Venusaur-Mega:Ninetales-Alola:Lycanroc:Kingambit:Basculegion,2,Venusaur-Mega,Venusaur,Venusaurite,Chlorophyll,Giga Drain:Sludge Bomb:Earth Power:Protect,Giga Drain,Sludge Bomb,Earth Power,Protect,Blaziken-Mega:Ninetales-Alola:Lycanroc:Kingambit:Basculegion
2026-08-13,2026-08-13T12:00:02Z,pikalytics,gen9championsvgc2026regma,"Best Pokemon, teams, and builds in Pokemon Champions VGC 2026",https://pikalytics.com/pokedex/gen9championsvgc2026regma,10,6,Snorlaxpikachu1,Snorlaxpikachu1,12-1,12,1,0,13,92.31,Alpensee x Smogon VGC Tour (Reg M-B) #65,2026-07-08,1,1,181,https://play.limitlesstcg.com/tournament/6a392e23c87cd9ff0a30d0ae/player/snorlaxpikachu1/teamlist,https://play.limitlesstcg.com/tournament/6a392e23c87cd9ff0a30d0ae/standings,Blaziken-Mega:Venusaur-Mega:Ninetales-Alola:Lycanroc:Kingambit:Basculegion,3,Ninetales-Alola,Alolan Ninetales,Never-Melt Ice,Snow Warning,Blizzard:Freeze-Dry:Encore:Protect,Blizzard,Freeze-Dry,Encore,Protect,Blaziken-Mega:Venusaur-Mega:Lycanroc:Kingambit:Basculegion
2026-08-13,2026-08-13T12:00:02Z,pikalytics,gen9championsvgc2026regma,"Best Pokemon, teams, and builds in Pokemon Champions VGC 2026",https://pikalytics.com/pokedex/gen9championsvgc2026regma,10,6,Snorlaxpikachu1,Snorlaxpikachu1,12-1,12,1,0,13,92.31,Alpensee x Smogon VGC Tour (Reg M-B) #65,2026-07-08,1,1,181,https://play.limitlesstcg.com/tournament/6a392e23c87cd9ff0a30d0ae/player/snorlaxpikachu1/teamlist,https://play.limitlesstcg.com/tournament/6a392e23c87cd9ff0a30d0ae/standings,Blaziken-Mega:Venusaur-Mega:Ninetales-Alola:Lycanroc:Kingambit:Basculegion,4,Lycanroc,Lycanroc Dusk,Focus Sash,Tough Claws,Accelerock:Rock Slide:Close Combat:Protect,Accelerock,Rock Slide,Close Combat,Protect,Blaziken-Mega:Venusaur-Mega:Ninetales-Alola:Kingambit:Basculegion
2026-08-13,2026-08-13T12:00:02Z,pikalytics,gen9championsvgc2026regma,"Best Pokemon, teams, and builds in Pokemon Champions VGC 2026",https://pikalytics.com/pokedex/gen9championsvgc2026regma,10,6,Snorlaxpikachu1,Snorlaxpikachu1,12-1,12,1,0,13,92.31,Alpensee x Smogon VGC Tour (Reg M-B) #65,2026-07-08,1,1,181,https://play.limitlesstcg.com/tournament/6a392e23c87cd9ff0a30d0ae/player/snorlaxpikachu1/teamlist,https://play.limitlesstcg.com/tournament/6a392e23c87cd9ff0a30d0ae/standings,Blaziken-Mega:Venusaur-Mega:Ninetales-Alola:Lycanroc:Kingambit:Basculegion,5,Kingambit,Kingambit,Life Orb,Defiant,Kowtow Cleave:Sucker Punch:Iron Head:Protect,Kowtow Cleave,Sucker Punch,Iron Head,Protect,Blaziken-Mega:Venusaur-Mega:Ninetales-Alola:Lycanroc:Basculegion
2026-08-13,2026-08-13T12:00:02Z,pikalytics,gen9championsvgc2026regma,"Best Pokemon, teams, and builds in Pokemon Champions VGC 2026",https://pikalytics.com/pokedex/gen9championsvgc2026regma,10,6,Snorlaxpikachu1,Snorlaxpikachu1,12-1,12,1,0,13,92.31,Alpensee x Smogon VGC Tour (Reg M-B) #65,2026-07-08,1,1,181,https://play.limitlesstcg.com/tournament/6a392e23c87cd9ff0a30d0ae/player/snorlaxpikachu1/teamlist,https://play.limitlesstcg.com/tournament/6a392e23c87cd9ff0a30d0ae/standings,Blaziken-Mega:Venusaur-Mega:Ninetales-Alola:Lycanroc:Kingambit:Basculegion,6,Basculegion,Basculegion,Choice Scarf,Adaptability,Wave Crash:Last Respects:Flip Turn:Aqua Jet,Wave Crash,Last Respects,Flip Turn,Aqua Jet,Blaziken-Mega:Venusaur-Mega:Ninetales-Alola:Lycanroc:Kingambit
2026-08-13,2026-08-13T12:00:02Z,pikalytics,gen9championsvgc2026regma,"Best Pokemon, teams, and builds in Pokemon Champions VGC 2026",https://pikalytics.com/pokedex/gen9championsvgc2026regma,16,6,IdleFroicker,IdleFroicker,11-1,11,1,0,12,91.67,Talon's FIGHT CLUB #92 POKEMON CHAMPIONS,2026-07-09,1,1,95,https://play.limitlesstcg.com/tournament/6a32e896e334c3c9befd8c95/player/idlefroicker/teamlist,https://play.limitlesstcg.com/tournament/6a32e896e334c3c9befd8c95/standings,Pyroar-Mega:Torkoal:Vileplume:Scrafty-Mega:Basculegion:Malamar,1,Pyroar-Mega,Pyroar,Pyroarite,Unnerve,Protect:Heat Wave:Overheat:Solar Beam,Protect,Heat Wave,Overheat,Solar Beam,Torkoal:Vileplume:Scrafty-Mega:Basculegion:Malamar
2026-08-13,2026-08-13T12:00:02Z,pikalytics,gen9championsvgc2026regma,"Best Pokemon, teams, and builds in Pokemon Champions VGC 2026",https://pikalytics.com/pokedex/gen9championsvgc2026regma,16,6,IdleFroicker,IdleFroicker,11-1,11,1,0,12,91.67,Talon's FIGHT CLUB #92 POKEMON CHAMPIONS,2026-07-09,1,1,95,https://play.limitlesstcg.com/tournament/6a32e896e334c3c9befd8c95/player/idlefroicker/teamlist,https://play.limitlesstcg.com/tournament/6a32e896e334c3c9befd8c95/standings,Pyroar-Mega:Torkoal:Vileplume:Scrafty-Mega:Basculegion:Malamar,2,Torkoal,Torkoal,Charcoal,Drought,Protect:Eruption:Overheat:Helping Hand,Protect,Eruption,Overheat,Helping Hand,Pyroar-Mega:Vileplume:Scrafty-Mega:Basculegion:Malamar
2026-08-13,2026-08-13T12:00:02Z,pikalytics,gen9championsvgc2026regma,"Best Pokemon, teams, and builds in Pokemon Champions VGC 2026",https://pikalytics.com/pokedex/gen9championsvgc2026regma,16,6,IdleFroicker,IdleFroicker,11-1,11,1,0,12,91.67,Talon's FIGHT CLUB #92 POKEMON CHAMPIONS,2026-07-09,1,1,95,https://play.limitlesstcg.com/tournament/6a32e896e334c3c9befd8c95/player/idlefroicker/teamlist,https://play.limitlesstcg.com/tournament/6a32e896e334c3c9befd8c95/standings,Pyroar-Mega:Torkoal:Vileplume:Scrafty-Mega:Basculegion:Malamar,3,Vileplume,Vileplume,Focus Sash,Chlorophyll,Sleep Powder:Leaf Storm:Sludge Bomb:After You,Sleep Powder,Leaf Storm,Sludge Bomb,After You,Pyroar-Mega:Torkoal:Scrafty-Mega:Basculegion:Malamar
2026-08-13,2026-08-13T12:00:02Z,pikalytics,gen9championsvgc2026regma,"Best Pokemon, teams, and builds in Pokemon Champions VGC 2026",https://pikalytics.com/pokedex/gen9championsvgc2026regma,16,6,IdleFroicker,IdleFroicker,11-1,11,1,0,12,91.67,Talon's FIGHT CLUB #92 POKEMON CHAMPIONS,2026-07-09,1,1,95,https://play.limitlesstcg.com/tournament/6a32e896e334c3c9befd8c95/player/idlefroicker/teamlist,https://play.limitlesstcg.com/tournament/6a32e896e334c3c9befd8c95/standings,Pyroar-Mega:Torkoal:Vileplume:Scrafty-Mega:Basculegion:Malamar,4,Scrafty-Mega,Scrafty,Scraftinite,Intimidate,Fake Out:Knock Off:Close Combat:Ice Punch,Fake Out,Knock Off,Close Combat,Ice Punch,Pyroar-Mega:Torkoal:Vileplume:Basculegion:Malamar
2026-08-13,2026-08-13T12:00:02Z,pikalytics,gen9championsvgc2026regma,"Best Pokemon, teams, and builds in Pokemon Champions VGC 2026",https://pikalytics.com/pokedex/gen9championsvgc2026regma,16,6,IdleFroicker,IdleFroicker,11-1,11,1,0,12,91.67,Talon's FIGHT CLUB #92 POKEMON CHAMPIONS,2026-07-09,1,1,95,https://play.limitlesstcg.com/tournament/6a32e896e334c3c9befd8c95/player/idlefroicker/teamlist,https://play.limitlesstcg.com/tournament/6a32e896e334c3c9befd8c95/standings,Pyroar-Mega:Torkoal:Vileplume:Scrafty-Mega:Basculegion:Malamar,5,Basculegion,Basculegion,Choice Scarf,Adaptability,Wave Crash:Flip Turn:Last Respects:Aqua Jet,Wave Crash,Flip Turn,Last Respects,Aqua Jet,Pyroar-Mega:Torkoal:Vileplume:Scrafty-Mega:Malamar
2026-08-13,2026-08-13T12:00:02Z,pikalytics,gen9championsvgc2026regma,"Best Pokemon, teams, and builds in Pokemon Champions VGC 2026",https://pikalytics.com/pokedex/gen9championsvgc2026regma,16,6,IdleFroicker,IdleFroicker,11-1,11,1,0,12,91.67,Talon's FIGHT CLUB #92 POKEMON CHAMPIONS,2026-07-09,1,1,95,https://play.limitlesstcg.com/tournament/6a32e896e334c3c9befd8c95/player/idlefroicker/teamlist,https://play.limitlesstcg.com/tournament/6a32e896e334c3c9befd8c95/standings,Pyroar-Mega:Torkoal:Vileplume:Scrafty-Mega:Basculegion:Malamar,6,Malamar,Malamar,Sitrus Berry,Contrary,Superpower:Topsy-Turvy:Rock Slide:Trick Room,Superpower,Topsy-Turvy,Rock Slide,Trick Room,Pyroar-Mega:Torkoal:Vileplume:Scrafty-Mega:Basculegion
2026-08-13,2026-08-13T12:00:02Z,pikalytics,gen9championsvgc2026regma,"Best Pokemon, teams, and builds in Pokemon Champions VGC 2026",https://pikalytics.com/pokedex/gen9championsvgc2026regma,11,6,ToniTheBest,ToniTheBest,11-0,11,0,0,11,100.00,Champions Collective #14,2026-07-13,1,1,84,https://play.limitlesstcg.com/tournament/6a4220ea83fd320299bd3c65/player/tonithebest/teamlist,https://play.limitlesstcg.com/tournament/6a4220ea83fd320299bd3c65/standings,Aerodactyl-Mega:Charizard-Mega-Y:Sylveon:Farigiraf:Garchomp:Kingambit,1,Aerodactyl-Mega,Aerodactyl,Aerodactylite,Unnerve,Rock Slide:Dual Wingbeat:Wide Guard:Tailwind,Rock Slide,Dual Wingbeat,Wide Guard,Tailwind,Charizard-Mega-Y:Sylveon:Farigiraf:Garchomp:Kingambit
2026-08-13,2026-08-13T12:00:02Z,pikalytics,gen9championsvgc2026regma,"Best Pokemon, teams, and builds in Pokemon Champions VGC 2026",https://pikalytics.com/pokedex/gen9championsvgc2026regma,11,6,ToniTheBest,ToniTheBest,11-0,11,0,0,11,100.00,Champions Collective #14,2026-07-13,1,1,84,https://play.limitlesstcg.com/tournament/6a4220ea83fd320299bd3c65/player/tonithebest/teamlist,https://play.limitlesstcg.com/tournament/6a4220ea83fd320299bd3c65/standings,Aerodactyl-Mega:Charizard-Mega-Y:Sylveon:Farigiraf:Garchomp:Kingambit,2,Charizard-Mega-Y,Charizard,Charizardite Y,Solar Power,Heat Wave:Solar Beam:Weather Ball:Protect,Heat Wave,Solar Beam,Weather Ball,Protect,Aerodactyl-Mega:Sylveon:Farigiraf:Garchomp:Kingambit
2026-08-13,2026-08-13T12:00:02Z,pikalytics,gen9championsvgc2026regma,"Best Pokemon, teams, and builds in Pokemon Champions VGC 2026",https://pikalytics.com/pokedex/gen9championsvgc2026regma,11,6,ToniTheBest,ToniTheBest,11-0,11,0,0,11,100.00,Champions Collective #14,2026-07-13,1,1,84,https://play.limitlesstcg.com/tournament/6a4220ea83fd320299bd3c65/player/tonithebest/teamlist,https://play.limitlesstcg.com/tournament/6a4220ea83fd320299bd3c65/standings,Aerodactyl-Mega:Charizard-Mega-Y:Sylveon:Farigiraf:Garchomp:Kingambit,3,Sylveon,Sylveon,Fairy Feather,Pixilate,Hyper Voice:Hyper Beam:Quick Attack:Protect,Hyper Voice,Hyper Beam,Quick Attack,Protect,Aerodactyl-Mega:Charizard-Mega-Y:Farigiraf:Garchomp:Kingambit
2026-08-13,2026-08-13T12:00:02Z,pikalytics,gen9championsvgc2026regma,"Best Pokemon, teams, and builds in Pokemon Champions VGC 2026",https://pikalytics.com/pokedex/gen9championsvgc2026regma,11,6,ToniTheBest,ToniTheBest,11-0,11,0,0,11,100.00,Champions Collective #14,2026-07-13,1,1,84,https://play.limitlesstcg.com/tournament/6a4220ea83fd320299bd3c65/player/tonithebest/teamlist,https://play.limitlesstcg.com/tournament/6a4220ea83fd320299bd3c65/standings,Aerodactyl-Mega:Charizard-Mega-Y:Sylveon:Farigiraf:Garchomp:Kingambit,4,Farigiraf,Farigiraf,Sitrus Berry,Armor Tail,Twin Beam:Thunderbolt:Trick Room:Grass Knot,Twin Beam,Thunderbolt,Trick Room,Grass Knot,Aerodactyl-Mega:Charizard-Mega-Y:Sylveon:Garchomp:Kingambit
2026-08-13,2026-08-13T12:00:02Z,pikalytics,gen9championsvgc2026regma,"Best Pokemon, teams, and builds in Pokemon Champions VGC 2026",https://pikalytics.com/pokedex/gen9championsvgc2026regma,11,6,ToniTheBest,ToniTheBest,11-0,11,0,0,11,100.00,Champions Collective #14,2026-07-13,1,1,84,https://play.limitlesstcg.com/tournament/6a4220ea83fd320299bd3c65/player/tonithebest/teamlist,https://play.limitlesstcg.com/tournament/6a4220ea83fd320299bd3c65/standings,Aerodactyl-Mega:Charizard-Mega-Y:Sylveon:Farigiraf:Garchomp:Kingambit,5,Garchomp,Garchomp,Life Orb,Rough Skin,Protect:Stomping Tantrum:Dragon Claw:Earthquake,Protect,Stomping Tantrum,Dragon Claw,Earthquake,Aerodactyl-Mega:Charizard-Mega-Y:Sylveon:Farigiraf:Kingambit
2026-08-13,2026-08-13T12:00:02Z,pikalytics,gen9championsvgc2026regma,"Best Pokemon, teams, and builds in Pokemon Champions VGC 2026",https://pikalytics.com/pokedex/gen9championsvgc2026regma,11,6,ToniTheBest,ToniTheBest,11-0,11,0,0,11,100.00,Champions Collective #14,2026-07-13,1,1,84,https://play.limitlesstcg.com/tournament/6a4220ea83fd320299bd3c65/player/tonithebest/teamlist,https://play.limitlesstcg.com/tournament/6a4220ea83fd320299bd3c65/standings,Aerodactyl-Mega:Charizard-Mega-Y:Sylveon:Farigiraf:Garchomp:Kingambit,6,Kingambit,Kingambit,Focus Sash,Defiant,Kowtow Cleave:Iron Head:Low Kick:Sucker Punch,Kowtow Cleave,Iron Head,Low Kick,Sucker Punch,Aerodactyl-Mega:Charizard-Mega-Y:Sylveon:Farigiraf:Garchomp
2026-08-13,2026-08-13T12:00:02Z,pikalytics,gen9championsvgc2026regma,"Best Pokemon, teams, and builds in Pokemon Champions VGC 2026",https://pikalytics.com/pokedex/gen9championsvgc2026regma,4,6,Daredevilzz26,Daredevilzz26,11-1,11,1,0,12,91.67,🍋Sitrus-Series🍋|Champions-MB|#67| $50 for 1st,2026-07-15,1,1,280,https://play.limitlesstcg.com/tournament/6a46629683fd320299bd6543/player/daredevilzz26/teamlist,https://play.limitlesstcg.com/tournament/6a46629683fd320299bd6543/standings,Tyranitar-Mega:Excadrill:Milotic:Sinistcha:Staraptor-Mega:Gholdengo,1,Tyranitar-Mega,Tyranitar,Tyranitarite,Sand Stream,Knock Off:Rock Slide:High Horsepower:Protect,Knock Off,Rock Slide,High Horsepower,Protect,Excadrill:Milotic:Sinistcha:Staraptor-Mega:Gholdengo
2026-08-13,2026-08-13T12:00:02Z,pikalytics,gen9championsvgc2026regma,"Best Pokemon, teams, and builds in Pokemon Champions VGC 2026",https://pikalytics.com/pokedex/gen9championsvgc2026regma,4,6,Daredevilzz26,Daredevilzz26,11-1,11,1,0,12,91.67,🍋Sitrus-Series🍋|Champions-MB|#67| $50 for 1st,2026-07-15,1,1,280,https://play.limitlesstcg.com/tournament/6a46629683fd320299bd6543/player/daredevilzz26/teamlist,https://play.limitlesstcg.com/tournament/6a46629683fd320299bd6543/standings,Tyranitar-Mega:Excadrill:Milotic:Sinistcha:Staraptor-Mega:Gholdengo,2,Excadrill,Excadrill,Focus Sash,Sand Rush,Earthquake:Iron Head:Rock Slide:Protect,Earthquake,Iron Head,Rock Slide,Protect,Tyranitar-Mega:Milotic:Sinistcha:Staraptor-Mega:Gholdengo
2026-08-13,2026-08-13T12:00:02Z,pikalytics,gen9championsvgc2026regma,"Best Pokemon, teams, and builds in Pokemon Champions VGC 2026",https://pikalytics.com/pokedex/gen9championsvgc2026regma,4,6,Daredevilzz26,Daredevilzz26,11-1,11,1,0,12,91.67,🍋Sitrus-Series🍋|Champions-MB|#67| $50 for 1st,2026-07-15,1,1,280,https://play.limitlesstcg.com/tournament/6a46629683fd320299bd6543/player/daredevilzz26/teamlist,https://play.limitlesstcg.com/tournament/6a46629683fd320299bd6543/standings,Tyranitar-Mega:Excadrill:Milotic:Sinistcha:Staraptor-Mega:Gholdengo,3,Milotic,Milotic,Sitrus Berry,Competitive,Scald:Icy Wind:Haze:Protect,Scald,Icy Wind,Haze,Protect,Tyranitar-Mega:Excadrill:Sinistcha:Staraptor-Mega:Gholdengo
2026-08-13,2026-08-13T12:00:02Z,pikalytics,gen9championsvgc2026regma,"Best Pokemon, teams, and builds in Pokemon Champions VGC 2026",https://pikalytics.com/pokedex/gen9championsvgc2026regma,4,6,Daredevilzz26,Daredevilzz26,11-1,11,1,0,12,91.67,🍋Sitrus-Series🍋|Champions-MB|#67| $50 for 1st,2026-07-15,1,1,280,https://play.limitlesstcg.com/tournament/6a46629683fd320299bd6543/player/daredevilzz26/teamlist,https://play.limitlesstcg.com/tournament/6a46629683fd320299bd6543/standings,Tyranitar-Mega:Excadrill:Milotic:Sinistcha:Staraptor-Mega:Gholdengo,4,Sinistcha,Sinistcha,Colbur Berry,Hospitality,Matcha Gotcha:Shadow Ball:Protect:Rage Powder,Matcha Gotcha,Shadow Ball,Protect,Rage Powder,Tyranitar-Mega:Excadrill:Milotic:Staraptor-Mega:Gholdengo
2026-08-13,2026-08-13T12:00:02Z,pikalytics,gen9championsvgc2026regma,"Best Pokemon, teams, and builds in Pokemon Champions VGC 2026",https://pikalytics.com/pokedex/gen9championsvgc2026regma,4,6,Daredevilzz26,Daredevilzz26,11-1,11,1,0,12,91.67,🍋Sitrus-Series🍋|Champions-MB|#67| $50 for 1st,2026-07-15,1,1,280,https://play.limitlesstcg.com/tournament/6a46629683fd320299bd6543/player/daredevilzz26/teamlist,https://play.limitlesstcg.com/tournament/6a46629683fd320299bd6543/standings,Tyranitar-Mega:Excadrill:Milotic:Sinistcha:Staraptor-Mega:Gholdengo,5,Staraptor-Mega,Staraptor,Staraptite,Intimidate,Close Combat:Brave Bird:Tailwind:Protect,Close Combat,Brave Bird,Tailwind,Protect,Tyranitar-Mega:Excadrill:Milotic:Sinistcha:Gholdengo
2026-08-13,2026-08-13T12:00:02Z,pikalytics,gen9championsvgc2026regma,"Best Pokemon, teams, and builds in Pokemon Champions VGC 2026",https://pikalytics.com/pokedex/gen9championsvgc2026regma,4,6,Daredevilzz26,Daredevilzz26,11-1,11,1,0,12,91.67,🍋Sitrus-Series🍋|Champions-MB|#67| $50 for 1st,2026-07-15,1,1,280,https://play.limitlesstcg.com/tournament/6a46629683fd320299bd6543/player/daredevilzz26/teamlist,https://play.limitlesstcg.com/tournament/6a46629683fd320299bd6543/standings,Tyranitar-Mega:Excadrill:Milotic:Sinistcha:Staraptor-Mega:Gholdengo,6,Gholdengo,Gholdengo,Life Orb,Good as Gold,Make It Rain:Shadow Ball:Nasty Plot:Protect,Make It Rain,Shadow Ball,Nasty Plot,Protect,Tyranitar-Mega:Excadrill:Milotic:Sinistcha:Staraptor-Mega
2026-08-13,2026-08-13T12:00:02Z,pikalytics,gen9championsvgc2026regma,"Best Pokemon, teams, and builds in Pokemon Champions VGC 2026",https://pikalytics.com/pokedex/gen9championsvgc2026regma,17,6,CooperKid,CooperKid,11-1,11,1,0,12,91.67,Talon's FIGHT CLUB #93 POKEMON CHAMPIONS,2026-07-16,1,1,88,https://play.limitlesstcg.com/tournament/6a32e8b12d97f3b0c26189cc/player/cooperkid/teamlist,https://play.limitlesstcg.com/tournament/6a32e8b12d97f3b0c26189cc/standings,Tyranitar-Mega:Excadrill:Sinistcha:Gholdengo:Staraptor-Mega:Milotic,1,Tyranitar-Mega,Tyranitar,Tyranitarite,Sand Stream,Rock Slide:Knock Off:Dragon Dance:Protect,Rock Slide,Knock Off,Dragon Dance,Protect,Excadrill:Sinistcha:Gholdengo:Staraptor-Mega:Milotic
2026-08-13,2026-08-13T12:00:02Z,pikalytics,gen9championsvgc2026regma,"Best Pokemon, teams, and builds in Pokemon Champions VGC 2026",https://pikalytics.com/pokedex/gen9championsvgc2026regma,17,6,CooperKid,CooperKid,11-1,11,1,0,12,91.67,Talon's FIGHT CLUB #93 POKEMON CHAMPIONS,2026-07-16,1,1,88,https://play.limitlesstcg.com/tournament/6a32e8b12d97f3b0c26189cc/player/cooperkid/teamlist,https://play.limitlesstcg.com/tournament/6a32e8b12d97f3b0c26189cc/standings,Tyranitar-Mega:Excadrill:Sinistcha:Gholdengo:Staraptor-Mega:Milotic,2,Excadrill,Excadrill,Focus Sash,Sand Rush,High Horsepower:Iron Head:Rock Slide:Protect,High Horsepower,Iron Head,Rock Slide,Protect,Tyranitar-Mega:Sinistcha:Gholdengo:Staraptor-Mega:Milotic
2026-08-13,2026-08-13T12:00:02Z,pikalytics,gen9championsvgc2026regma,"Best Pokemon, teams, and builds in Pokemon Champions VGC 2026",https://pikalytics.com/pokedex/gen9championsvgc2026regma,17,6,CooperKid,CooperKid,11-1,11,1,0,12,91.67,Talon's FIGHT CLUB #93 POKEMON CHAMPIONS,2026-07-16,1,1,88,https://play.limitlesstcg.com/tournament/6a32e8b12d97f3b0c26189cc/player/cooperkid/teamlist,https://play.limitlesstcg.com/tournament/6a32e8b12d97f3b0c26189cc/standings,Tyranitar-Mega:Excadrill:Sinistcha:Gholdengo:Staraptor-Mega:Milotic,3,Sinistcha,Sinistcha,Kasib Berry,Hospitality,Matcha Gotcha:Rage Powder:Life Dew:Protect,Matcha Gotcha,Rage Powder,Life Dew,Protect,Tyranitar-Mega:Excadrill:Gholdengo:Staraptor-Mega:Milotic
2026-08-13,2026-08-13T12:00:02Z,pikalytics,gen9championsvgc2026regma,"Best Pokemon, teams, and builds in Pokemon Champions VGC 2026",https://pikalytics.com/pokedex/gen9championsvgc2026regma,17,6,CooperKid,CooperKid,11-1,11,1,0,12,91.67,Talon's FIGHT CLUB #93 POKEMON CHAMPIONS,2026-07-16,1,1,88,https://play.limitlesstcg.com/tournament/6a32e8b12d97f3b0c26189cc/player/cooperkid/teamlist,https://play.limitlesstcg.com/tournament/6a32e8b12d97f3b0c26189cc/standings,Tyranitar-Mega:Excadrill:Sinistcha:Gholdengo:Staraptor-Mega:Milotic,4,Gholdengo,Gholdengo,Life Orb,Good as Gold,Make It Rain:Shadow Ball:Nasty Plot:Protect,Make It Rain,Shadow Ball,Nasty Plot,Protect,Tyranitar-Mega:Excadrill:Sinistcha:Staraptor-Mega:Milotic
2026-08-13,2026-08-13T12:00:02Z,pikalytics,gen9championsvgc2026regma,"Best Pokemon, teams, and builds in Pokemon Champions VGC 2026",https://pikalytics.com/pokedex/gen9championsvgc2026regma,17,6,CooperKid,CooperKid,11-1,11,1,0,12,91.67,Talon's FIGHT CLUB #93 POKEMON CHAMPIONS,2026-07-16,1,1,88,https://play.limitlesstcg.com/tournament/6a32e8b12d97f3b0c26189cc/player/cooperkid/teamlist,https://play.limitlesstcg.com/tournament/6a32e8b12d97f3b0c26189cc/standings,Tyranitar-Mega:Excadrill:Sinistcha:Gholdengo:Staraptor-Mega:Milotic,5,Staraptor-Mega,Staraptor,Staraptite,Intimidate,Brave Bird:Close Combat:Tailwind:Protect,Brave Bird,Close Combat,Tailwind,Protect,Tyranitar-Mega:Excadrill:Sinistcha:Gholdengo:Milotic
2026-08-13,2026-08-13T12:00:02Z,pikalytics,gen9championsvgc2026regma,"Best Pokemon, teams, and builds in Pokemon Champions VGC 2026",https://pikalytics.com/pokedex/gen9championsvgc2026regma,17,6,CooperKid,CooperKid,11-1,11,1,0,12,91.67,Talon's FIGHT CLUB #93 POKEMON CHAMPIONS,2026-07-16,1,1,88,https://play.limitlesstcg.com/tournament/6a32e8b12d97f3b0c26189cc/player/cooperkid/teamlist,https://play.limitlesstcg.com/tournament/6a32e8b12d97f3b0c26189cc/standings,Tyranitar-Mega:Excadrill:Sinistcha:Gholdengo:Staraptor-Mega:Milotic,6,Milotic,Milotic,Sitrus Berry,Competitive,Scald:Icy Wind:Recover:Protect,Scald,Icy Wind,Recover,Protect,Tyranitar-Mega:Excadrill:Sinistcha:Gholdengo:Staraptor-Mega
2026-08-13,2026-08-13T12:00:02Z,pikalytics,gen9championsvgc2026regma,"Best Pokemon, teams, and builds in Pokemon Champions VGC 2026",https://pikalytics.com/pokedex/gen9championsvgc2026regma,19,6,NMR | Kuroryu,NMR | Kuroryu,9-0,9,0,0,9,100.00,Intimidators Champions Challenge #27 REG M-B,2026-07-16,1,1,23,https://play.limitlesstcg.com/tournament/6a54c9d3232a1a55ee10b346/player/israelkuro/teamlist,https://play.limitlesstcg.com/tournament/6a54c9d3232a1a55ee10b346/standings,Sinistcha:Incineroar:Milotic:Raichu-Mega-Y:Ceruledge:Mawile-Mega,1,Sinistcha,Sinistcha,Kasib Berry,Hospitality,Matcha Gotcha:Life Dew:Rage Powder:Protect,Matcha Gotcha,Life Dew,Rage Powder,Protect,Incineroar:Milotic:Raichu-Mega-Y:Ceruledge:Mawile-Mega
2026-08-13,2026-08-13T12:00:02Z,pikalytics,gen9championsvgc2026regma,"Best Pokemon, teams, and builds in Pokemon Champions VGC 2026",https://pikalytics.com/pokedex/gen9championsvgc2026regma,19,6,NMR | Kuroryu,NMR | Kuroryu,9-0,9,0,0,9,100.00,Intimidators Champions Challenge #27 REG M-B,2026-07-16,1,1,23,https://play.limitlesstcg.com/tournament/6a54c9d3232a1a55ee10b346/player/israelkuro/teamlist,https://play.limitlesstcg.com/tournament/6a54c9d3232a1a55ee10b346/standings,Sinistcha:Incineroar:Milotic:Raichu-Mega-Y:Ceruledge:Mawile-Mega,2,Incineroar,Incineroar,Sitrus Berry,Intimidate,Flare Blitz:Throat Chop:Fake Out:Parting Shot,Flare Blitz,Throat Chop,Fake Out,Parting Shot,Sinistcha:Milotic:Raichu-Mega-Y:Ceruledge:Mawile-Mega
2026-08-13,2026-08-13T12:00:02Z,pikalytics,gen9championsvgc2026regma,"Best Pokemon, teams, and builds in Pokemon Champions VGC 2026",https://pikalytics.com/pokedex/gen9championsvgc2026regma,19,6,NMR | Kuroryu,NMR | Kuroryu,9-0,9,0,0,9,100.00,Intimidators Champions Challenge #27 REG M-B,2026-07-16,1,1,23,https://play.limitlesstcg.com/tournament/6a54c9d3232a1a55ee10b346/player/israelkuro/teamlist,https://play.limitlesstcg.com/tournament/6a54c9d3232a1a55ee10b346/standings,Sinistcha:Incineroar:Milotic:Raichu-Mega-Y:Ceruledge:Mawile-Mega,3,Milotic,Milotic,Leftovers,Competitive,Muddy Water:Coil:Hypnosis:Protect,Muddy Water,Coil,Hypnosis,Protect,Sinistcha:Incineroar:Raichu-Mega-Y:Ceruledge:Mawile-Mega
2026-08-13,2026-08-13T12:00:02Z,pikalytics,gen9championsvgc2026regma,"Best Pokemon, teams, and builds in Pokemon Champions VGC 2026",https://pikalytics.com/pokedex/gen9championsvgc2026regma,19,6,NMR | Kuroryu,NMR | Kuroryu,9-0,9,0,0,9,100.00,Intimidators Champions Challenge #27 REG M-B,2026-07-16,1,1,23,https://play.limitlesstcg.com/tournament/6a54c9d3232a1a55ee10b346/player/israelkuro/teamlist,https://play.limitlesstcg.com/tournament/6a54c9d3232a1a55ee10b346/standings,Sinistcha:Incineroar:Milotic:Raichu-Mega-Y:Ceruledge:Mawile-Mega,4,Raichu-Mega-Y,Raichu,Raichunite Y,Lightning Rod,Zap Cannon:Focus Blast:Fake Out:Protect,Zap Cannon,Focus Blast,Fake Out,Protect,Sinistcha:Incineroar:Milotic:Ceruledge:Mawile-Mega
2026-08-13,2026-08-13T12:00:02Z,pikalytics,gen9championsvgc2026regma,"Best Pokemon, teams, and builds in Pokemon Champions VGC 2026",https://pikalytics.com/pokedex/gen9championsvgc2026regma,19,6,NMR | Kuroryu,NMR | Kuroryu,9-0,9,0,0,9,100.00,Intimidators Champions Challenge #27 REG M-B,2026-07-16,1,1,23,https://play.limitlesstcg.com/tournament/6a54c9d3232a1a55ee10b346/player/israelkuro/teamlist,https://play.limitlesstcg.com/tournament/6a54c9d3232a1a55ee10b346/standings,Sinistcha:Incineroar:Milotic:Raichu-Mega-Y:Ceruledge:Mawile-Mega,5,Ceruledge,Ceruledge,Colbur Berry,Flash Fire,Bitter Blade:Shadow Sneak:Bulk Up:Protect,Bitter Blade,Shadow Sneak,Bulk Up,Protect,Sinistcha:Incineroar:Milotic:Raichu-Mega-Y:Mawile-Mega
2026-08-13,2026-08-13T12:00:02Z,pikalytics,gen9championsvgc2026regma,"Best Pokemon, teams, and builds in Pokemon Champions VGC 2026",https://pikalytics.com/pokedex/gen9championsvgc2026regma,19,6,NMR | Kuroryu,NMR | Kuroryu,9-0,9,0,0,9,100.00,Intimidators Champions Challenge #27 REG M-B,2026-07-16,1,1,23,https://play.limitlesstcg.com/tournament/6a54c9d3232a1a55ee10b346/player/israelkuro/teamlist,https://play.limitlesstcg.com/tournament/6a54c9d3232a1a55ee10b346/standings,Sinistcha:Incineroar:Milotic:Raichu-Mega-Y:Ceruledge:Mawile-Mega,6,Mawile-Mega,Mawile,Mawilite,Hyper Cutter,Play Rough:Sucker Punch:Protect:Swords Dance,Play Rough,Sucker Punch,Protect,Swords Dance,Sinistcha:Incineroar:Milotic:Raichu-Mega-Y:Ceruledge
2026-09-09,2026-09-09T12:00:03Z,pikalytics,gen9championsvgc2026regma,"Best Pokemon, teams, and builds in Pokemon Champions VGC 2026",https://pikalytics.com/pokedex/gen9championsvgc2026regma,1,6,shaikhvgc786,shaikhvgc786,13-2,13,2,0,15,86.67,Maddo's Cup #10 | 100€ for the Winner | Reg M-B,2026-07-18,1,1,412,https://play.limitlesstcg.com/tournament/6a4a95a465724db9ded3d7cf/player/shaikhvgc786/teamlist,https://play.limitlesstcg.com/tournament/6a4a95a465724db9ded3d7cf/standings,Raichu-Mega-Y:Farigiraf:Mawile-Mega:Garchomp:Vivillon:Torkoal,1,Raichu-Mega-Y,Raichu,Raichunite Y,Lightning Rod,Fake Out:Zap Cannon:Focus Blast:Protect,Fake Out,Zap Cannon,Focus Blast,Protect,Farigiraf:Mawile-Mega:Garchomp:Vivillon:Torkoal
2026-09-09,2026-09-09T12:00:03Z,pikalytics,gen9championsvgc2026regma,"Best Pokemon, teams, and builds in Pokemon Champions VGC 2026",https://pikalytics.com/pokedex/gen9championsvgc2026regma,1,6,shaikhvgc786,shaikhvgc786,13-2,13,2,0,15,86.67,Maddo's Cup #10 | 100€ for the Winner | Reg M-B,2026-07-18,1,1,412,https://play.limitlesstcg.com/tournament/6a4a95a465724db9ded3d7cf/player/shaikhvgc786/teamlist,https://play.limitlesstcg.com/tournament/6a4a95a465724db9ded3d7cf/standings,Raichu-Mega-Y:Farigiraf:Mawile-Mega:Garchomp:Vivillon:Torkoal,2,Farigiraf,Farigiraf,Sitrus Berry,Armor Tail,Psychic:Trick Room:Helping Hand:Thunderbolt,Psychic,Trick Room,Helping Hand,Thunderbolt,Raichu-Mega-Y:Mawile-Mega:Garchomp:Vivillon:Torkoal
2026-09-09,2026-09-09T12:00:03Z,pikalytics,gen9championsvgc2026regma,"Best Pokemon, teams, and builds in Pokemon Champions VGC 2026",https://pikalytics.com/pokedex/gen9championsvgc2026regma,1,6,shaikhvgc786,shaikhvgc786,13-2,13,2,0,15,86.67,Maddo's Cup #10 | 100€ for the Winner | Reg M-B,2026-07-18,1,1,412,https://play.limitlesstcg.com/tournament/6a4a95a465724db9ded3d7cf/player/shaikhvgc786/teamlist,https://play.limitlesstcg.com/tournament/6a4a95a465724db9ded3d7cf/standings,Raichu-Mega-Y:Farigiraf:Mawile-Mega:Garchomp:Vivillon:Torkoal,3,Mawile-Mega,Mawile,Mawilite,Intimidate,Play Rough:Rock Slide:Sucker Punch:Protect,Play Rough,Rock Slide,Sucker Punch,Protect,Raichu-Mega-Y:Farigiraf:Garchomp:Vivillon:Torkoal
2026-09-09,2026-09-09T12:00:03Z,pikalytics,gen9championsvgc2026regma,"Best Pokemon, teams, and builds in Pokemon Champions VGC 2026",https://pikalytics.com/pokedex/gen9championsvgc2026regma,1,6,shaikhvgc786,shaikhvgc786,13-2,13,2,0,15,86.67,Maddo's Cup #10 | 100€ for the Winner | Reg M-B,2026-07-18,1,1,412,https://play.limitlesstcg.com/tournament/6a4a95a465724db9ded3d7cf/player/shaikhvgc786/teamlist,https://play.limitlesstcg.com/tournament/6a4a95a465724db9ded3d7cf/standings,Raichu-Mega-Y:Farigiraf:Mawile-Mega:Garchomp:Vivillon:Torkoal,4,Garchomp,Garchomp,Life Orb,Rough Skin,Earthquake:Dragon Claw:Rock Slide:Protect,Earthquake,Dragon Claw,Rock Slide,Protect,Raichu-Mega-Y:Farigiraf:Mawile-Mega:Vivillon:Torkoal
2026-09-09,2026-09-09T12:00:03Z,pikalytics,gen9championsvgc2026regma,"Best Pokemon, teams, and builds in Pokemon Champions VGC 2026",https://pikalytics.com/pokedex/gen9championsvgc2026regma,1,6,shaikhvgc786,shaikhvgc786,13-2,13,2,0,15,86.67,Maddo's Cup #10 | 100€ for the Winner | Reg M-B,2026-07-18,1,1,412,https://play.limitlesstcg.com/tournament/6a4a95a465724db9ded3d7cf/player/shaikhvgc786/teamlist,https://play.limitlesstcg.com/tournament/6a4a95a465724db9ded3d7cf/standings,Raichu-Mega-Y:Farigiraf:Mawile-Mega:Garchomp:Vivillon:Torkoal,5,Vivillon,Vivillon,Focus Sash,Compound Eyes,Sleep Powder:Hurricane:Rage Powder:Protect,Sleep Powder,Hurricane,Rage Powder,Protect,Raichu-Mega-Y:Farigiraf:Mawile-Mega:Garchomp:Torkoal
2026-09-09,2026-09-09T12:00:03Z,pikalytics,gen9championsvgc2026regma,"Best Pokemon, teams, and builds in Pokemon Champions VGC 2026",https://pikalytics.com/pokedex/gen9championsvgc2026regma,1,6,shaikhvgc786,shaikhvgc786,13-2,13,2,0,15,86.67,Maddo's Cup #10 | 100€ for the Winner | Reg M-B,2026-07-18,1,1,412,https://play.limitlesstcg.com/tournament/6a4a95a465724db9ded3d7cf/player/shaikhvgc786/teamlist,https://play.limitlesstcg.com/tournament/6a4a95a465724db9ded3d7cf/standings,Raichu-Mega-Y:Farigiraf:Mawile-Mega:Garchomp:Vivillon:Torkoal,6,Torkoal,Torkoal,Charcoal,Drought,Eruption:Earth Power:Weather Ball:Protect,Eruption,Earth Power,Weather Ball,Protect,Raichu-Mega-Y:Farigiraf:Mawile-Mega:Garchomp:Vivillon
2026-09-09,2026-09-09T12:00:03Z,pikalytics,gen9championsvgc2026regma,"Best Pokemon, teams, and builds in Pokemon Champions VGC 2026",https://pikalytics.com/pokedex/gen9championsvgc2026regma,15,6,Tejomay,Tejomay,10-0,10,0,0,10,100.00,[Shiny Garchomp to 1st] The Grim Challenge #4,2026-07-19,1,1,27,https://play.limitlesstcg.com/tournament/6a55f36f6355385f44dd479a/player/tejomay/teamlist,https://play.limitlesstcg.com/tournament/6a55f36f6355385f44dd479a/standings,Scrafty-Mega:Mawile-Mega:Farigiraf:Torkoal:Oranguru:Vileplume,1,Scrafty-Mega,Scrafty,Scraftinite,Intimidate,Close Combat:Knock Off:Rock Slide:Fake Out,Close Combat,Knock Off,Rock Slide,Fake Out,Mawile-Mega:Farigiraf:Torkoal:Oranguru:Vileplume
2026-09-09,2026-09-09T12:00:03Z,pikalytics,gen9championsvgc2026regma,"Best Pokemon, teams, and builds in Pokemon Champions VGC 2026",https://pikalytics.com/pokedex/gen9championsvgc2026regma,15,6,Tejomay,Tejomay,10-0,10,0,0,10,100.00,[Shiny Garchomp to 1st] The Grim Challenge #4,2026-07-19,1,1,27,https://play.limitlesstcg.com/tournament/6a55f36f6355385f44dd479a/player/tejomay/teamlist,https://play.limitlesstcg.com/tournament/6a55f36f6355385f44dd479a/standings,Scrafty-Mega:Mawile-Mega:Farigiraf:Torkoal:Oranguru:Vileplume,2,Mawile-Mega,Mawile,Mawilite,Hyper Cutter,Play Rough:Sucker Punch:Iron Head:Protect,Play Rough,Sucker Punch,Iron Head,Protect,Scrafty-Mega:Farigiraf:Torkoal:Oranguru:Vileplume
2026-09-09,2026-09-09T12:00:03Z,pikalytics,gen9championsvgc2026regma,"Best Pokemon, teams, and builds in Pokemon Champions VGC 2026",https://pikalytics.com/pokedex/gen9championsvgc2026regma,15,6,Tejomay,Tejomay,10-0,10,0,0,10,100.00,[Shiny Garchomp to 1st] The Grim Challenge #4,2026-07-19,1,1,27,https://play.limitlesstcg.com/tournament/6a55f36f6355385f44dd479a/player/tejomay/teamlist,https://play.limitlesstcg.com/tournament/6a55f36f6355385f44dd479a/standings,Scrafty-Mega:Mawile-Mega:Farigiraf:Torkoal:Oranguru:Vileplume,3,Farigiraf,Farigiraf,Colbur Berry,Armor Tail,Thunderbolt:Helping Hand:Psychic:Trick Room,Thunderbolt,Helping Hand,Psychic,Trick Room,Scrafty-Mega:Mawile-Mega:Torkoal:Oranguru:Vileplume
2026-09-09,2026-09-09T12:00:03Z,pikalytics,gen9championsvgc2026regma,"Best Pokemon, teams, and builds in Pokemon Champions VGC 2026",https://pikalytics.com/pokedex/gen9championsvgc2026regma,15,6,Tejomay,Tejomay,10-0,10,0,0,10,100.00,[Shiny Garchomp to 1st] The Grim Challenge #4,2026-07-19,1,1,27,https://play.limitlesstcg.com/tournament/6a55f36f6355385f44dd479a/player/tejomay/teamlist,https://play.limitlesstcg.com/tournament/6a55f36f6355385f44dd479a/standings,Scrafty-Mega:Mawile-Mega:Farigiraf:Torkoal:Oranguru:Vileplume,4,Torkoal,Torkoal,Charcoal,Drought,Eruption:Heat Wave:Earth Power:Protect,Eruption,Heat Wave,Earth Power,Protect,Scrafty-Mega:Mawile-Mega:Farigiraf:Oranguru:Vileplume
2026-09-09,2026-09-09T12:00:03Z,pikalytics,gen9championsvgc2026regma,"Best Pokemon, teams, and builds in Pokemon Champions VGC 2026",https://pikalytics.com/pokedex/gen9championsvgc2026regma,15,6,Tejomay,Tejomay,10-0,10,0,0,10,100.00,[Shiny Garchomp to 1st] The Grim Challenge #4,2026-07-19,1,1,27,https://play.limitlesstcg.com/tournament/6a55f36f6355385f44dd479a/player/tejomay/teamlist,https://play.limitlesstcg.com/tournament/6a55f36f6355385f44dd479a/standings,Scrafty-Mega:Mawile-Mega:Farigiraf:Torkoal:Oranguru:Vileplume,5,Oranguru,Oranguru,Sitrus Berry,Inner Focus,Energy Ball:Thunderbolt:Trick Room:Instruct,Energy Ball,Thunderbolt,Trick Room,Instruct,Scrafty-Mega:Mawile-Mega:Farigiraf:Torkoal:Vileplume
2026-09-09,2026-09-09T12:00:03Z,pikalytics,gen9championsvgc2026regma,"Best Pokemon, teams, and builds in Pokemon Champions VGC 2026",https://pikalytics.com/pokedex/gen9championsvgc2026regma,15,6,Tejomay,Tejomay,10-0,10,0,0,10,100.00,[Shiny Garchomp to 1st] The Grim Challenge #4,2026-07-19,1,1,27,https://play.limitlesstcg.com/tournament/6a55f36f6355385f44dd479a/player/tejomay/teamlist,https://play.limitlesstcg.com/tournament/6a55f36f6355385f44dd479a/standings,Scrafty-Mega:Mawile-Mega:Farigiraf:Torkoal:Oranguru:Vileplume,6,Vileplume,Vileplume,Focus Sash,Chlorophyll,After You:Sludge Bomb:Solar Beam:Sleep Powder,After You,Sludge Bomb,Solar Beam,Sleep Powder,Scrafty-Mega:Mawile-Mega:Farigiraf:Torkoal:Oranguru
2026-09-09,2026-09-09T12:00:03Z,pikalytics,gen9championsvgc2026regma,"Best Pokemon, teams, and builds in Pokemon Champions VGC 2026",https://pikalytics.com/pokedex/gen9championsvgc2026regma,19,6,TonyFlygon,TonyFlygon,9-1,9,1,0,10,90.00,Wolfey Patreon Tournament - M-B Low Usage,2026-07-19,1,1,214,https://play.limitlesstcg.com/tournament/6a4909f665724db9ded3c4e5/player/tonyflygon/teamlist,https://play.limitlesstcg.com/tournament/6a4909f665724db9ded3c4e5/standings,Pidgeot-Mega:Slowbro-Galar:Tauros:Rotom-Mow:Krookodile:Chandelure,1,Pidgeot-Mega,Pidgeot,Pidgeotite,Keen Eye,Protect:Hurricane:Heat Wave:Tailwind,Protect,Hurricane,Heat Wave,Tailwind,Slowbro-Galar:Tauros:Rotom-Mow:Krookodile:Chandelure
2026-09-09,2026-09-09T12:00:03Z,pikalytics,gen9championsvgc2026regma,"Best Pokemon, teams, and builds in Pokemon Champions VGC 2026",https://pikalytics.com/pokedex/gen9championsvgc2026regma,19,6,TonyFlygon,TonyFlygon,9-1,9,1,0,10,90.00,Wolfey Patreon Tournament - M-B Low Usage,2026-07-19,1,1,214,https://play.limitlesstcg.com/tournament/6a4909f665724db9ded3c4e5/player/tonyflygon/teamlist,https://play.limitlesstcg.com/tournament/6a4909f665724db9ded3c4e5/standings,Pidgeot-Mega:Slowbro-Galar:Tauros:Rotom-Mow:Krookodile:Chandelure,2,Slowbro-Galar,Galarian Slowbro,Quick Claw,Quick Draw,Protect:Shell Side Arm:Psychic:Nasty Plot,Protect,Shell Side Arm,Psychic,Nasty Plot,Pidgeot-Mega:Tauros:Rotom-Mow:Krookodile:Chandelure
2026-09-09,2026-09-09T12:00:03Z,pikalytics,gen9championsvgc2026regma,"Best Pokemon, teams, and builds in Pokemon Champions VGC 2026",https://pikalytics.com/pokedex/gen9championsvgc2026regma,19,6,TonyFlygon,TonyFlygon,9-1,9,1,0,10,90.00,Wolfey Patreon Tournament - M-B Low Usage,2026-07-19,1,1,214,https://play.limitlesstcg.com/tournament/6a4909f665724db9ded3c4e5/player/tonyflygon/teamlist,https://play.limitlesstcg.com/tournament/6a4909f665724db9ded3c4e5/standings,Pidgeot-Mega:Slowbro-Galar:Tauros:Rotom-Mow:Krookodile:Chandelure,3,Tauros,Paldean Tauros Aqua Breed,White Herb,Intimidate,Protect:Wave Crash:Close Combat:Aqua Jet,Protect,Wave Crash,Close Combat,Aqua Jet,Pidgeot-Mega:Slowbro-Galar:Rotom-Mow:Krookodile:Chandelure
2026-09-09,2026-09-09T12:00:03Z,pikalytics,gen9championsvgc2026regma,"Best Pokemon, teams, and builds in Pokemon Champions VGC 2026",https://pikalytics.com/pokedex/gen9championsvgc2026regma,19,6,TonyFlygon,TonyFlygon,9-1,9,1,0,10,90.00,Wolfey Patreon Tournament - M-B Low Usage,2026-07-19,1,1,214,https://play.limitlesstcg.com/tournament/6a4909f665724db9ded3c4e5/player/tonyflygon/teamlist,https://play.limitlesstcg.com/tournament/6a4909f665724db9ded3c4e5/standings,Pidgeot-Mega:Slowbro-Galar:Tauros:Rotom-Mow:Krookodile:Chandelure,4,Rotom-Mow,Mow Rotom,Sitrus Berry,Levitate,Thunderbolt:Leaf Storm:Will-O-Wisp:Helping Hand,Thunderbolt,Leaf Storm,Will-O-Wisp,Helping Hand,Pidgeot-Mega:Slowbro-Galar:Tauros:Krookodile:Chandelure
2026-09-09,2026-09-09T12:00:03Z,pikalytics,gen9championsvgc2026regma,"Best Pokemon, teams, and builds in Pokemon Champions VGC 2026",https://pikalytics.com/pokedex/gen9championsvgc2026regma,19,6,TonyFlygon,TonyFlygon,9-1,9,1,0,10,90.00,Wolfey Patreon Tournament - M-B Low Usage,2026-07-19,1,1,214,https://play.limitlesstcg.com/tournament/6a4909f665724db9ded3c4e5/player/tonyflygon/teamlist,https://play.limitlesstcg.com/tournament/6a4909f665724db9ded3c4e5/standings,Pidgeot-Mega:Slowbro-Galar:Tauros:Rotom-Mow:Krookodile:Chandelure,5,Krookodile,Krookodile,Life Orb,Intimidate,Protect:High Horsepower:Throat Chop:Earthquake,Protect,High Horsepower,Throat Chop,Earthquake,Pidgeot-Mega:Slowbro-Galar:Tauros:Rotom-Mow:Chandelure
2026-09-09,2026-09-09T12:00:03Z,pikalytics,gen9championsvgc2026regma,"Best Pokemon, teams, and builds in Pokemon Champions VGC 2026",https://pikalytics.com/pokedex/gen9championsvgc2026regma,19,6,TonyFlygon,TonyFlygon,9-1,9,1,0,10,90.00,Wolfey Patreon Tournament - M-B Low Usage,2026-07-19,1,1,214,https://play.limitlesstcg.com/tournament/6a4909f665724db9ded3c4e5/player/tonyflygon/teamlist,https://play.limitlesstcg.com/tournament/6a4909f665724db9ded3c4e5/standings,Pidgeot-Mega:Slowbro-Galar:Tauros:Rotom-Mow:Krookodile:Chandelure,6,Chandelure,Chandelure,Focus Sash,Flash Fire,Protect:Heat Wave:Shadow Ball:Trick Room,Protect,Heat Wave,Shadow Ball,Trick Room,Pidgeot-Mega:Slowbro-Galar:Tauros:Rotom-Mow:Krookodile
2026-09-09,2026-09-09T12:00:03Z,pikalytics,gen9championsvgc2026regma,"Best Pokemon, teams, and builds in Pokemon Champions VGC 2026",https://pikalytics.com/pokedex/gen9championsvgc2026regma,6,6,Aloy2023,Aloy2023,12-1,12,1,0,13,92.31,🍋Sitrus-Series🍋|Champions-MB|#68,2026-07-22,1,1,182,https://play.limitlesstcg.com/tournament/6a510a5365724db9ded420fa/player/aloy2023/teamlist,https://play.limitlesstcg.com/tournament/6a510a5365724db9ded420fa/standings,Klefki:Venusaur-Mega:Tyranitar-Mega:Annihilape:Sinistcha:Arcanine-Hisui,1,Klefki,Klefki,Light Clay,Prankster,Dazzling Gleam:Reflect:Light Screen:Thunder Wave,Dazzling Gleam,Reflect,Light Screen,Thunder Wave,Venusaur-Mega:Tyranitar-Mega:Annihilape:Sinistcha:Arcanine-Hisui
2026-09-09,2026-09-09T12:00:03Z,pikalytics,gen9championsvgc2026regma,"Best Pokemon, teams, and builds in Pokemon Champions VGC 2026",https://pikalytics.com/pokedex/gen9championsvgc2026regma,6,6,Aloy2023,Aloy2023,12-1,12,1,0,13,92.31,🍋Sitrus-Series🍋|Champions-MB|#68,2026-07-22,1,1,182,https://play.limitlesstcg.com/tournament/6a510a5365724db9ded420fa/player/aloy2023/teamlist,https://play.limitlesstcg.com/tournament/6a510a5365724db9ded420fa/standings,Klefki:Venusaur-Mega:Tyranitar-Mega:Annihilape:Sinistcha:Arcanine-Hisui,2,Venusaur-Mega,Venusaur,Venusaurite,Chlorophyll,Sludge Bomb:Giga Drain:Earth Power:Protect,Sludge Bomb,Giga Drain,Earth Power,Protect,Klefki:Tyranitar-Mega:Annihilape:Sinistcha:Arcanine-Hisui
2026-09-09,2026-09-09T12:00:03Z,pikalytics,gen9championsvgc2026regma,"Best Pokemon, teams, and builds in Pokemon Champions VGC 2026",https://pikalytics.com/pokedex/gen9championsvgc2026regma,6,6,Aloy2023,Aloy2023,12-1,12,1,0,13,92.31,🍋Sitrus-Series🍋|Champions-MB|#68,2026-07-22,1,1,182,https://play.limitlesstcg.com/tournament/6a510a5365724db9ded420fa/player/aloy2023/teamlist,https://play.limitlesstcg.com/tournament/6a510a5365724db9ded420fa/standings,Klefki:Venusaur-Mega:Tyranitar-Mega:Annihilape:Sinistcha:Arcanine-Hisui,3,Tyranitar-Mega,Tyranitar,Tyranitarite,Sand Stream,Rock Slide:Knock Off:Low Kick:Protect,Rock Slide,Knock Off,Low Kick,Protect,Klefki:Venusaur-Mega:Annihilape:Sinistcha:Arcanine-Hisui
2026-09-09,2026-09-09T12:00:03Z,pikalytics,gen9championsvgc2026regma,"Best Pokemon, teams, and builds in Pokemon Champions VGC 2026",https://pikalytics.com/pokedex/gen9championsvgc2026regma,6,6,Aloy2023,Aloy2023,12-1,12,1,0,13,92.31,🍋Sitrus-Series🍋|Champions-MB|#68,2026-07-22,1,1,182,https://play.limitlesstcg.com/tournament/6a510a5365724db9ded420fa/player/aloy2023/teamlist,https://play.limitlesstcg.com/tournament/6a510a5365724db9ded420fa/standings,Klefki:Venusaur-Mega:Tyranitar-Mega:Annihilape:Sinistcha:Arcanine-Hisui,4,Annihilape,Annihilape,Sitrus Berry,Defiant,Drain Punch:Rage Fist:Bulk Up:Protect,Drain Punch,Rage Fist,Bulk Up,Protect,Klefki:Venusaur-Mega:Tyranitar-Mega:Sinistcha:Arcanine-Hisui
2026-09-09,2026-09-09T12:00:03Z,pikalytics,gen9championsvgc2026regma,"Best Pokemon, teams, and builds in Pokemon Champions VGC 2026",https://pikalytics.com/pokedex/gen9championsvgc2026regma,6,6,Aloy2023,Aloy2023,12-1,12,1,0,13,92.31,🍋Sitrus-Series🍋|Champions-MB|#68,2026-07-22,1,1,182,https://play.limitlesstcg.com/tournament/6a510a5365724db9ded420fa/player/aloy2023/teamlist,https://play.limitlesstcg.com/tournament/6a510a5365724db9ded420fa/standings,Klefki:Venusaur-Mega:Tyranitar-Mega:Annihilape:Sinistcha:Arcanine-Hisui,5,Sinistcha,Sinistcha,Leftovers,Hospitality,Matcha Gotcha:Shadow Ball:Trick Room:Rage Powder,Matcha Gotcha,Shadow Ball,Trick Room,Rage Powder,Klefki:Venusaur-Mega:Tyranitar-Mega:Annihilape:Arcanine-Hisui
2026-09-09,2026-09-09T12:00:03Z,pikalytics,gen9championsvgc2026regma,"Best Pokemon, teams, and builds in Pokemon Champions VGC 2026",https://pikalytics.com/pokedex/gen9championsvgc2026regma,6,6,Aloy2023,Aloy2023,12-1,12,1,0,13,92.31,🍋Sitrus-Series🍋|Champions-MB|#68,2026-07-22,1,1,182,https://play.limitlesstcg.com/tournament/6a510a5365724db9ded420fa/player/aloy2023/teamlist,https://play.limitlesstcg.com/tournament/6a510a5365724db9ded420fa/standings,Klefki:Venusaur-Mega:Tyranitar-Mega:Annihilape:Sinistcha:Arcanine-Hisui,6,Arcanine-Hisui,Hisuian Arcanine,Life Orb,Intimidate,Flare Blitz:Rock Slide:Wild Charge:Protect,Flare Blitz,Rock Slide,Wild Charge,Protect,Klefki:Venusaur-Mega:Tyranitar-Mega:Annihilape:Sinistcha
2026-08-13,2026-08-13T12:00:02Z,pikalytics,gen9championsvgc2026regma,"Best Pokemon, teams, and builds in Pokemon Champions VGC 2026",https://pikalytics.com/pokedex/gen9championsvgc2026regma,14,6,Neil Nava,Neil Nava,8-0,8,0,0,8,100.00,Mid-Week Smoke #7,2026-07-22,1,1,32,https://play.limitlesstcg.com/tournament/6a598896613c9fb6b9f5141e/player/morfhious/teamlist,https://play.limitlesstcg.com/tournament/6a598896613c9fb6b9f5141e/standings,Gardevoir-Mega:Talonflame:Kingambit:Basculegion:Kommo-o:Maushold,1,Gardevoir-Mega,Gardevoir,Gardevoirite,Trace,Hyper Voice:Psychic:Thunderbolt:Protect,Hyper Voice,Psychic,Thunderbolt,Protect,Talonflame:Kingambit:Basculegion:Kommo-o:Maushold
2026-08-13,2026-08-13T12:00:02Z,pikalytics,gen9championsvgc2026regma,"Best Pokemon, teams, and builds in Pokemon Champions VGC 2026",https://pikalytics.com/pokedex/gen9championsvgc2026regma,14,6,Neil Nava,Neil Nava,8-0,8,0,0,8,100.00,Mid-Week Smoke #7,2026-07-22,1,1,32,https://play.limitlesstcg.com/tournament/6a598896613c9fb6b9f5141e/player/morfhious/teamlist,https://play.limitlesstcg.com/tournament/6a598896613c9fb6b9f5141e/standings,Gardevoir-Mega:Talonflame:Kingambit:Basculegion:Kommo-o:Maushold,2,Talonflame,Talonflame,Sharp Beak,Gale Wings,Dual Wingbeat:Flare Blitz:Tailwind:Protect,Dual Wingbeat,Flare Blitz,Tailwind,Protect,Gardevoir-Mega:Kingambit:Basculegion:Kommo-o:Maushold
2026-08-13,2026-08-13T12:00:02Z,pikalytics,gen9championsvgc2026regma,"Best Pokemon, teams, and builds in Pokemon Champions VGC 2026",https://pikalytics.com/pokedex/gen9championsvgc2026regma,14,6,Neil Nava,Neil Nava,8-0,8,0,0,8,100.00,Mid-Week Smoke #7,2026-07-22,1,1,32,https://play.limitlesstcg.com/tournament/6a598896613c9fb6b9f5141e/player/morfhious/teamlist,https://play.limitlesstcg.com/tournament/6a598896613c9fb6b9f5141e/standings,Gardevoir-Mega:Talonflame:Kingambit:Basculegion:Kommo-o:Maushold,3,Kingambit,Kingambit,Expert Belt,Defiant,Sucker Punch:Kowtow Cleave:Iron Head:Low Kick,Sucker Punch,Kowtow Cleave,Iron Head,Low Kick,Gardevoir-Mega:Talonflame:Basculegion:Kommo-o:Maushold
2026-08-13,2026-08-13T12:00:02Z,pikalytics,gen9championsvgc2026regma,"Best Pokemon, teams, and builds in Pokemon Champions VGC 2026",https://pikalytics.com/pokedex/gen9championsvgc2026regma,14,6,Neil Nava,Neil Nava,8-0,8,0,0,8,100.00,Mid-Week Smoke #7,2026-07-22,1,1,32,https://play.limitlesstcg.com/tournament/6a598896613c9fb6b9f5141e/player/morfhious/teamlist,https://play.limitlesstcg.com/tournament/6a598896613c9fb6b9f5141e/standings,Gardevoir-Mega:Talonflame:Kingambit:Basculegion:Kommo-o:Maushold,4,Basculegion,Basculegion,Choice Scarf,Adaptability,Wave Crash:Last Respects:Aqua Jet:Flip Turn,Wave Crash,Last Respects,Aqua Jet,Flip Turn,Gardevoir-Mega:Talonflame:Kingambit:Kommo-o:Maushold
2026-08-13,2026-08-13T12:00:02Z,pikalytics,gen9championsvgc2026regma,"Best Pokemon, teams, and builds in Pokemon Champions VGC 2026",https://pikalytics.com/pokedex/gen9championsvgc2026regma,14,6,Neil Nava,Neil Nava,8-0,8,0,0,8,100.00,Mid-Week Smoke #7,2026-07-22,1,1,32,https://play.limitlesstcg.com/tournament/6a598896613c9fb6b9f5141e/player/morfhious/teamlist,https://play.limitlesstcg.com/tournament/6a598896613c9fb6b9f5141e/standings,Gardevoir-Mega:Talonflame:Kingambit:Basculegion:Kommo-o:Maushold,5,Kommo-o,Kommo-o,Life Orb,Soundproof,Clanging Scales:Aura Sphere:Draco Meteor:Protect,Clanging Scales,Aura Sphere,Draco Meteor,Protect,Gardevoir-Mega:Talonflame:Kingambit:Basculegion:Maushold
2026-08-13,2026-08-13T12:00:02Z,pikalytics,gen9championsvgc2026regma,"Best Pokemon, teams, and builds in Pokemon Champions VGC 2026",https://pikalytics.com/pokedex/gen9championsvgc2026regma,14,6,Neil Nava,Neil Nava,8-0,8,0,0,8,100.00,Mid-Week Smoke #7,2026-07-22,1,1,32,https://play.limitlesstcg.com/tournament/6a598896613c9fb6b9f5141e/player/morfhious/teamlist,https://play.limitlesstcg.com/tournament/6a598896613c9fb6b9f5141e/standings,Gardevoir-Mega:Talonflame:Kingambit:Basculegion:Kommo-o:Maushold,6,Maushold,Maushold,Focus Sash,Friend Guard,Super Fang:Follow Me:Feint:Protect,Super Fang,Follow Me,Feint,Protect,Gardevoir-Mega:Talonflame:Kingambit:Basculegion:Kommo-o
2026-08-13,2026-08-13T12:00:02Z,pikalytics,gen9championsvgc2026regma,"Best Pokemon, teams, and builds in Pokemon Champions VGC 2026",https://pikalytics.com/pokedex/gen9championsvgc2026regma,13,6,Zach K,Zach K,10-1,10,1,0,11,90.91,Tenki's Cart Weekly #110 - Reg MB,2026-07-23,1,1,66,https://play.limitlesstcg.com/tournament/6a5f21fa937230b102d40b7c/player/zachk052510/teamlist,https://play.limitlesstcg.com/tournament/6a5f21fa937230b102d40b7c/standings,Froslass-Mega:Scovillain-Mega:Lycanroc:Kingambit:Basculegion:Sneasler,1,Froslass-Mega,Froslass,Froslassite,Cursed Body,Blizzard:Shadow Ball:Aurora Veil:Protect,Blizzard,Shadow Ball,Aurora Veil,Protect,Scovillain-Mega:Lycanroc:Kingambit:Basculegion:Sneasler
2026-08-13,2026-08-13T12:00:02Z,pikalytics,gen9championsvgc2026regma,"Best Pokemon, teams, and builds in Pokemon Champions VGC 2026",https://pikalytics.com/pokedex/gen9championsvgc2026regma,13,6,Zach K,Zach K,10-1,10,1,0,11,90.91,Tenki's Cart Weekly #110 - Reg MB,2026-07-23,1,1,66,https://play.limitlesstcg.com/tournament/6a5f21fa937230b102d40b7c/player/zachk052510/teamlist,https://play.limitlesstcg.com/tournament/6a5f21fa937230b102d40b7c/standings,Froslass-Mega:Scovillain-Mega:Lycanroc:Kingambit:Basculegion:Sneasler,2,Scovillain-Mega,Scovillain,Scovillainite,Moody,Flamethrower:Giga Drain:Rage Powder:Protect,Flamethrower,Giga Drain,Rage Powder,Protect,Froslass-Mega:Lycanroc:Kingambit:Basculegion:Sneasler
2026-08-13,2026-08-13T12:00:02Z,pikalytics,gen9championsvgc2026regma,"Best Pokemon, teams, and builds in Pokemon Champions VGC 2026",https://pikalytics.com/pokedex/gen9championsvgc2026regma,13,6,Zach K,Zach K,10-1,10,1,0,11,90.91,Tenki's Cart Weekly #110 - Reg MB,2026-07-23,1,1,66,https://play.limitlesstcg.com/tournament/6a5f21fa937230b102d40b7c/player/zachk052510/teamlist,https://play.limitlesstcg.com/tournament/6a5f21fa937230b102d40b7c/standings,Froslass-Mega:Scovillain-Mega:Lycanroc:Kingambit:Basculegion:Sneasler,3,Lycanroc,Lycanroc Dusk,Focus Sash,Tough Claws,Rock Slide:Close Combat:Accelerock:Protect,Rock Slide,Close Combat,Accelerock,Protect,Froslass-Mega:Scovillain-Mega:Kingambit:Basculegion:Sneasler
2026-08-13,2026-08-13T12:00:02Z,pikalytics,gen9championsvgc2026regma,"Best Pokemon, teams, and builds in Pokemon Champions VGC 2026",https://pikalytics.com/pokedex/gen9championsvgc2026regma,13,6,Zach K,Zach K,10-1,10,1,0,11,90.91,Tenki's Cart Weekly #110 - Reg MB,2026-07-23,1,1,66,https://play.limitlesstcg.com/tournament/6a5f21fa937230b102d40b7c/player/zachk052510/teamlist,https://play.limitlesstcg.com/tournament/6a5f21fa937230b102d40b7c/standings,Froslass-Mega:Scovillain-Mega:Lycanroc:Kingambit:Basculegion:Sneasler,4,Kingambit,Kingambit,Life Orb,Defiant,Kowtow Cleave:Sucker Punch:Swords Dance:Protect,Kowtow Cleave,Sucker Punch,Swords Dance,Protect,Froslass-Mega:Scovillain-Mega:Lycanroc:Basculegion:Sneasler
2026-08-13,2026-08-13T12:00:02Z,pikalytics,gen9championsvgc2026regma,"Best Pokemon, teams, and builds in Pokemon Champions VGC 2026",https://pikalytics.com/pokedex/gen9championsvgc2026regma,13,6,Zach K,Zach K,10-1,10,1,0,11,90.91,Tenki's Cart Weekly #110 - Reg MB,2026-07-23,1,1,66,https://play.limitlesstcg.com/tournament/6a5f21fa937230b102d40b7c/player/zachk052510/teamlist,https://play.limitlesstcg.com/tournament/6a5f21fa937230b102d40b7c/standings,Froslass-Mega:Scovillain-Mega:Lycanroc:Kingambit:Basculegion:Sneasler,5,Basculegion,Basculegion,Sitrus Berry,Adaptability,Wave Crash:Last Respects:Aqua Jet:Protect,Wave Crash,Last Respects,Aqua Jet,Protect,Froslass-Mega:Scovillain-Mega:Lycanroc:Kingambit:Sneasler
2026-08-13,2026-08-13T12:00:02Z,pikalytics,gen9championsvgc2026regma,"Best Pokemon, teams, and builds in Pokemon Champions VGC 2026",https://pikalytics.com/pokedex/gen9championsvgc2026regma,13,6,Zach K,Zach K,10-1,10,1,0,11,90.91,Tenki's Cart Weekly #110 - Reg MB,2026-07-23,1,1,66,https://play.limitlesstcg.com/tournament/6a5f21fa937230b102d40b7c/player/zachk052510/teamlist,https://play.limitlesstcg.com/tournament/6a5f21fa937230b102d40b7c/standings,Froslass-Mega:Scovillain-Mega:Lycanroc:Kingambit:Basculegion:Sneasler,6,Sneasler,Sneasler,White Herb,Unburden,Gunk Shot:Close Combat:Fake Out:Protect,Gunk Shot,Close Combat,Fake Out,Protect,Froslass-Mega:Scovillain-Mega:Lycanroc:Kingambit:Basculegion
2026-09-09,2026-09-09T12:00:03Z,pikalytics,gen9championsvgc2026regma,"Best Pokemon, teams, and builds in Pokemon Champions VGC 2026",https://pikalytics.com/pokedex/gen9championsvgc2026regma,20,6,OrangeSteve,OrangeSteve,11-1,11,1,0,12,91.67,Talon's FIGHT CLUB #94 POKEMON CHAMPIONS,2026-07-23,1,1,95,https://play.limitlesstcg.com/tournament/6a32e8d02d97f3b0c26189cd/player/orangesteve/teamlist,https://play.limitlesstcg.com/tournament/6a32e8d02d97f3b0c26189cd/standings,Charizard-Mega-Y:Grimmsnarl:Pelipper:Archaludon:Basculegion:Venusaur-Mega,1,Charizard-Mega-Y,Charizard,Charizardite Y,Blaze,Protect:Heat Wave:Weather Ball:Solar Beam,Protect,Heat Wave,Weather Ball,Solar Beam,Grimmsnarl:Pelipper:Archaludon:Basculegion:Venusaur-Mega
2026-09-09,2026-09-09T12:00:03Z,pikalytics,gen9championsvgc2026regma,"Best Pokemon, teams, and builds in Pokemon Champions VGC 2026",https://pikalytics.com/pokedex/gen9championsvgc2026regma,20,6,OrangeSteve,OrangeSteve,11-1,11,1,0,12,91.67,Talon's FIGHT CLUB #94 POKEMON CHAMPIONS,2026-07-23,1,1,95,https://play.limitlesstcg.com/tournament/6a32e8d02d97f3b0c26189cd/player/orangesteve/teamlist,https://play.limitlesstcg.com/tournament/6a32e8d02d97f3b0c26189cd/standings,Charizard-Mega-Y:Grimmsnarl:Pelipper:Archaludon:Basculegion:Venusaur-Mega,2,Grimmsnarl,Grimmsnarl,Light Clay,Prankster,Spirit Break:Reflect:Light Screen:Parting Shot,Spirit Break,Reflect,Light Screen,Parting Shot,Charizard-Mega-Y:Pelipper:Archaludon:Basculegion:Venusaur-Mega
2026-09-09,2026-09-09T12:00:03Z,pikalytics,gen9championsvgc2026regma,"Best Pokemon, teams, and builds in Pokemon Champions VGC 2026",https://pikalytics.com/pokedex/gen9championsvgc2026regma,20,6,OrangeSteve,OrangeSteve,11-1,11,1,0,12,91.67,Talon's FIGHT CLUB #94 POKEMON CHAMPIONS,2026-07-23,1,1,95,https://play.limitlesstcg.com/tournament/6a32e8d02d97f3b0c26189cd/player/orangesteve/teamlist,https://play.limitlesstcg.com/tournament/6a32e8d02d97f3b0c26189cd/standings,Charizard-Mega-Y:Grimmsnarl:Pelipper:Archaludon:Basculegion:Venusaur-Mega,3,Pelipper,Pelipper,Sitrus Berry,Drizzle,Hurricane:Weather Ball:Tailwind:Soak,Hurricane,Weather Ball,Tailwind,Soak,Charizard-Mega-Y:Grimmsnarl:Archaludon:Basculegion:Venusaur-Mega
2026-09-09,2026-09-09T12:00:03Z,pikalytics,gen9championsvgc2026regma,"Best Pokemon, teams, and builds in Pokemon Champions VGC 2026",https://pikalytics.com/pokedex/gen9championsvgc2026regma,20,6,OrangeSteve,OrangeSteve,11-1,11,1,0,12,91.67,Talon's FIGHT CLUB #94 POKEMON CHAMPIONS,2026-07-23,1,1,95,https://play.limitlesstcg.com/tournament/6a32e8d02d97f3b0c26189cd/player/orangesteve/teamlist,https://play.limitlesstcg.com/tournament/6a32e8d02d97f3b0c26189cd/standings,Charizard-Mega-Y:Grimmsnarl:Pelipper:Archaludon:Basculegion:Venusaur-Mega,4,Archaludon,Archaludon,Leftovers,Stamina,Protect:Electro Shot:Dragon Pulse:Flash Cannon,Protect,Electro Shot,Dragon Pulse,Flash Cannon,Charizard-Mega-Y:Grimmsnarl:Pelipper:Basculegion:Venusaur-Mega
2026-09-09,2026-09-09T12:00:03Z,pikalytics,gen9championsvgc2026regma,"Best Pokemon, teams, and builds in Pokemon Champions VGC 2026",https://pikalytics.com/pokedex/gen9championsvgc2026regma,20,6,OrangeSteve,OrangeSteve,11-1,11,1,0,12,91.67,Talon's FIGHT CLUB #94 POKEMON CHAMPIONS,2026-07-23,1,1,95,https://play.limitlesstcg.com/tournament/6a32e8d02d97f3b0c26189cd/player/orangesteve/teamlist,https://play.limitlesstcg.com/tournament/6a32e8d02d97f3b0c26189cd/standings,Charizard-Mega-Y:Grimmsnarl:Pelipper:Archaludon:Basculegion:Venusaur-Mega,5,Basculegion,Basculegion,Choice Scarf,Adaptability,Flip Turn:Wave Crash:Aqua Jet:Last Respects,Flip Turn,Wave Crash,Aqua Jet,Last Respects,Charizard-Mega-Y:Grimmsnarl:Pelipper:Archaludon:Venusaur-Mega
2026-09-09,2026-09-09T12:00:03Z,pikalytics,gen9championsvgc2026regma,"Best Pokemon, teams, and builds in Pokemon Champions VGC 2026",https://pikalytics.com/pokedex/gen9championsvgc2026regma,20,6,OrangeSteve,OrangeSteve,11-1,11,1,0,12,91.67,Talon's FIGHT CLUB #94 POKEMON CHAMPIONS,2026-07-23,1,1,95,https://play.limitlesstcg.com/tournament/6a32e8d02d97f3b0c26189cd/player/orangesteve/teamlist,https://play.limitlesstcg.com/tournament/6a32e8d02d97f3b0c26189cd/standings,Charizard-Mega-Y:Grimmsnarl:Pelipper:Archaludon:Basculegion:Venusaur-Mega,6,Venusaur-Mega,Venusaur,Venusaurite,Chlorophyll,Protect:Sleep Powder:Giga Drain:Earth Power,Protect,Sleep Powder,Giga Drain,Earth Power,Charizard-Mega-Y:Grimmsnarl:Pelipper:Archaludon:Basculegion
2026-08-13,2026-08-13T12:00:02Z,pikalytics,gen9championsvgc2026regma,"Best Pokemon, teams, and builds in Pokemon Champions VGC 2026",https://pikalytics.com/pokedex/gen9championsvgc2026regma,18,6,Miscell O,Miscell O,8-0,8,0,0,8,100.00,𝗡𝗲𝗺𝗲 𝗪𝗲𝗲𝗸𝗹𝘆 𝗠-𝗕 𝗧𝗼𝘂𝗿 🏆 #𝟲𝟲,2026-07-24,1,1,21,https://play.limitlesstcg.com/tournament/6a60b8f4937230b102d41760/player/feliciano94/teamlist,https://play.limitlesstcg.com/tournament/6a60b8f4937230b102d41760/standings,Incineroar:Charizard-Mega-Y:Toxapex:Garchomp:Venusaur:Hydreigon,1,Incineroar,Incineroar,Sitrus Berry,Intimidate,Throat Chop:Flare Blitz:Fake Out:Parting Shot,Throat Chop,Flare Blitz,Fake Out,Parting Shot,Charizard-Mega-Y:Toxapex:Garchomp:Venusaur:Hydreigon
2026-08-13,2026-08-13T12:00:02Z,pikalytics,gen9championsvgc2026regma,"Best Pokemon, teams, and builds in Pokemon Champions VGC 2026",https://pikalytics.com/pokedex/gen9championsvgc2026regma,18,6,Miscell O,Miscell O,8-0,8,0,0,8,100.00,𝗡𝗲𝗺𝗲 𝗪𝗲𝗲𝗸𝗹𝘆 𝗠-𝗕 𝗧𝗼𝘂𝗿 🏆 #𝟲𝟲,2026-07-24,1,1,21,https://play.limitlesstcg.com/tournament/6a60b8f4937230b102d41760/player/feliciano94/teamlist,https://play.limitlesstcg.com/tournament/6a60b8f4937230b102d41760/standings,Incineroar:Charizard-Mega-Y:Toxapex:Garchomp:Venusaur:Hydreigon,2,Charizard-Mega-Y,Charizard,Charizardite Y,Drought,Heat Wave:Solar Beam:Weather Ball:Protect,Heat Wave,Solar Beam,Weather Ball,Protect,Incineroar:Toxapex:Garchomp:Venusaur:Hydreigon
2026-08-13,2026-08-13T12:00:02Z,pikalytics,gen9championsvgc2026regma,"Best Pokemon, teams, and builds in Pokemon Champions VGC 2026",https://pikalytics.com/pokedex/gen9championsvgc2026regma,18,6,Miscell O,Miscell O,8-0,8,0,0,8,100.00,𝗡𝗲𝗺𝗲 𝗪𝗲𝗲𝗸𝗹𝘆 𝗠-𝗕 𝗧𝗼𝘂𝗿 🏆 #𝟲𝟲,2026-07-24,1,1,21,https://play.limitlesstcg.com/tournament/6a60b8f4937230b102d41760/player/feliciano94/teamlist,https://play.limitlesstcg.com/tournament/6a60b8f4937230b102d41760/standings,Incineroar:Charizard-Mega-Y:Toxapex:Garchomp:Venusaur:Hydreigon,3,Toxapex,Toxapex,Leftovers,Regenerator,Infestation:Toxic:Wide Guard:Baneful Bunker,Infestation,Toxic,Wide Guard,Baneful Bunker,Incineroar:Charizard-Mega-Y:Garchomp:Venusaur:Hydreigon
2026-08-13,2026-08-13T12:00:02Z,pikalytics,gen9championsvgc2026regma,"Best Pokemon, teams, and builds in Pokemon Champions VGC 2026",https://pikalytics.com/pokedex/gen9championsvgc2026regma,18,6,Miscell O,Miscell O,8-0,8,0,0,8,100.00,𝗡𝗲𝗺𝗲 𝗪𝗲𝗲𝗸𝗹𝘆 𝗠-𝗕 𝗧𝗼𝘂𝗿 🏆 #𝟲𝟲,2026-07-24,1,1,21,https://play.limitlesstcg.com/tournament/6a60b8f4937230b102d41760/player/feliciano94/teamlist,https://play.limitlesstcg.com/tournament/6a60b8f4937230b102d41760/standings,Incineroar:Charizard-Mega-Y:Toxapex:Garchomp:Venusaur:Hydreigon,4,Garchomp,Garchomp,Life Orb,Rough Skin,Dragon Claw:Earthquake:Rock Slide:Protect,Dragon Claw,Earthquake,Rock Slide,Protect,Incineroar:Charizard-Mega-Y:Toxapex:Venusaur:Hydreigon
2026-08-13,2026-08-13T12:00:02Z,pikalytics,gen9championsvgc2026regma,"Best Pokemon, teams, and builds in Pokemon Champions VGC 2026",https://pikalytics.com/pokedex/gen9championsvgc2026regma,18,6,Miscell O,Miscell O,8-0,8,0,0,8,100.00,𝗡𝗲𝗺𝗲 𝗪𝗲𝗲𝗸𝗹𝘆 𝗠-𝗕 𝗧𝗼𝘂𝗿 🏆 #𝟲𝟲,2026-07-24,1,1,21,https://play.limitlesstcg.com/tournament/6a60b8f4937230b102d41760/player/feliciano94/teamlist,https://play.limitlesstcg.com/tournament/6a60b8f4937230b102d41760/standings,Incineroar:Charizard-Mega-Y:Toxapex:Garchomp:Venusaur:Hydreigon,5,Venusaur,Venusaur,Focus Sash,Chlorophyll,Sludge Bomb:Earth Power:Sleep Powder:Protect,Sludge Bomb,Earth Power,Sleep Powder,Protect,Incineroar:Charizard-Mega-Y:Toxapex:Garchomp:Hydreigon
2026-08-13,2026-08-13T12:00:02Z,pikalytics,gen9championsvgc2026regma,"Best Pokemon, teams, and builds in Pokemon Champions VGC 2026",https://pikalytics.com/pokedex/gen9championsvgc2026regma,18,6,Miscell O,Miscell O,8-0,8,0,0,8,100.00,𝗡𝗲𝗺𝗲 𝗪𝗲𝗲𝗸𝗹𝘆 𝗠-𝗕 𝗧𝗼𝘂𝗿 🏆 #𝟲𝟲,2026-07-24,1,1,21,https://play.limitlesstcg.com/tournament/6a60b8f4937230b102d41760/player/feliciano94/teamlist,https://play.limitlesstcg.com/tournament/6a60b8f4937230b102d41760/standings,Incineroar:Charizard-Mega-Y:Toxapex:Garchomp:Venusaur:Hydreigon,6,Hydreigon,Hydreigon,Choice Scarf,Levitate,Draco Meteor:Dark Pulse:Earth Power:Snarl,Draco Meteor,Dark Pulse,Earth Power,Snarl,Incineroar:Charizard-Mega-Y:Toxapex:Garchomp:Venusaur
2026-08-13,2026-08-13T12:00:02Z,pikalytics,gen9championsvgc2026regma,"Best Pokemon, teams, and builds in Pokemon Champions VGC 2026",https://pikalytics.com/pokedex/gen9championsvgc2026regma,20,6,SuperDialga,SuperDialga,9-1,9,1,0,10,90.00,CHAMPIONS REG. M-B |👑CROWN FIGHT Bo3 TOUR #78👑,2026-07-24,1,1,33,https://play.limitlesstcg.com/tournament/6a2ccdff2d97f3b0c261543d/player/superdialga/teamlist,https://play.limitlesstcg.com/tournament/6a2ccdff2d97f3b0c261543d/standings,Floette-Eternal-Mega:Whimsicott:Basculegion:Kingambit:Arcanine-Hisui:Dragonite,1,Floette-Eternal-Mega,Eternal Flower Floette,Floettite,Flower Veil,Moonblast:Dazzling Gleam:Light of Ruin:Protect,Moonblast,Dazzling Gleam,Light of Ruin,Protect,Whimsicott:Basculegion:Kingambit:Arcanine-Hisui:Dragonite
2026-08-13,2026-08-13T12:00:02Z,pikalytics,gen9championsvgc2026regma,"Best Pokemon, teams, and builds in Pokemon Champions VGC 2026",https://pikalytics.com/pokedex/gen9championsvgc2026regma,20,6,SuperDialga,SuperDialga,9-1,9,1,0,10,90.00,CHAMPIONS REG. M-B |👑CROWN FIGHT Bo3 TOUR #78👑,2026-07-24,1,1,33,https://play.limitlesstcg.com/tournament/6a2ccdff2d97f3b0c261543d/player/superdialga/teamlist,https://play.limitlesstcg.com/tournament/6a2ccdff2d97f3b0c261543d/standings,Floette-Eternal-Mega:Whimsicott:Basculegion:Kingambit:Arcanine-Hisui:Dragonite,2,Whimsicott,Whimsicott,Focus Sash,Prankster,Moonblast:Tailwind:Encore:Protect,Moonblast,Tailwind,Encore,Protect,Floette-Eternal-Mega:Basculegion:Kingambit:Arcanine-Hisui:Dragonite
2026-08-13,2026-08-13T12:00:02Z,pikalytics,gen9championsvgc2026regma,"Best Pokemon, teams, and builds in Pokemon Champions VGC 2026",https://pikalytics.com/pokedex/gen9championsvgc2026regma,20,6,SuperDialga,SuperDialga,9-1,9,1,0,10,90.00,CHAMPIONS REG. M-B |👑CROWN FIGHT Bo3 TOUR #78👑,2026-07-24,1,1,33,https://play.limitlesstcg.com/tournament/6a2ccdff2d97f3b0c261543d/player/superdialga/teamlist,https://play.limitlesstcg.com/tournament/6a2ccdff2d97f3b0c261543d/standings,Floette-Eternal-Mega:Whimsicott:Basculegion:Kingambit:Arcanine-Hisui:Dragonite,3,Basculegion,Basculegion,Choice Scarf,Adaptability,Last Respects:Wave Crash:Aqua Jet:Flip Turn,Last Respects,Wave Crash,Aqua Jet,Flip Turn,Floette-Eternal-Mega:Whimsicott:Kingambit:Arcanine-Hisui:Dragonite
2026-08-13,2026-08-13T12:00:02Z,pikalytics,gen9championsvgc2026regma,"Best Pokemon, teams, and builds in Pokemon Champions VGC 2026",https://pikalytics.com/pokedex/gen9championsvgc2026regma,20,6,SuperDialga,SuperDialga,9-1,9,1,0,10,90.00,CHAMPIONS REG. M-B |👑CROWN FIGHT Bo3 TOUR #78👑,2026-07-24,1,1,33,https://play.limitlesstcg.com/tournament/6a2ccdff2d97f3b0c261543d/player/superdialga/teamlist,https://play.limitlesstcg.com/tournament/6a2ccdff2d97f3b0c261543d/standings,Floette-Eternal-Mega:Whimsicott:Basculegion:Kingambit:Arcanine-Hisui:Dragonite,4,Kingambit,Kingambit,Black Glasses,Defiant,Sucker Punch:Kowtow Cleave:Iron Head:Protect,Sucker Punch,Kowtow Cleave,Iron Head,Protect,Floette-Eternal-Mega:Whimsicott:Basculegion:Arcanine-Hisui:Dragonite
2026-08-13,2026-08-13T12:00:02Z,pikalytics,gen9championsvgc2026regma,"Best Pokemon, teams, and builds in Pokemon Champions VGC 2026",https://pikalytics.com/pokedex/gen9championsvgc2026regma,20,6,SuperDialga,SuperDialga,9-1,9,1,0,10,90.00,CHAMPIONS REG. M-B |👑CROWN FIGHT Bo3 TOUR #78👑,2026-07-24,1,1,33,https://play.limitlesstcg.com/tournament/6a2ccdff2d97f3b0c261543d/player/superdialga/teamlist,https://play.limitlesstcg.com/tournament/6a2ccdff2d97f3b0c261543d/standings,Floette-Eternal-Mega:Whimsicott:Basculegion:Kingambit:Arcanine-Hisui:Dragonite,5,Arcanine-Hisui,Hisuian Arcanine,Sitrus Berry,Rock Head,Flare Blitz:Rock Slide:Head Smash:Protect,Flare Blitz,Rock Slide,Head Smash,Protect,Floette-Eternal-Mega:Whimsicott:Basculegion:Kingambit:Dragonite
2026-08-13,2026-08-13T12:00:02Z,pikalytics,gen9championsvgc2026regma,"Best Pokemon, teams, and builds in Pokemon Champions VGC 2026",https://pikalytics.com/pokedex/gen9championsvgc2026regma,20,6,SuperDialga,SuperDialga,9-1,9,1,0,10,90.00,CHAMPIONS REG. M-B |👑CROWN FIGHT Bo3 TOUR #78👑,2026-07-24,1,1,33,https://play.limitlesstcg.com/tournament/6a2ccdff2d97f3b0c261543d/player/superdialga/teamlist,https://play.limitlesstcg.com/tournament/6a2ccdff2d97f3b0c261543d/standings,Floette-Eternal-Mega:Whimsicott:Basculegion:Kingambit:Arcanine-Hisui:Dragonite,6,Dragonite,Dragonite,Dragon Fang,Inner Focus,Protect:Low Kick:Extreme Speed:Dragon Claw,Protect,Low Kick,Extreme Speed,Dragon Claw,Floette-Eternal-Mega:Whimsicott:Basculegion:Kingambit:Arcanine-Hisui
2026-09-09,2026-09-09T12:00:03Z,pikalytics,gen9championsvgc2026regma,"Best Pokemon, teams, and builds in Pokemon Champions VGC 2026",https://pikalytics.com/pokedex/gen9championsvgc2026regma,3,6,Beedrillvgc,Beedrillvgc,12-2,12,2,0,14,85.71,Free entry! $250 Global VGC Welcome Tour!,2026-07-25,1,1,116,https://play.limitlesstcg.com/tournament/6a50d22e063cb29d318e86d1/player/beedrillvgc/teamlist,https://play.limitlesstcg.com/tournament/6a50d22e063cb29d318e86d1/standings,Charizard-Mega-Y:Venusaur:Sinistcha:Incineroar:Floette-Eternal-Mega:Garchomp,1,Charizard-Mega-Y,Charizard,Charizardite Y,Blaze,Heat Wave:Protect:Solar Beam:Weather Ball,Heat Wave,Protect,Solar Beam,Weather Ball,Venusaur:Sinistcha:Incineroar:Floette-Eternal-Mega:Garchomp
2026-09-09,2026-09-09T12:00:03Z,pikalytics,gen9championsvgc2026regma,"Best Pokemon, teams, and builds in Pokemon Champions VGC 2026",https://pikalytics.com/pokedex/gen9championsvgc2026regma,3,6,Beedrillvgc,Beedrillvgc,12-2,12,2,0,14,85.71,Free entry! $250 Global VGC Welcome Tour!,2026-07-25,1,1,116,https://play.limitlesstcg.com/tournament/6a50d22e063cb29d318e86d1/player/beedrillvgc/teamlist,https://play.limitlesstcg.com/tournament/6a50d22e063cb29d318e86d1/standings,Charizard-Mega-Y:Venusaur:Sinistcha:Incineroar:Floette-Eternal-Mega:Garchomp,2,Venusaur,Venusaur,Focus Sash,Chlorophyll,Sludge Bomb:Leaf Storm:Protect:Sleep Powder,Sludge Bomb,Leaf Storm,Protect,Sleep Powder,Charizard-Mega-Y:Sinistcha:Incineroar:Floette-Eternal-Mega:Garchomp
2026-09-09,2026-09-09T12:00:03Z,pikalytics,gen9championsvgc2026regma,"Best Pokemon, teams, and builds in Pokemon Champions VGC 2026",https://pikalytics.com/pokedex/gen9championsvgc2026regma,3,6,Beedrillvgc,Beedrillvgc,12-2,12,2,0,14,85.71,Free entry! $250 Global VGC Welcome Tour!,2026-07-25,1,1,116,https://play.limitlesstcg.com/tournament/6a50d22e063cb29d318e86d1/player/beedrillvgc/teamlist,https://play.limitlesstcg.com/tournament/6a50d22e063cb29d318e86d1/standings,Charizard-Mega-Y:Venusaur:Sinistcha:Incineroar:Floette-Eternal-Mega:Garchomp,3,Sinistcha,Sinistcha,Colbur Berry,Hospitality,Trick Room:Protect:Matcha Gotcha:Rage Powder,Trick Room,Protect,Matcha Gotcha,Rage Powder,Charizard-Mega-Y:Venusaur:Incineroar:Floette-Eternal-Mega:Garchomp
2026-09-09,2026-09-09T12:00:03Z,pikalytics,gen9championsvgc2026regma,"Best Pokemon, teams, and builds in Pokemon Champions VGC 2026",https://pikalytics.com/pokedex/gen9championsvgc2026regma,3,6,Beedrillvgc,Beedrillvgc,12-2,12,2,0,14,85.71,Free entry! $250 Global VGC Welcome Tour!,2026-07-25,1,1,116,https://play.limitlesstcg.com/tournament/6a50d22e063cb29d318e86d1/player/beedrillvgc/teamlist,https://play.limitlesstcg.com/tournament/6a50d22e063cb29d318e86d1/standings,Charizard-Mega-Y:Venusaur:Sinistcha:Incineroar:Floette-Eternal-Mega:Garchomp,4,Incineroar,Incineroar,Sitrus Berry,Intimidate,Flare Blitz:Fake Out:Throat Chop:Parting Shot,Flare Blitz,Fake Out,Throat Chop,Parting Shot,Charizard-Mega-Y:Venusaur:Sinistcha:Floette-Eternal-Mega:Garchomp
2026-09-09,2026-09-09T12:00:03Z,pikalytics,gen9championsvgc2026regma,"Best Pokemon, teams, and builds in Pokemon Champions VGC 2026",https://pikalytics.com/pokedex/gen9championsvgc2026regma,3,6,Beedrillvgc,Beedrillvgc,12-2,12,2,0,14,85.71,Free entry! $250 Global VGC Welcome Tour!,2026-07-25,1,1,116,https://play.limitlesstcg.com/tournament/6a50d22e063cb29d318e86d1/player/beedrillvgc/teamlist,https://play.limitlesstcg.com/tournament/6a50d22e063cb29d318e86d1/standings,Charizard-Mega-Y:Venusaur:Sinistcha:Incineroar:Floette-Eternal-Mega:Garchomp,5,Floette-Eternal-Mega,Eternal Flower Floette,Floettite,Flower Veil,Moonblast:Calm Mind:Dazzling Gleam:Protect,Moonblast,Calm Mind,Dazzling Gleam,Protect,Charizard-Mega-Y:Venusaur:Sinistcha:Incineroar:Garchomp
2026-09-09,2026-09-09T12:00:03Z,pikalytics,gen9championsvgc2026regma,"Best Pokemon, teams, and builds in Pokemon Champions VGC 2026",https://pikalytics.com/pokedex/gen9championsvgc2026regma,3,6,Beedrillvgc,Beedrillvgc,12-2,12,2,0,14,85.71,Free entry! $250 Global VGC Welcome Tour!,2026-07-25,1,1,116,https://play.limitlesstcg.com/tournament/6a50d22e063cb29d318e86d1/player/beedrillvgc/teamlist,https://play.limitlesstcg.com/tournament/6a50d22e063cb29d318e86d1/standings,Charizard-Mega-Y:Venusaur:Sinistcha:Incineroar:Floette-Eternal-Mega:Garchomp,6,Garchomp,Garchomp,Choice Scarf,Rough Skin,Earthquake:Rock Slide:Dragon Claw:Stomping Tantrum,Earthquake,Rock Slide,Dragon Claw,Stomping Tantrum,Charizard-Mega-Y:Venusaur:Sinistcha:Incineroar:Floette-Eternal-Mega
2026-08-13,2026-08-13T12:00:02Z,pikalytics,gen9championsvgc2026regma,"Best Pokemon, teams, and builds in Pokemon Champions VGC 2026",https://pikalytics.com/pokedex/gen9championsvgc2026regma,15,6,PokeReplay,PokeReplay,8-0,8,0,0,8,100.00,Amyverse VGC Arena #3 ❤️ Pokémon Champions,2026-07-27,1,1,56,https://play.limitlesstcg.com/tournament/6a5ef71a52c24ac2da647ee1/player/pokereplay/teamlist,https://play.limitlesstcg.com/tournament/6a5ef71a52c24ac2da647ee1/standings,Charizard-Mega-Y:Venusaur:Sinistcha:Incineroar:Floette-Eternal-Mega:Garchomp,1,Charizard-Mega-Y,Charizard,Charizardite Y,Blaze,Heat Wave:Protect:Solar Beam:Weather Ball,Heat Wave,Protect,Solar Beam,Weather Ball,Venusaur:Sinistcha:Incineroar:Floette-Eternal-Mega:Garchomp
2026-08-13,2026-08-13T12:00:02Z,pikalytics,gen9championsvgc2026regma,"Best Pokemon, teams, and builds in Pokemon Champions VGC 2026",https://pikalytics.com/pokedex/gen9championsvgc2026regma,15,6,PokeReplay,PokeReplay,8-0,8,0,0,8,100.00,Amyverse VGC Arena #3 ❤️ Pokémon Champions,2026-07-27,1,1,56,https://play.limitlesstcg.com/tournament/6a5ef71a52c24ac2da647ee1/player/pokereplay/teamlist,https://play.limitlesstcg.com/tournament/6a5ef71a52c24ac2da647ee1/standings,Charizard-Mega-Y:Venusaur:Sinistcha:Incineroar:Floette-Eternal-Mega:Garchomp,2,Venusaur,Venusaur,Focus Sash,Chlorophyll,Sludge Bomb:Leaf Storm:Protect:Sleep Powder,Sludge Bomb,Leaf Storm,Protect,Sleep Powder,Charizard-Mega-Y:Sinistcha:Incineroar:Floette-Eternal-Mega:Garchomp
2026-08-13,2026-08-13T12:00:02Z,pikalytics,gen9championsvgc2026regma,"Best Pokemon, teams, and builds in Pokemon Champions VGC 2026",https://pikalytics.com/pokedex/gen9championsvgc2026regma,15,6,PokeReplay,PokeReplay,8-0,8,0,0,8,100.00,Amyverse VGC Arena #3 ❤️ Pokémon Champions,2026-07-27,1,1,56,https://play.limitlesstcg.com/tournament/6a5ef71a52c24ac2da647ee1/player/pokereplay/teamlist,https://play.limitlesstcg.com/tournament/6a5ef71a52c24ac2da647ee1/standings,Charizard-Mega-Y:Venusaur:Sinistcha:Incineroar:Floette-Eternal-Mega:Garchomp,3,Sinistcha,Sinistcha,Colbur Berry,Hospitality,Trick Room:Protect:Matcha Gotcha:Rage Powder,Trick Room,Protect,Matcha Gotcha,Rage Powder,Charizard-Mega-Y:Venusaur:Incineroar:Floette-Eternal-Mega:Garchomp
2026-08-13,2026-08-13T12:00:02Z,pikalytics,gen9championsvgc2026regma,"Best Pokemon, teams, and builds in Pokemon Champions VGC 2026",https://pikalytics.com/pokedex/gen9championsvgc2026regma,15,6,PokeReplay,PokeReplay,8-0,8,0,0,8,100.00,Amyverse VGC Arena #3 ❤️ Pokémon Champions,2026-07-27,1,1,56,https://play.limitlesstcg.com/tournament/6a5ef71a52c24ac2da647ee1/player/pokereplay/teamlist,https://play.limitlesstcg.com/tournament/6a5ef71a52c24ac2da647ee1/standings,Charizard-Mega-Y:Venusaur:Sinistcha:Incineroar:Floette-Eternal-Mega:Garchomp,4,Incineroar,Incineroar,Sitrus Berry,Intimidate,Flare Blitz:Fake Out:Throat Chop:Parting Shot,Flare Blitz,Fake Out,Throat Chop,Parting Shot,Charizard-Mega-Y:Venusaur:Sinistcha:Floette-Eternal-Mega:Garchomp
2026-08-13,2026-08-13T12:00:02Z,pikalytics,gen9championsvgc2026regma,"Best Pokemon, teams, and builds in Pokemon Champions VGC 2026",https://pikalytics.com/pokedex/gen9championsvgc2026regma,15,6,PokeReplay,PokeReplay,8-0,8,0,0,8,100.00,Amyverse VGC Arena #3 ❤️ Pokémon Champions,2026-07-27,1,1,56,https://play.limitlesstcg.com/tournament/6a5ef71a52c24ac2da647ee1/player/pokereplay/teamlist,https://play.limitlesstcg.com/tournament/6a5ef71a52c24ac2da647ee1/standings,Charizard-Mega-Y:Venusaur:Sinistcha:Incineroar:Floette-Eternal-Mega:Garchomp,5,Floette-Eternal-Mega,Eternal Flower Floette,Floettite,Flower Veil,Moonblast:Calm Mind:Dazzling Gleam:Protect,Moonblast,Calm Mind,Dazzling Gleam,Protect,Charizard-Mega-Y:Venusaur:Sinistcha:Incineroar:Garchomp
2026-08-13,2026-08-13T12:00:02Z,pikalytics,gen9championsvgc2026regma,"Best Pokemon, teams, and builds in Pokemon Champions VGC 2026",https://pikalytics.com/pokedex/gen9championsvgc2026regma,15,6,PokeReplay,PokeReplay,8-0,8,0,0,8,100.00,Amyverse VGC Arena #3 ❤️ Pokémon Champions,2026-07-27,1,1,56,https://play.limitlesstcg.com/tournament/6a5ef71a52c24ac2da647ee1/player/pokereplay/teamlist,https://play.limitlesstcg.com/tournament/6a5ef71a52c24ac2da647ee1/standings,Charizard-Mega-Y:Venusaur:Sinistcha:Incineroar:Floette-Eternal-Mega:Garchomp,6,Garchomp,Garchomp,Choice Scarf,Rough Skin,Earthquake:Rock Slide:Dragon Claw:Stomping Tantrum,Earthquake,Rock Slide,Dragon Claw,Stomping Tantrum,Charizard-Mega-Y:Venusaur:Sinistcha:Incineroar:Floette-Eternal-Mega
2026-09-09,2026-09-09T12:00:03Z,pikalytics,gen9championsvgc2026regma,"Best Pokemon, teams, and builds in Pokemon Champions VGC 2026",https://pikalytics.com/pokedex/gen9championsvgc2026regma,17,6,RoarMistico,RoarMistico,11-1,11,1,0,12,91.67,[❄️lanakila.vg] Second Ascent,2026-07-27,1,1,35,https://play.limitlesstcg.com/tournament/6a56275e232a1a55ee10c2a7/player/roarmistico/teamlist,https://play.limitlesstcg.com/tournament/6a56275e232a1a55ee10c2a7/standings,Staraptor-Mega:Garchomp:Whimsicott:Delphox-Mega:Glimmora:Kingambit,1,Staraptor-Mega,Staraptor,Staraptite,Intimidate,Protect:Roost:Close Combat:Brave Bird,Protect,Roost,Close Combat,Brave Bird,Garchomp:Whimsicott:Delphox-Mega:Glimmora:Kingambit
2026-09-09,2026-09-09T12:00:03Z,pikalytics,gen9championsvgc2026regma,"Best Pokemon, teams, and builds in Pokemon Champions VGC 2026",https://pikalytics.com/pokedex/gen9championsvgc2026regma,17,6,RoarMistico,RoarMistico,11-1,11,1,0,12,91.67,[❄️lanakila.vg] Second Ascent,2026-07-27,1,1,35,https://play.limitlesstcg.com/tournament/6a56275e232a1a55ee10c2a7/player/roarmistico/teamlist,https://play.limitlesstcg.com/tournament/6a56275e232a1a55ee10c2a7/standings,Staraptor-Mega:Garchomp:Whimsicott:Delphox-Mega:Glimmora:Kingambit,2,Garchomp,Garchomp,Life Orb,Rough Skin,Protect:Rock Slide:Earthquake:Dragon Claw,Protect,Rock Slide,Earthquake,Dragon Claw,Staraptor-Mega:Whimsicott:Delphox-Mega:Glimmora:Kingambit
2026-09-09,2026-09-09T12:00:03Z,pikalytics,gen9championsvgc2026regma,"Best Pokemon, teams, and builds in Pokemon Champions VGC 2026",https://pikalytics.com/pokedex/gen9championsvgc2026regma,17,6,RoarMistico,RoarMistico,11-1,11,1,0,12,91.67,[❄️lanakila.vg] Second Ascent,2026-07-27,1,1,35,https://play.limitlesstcg.com/tournament/6a56275e232a1a55ee10c2a7/player/roarmistico/teamlist,https://play.limitlesstcg.com/tournament/6a56275e232a1a55ee10c2a7/standings,Staraptor-Mega:Garchomp:Whimsicott:Delphox-Mega:Glimmora:Kingambit,3,Whimsicott,Whimsicott,Occa Berry,Prankster,Moonblast:Tailwind:Charm:Light Screen,Moonblast,Tailwind,Charm,Light Screen,Staraptor-Mega:Garchomp:Delphox-Mega:Glimmora:Kingambit
2026-09-09,2026-09-09T12:00:03Z,pikalytics,gen9championsvgc2026regma,"Best Pokemon, teams, and builds in Pokemon Champions VGC 2026",https://pikalytics.com/pokedex/gen9championsvgc2026regma,17,6,RoarMistico,RoarMistico,11-1,11,1,0,12,91.67,[❄️lanakila.vg] Second Ascent,2026-07-27,1,1,35,https://play.limitlesstcg.com/tournament/6a56275e232a1a55ee10c2a7/player/roarmistico/teamlist,https://play.limitlesstcg.com/tournament/6a56275e232a1a55ee10c2a7/standings,Staraptor-Mega:Garchomp:Whimsicott:Delphox-Mega:Glimmora:Kingambit,4,Delphox-Mega,Delphox,Delphoxite,Magician,Protect:Psychic:Heat Wave:Substitute,Protect,Psychic,Heat Wave,Substitute,Staraptor-Mega:Garchomp:Whimsicott:Glimmora:Kingambit
2026-09-09,2026-09-09T12:00:03Z,pikalytics,gen9championsvgc2026regma,"Best Pokemon, teams, and builds in Pokemon Champions VGC 2026",https://pikalytics.com/pokedex/gen9championsvgc2026regma,17,6,RoarMistico,RoarMistico,11-1,11,1,0,12,91.67,[❄️lanakila.vg] Second Ascent,2026-07-27,1,1,35,https://play.limitlesstcg.com/tournament/6a56275e232a1a55ee10c2a7/player/roarmistico/teamlist,https://play.limitlesstcg.com/tournament/6a56275e232a1a55ee10c2a7/standings,Staraptor-Mega:Garchomp:Whimsicott:Delphox-Mega:Glimmora:Kingambit,5,Glimmora,Glimmora,Focus Sash,Toxic Debris,Spiky Shield:Earth Power:Power Gem:Sludge Bomb,Spiky Shield,Earth Power,Power Gem,Sludge Bomb,Staraptor-Mega:Garchomp:Whimsicott:Delphox-Mega:Kingambit
2026-09-09,2026-09-09T12:00:03Z,pikalytics,gen9championsvgc2026regma,"Best Pokemon, teams, and builds in Pokemon Champions VGC 2026",https://pikalytics.com/pokedex/gen9championsvgc2026regma,17,6,RoarMistico,RoarMistico,11-1,11,1,0,12,91.67,[❄️lanakila.vg] Second Ascent,2026-07-27,1,1,35,https://play.limitlesstcg.com/tournament/6a56275e232a1a55ee10c2a7/player/roarmistico/teamlist,https://play.limitlesstcg.com/tournament/6a56275e232a1a55ee10c2a7/standings,Staraptor-Mega:Garchomp:Whimsicott:Delphox-Mega:Glimmora:Kingambit,6,Kingambit,Kingambit,Chople Berry,Defiant,Kowtow Cleave:Iron Head:Sucker Punch:Low Kick,Kowtow Cleave,Iron Head,Sucker Punch,Low Kick,Staraptor-Mega:Garchomp:Whimsicott:Delphox-Mega:Glimmora
2026-09-09,2026-09-09T12:00:03Z,pikalytics,gen9championsvgc2026regma,"Best Pokemon, teams, and builds in Pokemon Champions VGC 2026",https://pikalytics.com/pokedex/gen9championsvgc2026regma,9,6,ChefRich22,ChefRich22,10-0,10,0,0,10,100.00,HeroicTitan’s VGC Battle Arena,2026-07-29,1,1,49,https://play.limitlesstcg.com/tournament/6a66a852937230b102d463c7/player/chefrich22/teamlist,https://play.limitlesstcg.com/tournament/6a66a852937230b102d463c7/standings,Whimsicott:Delphox-Mega:Staraptor-Mega:Glimmora:Garchomp:Kingambit,1,Whimsicott,Whimsicott,Occa Berry,Prankster,Tailwind:Moonblast:Charm:Encore,Tailwind,Moonblast,Charm,Encore,Delphox-Mega:Staraptor-Mega:Glimmora:Garchomp:Kingambit
2026-09-09,2026-09-09T12:00:03Z,pikalytics,gen9championsvgc2026regma,"Best Pokemon, teams, and builds in Pokemon Champions VGC 2026",https://pikalytics.com/pokedex/gen9championsvgc2026regma,9,6,ChefRich22,ChefRich22,10-0,10,0,0,10,100.00,HeroicTitan’s VGC Battle Arena,2026-07-29,1,1,49,https://play.limitlesstcg.com/tournament/6a66a852937230b102d463c7/player/chefrich22/teamlist,https://play.limitlesstcg.com/tournament/6a66a852937230b102d463c7/standings,Whimsicott:Delphox-Mega:Staraptor-Mega:Glimmora:Garchomp:Kingambit,2,Delphox-Mega,Delphox,Delphoxite,Blaze,Heat Wave:Psychic:Substitute:Protect,Heat Wave,Psychic,Substitute,Protect,Whimsicott:Staraptor-Mega:Glimmora:Garchomp:Kingambit
2026-09-09,2026-09-09T12:00:03Z,pikalytics,gen9championsvgc2026regma,"Best Pokemon, teams, and builds in Pokemon Champions VGC 2026",https://pikalytics.com/pokedex/gen9championsvgc2026regma,9,6,ChefRich22,ChefRich22,10-0,10,0,0,10,100.00,HeroicTitan’s VGC Battle Arena,2026-07-29,1,1,49,https://play.limitlesstcg.com/tournament/6a66a852937230b102d463c7/player/chefrich22/teamlist,https://play.limitlesstcg.com/tournament/6a66a852937230b102d463c7/standings,Whimsicott:Delphox-Mega:Staraptor-Mega:Glimmora:Garchomp:Kingambit,3,Staraptor-Mega,Staraptor,Staraptite,Contrary,Brave Bird:Close Combat:Roost:Protect,Brave Bird,Close Combat,Roost,Protect,Whimsicott:Delphox-Mega:Glimmora:Garchomp:Kingambit
2026-09-09,2026-09-09T12:00:03Z,pikalytics,gen9championsvgc2026regma,"Best Pokemon, teams, and builds in Pokemon Champions VGC 2026",https://pikalytics.com/pokedex/gen9championsvgc2026regma,9,6,ChefRich22,ChefRich22,10-0,10,0,0,10,100.00,HeroicTitan’s VGC Battle Arena,2026-07-29,1,1,49,https://play.limitlesstcg.com/tournament/6a66a852937230b102d463c7/player/chefrich22/teamlist,https://play.limitlesstcg.com/tournament/6a66a852937230b102d463c7/standings,Whimsicott:Delphox-Mega:Staraptor-Mega:Glimmora:Garchomp:Kingambit,4,Glimmora,Glimmora,Focus Sash,Toxic Debris,Power Gem:Sludge Bomb:Earth Power:Spiky Shield,Power Gem,Sludge Bomb,Earth Power,Spiky Shield,Whimsicott:Delphox-Mega:Staraptor-Mega:Garchomp:Kingambit
2026-09-09,2026-09-09T12:00:03Z,pikalytics,gen9championsvgc2026regma,"Best Pokemon, teams, and builds in Pokemon Champions VGC 2026",https://pikalytics.com/pokedex/gen9championsvgc2026regma,9,6,ChefRich22,ChefRich22,10-0,10,0,0,10,100.00,HeroicTitan’s VGC Battle Arena,2026-07-29,1,1,49,https://play.limitlesstcg.com/tournament/6a66a852937230b102d463c7/player/chefrich22/teamlist,https://play.limitlesstcg.com/tournament/6a66a852937230b102d463c7/standings,Whimsicott:Delphox-Mega:Staraptor-Mega:Glimmora:Garchomp:Kingambit,5,Garchomp,Garchomp,Life Orb,Rough Skin,Protect:Dragon Claw:Rock Slide:Earthquake,Protect,Dragon Claw,Rock Slide,Earthquake,Whimsicott:Delphox-Mega:Staraptor-Mega:Glimmora:Kingambit
2026-09-09,2026-09-09T12:00:03Z,pikalytics,gen9championsvgc2026regma,"Best Pokemon, teams, and builds in Pokemon Champions VGC 2026",https://pikalytics.com/pokedex/gen9championsvgc2026regma,9,6,ChefRich22,ChefRich22,10-0,10,0,0,10,100.00,HeroicTitan’s VGC Battle Arena,2026-07-29,1,1,49,https://play.limitlesstcg.com/tournament/6a66a852937230b102d463c7/player/chefrich22/teamlist,https://play.limitlesstcg.com/tournament/6a66a852937230b102d463c7/standings,Whimsicott:Delphox-Mega:Staraptor-Mega:Glimmora:Garchomp:Kingambit,6,Kingambit,Kingambit,Black Glasses,Defiant,Kowtow Cleave:Sucker Punch:Iron Head:Protect,Kowtow Cleave,Sucker Punch,Iron Head,Protect,Whimsicott:Delphox-Mega:Staraptor-Mega:Glimmora:Garchomp
2026-09-09,2026-09-09T12:00:03Z,pikalytics,gen9championsvgc2026regma,"Best Pokemon, teams, and builds in Pokemon Champions VGC 2026",https://pikalytics.com/pokedex/gen9championsvgc2026regma,12,6,Esquie,Esquie,12-0,12,0,0,12,100.00,🍋Sitrus-Series🍋|Champions-MB|#69,2026-07-29,1,1,157,https://play.limitlesstcg.com/tournament/6a5d0565937230b102d3f9cf/player/esquie/teamlist,https://play.limitlesstcg.com/tournament/6a5d0565937230b102d3f9cf/standings,Lycanroc:Sneasler:Froslass-Mega:Kingambit:Scovillain-Mega:Basculegion,1,Lycanroc,Lycanroc Dusk,Focus Sash,Tough Claws,Rock Slide:Close Combat:Accelerock:Protect,Rock Slide,Close Combat,Accelerock,Protect,Sneasler:Froslass-Mega:Kingambit:Scovillain-Mega:Basculegion
2026-09-09,2026-09-09T12:00:03Z,pikalytics,gen9championsvgc2026regma,"Best Pokemon, teams, and builds in Pokemon Champions VGC 2026",https://pikalytics.com/pokedex/gen9championsvgc2026regma,12,6,Esquie,Esquie,12-0,12,0,0,12,100.00,🍋Sitrus-Series🍋|Champions-MB|#69,2026-07-29,1,1,157,https://play.limitlesstcg.com/tournament/6a5d0565937230b102d3f9cf/player/esquie/teamlist,https://play.limitlesstcg.com/tournament/6a5d0565937230b102d3f9cf/standings,Lycanroc:Sneasler:Froslass-Mega:Kingambit:Scovillain-Mega:Basculegion,2,Sneasler,Sneasler,White Herb,Unburden,Fake Out:Dire Claw:Close Combat:Protect,Fake Out,Dire Claw,Close Combat,Protect,Lycanroc:Froslass-Mega:Kingambit:Scovillain-Mega:Basculegion
2026-09-09,2026-09-09T12:00:03Z,pikalytics,gen9championsvgc2026regma,"Best Pokemon, teams, and builds in Pokemon Champions VGC 2026",https://pikalytics.com/pokedex/gen9championsvgc2026regma,12,6,Esquie,Esquie,12-0,12,0,0,12,100.00,🍋Sitrus-Series🍋|Champions-MB|#69,2026-07-29,1,1,157,https://play.limitlesstcg.com/tournament/6a5d0565937230b102d3f9cf/player/esquie/teamlist,https://play.limitlesstcg.com/tournament/6a5d0565937230b102d3f9cf/standings,Lycanroc:Sneasler:Froslass-Mega:Kingambit:Scovillain-Mega:Basculegion,3,Froslass-Mega,Froslass,Froslassite,Cursed Body,Blizzard:Shadow Ball:Aurora Veil:Protect,Blizzard,Shadow Ball,Aurora Veil,Protect,Lycanroc:Sneasler:Kingambit:Scovillain-Mega:Basculegion
2026-09-09,2026-09-09T12:00:03Z,pikalytics,gen9championsvgc2026regma,"Best Pokemon, teams, and builds in Pokemon Champions VGC 2026",https://pikalytics.com/pokedex/gen9championsvgc2026regma,12,6,Esquie,Esquie,12-0,12,0,0,12,100.00,🍋Sitrus-Series🍋|Champions-MB|#69,2026-07-29,1,1,157,https://play.limitlesstcg.com/tournament/6a5d0565937230b102d3f9cf/player/esquie/teamlist,https://play.limitlesstcg.com/tournament/6a5d0565937230b102d3f9cf/standings,Lycanroc:Sneasler:Froslass-Mega:Kingambit:Scovillain-Mega:Basculegion,4,Kingambit,Kingambit,Black Glasses,Defiant,Kowtow Cleave:Swords Dance:Sucker Punch:Protect,Kowtow Cleave,Swords Dance,Sucker Punch,Protect,Lycanroc:Sneasler:Froslass-Mega:Scovillain-Mega:Basculegion
2026-09-09,2026-09-09T12:00:03Z,pikalytics,gen9championsvgc2026regma,"Best Pokemon, teams, and builds in Pokemon Champions VGC 2026",https://pikalytics.com/pokedex/gen9championsvgc2026regma,12,6,Esquie,Esquie,12-0,12,0,0,12,100.00,🍋Sitrus-Series🍋|Champions-MB|#69,2026-07-29,1,1,157,https://play.limitlesstcg.com/tournament/6a5d0565937230b102d3f9cf/player/esquie/teamlist,https://play.limitlesstcg.com/tournament/6a5d0565937230b102d3f9cf/standings,Lycanroc:Sneasler:Froslass-Mega:Kingambit:Scovillain-Mega:Basculegion,5,Scovillain-Mega,Scovillain,Scovillainite,Moody,Overheat:Giga Drain:Rage Powder:Protect,Overheat,Giga Drain,Rage Powder,Protect,Lycanroc:Sneasler:Froslass-Mega:Kingambit:Basculegion
2026-09-09,2026-09-09T12:00:03Z,pikalytics,gen9championsvgc2026regma,"Best Pokemon, teams, and builds in Pokemon Champions VGC 2026",https://pikalytics.com/pokedex/gen9championsvgc2026regma,12,6,Esquie,Esquie,12-0,12,0,0,12,100.00,🍋Sitrus-Series🍋|Champions-MB|#69,2026-07-29,1,1,157,https://play.limitlesstcg.com/tournament/6a5d0565937230b102d3f9cf/player/esquie/teamlist,https://play.limitlesstcg.com/tournament/6a5d0565937230b102d3f9cf/standings,Lycanroc:Sneasler:Froslass-Mega:Kingambit:Scovillain-Mega:Basculegion,6,Basculegion,Basculegion,Sitrus Berry,Adaptability,Wave Crash:Last Respects:Aqua Jet:Protect,Wave Crash,Last Respects,Aqua Jet,Protect,Lycanroc:Sneasler:Froslass-Mega:Kingambit:Scovillain-Mega
2026-09-09,2026-09-09T12:00:03Z,pikalytics,gen9championsvgc2026regma,"Best Pokemon, teams, and builds in Pokemon Champions VGC 2026",https://pikalytics.com/pokedex/gen9championsvgc2026regma,10,6,Great Papayaman,Great Papayaman,10-0,10,0,0,10,100.00,Devils Den Tournaments #85,2026-07-31,1,1,59,https://play.limitlesstcg.com/tournament/6a68f1a052c24ac2da64e9b1/player/eddielr24/teamlist,https://play.limitlesstcg.com/tournament/6a68f1a052c24ac2da64e9b1/standings,Mawile-Mega:Farigiraf:Incineroar:Garchomp:Venusaur:Charizard-Mega-Y,1,Mawile-Mega,Mawile,Mawilite,Hyper Cutter,Play Rough:Rock Slide:Sucker Punch:Protect,Play Rough,Rock Slide,Sucker Punch,Protect,Farigiraf:Incineroar:Garchomp:Venusaur:Charizard-Mega-Y
2026-09-09,2026-09-09T12:00:03Z,pikalytics,gen9championsvgc2026regma,"Best Pokemon, teams, and builds in Pokemon Champions VGC 2026",https://pikalytics.com/pokedex/gen9championsvgc2026regma,10,6,Great Papayaman,Great Papayaman,10-0,10,0,0,10,100.00,Devils Den Tournaments #85,2026-07-31,1,1,59,https://play.limitlesstcg.com/tournament/6a68f1a052c24ac2da64e9b1/player/eddielr24/teamlist,https://play.limitlesstcg.com/tournament/6a68f1a052c24ac2da64e9b1/standings,Mawile-Mega:Farigiraf:Incineroar:Garchomp:Venusaur:Charizard-Mega-Y,2,Farigiraf,Farigiraf,Colbur Berry,Armor Tail,Psychic:Thunderbolt:Helping Hand:Trick Room,Psychic,Thunderbolt,Helping Hand,Trick Room,Mawile-Mega:Incineroar:Garchomp:Venusaur:Charizard-Mega-Y
2026-09-09,2026-09-09T12:00:03Z,pikalytics,gen9championsvgc2026regma,"Best Pokemon, teams, and builds in Pokemon Champions VGC 2026",https://pikalytics.com/pokedex/gen9championsvgc2026regma,10,6,Great Papayaman,Great Papayaman,10-0,10,0,0,10,100.00,Devils Den Tournaments #85,2026-07-31,1,1,59,https://play.limitlesstcg.com/tournament/6a68f1a052c24ac2da64e9b1/player/eddielr24/teamlist,https://play.limitlesstcg.com/tournament/6a68f1a052c24ac2da64e9b1/standings,Mawile-Mega:Farigiraf:Incineroar:Garchomp:Venusaur:Charizard-Mega-Y,3,Incineroar,Incineroar,Sitrus Berry,Intimidate,Flare Blitz:Darkest Lariat:Fake Out:Parting Shot,Flare Blitz,Darkest Lariat,Fake Out,Parting Shot,Mawile-Mega:Farigiraf:Garchomp:Venusaur:Charizard-Mega-Y
2026-09-09,2026-09-09T12:00:03Z,pikalytics,gen9championsvgc2026regma,"Best Pokemon, teams, and builds in Pokemon Champions VGC 2026",https://pikalytics.com/pokedex/gen9championsvgc2026regma,10,6,Great Papayaman,Great Papayaman,10-0,10,0,0,10,100.00,Devils Den Tournaments #85,2026-07-31,1,1,59,https://play.limitlesstcg.com/tournament/6a68f1a052c24ac2da64e9b1/player/eddielr24/teamlist,https://play.limitlesstcg.com/tournament/6a68f1a052c24ac2da64e9b1/standings,Mawile-Mega:Farigiraf:Incineroar:Garchomp:Venusaur:Charizard-Mega-Y,4,Garchomp,Garchomp,Life Orb,Rough Skin,Earthquake:Dragon Claw:Rock Slide:Protect,Earthquake,Dragon Claw,Rock Slide,Protect,Mawile-Mega:Farigiraf:Incineroar:Venusaur:Charizard-Mega-Y
2026-09-09,2026-09-09T12:00:03Z,pikalytics,gen9championsvgc2026regma,"Best Pokemon, teams, and builds in Pokemon Champions VGC 2026",https://pikalytics.com/pokedex/gen9championsvgc2026regma,10,6,Great Papayaman,Great Papayaman,10-0,10,0,0,10,100.00,Devils Den Tournaments #85,2026-07-31,1,1,59,https://play.limitlesstcg.com/tournament/6a68f1a052c24ac2da64e9b1/player/eddielr24/teamlist,https://play.limitlesstcg.com/tournament/6a68f1a052c24ac2da64e9b1/standings,Mawile-Mega:Farigiraf:Incineroar:Garchomp:Venusaur:Charizard-Mega-Y,5,Venusaur,Venusaur,Focus Sash,Chlorophyll,Leaf Storm:Sludge Bomb:Protect:Sleep Powder,Leaf Storm,Sludge Bomb,Protect,Sleep Powder,Mawile-Mega:Farigiraf:Incineroar:Garchomp:Charizard-Mega-Y
2026-09-09,2026-09-09T12:00:03Z,pikalytics,gen9championsvgc2026regma,"Best Pokemon, teams, and builds in Pokemon Champions VGC 2026",https://pikalytics.com/pokedex/gen9championsvgc2026regma,10,6,Great Papayaman,Great Papayaman,10-0,10,0,0,10,100.00,Devils Den Tournaments #85,2026-07-31,1,1,59,https://play.limitlesstcg.com/tournament/6a68f1a052c24ac2da64e9b1/player/eddielr24/teamlist,https://play.limitlesstcg.com/tournament/6a68f1a052c24ac2da64e9b1/standings,Mawile-Mega:Farigiraf:Incineroar:Garchomp:Venusaur:Charizard-Mega-Y,6,Charizard-Mega-Y,Charizard,Charizardite Y,Blaze,Heat Wave:Solar Beam:Weather Ball:Protect,Heat Wave,Solar Beam,Weather Ball,Protect,Mawile-Mega:Farigiraf:Incineroar:Garchomp:Venusaur
2026-09-09,2026-09-09T12:00:03Z,pikalytics,gen9championsvgc2026regma,"Best Pokemon, teams, and builds in Pokemon Champions VGC 2026",https://pikalytics.com/pokedex/gen9championsvgc2026regma,2,6,AyushXD,AyushXD,13-2,13,2,0,15,86.67,POKÉMON CHAMPIONS INDIAN LEAGUE S2,2026-08-03,1,1,626,https://play.limitlesstcg.com/tournament/6a6440a4937230b102d43ee4/player/ayushxd/teamlist,https://play.limitlesstcg.com/tournament/6a6440a4937230b102d43ee4/standings,Gengar-Mega:Archaludon:Politoed:Swampert-Mega:Vivillon:Incineroar,1,Gengar-Mega,Gengar,Gengarite,Cursed Body,Shadow Ball:Sludge Bomb:Perish Song:Protect,Shadow Ball,Sludge Bomb,Perish Song,Protect,Archaludon:Politoed:Swampert-Mega:Vivillon:Incineroar
2026-09-09,2026-09-09T12:00:03Z,pikalytics,gen9championsvgc2026regma,"Best Pokemon, teams, and builds in Pokemon Champions VGC 2026",https://pikalytics.com/pokedex/gen9championsvgc2026regma,2,6,AyushXD,AyushXD,13-2,13,2,0,15,86.67,POKÉMON CHAMPIONS INDIAN LEAGUE S2,2026-08-03,1,1,626,https://play.limitlesstcg.com/tournament/6a6440a4937230b102d43ee4/player/ayushxd/teamlist,https://play.limitlesstcg.com/tournament/6a6440a4937230b102d43ee4/standings,Gengar-Mega:Archaludon:Politoed:Swampert-Mega:Vivillon:Incineroar,2,Archaludon,Archaludon,Leftovers,Stamina,Electro Shot:Dragon Pulse:Flash Cannon:Protect,Electro Shot,Dragon Pulse,Flash Cannon,Protect,Gengar-Mega:Politoed:Swampert-Mega:Vivillon:Incineroar
2026-09-09,2026-09-09T12:00:03Z,pikalytics,gen9championsvgc2026regma,"Best Pokemon, teams, and builds in Pokemon Champions VGC 2026",https://pikalytics.com/pokedex/gen9championsvgc2026regma,2,6,AyushXD,AyushXD,13-2,13,2,0,15,86.67,POKÉMON CHAMPIONS INDIAN LEAGUE S2,2026-08-03,1,1,626,https://play.limitlesstcg.com/tournament/6a6440a4937230b102d43ee4/player/ayushxd/teamlist,https://play.limitlesstcg.com/tournament/6a6440a4937230b102d43ee4/standings,Gengar-Mega:Archaludon:Politoed:Swampert-Mega:Vivillon:Incineroar,3,Politoed,Politoed,Sitrus Berry,Drizzle,Weather Ball:Hypnosis:Perish Song:Protect,Weather Ball,Hypnosis,Perish Song,Protect,Gengar-Mega:Archaludon:Swampert-Mega:Vivillon:Incineroar
2026-09-09,2026-09-09T12:00:03Z,pikalytics,gen9championsvgc2026regma,"Best Pokemon, teams, and builds in Pokemon Champions VGC 2026",https://pikalytics.com/pokedex/gen9championsvgc2026regma,2,6,AyushXD,AyushXD,13-2,13,2,0,15,86.67,POKÉMON CHAMPIONS INDIAN LEAGUE S2,2026-08-03,1,1,626,https://play.limitlesstcg.com/tournament/6a6440a4937230b102d43ee4/player/ayushxd/teamlist,https://play.limitlesstcg.com/tournament/6a6440a4937230b102d43ee4/standings,Gengar-Mega:Archaludon:Politoed:Swampert-Mega:Vivillon:Incineroar,4,Swampert-Mega,Swampert,Swampertite,Torrent,Wave Crash:Earthquake:Ice Punch:Protect,Wave Crash,Earthquake,Ice Punch,Protect,Gengar-Mega:Archaludon:Politoed:Vivillon:Incineroar
2026-09-09,2026-09-09T12:00:03Z,pikalytics,gen9championsvgc2026regma,"Best Pokemon, teams, and builds in Pokemon Champions VGC 2026",https://pikalytics.com/pokedex/gen9championsvgc2026regma,2,6,AyushXD,AyushXD,13-2,13,2,0,15,86.67,POKÉMON CHAMPIONS INDIAN LEAGUE S2,2026-08-03,1,1,626,https://play.limitlesstcg.com/tournament/6a6440a4937230b102d43ee4/player/ayushxd/teamlist,https://play.limitlesstcg.com/tournament/6a6440a4937230b102d43ee4/standings,Gengar-Mega:Archaludon:Politoed:Swampert-Mega:Vivillon:Incineroar,5,Vivillon,Vivillon,Focus Sash,Compound Eyes,Hurricane:Sleep Powder:Rage Powder:Protect,Hurricane,Sleep Powder,Rage Powder,Protect,Gengar-Mega:Archaludon:Politoed:Swampert-Mega:Incineroar
2026-09-09,2026-09-09T12:00:03Z,pikalytics,gen9championsvgc2026regma,"Best Pokemon, teams, and builds in Pokemon Champions VGC 2026",https://pikalytics.com/pokedex/gen9championsvgc2026regma,2,6,AyushXD,AyushXD,13-2,13,2,0,15,86.67,POKÉMON CHAMPIONS INDIAN LEAGUE S2,2026-08-03,1,1,626,https://play.limitlesstcg.com/tournament/6a6440a4937230b102d43ee4/player/ayushxd/teamlist,https://play.limitlesstcg.com/tournament/6a6440a4937230b102d43ee4/standings,Gengar-Mega:Archaludon:Politoed:Swampert-Mega:Vivillon:Incineroar,6,Incineroar,Incineroar,Passho Berry,Intimidate,Throat Chop:Fake Out:Parting Shot:Protect,Throat Chop,Fake Out,Parting Shot,Protect,Gengar-Mega:Archaludon:Politoed:Swampert-Mega:Vivillon
2026-09-09,2026-09-09T12:00:03Z,pikalytics,gen9championsvgc2026regma,"Best Pokemon, teams, and builds in Pokemon Champions VGC 2026",https://pikalytics.com/pokedex/gen9championsvgc2026regma,7,6,ChefRich22,ChefRich22,11-1,11,1,0,12,91.67,Talon's FIGHT CLUB #96 POKEMON CHAMPIONS,2026-08-06,1,1,103,https://play.limitlesstcg.com/tournament/6a6a30d452c24ac2da64f28f/player/chefrich22/teamlist,https://play.limitlesstcg.com/tournament/6a6a30d452c24ac2da64f28f/standings,Charizard-Mega-Y:Pelipper:Archaludon:Venusaur:Swampert-Mega:Grimmsnarl,1,Charizard-Mega-Y,Charizard,Charizardite Y,Blaze,Protect:Heat Wave:Weather Ball:Hurricane,Protect,Heat Wave,Weather Ball,Hurricane,Pelipper:Archaludon:Venusaur:Swampert-Mega:Grimmsnarl
2026-09-09,2026-09-09T12:00:03Z,pikalytics,gen9championsvgc2026regma,"Best Pokemon, teams, and builds in Pokemon Champions VGC 2026",https://pikalytics.com/pokedex/gen9championsvgc2026regma,7,6,ChefRich22,ChefRich22,11-1,11,1,0,12,91.67,Talon's FIGHT CLUB #96 POKEMON CHAMPIONS,2026-08-06,1,1,103,https://play.limitlesstcg.com/tournament/6a6a30d452c24ac2da64f28f/player/chefrich22/teamlist,https://play.limitlesstcg.com/tournament/6a6a30d452c24ac2da64f28f/standings,Charizard-Mega-Y:Pelipper:Archaludon:Venusaur:Swampert-Mega:Grimmsnarl,2,Pelipper,Pelipper,Sitrus Berry,Drizzle,Hurricane:Weather Ball:Tailwind:Wide Guard,Hurricane,Weather Ball,Tailwind,Wide Guard,Charizard-Mega-Y:Archaludon:Venusaur:Swampert-Mega:Grimmsnarl
2026-09-09,2026-09-09T12:00:03Z,pikalytics,gen9championsvgc2026regma,"Best Pokemon, teams, and builds in Pokemon Champions VGC 2026",https://pikalytics.com/pokedex/gen9championsvgc2026regma,7,6,ChefRich22,ChefRich22,11-1,11,1,0,12,91.67,Talon's FIGHT CLUB #96 POKEMON CHAMPIONS,2026-08-06,1,1,103,https://play.limitlesstcg.com/tournament/6a6a30d452c24ac2da64f28f/player/chefrich22/teamlist,https://play.limitlesstcg.com/tournament/6a6a30d452c24ac2da64f28f/standings,Charizard-Mega-Y:Pelipper:Archaludon:Venusaur:Swampert-Mega:Grimmsnarl,3,Archaludon,Archaludon,Leftovers,Stamina,Protect:Electro Shot:Dragon Pulse:Flash Cannon,Protect,Electro Shot,Dragon Pulse,Flash Cannon,Charizard-Mega-Y:Pelipper:Venusaur:Swampert-Mega:Grimmsnarl
2026-09-09,2026-09-09T12:00:03Z,pikalytics,gen9championsvgc2026regma,"Best Pokemon, teams, and builds in Pokemon Champions VGC 2026",https://pikalytics.com/pokedex/gen9championsvgc2026regma,7,6,ChefRich22,ChefRich22,11-1,11,1,0,12,91.67,Talon's FIGHT CLUB #96 POKEMON CHAMPIONS,2026-08-06,1,1,103,https://play.limitlesstcg.com/tournament/6a6a30d452c24ac2da64f28f/player/chefrich22/teamlist,https://play.limitlesstcg.com/tournament/6a6a30d452c24ac2da64f28f/standings,Charizard-Mega-Y:Pelipper:Archaludon:Venusaur:Swampert-Mega:Grimmsnarl,4,Venusaur,Venusaur,Focus Sash,Chlorophyll,Protect:Sleep Powder:Sludge Bomb:Leaf Storm,Protect,Sleep Powder,Sludge Bomb,Leaf Storm,Charizard-Mega-Y:Pelipper:Archaludon:Swampert-Mega:Grimmsnarl
2026-09-09,2026-09-09T12:00:03Z,pikalytics,gen9championsvgc2026regma,"Best Pokemon, teams, and builds in Pokemon Champions VGC 2026",https://pikalytics.com/pokedex/gen9championsvgc2026regma,7,6,ChefRich22,ChefRich22,11-1,11,1,0,12,91.67,Talon's FIGHT CLUB #96 POKEMON CHAMPIONS,2026-08-06,1,1,103,https://play.limitlesstcg.com/tournament/6a6a30d452c24ac2da64f28f/player/chefrich22/teamlist,https://play.limitlesstcg.com/tournament/6a6a30d452c24ac2da64f28f/standings,Charizard-Mega-Y:Pelipper:Archaludon:Venusaur:Swampert-Mega:Grimmsnarl,5,Swampert-Mega,Swampert,Swampertite,Damp,Wave Crash:Earthquake:Ice Punch:Protect,Wave Crash,Earthquake,Ice Punch,Protect,Charizard-Mega-Y:Pelipper:Archaludon:Venusaur:Grimmsnarl
2026-09-09,2026-09-09T12:00:03Z,pikalytics,gen9championsvgc2026regma,"Best Pokemon, teams, and builds in Pokemon Champions VGC 2026",https://pikalytics.com/pokedex/gen9championsvgc2026regma,7,6,ChefRich22,ChefRich22,11-1,11,1,0,12,91.67,Talon's FIGHT CLUB #96 POKEMON CHAMPIONS,2026-08-06,1,1,103,https://play.limitlesstcg.com/tournament/6a6a30d452c24ac2da64f28f/player/chefrich22/teamlist,https://play.limitlesstcg.com/tournament/6a6a30d452c24ac2da64f28f/standings,Charizard-Mega-Y:Pelipper:Archaludon:Venusaur:Swampert-Mega:Grimmsnarl,6,Grimmsnarl,Grimmsnarl,Light Clay,Prankster,Light Screen:Parting Shot:Reflect:Spirit Break,Light Screen,Parting Shot,Reflect,Spirit Break,Charizard-Mega-Y:Pelipper:Archaludon:Venusaur:Swampert-Mega
2026-09-09,2026-09-09T12:00:03Z,pikalytics,gen9championsvgc2026regma,"Best Pokemon, teams, and builds in Pokemon Champions VGC 2026",https://pikalytics.com/pokedex/gen9championsvgc2026regma,13,6,aerxdri,aerxdri,8-0,8,0,0,8,100.00,Thalera Champions Cheese #13 - GEN 6 Edition,2026-08-07,1,1,20,https://play.limitlesstcg.com/tournament/6a6d56832b308b6067b45e3f/player/aerxdri/teamlist,https://play.limitlesstcg.com/tournament/6a6d56832b308b6067b45e3f/standings,Floette-Eternal-Mega:Talonflame:Aegislash:Vivillon:Goodra:Pyroar-Mega,1,Floette-Eternal-Mega,Eternal Flower Floette,Floettite,Flower Veil,Protect:Moonblast:Calm Mind:Dazzling Gleam,Protect,Moonblast,Calm Mind,Dazzling Gleam,Talonflame:Aegislash:Vivillon:Goodra:Pyroar-Mega
2026-09-09,2026-09-09T12:00:03Z,pikalytics,gen9championsvgc2026regma,"Best Pokemon, teams, and builds in Pokemon Champions VGC 2026",https://pikalytics.com/pokedex/gen9championsvgc2026regma,13,6,aerxdri,aerxdri,8-0,8,0,0,8,100.00,Thalera Champions Cheese #13 - GEN 6 Edition,2026-08-07,1,1,20,https://play.limitlesstcg.com/tournament/6a6d56832b308b6067b45e3f/player/aerxdri/teamlist,https://play.limitlesstcg.com/tournament/6a6d56832b308b6067b45e3f/standings,Floette-Eternal-Mega:Talonflame:Aegislash:Vivillon:Goodra:Pyroar-Mega,2,Talonflame,Talonflame,Sharp Beak,Gale Wings,Protect:Dual Wingbeat:Tailwind:Sunny Day,Protect,Dual Wingbeat,Tailwind,Sunny Day,Floette-Eternal-Mega:Aegislash:Vivillon:Goodra:Pyroar-Mega
2026-09-09,2026-09-09T12:00:03Z,pikalytics,gen9championsvgc2026regma,"Best Pokemon, teams, and builds in Pokemon Champions VGC 2026",https://pikalytics.com/pokedex/gen9championsvgc2026regma,13,6,aerxdri,aerxdri,8-0,8,0,0,8,100.00,Thalera Champions Cheese #13 - GEN 6 Edition,2026-08-07,1,1,20,https://play.limitlesstcg.com/tournament/6a6d56832b308b6067b45e3f/player/aerxdri/teamlist,https://play.limitlesstcg.com/tournament/6a6d56832b308b6067b45e3f/standings,Floette-Eternal-Mega:Talonflame:Aegislash:Vivillon:Goodra:Pyroar-Mega,3,Aegislash,Aegislash,Life Orb,Stance Change,King's Shield:Poltergeist:Iron Head:Shadow Sneak,King's Shield,Poltergeist,Iron Head,Shadow Sneak,Floette-Eternal-Mega:Talonflame:Vivillon:Goodra:Pyroar-Mega
2026-09-09,2026-09-09T12:00:03Z,pikalytics,gen9championsvgc2026regma,"Best Pokemon, teams, and builds in Pokemon Champions VGC 2026",https://pikalytics.com/pokedex/gen9championsvgc2026regma,13,6,aerxdri,aerxdri,8-0,8,0,0,8,100.00,Thalera Champions Cheese #13 - GEN 6 Edition,2026-08-07,1,1,20,https://play.limitlesstcg.com/tournament/6a6d56832b308b6067b45e3f/player/aerxdri/teamlist,https://play.limitlesstcg.com/tournament/6a6d56832b308b6067b45e3f/standings,Floette-Eternal-Mega:Talonflame:Aegislash:Vivillon:Goodra:Pyroar-Mega,4,Vivillon,Vivillon,Focus Sash,Compound Eyes,Protect:Rage Powder:Sleep Powder:Hurricane,Protect,Rage Powder,Sleep Powder,Hurricane,Floette-Eternal-Mega:Talonflame:Aegislash:Goodra:Pyroar-Mega
2026-09-09,2026-09-09T12:00:03Z,pikalytics,gen9championsvgc2026regma,"Best Pokemon, teams, and builds in Pokemon Champions VGC 2026",https://pikalytics.com/pokedex/gen9championsvgc2026regma,13,6,aerxdri,aerxdri,8-0,8,0,0,8,100.00,Thalera Champions Cheese #13 - GEN 6 Edition,2026-08-07,1,1,20,https://play.limitlesstcg.com/tournament/6a6d56832b308b6067b45e3f/player/aerxdri/teamlist,https://play.limitlesstcg.com/tournament/6a6d56832b308b6067b45e3f/standings,Floette-Eternal-Mega:Talonflame:Aegislash:Vivillon:Goodra:Pyroar-Mega,5,Goodra,Goodra,Leftovers,Gooey,Dragon Pulse:Life Dew:Scald:Breaking Swipe,Dragon Pulse,Life Dew,Scald,Breaking Swipe,Floette-Eternal-Mega:Talonflame:Aegislash:Vivillon:Pyroar-Mega
2026-09-09,2026-09-09T12:00:03Z,pikalytics,gen9championsvgc2026regma,"Best Pokemon, teams, and builds in Pokemon Champions VGC 2026",https://pikalytics.com/pokedex/gen9championsvgc2026regma,13,6,aerxdri,aerxdri,8-0,8,0,0,8,100.00,Thalera Champions Cheese #13 - GEN 6 Edition,2026-08-07,1,1,20,https://play.limitlesstcg.com/tournament/6a6d56832b308b6067b45e3f/player/aerxdri/teamlist,https://play.limitlesstcg.com/tournament/6a6d56832b308b6067b45e3f/standings,Floette-Eternal-Mega:Talonflame:Aegislash:Vivillon:Goodra:Pyroar-Mega,6,Pyroar-Mega,Pyroar,Pyroarite,Unnerve,Protect:Heat Wave:Solar Beam:Overheat,Protect,Heat Wave,Solar Beam,Overheat,Floette-Eternal-Mega:Talonflame:Aegislash:Vivillon:Goodra
2026-09-09,2026-09-09T12:00:03Z,pikalytics,gen9championsvgc2026regma,"Best Pokemon, teams, and builds in Pokemon Champions VGC 2026",https://pikalytics.com/pokedex/gen9championsvgc2026regma,8,6,Sir_Aaron,Sir_Aaron,12-0,12,0,0,12,100.00,🏆 Champions League VGC August ⚔️,2026-08-08,1,1,162,https://play.limitlesstcg.com/tournament/6a5e4489937230b102d4026e/player/sir_aaron/teamlist,https://play.limitlesstcg.com/tournament/6a5e4489937230b102d4026e/standings,Aerodactyl-Mega:Sneasler:Froslass-Mega:Tsareena:Kingambit:Basculegion,1,Aerodactyl-Mega,Aerodactyl,Aerodactylite,Unnerve,Rock Slide:Dual Wingbeat:Tailwind:Protect,Rock Slide,Dual Wingbeat,Tailwind,Protect,Sneasler:Froslass-Mega:Tsareena:Kingambit:Basculegion
2026-09-09,2026-09-09T12:00:03Z,pikalytics,gen9championsvgc2026regma,"Best Pokemon, teams, and builds in Pokemon Champions VGC 2026",https://pikalytics.com/pokedex/gen9championsvgc2026regma,8,6,Sir_Aaron,Sir_Aaron,12-0,12,0,0,12,100.00,🏆 Champions League VGC August ⚔️,2026-08-08,1,1,162,https://play.limitlesstcg.com/tournament/6a5e4489937230b102d4026e/player/sir_aaron/teamlist,https://play.limitlesstcg.com/tournament/6a5e4489937230b102d4026e/standings,Aerodactyl-Mega:Sneasler:Froslass-Mega:Tsareena:Kingambit:Basculegion,2,Sneasler,Sneasler,Life Orb,Poison Touch,Dire Claw:Close Combat:Fake Out:Protect,Dire Claw,Close Combat,Fake Out,Protect,Aerodactyl-Mega:Froslass-Mega:Tsareena:Kingambit:Basculegion
2026-09-09,2026-09-09T12:00:03Z,pikalytics,gen9championsvgc2026regma,"Best Pokemon, teams, and builds in Pokemon Champions VGC 2026",https://pikalytics.com/pokedex/gen9championsvgc2026regma,8,6,Sir_Aaron,Sir_Aaron,12-0,12,0,0,12,100.00,🏆 Champions League VGC August ⚔️,2026-08-08,1,1,162,https://play.limitlesstcg.com/tournament/6a5e4489937230b102d4026e/player/sir_aaron/teamlist,https://play.limitlesstcg.com/tournament/6a5e4489937230b102d4026e/standings,Aerodactyl-Mega:Sneasler:Froslass-Mega:Tsareena:Kingambit:Basculegion,3,Froslass-Mega,Froslass,Froslassite,Cursed Body,Blizzard:Shadow Ball:Destiny Bond:Protect,Blizzard,Shadow Ball,Destiny Bond,Protect,Aerodactyl-Mega:Sneasler:Tsareena:Kingambit:Basculegion
2026-09-09,2026-09-09T12:00:03Z,pikalytics,gen9championsvgc2026regma,"Best Pokemon, teams, and builds in Pokemon Champions VGC 2026",https://pikalytics.com/pokedex/gen9championsvgc2026regma,8,6,Sir_Aaron,Sir_Aaron,12-0,12,0,0,12,100.00,🏆 Champions League VGC August ⚔️,2026-08-08,1,1,162,https://play.limitlesstcg.com/tournament/6a5e4489937230b102d4026e/player/sir_aaron/teamlist,https://play.limitlesstcg.com/tournament/6a5e4489937230b102d4026e/standings,Aerodactyl-Mega:Sneasler:Froslass-Mega:Tsareena:Kingambit:Basculegion,4,Tsareena,Tsareena,Wide Lens,Queenly Majesty,Power Whip:Low Kick:Triple Axel:Helping Hand,Power Whip,Low Kick,Triple Axel,Helping Hand,Aerodactyl-Mega:Sneasler:Froslass-Mega:Kingambit:Basculegion
2026-09-09,2026-09-09T12:00:03Z,pikalytics,gen9championsvgc2026regma,"Best Pokemon, teams, and builds in Pokemon Champions VGC 2026",https://pikalytics.com/pokedex/gen9championsvgc2026regma,8,6,Sir_Aaron,Sir_Aaron,12-0,12,0,0,12,100.00,🏆 Champions League VGC August ⚔️,2026-08-08,1,1,162,https://play.limitlesstcg.com/tournament/6a5e4489937230b102d4026e/player/sir_aaron/teamlist,https://play.limitlesstcg.com/tournament/6a5e4489937230b102d4026e/standings,Aerodactyl-Mega:Sneasler:Froslass-Mega:Tsareena:Kingambit:Basculegion,5,Kingambit,Kingambit,Black Glasses,Defiant,Kowtow Cleave:Sucker Punch:Swords Dance:Protect,Kowtow Cleave,Sucker Punch,Swords Dance,Protect,Aerodactyl-Mega:Sneasler:Froslass-Mega:Tsareena:Basculegion
2026-09-09,2026-09-09T12:00:03Z,pikalytics,gen9championsvgc2026regma,"Best Pokemon, teams, and builds in Pokemon Champions VGC 2026",https://pikalytics.com/pokedex/gen9championsvgc2026regma,8,6,Sir_Aaron,Sir_Aaron,12-0,12,0,0,12,100.00,🏆 Champions League VGC August ⚔️,2026-08-08,1,1,162,https://play.limitlesstcg.com/tournament/6a5e4489937230b102d4026e/player/sir_aaron/teamlist,https://play.limitlesstcg.com/tournament/6a5e4489937230b102d4026e/standings,Aerodactyl-Mega:Sneasler:Froslass-Mega:Tsareena:Kingambit:Basculegion,6,Basculegion,Basculegion,Focus Sash,Adaptability,Liquidation:Last Respects:Aqua Jet:Protect,Liquidation,Last Respects,Aqua Jet,Protect,Aerodactyl-Mega:Sneasler:Froslass-Mega:Tsareena:Kingambit
2026-09-09,2026-09-09T12:00:03Z,pikalytics,gen9championsvgc2026regma,"Best Pokemon, teams, and builds in Pokemon Champions VGC 2026",https://pikalytics.com/pokedex/gen9championsvgc2026regma,4,6,Zach K,Zach K,9-0,9,0,0,9,100.00,The Drywalls Series #15,2026-08-10,1,1,72,https://play.limitlesstcg.com/tournament/6a77a3472b308b6067b4e7c9/player/zachk052510/teamlist,https://play.limitlesstcg.com/tournament/6a77a3472b308b6067b4e7c9/standings,Froslass-Mega:Scovillain-Mega:Lycanroc:Kingambit:Sneasler:Basculegion,1,Froslass-Mega,Froslass,Froslassite,Cursed Body,Blizzard:Shadow Ball:Aurora Veil:Protect,Blizzard,Shadow Ball,Aurora Veil,Protect,Scovillain-Mega:Lycanroc:Kingambit:Sneasler:Basculegion
2026-09-09,2026-09-09T12:00:03Z,pikalytics,gen9championsvgc2026regma,"Best Pokemon, teams, and builds in Pokemon Champions VGC 2026",https://pikalytics.com/pokedex/gen9championsvgc2026regma,4,6,Zach K,Zach K,9-0,9,0,0,9,100.00,The Drywalls Series #15,2026-08-10,1,1,72,https://play.limitlesstcg.com/tournament/6a77a3472b308b6067b4e7c9/player/zachk052510/teamlist,https://play.limitlesstcg.com/tournament/6a77a3472b308b6067b4e7c9/standings,Froslass-Mega:Scovillain-Mega:Lycanroc:Kingambit:Sneasler:Basculegion,2,Scovillain-Mega,Scovillain,Scovillainite,Moody,Overheat:Giga Drain:Rage Powder:Protect,Overheat,Giga Drain,Rage Powder,Protect,Froslass-Mega:Lycanroc:Kingambit:Sneasler:Basculegion
2026-09-09,2026-09-09T12:00:03Z,pikalytics,gen9championsvgc2026regma,"Best Pokemon, teams, and builds in Pokemon Champions VGC 2026",https://pikalytics.com/pokedex/gen9championsvgc2026regma,4,6,Zach K,Zach K,9-0,9,0,0,9,100.00,The Drywalls Series #15,2026-08-10,1,1,72,https://play.limitlesstcg.com/tournament/6a77a3472b308b6067b4e7c9/player/zachk052510/teamlist,https://play.limitlesstcg.com/tournament/6a77a3472b308b6067b4e7c9/standings,Froslass-Mega:Scovillain-Mega:Lycanroc:Kingambit:Sneasler:Basculegion,3,Lycanroc,Lycanroc Dusk,Focus Sash,Tough Claws,Rock Slide:Close Combat:Accelerock:Protect,Rock Slide,Close Combat,Accelerock,Protect,Froslass-Mega:Scovillain-Mega:Kingambit:Sneasler:Basculegion
2026-09-09,2026-09-09T12:00:03Z,pikalytics,gen9championsvgc2026regma,"Best Pokemon, teams, and builds in Pokemon Champions VGC 2026",https://pikalytics.com/pokedex/gen9championsvgc2026regma,4,6,Zach K,Zach K,9-0,9,0,0,9,100.00,The Drywalls Series #15,2026-08-10,1,1,72,https://play.limitlesstcg.com/tournament/6a77a3472b308b6067b4e7c9/player/zachk052510/teamlist,https://play.limitlesstcg.com/tournament/6a77a3472b308b6067b4e7c9/standings,Froslass-Mega:Scovillain-Mega:Lycanroc:Kingambit:Sneasler:Basculegion,4,Kingambit,Kingambit,Black Glasses,Defiant,Kowtow Cleave:Sucker Punch:Swords Dance:Protect,Kowtow Cleave,Sucker Punch,Swords Dance,Protect,Froslass-Mega:Scovillain-Mega:Lycanroc:Sneasler:Basculegion
2026-09-09,2026-09-09T12:00:03Z,pikalytics,gen9championsvgc2026regma,"Best Pokemon, teams, and builds in Pokemon Champions VGC 2026",https://pikalytics.com/pokedex/gen9championsvgc2026regma,4,6,Zach K,Zach K,9-0,9,0,0,9,100.00,The Drywalls Series #15,2026-08-10,1,1,72,https://play.limitlesstcg.com/tournament/6a77a3472b308b6067b4e7c9/player/zachk052510/teamlist,https://play.limitlesstcg.com/tournament/6a77a3472b308b6067b4e7c9/standings,Froslass-Mega:Scovillain-Mega:Lycanroc:Kingambit:Sneasler:Basculegion,5,Sneasler,Sneasler,White Herb,Unburden,Gunk Shot:Close Combat:Fake Out:Protect,Gunk Shot,Close Combat,Fake Out,Protect,Froslass-Mega:Scovillain-Mega:Lycanroc:Kingambit:Basculegion
2026-09-09,2026-09-09T12:00:03Z,pikalytics,gen9championsvgc2026regma,"Best Pokemon, teams, and builds in Pokemon Champions VGC 2026",https://pikalytics.com/pokedex/gen9championsvgc2026regma,4,6,Zach K,Zach K,9-0,9,0,0,9,100.00,The Drywalls Series #15,2026-08-10,1,1,72,https://play.limitlesstcg.com/tournament/6a77a3472b308b6067b4e7c9/player/zachk052510/teamlist,https://play.limitlesstcg.com/tournament/6a77a3472b308b6067b4e7c9/standings,Froslass-Mega:Scovillain-Mega:Lycanroc:Kingambit:Sneasler:Basculegion,6,Basculegion,Basculegion,Sitrus Berry,Adaptability,Wave Crash:Last Respects:Aqua Jet:Protect,Wave Crash,Last Respects,Aqua Jet,Protect,Froslass-Mega:Scovillain-Mega:Lycanroc:Kingambit:Sneasler
2026-09-09,2026-09-09T12:00:03Z,pikalytics,gen9championsvgc2026regma,"Best Pokemon, teams, and builds in Pokemon Champions VGC 2026",https://pikalytics.com/pokedex/gen9championsvgc2026regma,5,6,德尼特粉 1,德尼特粉 1,11-1,11,1,0,12,91.67,Alpensee x Smogon VGC Tour (Reg M-B) #70,2026-08-12,1,1,103,https://play.limitlesstcg.com/tournament/6a47ca1965724db9ded3b322/player/lily23/teamlist,https://play.limitlesstcg.com/tournament/6a47ca1965724db9ded3b322/standings,Charizard-Mega-Y:Whimsicott:Basculegion:Floette-Eternal-Mega:Garchomp:Incineroar,1,Charizard-Mega-Y,Charizard,Charizardite Y,Blaze,Heat Wave:Weather Ball:Solar Beam:Protect,Heat Wave,Weather Ball,Solar Beam,Protect,Whimsicott:Basculegion:Floette-Eternal-Mega:Garchomp:Incineroar
2026-09-09,2026-09-09T12:00:03Z,pikalytics,gen9championsvgc2026regma,"Best Pokemon, teams, and builds in Pokemon Champions VGC 2026",https://pikalytics.com/pokedex/gen9championsvgc2026regma,5,6,德尼特粉 1,德尼特粉 1,11-1,11,1,0,12,91.67,Alpensee x Smogon VGC Tour (Reg M-B) #70,2026-08-12,1,1,103,https://play.limitlesstcg.com/tournament/6a47ca1965724db9ded3b322/player/lily23/teamlist,https://play.limitlesstcg.com/tournament/6a47ca1965724db9ded3b322/standings,Charizard-Mega-Y:Whimsicott:Basculegion:Floette-Eternal-Mega:Garchomp:Incineroar,2,Whimsicott,Whimsicott,Focus Sash,Prankster,Tailwind:Moonblast:Encore:Protect,Tailwind,Moonblast,Encore,Protect,Charizard-Mega-Y:Basculegion:Floette-Eternal-Mega:Garchomp:Incineroar
2026-09-09,2026-09-09T12:00:03Z,pikalytics,gen9championsvgc2026regma,"Best Pokemon, teams, and builds in Pokemon Champions VGC 2026",https://pikalytics.com/pokedex/gen9championsvgc2026regma,5,6,德尼特粉 1,德尼特粉 1,11-1,11,1,0,12,91.67,Alpensee x Smogon VGC Tour (Reg M-B) #70,2026-08-12,1,1,103,https://play.limitlesstcg.com/tournament/6a47ca1965724db9ded3b322/player/lily23/teamlist,https://play.limitlesstcg.com/tournament/6a47ca1965724db9ded3b322/standings,Charizard-Mega-Y:Whimsicott:Basculegion:Floette-Eternal-Mega:Garchomp:Incineroar,3,Basculegion,Basculegion,Life Orb,Adaptability,Wave Crash:Last Respects:Aqua Jet:Protect,Wave Crash,Last Respects,Aqua Jet,Protect,Charizard-Mega-Y:Whimsicott:Floette-Eternal-Mega:Garchomp:Incineroar
2026-09-09,2026-09-09T12:00:03Z,pikalytics,gen9championsvgc2026regma,"Best Pokemon, teams, and builds in Pokemon Champions VGC 2026",https://pikalytics.com/pokedex/gen9championsvgc2026regma,5,6,德尼特粉 1,德尼特粉 1,11-1,11,1,0,12,91.67,Alpensee x Smogon VGC Tour (Reg M-B) #70,2026-08-12,1,1,103,https://play.limitlesstcg.com/tournament/6a47ca1965724db9ded3b322/player/lily23/teamlist,https://play.limitlesstcg.com/tournament/6a47ca1965724db9ded3b322/standings,Charizard-Mega-Y:Whimsicott:Basculegion:Floette-Eternal-Mega:Garchomp:Incineroar,4,Floette-Eternal-Mega,Floette,Floettite,Flower Veil,Moonblast:Dazzling Gleam:Light of Ruin:Protect,Moonblast,Dazzling Gleam,Light of Ruin,Protect,Charizard-Mega-Y:Whimsicott:Basculegion:Garchomp:Incineroar
2026-09-09,2026-09-09T12:00:03Z,pikalytics,gen9championsvgc2026regma,"Best Pokemon, teams, and builds in Pokemon Champions VGC 2026",https://pikalytics.com/pokedex/gen9championsvgc2026regma,5,6,德尼特粉 1,德尼特粉 1,11-1,11,1,0,12,91.67,Alpensee x Smogon VGC Tour (Reg M-B) #70,2026-08-12,1,1,103,https://play.limitlesstcg.com/tournament/6a47ca1965724db9ded3b322/player/lily23/teamlist,https://play.limitlesstcg.com/tournament/6a47ca1965724db9ded3b322/standings,Charizard-Mega-Y:Whimsicott:Basculegion:Floette-Eternal-Mega:Garchomp:Incineroar,5,Garchomp,Garchomp,Roseli Berry,Rough Skin,Dragon Claw:Earthquake:Rock Slide:Protect,Dragon Claw,Earthquake,Rock Slide,Protect,Charizard-Mega-Y:Whimsicott:Basculegion:Floette-Eternal-Mega:Incineroar
2026-09-09,2026-09-09T12:00:03Z,pikalytics,gen9championsvgc2026regma,"Best Pokemon, teams, and builds in Pokemon Champions VGC 2026",https://pikalytics.com/pokedex/gen9championsvgc2026regma,5,6,德尼特粉 1,德尼特粉 1,11-1,11,1,0,12,91.67,Alpensee x Smogon VGC Tour (Reg M-B) #70,2026-08-12,1,1,103,https://play.limitlesstcg.com/tournament/6a47ca1965724db9ded3b322/player/lily23/teamlist,https://play.limitlesstcg.com/tournament/6a47ca1965724db9ded3b322/standings,Charizard-Mega-Y:Whimsicott:Basculegion:Floette-Eternal-Mega:Garchomp:Incineroar,6,Incineroar,Incineroar,Sitrus Berry,Intimidate,Fake Out:Flare Blitz:Throat Chop:Parting Shot,Fake Out,Flare Blitz,Throat Chop,Parting Shot,Charizard-Mega-Y:Whimsicott:Basculegion:Floette-Eternal-Mega:Garchomp
2026-09-09,2026-09-09T12:00:03Z,pikalytics,gen9championsvgc2026regma,"Best Pokemon, teams, and builds in Pokemon Champions VGC 2026",https://pikalytics.com/pokedex/gen9championsvgc2026regma,14,6,Kardeas,Kardeas,12-0,12,0,0,12,100.00,🍋Sitrus-Series🍋|Champions-MB|#71,2026-08-12,1,1,132,https://play.limitlesstcg.com/tournament/6a6b6865937230b102d490d7/player/kardeas/teamlist,https://play.limitlesstcg.com/tournament/6a6b6865937230b102d490d7/standings,Whimsicott:Garchomp:Basculegion:Kingambit:Raichu-Mega-Y:Sylveon,1,Whimsicott,Whimsicott,Focus Sash,Prankster,Moonblast:Tailwind:Encore:Protect,Moonblast,Tailwind,Encore,Protect,Garchomp:Basculegion:Kingambit:Raichu-Mega-Y:Sylveon
2026-09-09,2026-09-09T12:00:03Z,pikalytics,gen9championsvgc2026regma,"Best Pokemon, teams, and builds in Pokemon Champions VGC 2026",https://pikalytics.com/pokedex/gen9championsvgc2026regma,14,6,Kardeas,Kardeas,12-0,12,0,0,12,100.00,🍋Sitrus-Series🍋|Champions-MB|#71,2026-08-12,1,1,132,https://play.limitlesstcg.com/tournament/6a6b6865937230b102d490d7/player/kardeas/teamlist,https://play.limitlesstcg.com/tournament/6a6b6865937230b102d490d7/standings,Whimsicott:Garchomp:Basculegion:Kingambit:Raichu-Mega-Y:Sylveon,2,Garchomp,Garchomp,Sitrus Berry,Rough Skin,Dragon Claw:Stomping Tantrum:Rock Slide:Protect,Dragon Claw,Stomping Tantrum,Rock Slide,Protect,Whimsicott:Basculegion:Kingambit:Raichu-Mega-Y:Sylveon
2026-09-09,2026-09-09T12:00:03Z,pikalytics,gen9championsvgc2026regma,"Best Pokemon, teams, and builds in Pokemon Champions VGC 2026",https://pikalytics.com/pokedex/gen9championsvgc2026regma,14,6,Kardeas,Kardeas,12-0,12,0,0,12,100.00,🍋Sitrus-Series🍋|Champions-MB|#71,2026-08-12,1,1,132,https://play.limitlesstcg.com/tournament/6a6b6865937230b102d490d7/player/kardeas/teamlist,https://play.limitlesstcg.com/tournament/6a6b6865937230b102d490d7/standings,Whimsicott:Garchomp:Basculegion:Kingambit:Raichu-Mega-Y:Sylveon,3,Basculegion,Basculegion,Life Orb,Adaptability,Wave Crash:Last Respects:Aqua Jet:Protect,Wave Crash,Last Respects,Aqua Jet,Protect,Whimsicott:Garchomp:Kingambit:Raichu-Mega-Y:Sylveon
2026-09-09,2026-09-09T12:00:03Z,pikalytics,gen9championsvgc2026regma,"Best Pokemon, teams, and builds in Pokemon Champions VGC 2026",https://pikalytics.com/pokedex/gen9championsvgc2026regma,14,6,Kardeas,Kardeas,12-0,12,0,0,12,100.00,🍋Sitrus-Series🍋|Champions-MB|#71,2026-08-12,1,1,132,https://play.limitlesstcg.com/tournament/6a6b6865937230b102d490d7/player/kardeas/teamlist,https://play.limitlesstcg.com/tournament/6a6b6865937230b102d490d7/standings,Whimsicott:Garchomp:Basculegion:Kingambit:Raichu-Mega-Y:Sylveon,4,Kingambit,Kingambit,Black Glasses,Defiant,Kowtow Cleave:Sucker Punch:Swords Dance:Protect,Kowtow Cleave,Sucker Punch,Swords Dance,Protect,Whimsicott:Garchomp:Basculegion:Raichu-Mega-Y:Sylveon
2026-09-09,2026-09-09T12:00:03Z,pikalytics,gen9championsvgc2026regma,"Best Pokemon, teams, and builds in Pokemon Champions VGC 2026",https://pikalytics.com/pokedex/gen9championsvgc2026regma,14,6,Kardeas,Kardeas,12-0,12,0,0,12,100.00,🍋Sitrus-Series🍋|Champions-MB|#71,2026-08-12,1,1,132,https://play.limitlesstcg.com/tournament/6a6b6865937230b102d490d7/player/kardeas/teamlist,https://play.limitlesstcg.com/tournament/6a6b6865937230b102d490d7/standings,Whimsicott:Garchomp:Basculegion:Kingambit:Raichu-Mega-Y:Sylveon,5,Raichu-Mega-Y,Raichu,Raichunite Y,Lightning Rod,Focus Blast:Fake Out:Zap Cannon:Protect,Focus Blast,Fake Out,Zap Cannon,Protect,Whimsicott:Garchomp:Basculegion:Kingambit:Sylveon
2026-09-09,2026-09-09T12:00:03Z,pikalytics,gen9championsvgc2026regma,"Best Pokemon, teams, and builds in Pokemon Champions VGC 2026",https://pikalytics.com/pokedex/gen9championsvgc2026regma,14,6,Kardeas,Kardeas,12-0,12,0,0,12,100.00,🍋Sitrus-Series🍋|Champions-MB|#71,2026-08-12,1,1,132,https://play.limitlesstcg.com/tournament/6a6b6865937230b102d490d7/player/kardeas/teamlist,https://play.limitlesstcg.com/tournament/6a6b6865937230b102d490d7/standings,Whimsicott:Garchomp:Basculegion:Kingambit:Raichu-Mega-Y:Sylveon,6,Sylveon,Sylveon,Fairy Feather,Pixilate,Hyper Voice:Hyper Beam:Detect:Quick Attack,Hyper Voice,Hyper Beam,Detect,Quick Attack,Whimsicott:Garchomp:Basculegion:Kingambit:Raichu-Mega-Y
2026-09-09,2026-09-09T12:00:03Z,pikalytics,gen9championsvgc2026regma,"Best Pokemon, teams, and builds in Pokemon Champions VGC 2026",https://pikalytics.com/pokedex/gen9championsvgc2026regma,18,6,masajji,masajji,9-1,9,1,0,10,90.00,HeroicTitan’s VGC Battle Arena,2026-08-12,1,1,47,https://play.limitlesstcg.com/tournament/6a78ef7a2b308b6067b4f6e1/player/masajji/teamlist,https://play.limitlesstcg.com/tournament/6a78ef7a2b308b6067b4f6e1/standings,Araquanid:Farigiraf:Sylveon:Swampert-Mega:Pelipper:Archaludon,1,Araquanid,Araquanid,Mystic Water,Water Bubble,Liquidation:Infestation:Protect:Wide Guard,Liquidation,Infestation,Protect,Wide Guard,Farigiraf:Sylveon:Swampert-Mega:Pelipper:Archaludon
2026-09-09,2026-09-09T12:00:03Z,pikalytics,gen9championsvgc2026regma,"Best Pokemon, teams, and builds in Pokemon Champions VGC 2026",https://pikalytics.com/pokedex/gen9championsvgc2026regma,18,6,masajji,masajji,9-1,9,1,0,10,90.00,HeroicTitan’s VGC Battle Arena,2026-08-12,1,1,47,https://play.limitlesstcg.com/tournament/6a78ef7a2b308b6067b4f6e1/player/masajji/teamlist,https://play.limitlesstcg.com/tournament/6a78ef7a2b308b6067b4f6e1/standings,Araquanid:Farigiraf:Sylveon:Swampert-Mega:Pelipper:Archaludon,2,Farigiraf,Farigiraf,Sitrus Berry,Armor Tail,Thunderbolt:Psychic:Protect:Trick Room,Thunderbolt,Psychic,Protect,Trick Room,Araquanid:Sylveon:Swampert-Mega:Pelipper:Archaludon
2026-09-09,2026-09-09T12:00:03Z,pikalytics,gen9championsvgc2026regma,"Best Pokemon, teams, and builds in Pokemon Champions VGC 2026",https://pikalytics.com/pokedex/gen9championsvgc2026regma,18,6,masajji,masajji,9-1,9,1,0,10,90.00,HeroicTitan’s VGC Battle Arena,2026-08-12,1,1,47,https://play.limitlesstcg.com/tournament/6a78ef7a2b308b6067b4f6e1/player/masajji/teamlist,https://play.limitlesstcg.com/tournament/6a78ef7a2b308b6067b4f6e1/standings,Araquanid:Farigiraf:Sylveon:Swampert-Mega:Pelipper:Archaludon,3,Sylveon,Sylveon,Fairy Feather,Pixilate,Yawn:Hyper Voice:Detect:Hyper Beam,Yawn,Hyper Voice,Detect,Hyper Beam,Araquanid:Farigiraf:Swampert-Mega:Pelipper:Archaludon
2026-09-09,2026-09-09T12:00:03Z,pikalytics,gen9championsvgc2026regma,"Best Pokemon, teams, and builds in Pokemon Champions VGC 2026",https://pikalytics.com/pokedex/gen9championsvgc2026regma,18,6,masajji,masajji,9-1,9,1,0,10,90.00,HeroicTitan’s VGC Battle Arena,2026-08-12,1,1,47,https://play.limitlesstcg.com/tournament/6a78ef7a2b308b6067b4f6e1/player/masajji/teamlist,https://play.limitlesstcg.com/tournament/6a78ef7a2b308b6067b4f6e1/standings,Araquanid:Farigiraf:Sylveon:Swampert-Mega:Pelipper:Archaludon,4,Swampert-Mega,Swampert,Swampertite,Torrent,Earthquake:Knock Off:Wave Crash:Protect,Earthquake,Knock Off,Wave Crash,Protect,Araquanid:Farigiraf:Sylveon:Pelipper:Archaludon
2026-09-09,2026-09-09T12:00:03Z,pikalytics,gen9championsvgc2026regma,"Best Pokemon, teams, and builds in Pokemon Champions VGC 2026",https://pikalytics.com/pokedex/gen9championsvgc2026regma,18,6,masajji,masajji,9-1,9,1,0,10,90.00,HeroicTitan’s VGC Battle Arena,2026-08-12,1,1,47,https://play.limitlesstcg.com/tournament/6a78ef7a2b308b6067b4f6e1/player/masajji/teamlist,https://play.limitlesstcg.com/tournament/6a78ef7a2b308b6067b4f6e1/standings,Araquanid:Farigiraf:Sylveon:Swampert-Mega:Pelipper:Archaludon,5,Pelipper,Pelipper,Focus Sash,Drizzle,Tailwind:Wide Guard:Weather Ball:Hurricane,Tailwind,Wide Guard,Weather Ball,Hurricane,Araquanid:Farigiraf:Sylveon:Swampert-Mega:Archaludon
2026-09-09,2026-09-09T12:00:03Z,pikalytics,gen9championsvgc2026regma,"Best Pokemon, teams, and builds in Pokemon Champions VGC 2026",https://pikalytics.com/pokedex/gen9championsvgc2026regma,18,6,masajji,masajji,9-1,9,1,0,10,90.00,HeroicTitan’s VGC Battle Arena,2026-08-12,1,1,47,https://play.limitlesstcg.com/tournament/6a78ef7a2b308b6067b4f6e1/player/masajji/teamlist,https://play.limitlesstcg.com/tournament/6a78ef7a2b308b6067b4f6e1/standings,Araquanid:Farigiraf:Sylveon:Swampert-Mega:Pelipper:Archaludon,6,Archaludon,Archaludon,Leftovers,Stamina,Protect:Electro Shot:Dragon Pulse:Flash Cannon,Protect,Electro Shot,Dragon Pulse,Flash Cannon,Araquanid:Farigiraf:Sylveon:Swampert-Mega:Pelipper
2026-09-09,2026-09-09T12:00:03Z,pikalytics,gen9championsvgc2026regma,"Best Pokemon, teams, and builds in Pokemon Champions VGC 2026",https://pikalytics.com/pokedex/gen9championsvgc2026regma,11,6,Davi Guimaraes,Davi Guimaraes,8-0,8,0,0,8,100.00,Intimidators Champions Challenge #35 REG M-B,2026-08-13,1,1,18,https://play.limitlesstcg.com/tournament/6a79c6242b308b6067b50055/player/dada0977/teamlist,https://play.limitlesstcg.com/tournament/6a79c6242b308b6067b50055/standings,Raichu-Mega-Y:Staraptor-Mega:Sylveon:Arcanine-Hisui:Farigiraf:Kingambit,1,Raichu-Mega-Y,Raichu,Raichunite Y,Lightning Rod,Protect:Zap Cannon:Focus Blast:Fake Out,Protect,Zap Cannon,Focus Blast,Fake Out,Staraptor-Mega:Sylveon:Arcanine-Hisui:Farigiraf:Kingambit
2026-09-09,2026-09-09T12:00:03Z,pikalytics,gen9championsvgc2026regma,"Best Pokemon, teams, and builds in Pokemon Champions VGC 2026",https://pikalytics.com/pokedex/gen9championsvgc2026regma,11,6,Davi Guimaraes,Davi Guimaraes,8-0,8,0,0,8,100.00,Intimidators Champions Challenge #35 REG M-B,2026-08-13,1,1,18,https://play.limitlesstcg.com/tournament/6a79c6242b308b6067b50055/player/dada0977/teamlist,https://play.limitlesstcg.com/tournament/6a79c6242b308b6067b50055/standings,Raichu-Mega-Y:Staraptor-Mega:Sylveon:Arcanine-Hisui:Farigiraf:Kingambit,2,Staraptor-Mega,Staraptor,Staraptite,Intimidate,Brave Bird:Close Combat:Tailwind:Protect,Brave Bird,Close Combat,Tailwind,Protect,Raichu-Mega-Y:Sylveon:Arcanine-Hisui:Farigiraf:Kingambit
2026-09-09,2026-09-09T12:00:03Z,pikalytics,gen9championsvgc2026regma,"Best Pokemon, teams, and builds in Pokemon Champions VGC 2026",https://pikalytics.com/pokedex/gen9championsvgc2026regma,11,6,Davi Guimaraes,Davi Guimaraes,8-0,8,0,0,8,100.00,Intimidators Champions Challenge #35 REG M-B,2026-08-13,1,1,18,https://play.limitlesstcg.com/tournament/6a79c6242b308b6067b50055/player/dada0977/teamlist,https://play.limitlesstcg.com/tournament/6a79c6242b308b6067b50055/standings,Raichu-Mega-Y:Staraptor-Mega:Sylveon:Arcanine-Hisui:Farigiraf:Kingambit,3,Sylveon,Sylveon,Fairy Feather,Pixilate,Hyper Voice:Hyper Beam:Quick Attack:Protect,Hyper Voice,Hyper Beam,Quick Attack,Protect,Raichu-Mega-Y:Staraptor-Mega:Arcanine-Hisui:Farigiraf:Kingambit
2026-09-09,2026-09-09T12:00:03Z,pikalytics,gen9championsvgc2026regma,"Best Pokemon, teams, and builds in Pokemon Champions VGC 2026",https://pikalytics.com/pokedex/gen9championsvgc2026regma,11,6,Davi Guimaraes,Davi Guimaraes,8-0,8,0,0,8,100.00,Intimidators Champions Challenge #35 REG M-B,2026-08-13,1,1,18,https://play.limitlesstcg.com/tournament/6a79c6242b308b6067b50055/player/dada0977/teamlist,https://play.limitlesstcg.com/tournament/6a79c6242b308b6067b50055/standings,Raichu-Mega-Y:Staraptor-Mega:Sylveon:Arcanine-Hisui:Farigiraf:Kingambit,4,Arcanine-Hisui,Hisuian Arcanine,Focus Sash,Rock Head,Head Smash:Flare Blitz:Extreme Speed:Protect,Head Smash,Flare Blitz,Extreme Speed,Protect,Raichu-Mega-Y:Staraptor-Mega:Sylveon:Farigiraf:Kingambit
2026-09-09,2026-09-09T12:00:03Z,pikalytics,gen9championsvgc2026regma,"Best Pokemon, teams, and builds in Pokemon Champions VGC 2026",https://pikalytics.com/pokedex/gen9championsvgc2026regma,11,6,Davi Guimaraes,Davi Guimaraes,8-0,8,0,0,8,100.00,Intimidators Champions Challenge #35 REG M-B,2026-08-13,1,1,18,https://play.limitlesstcg.com/tournament/6a79c6242b308b6067b50055/player/dada0977/teamlist,https://play.limitlesstcg.com/tournament/6a79c6242b308b6067b50055/standings,Raichu-Mega-Y:Staraptor-Mega:Sylveon:Arcanine-Hisui:Farigiraf:Kingambit,5,Farigiraf,Farigiraf,Sitrus Berry,Armor Tail,Trick Room:Helping Hand:Psychic:Thunderbolt,Trick Room,Helping Hand,Psychic,Thunderbolt,Raichu-Mega-Y:Staraptor-Mega:Sylveon:Arcanine-Hisui:Kingambit
2026-09-09,2026-09-09T12:00:03Z,pikalytics,gen9championsvgc2026regma,"Best Pokemon, teams, and builds in Pokemon Champions VGC 2026",https://pikalytics.com/pokedex/gen9championsvgc2026regma,11,6,Davi Guimaraes,Davi Guimaraes,8-0,8,0,0,8,100.00,Intimidators Champions Challenge #35 REG M-B,2026-08-13,1,1,18,https://play.limitlesstcg.com/tournament/6a79c6242b308b6067b50055/player/dada0977/teamlist,https://play.limitlesstcg.com/tournament/6a79c6242b308b6067b50055/standings,Raichu-Mega-Y:Staraptor-Mega:Sylveon:Arcanine-Hisui:Farigiraf:Kingambit,6,Kingambit,Kingambit,Life Orb,Defiant,Sucker Punch:Low Kick:Kowtow Cleave:Protect,Sucker Punch,Low Kick,Kowtow Cleave,Protect,Raichu-Mega-Y:Staraptor-Mega:Sylveon:Arcanine-Hisui:Farigiraf
2026-09-09,2026-09-09T12:00:03Z,pikalytics,gen9championsvgc2026regma,"Best Pokemon, teams, and builds in Pokemon Champions VGC 2026",https://pikalytics.com/pokedex/gen9championsvgc2026regma,16,6,Jolliffe,Jolliffe,7-0,7,0,0,7,100.00,London Corviknights VGC Weekly Tour 9!,2026-08-13,1,1,48,https://play.limitlesstcg.com/tournament/6a707d542b308b6067b4882e/player/jolliffe/teamlist,https://play.limitlesstcg.com/tournament/6a707d542b308b6067b4882e/standings,Sneasler:Incineroar:Blastoise-Mega:Kingambit:Sinistcha:Delphox-Mega,1,Sneasler,Sneasler,Focus Sash,Poison Touch,Fake Out:Quick Guard:Dire Claw:Close Combat,Fake Out,Quick Guard,Dire Claw,Close Combat,Incineroar:Blastoise-Mega:Kingambit:Sinistcha:Delphox-Mega
2026-09-09,2026-09-09T12:00:03Z,pikalytics,gen9championsvgc2026regma,"Best Pokemon, teams, and builds in Pokemon Champions VGC 2026",https://pikalytics.com/pokedex/gen9championsvgc2026regma,16,6,Jolliffe,Jolliffe,7-0,7,0,0,7,100.00,London Corviknights VGC Weekly Tour 9!,2026-08-13,1,1,48,https://play.limitlesstcg.com/tournament/6a707d542b308b6067b4882e/player/jolliffe/teamlist,https://play.limitlesstcg.com/tournament/6a707d542b308b6067b4882e/standings,Sneasler:Incineroar:Blastoise-Mega:Kingambit:Sinistcha:Delphox-Mega,2,Incineroar,Incineroar,Sitrus Berry,Intimidate,Fake Out:Flare Blitz:Helping Hand:Parting Shot,Fake Out,Flare Blitz,Helping Hand,Parting Shot,Sneasler:Blastoise-Mega:Kingambit:Sinistcha:Delphox-Mega
2026-09-09,2026-09-09T12:00:03Z,pikalytics,gen9championsvgc2026regma,"Best Pokemon, teams, and builds in Pokemon Champions VGC 2026",https://pikalytics.com/pokedex/gen9championsvgc2026regma,16,6,Jolliffe,Jolliffe,7-0,7,0,0,7,100.00,London Corviknights VGC Weekly Tour 9!,2026-08-13,1,1,48,https://play.limitlesstcg.com/tournament/6a707d542b308b6067b4882e/player/jolliffe/teamlist,https://play.limitlesstcg.com/tournament/6a707d542b308b6067b4882e/standings,Sneasler:Incineroar:Blastoise-Mega:Kingambit:Sinistcha:Delphox-Mega,3,Blastoise-Mega,Blastoise,Blastoisinite,Rain Dish,Protect:Shell Smash:Water Spout:Dark Pulse,Protect,Shell Smash,Water Spout,Dark Pulse,Sneasler:Incineroar:Kingambit:Sinistcha:Delphox-Mega
2026-09-09,2026-09-09T12:00:03Z,pikalytics,gen9championsvgc2026regma,"Best Pokemon, teams, and builds in Pokemon Champions VGC 2026",https://pikalytics.com/pokedex/gen9championsvgc2026regma,16,6,Jolliffe,Jolliffe,7-0,7,0,0,7,100.00,London Corviknights VGC Weekly Tour 9!,2026-08-13,1,1,48,https://play.limitlesstcg.com/tournament/6a707d542b308b6067b4882e/player/jolliffe/teamlist,https://play.limitlesstcg.com/tournament/6a707d542b308b6067b4882e/standings,Sneasler:Incineroar:Blastoise-Mega:Kingambit:Sinistcha:Delphox-Mega,4,Kingambit,Kingambit,Black Glasses,Defiant,Protect:Swords Dance:Sucker Punch:Kowtow Cleave,Protect,Swords Dance,Sucker Punch,Kowtow Cleave,Sneasler:Incineroar:Blastoise-Mega:Sinistcha:Delphox-Mega
2026-09-09,2026-09-09T12:00:03Z,pikalytics,gen9championsvgc2026regma,"Best Pokemon, teams, and builds in Pokemon Champions VGC 2026",https://pikalytics.com/pokedex/gen9championsvgc2026regma,16,6,Jolliffe,Jolliffe,7-0,7,0,0,7,100.00,London Corviknights VGC Weekly Tour 9!,2026-08-13,1,1,48,https://play.limitlesstcg.com/tournament/6a707d542b308b6067b4882e/player/jolliffe/teamlist,https://play.limitlesstcg.com/tournament/6a707d542b308b6067b4882e/standings,Sneasler:Incineroar:Blastoise-Mega:Kingambit:Sinistcha:Delphox-Mega,5,Sinistcha,Sinistcha,Colbur Berry,Hospitality,Protect:Matcha Gotcha:Rage Powder:Trick Room,Protect,Matcha Gotcha,Rage Powder,Trick Room,Sneasler:Incineroar:Blastoise-Mega:Kingambit:Delphox-Mega
2026-09-09,2026-09-09T12:00:03Z,pikalytics,gen9championsvgc2026regma,"Best Pokemon, teams, and builds in Pokemon Champions VGC 2026",https://pikalytics.com/pokedex/gen9championsvgc2026regma,16,6,Jolliffe,Jolliffe,7-0,7,0,0,7,100.00,London Corviknights VGC Weekly Tour 9!,2026-08-13,1,1,48,https://play.limitlesstcg.com/tournament/6a707d542b308b6067b4882e/player/jolliffe/teamlist,https://play.limitlesstcg.com/tournament/6a707d542b308b6067b4882e/standings,Sneasler:Incineroar:Blastoise-Mega:Kingambit:Sinistcha:Delphox-Mega,6,Delphox-Mega,Delphox,Delphoxite,Blaze,Protect:Nasty Plot:Heat Wave:Psyshock,Protect,Nasty Plot,Heat Wave,Psyshock,Sneasler:Incineroar:Blastoise-Mega:Kingambit:Sinistcha
2026-09-14,2026-09-14T12:00:02Z,pikalytics,gen9championsvgc2026regma,"Best Pokemon, teams, and builds in Pokemon Champions VGC 2026",https://pikalytics.com/pokedex/gen9championsvgc2026regma,3,6,M_rada,M_rada,7-0,7,0,0,7,100.00,"Alpensee Tour (Reg M-C, Swiss only) #74",2026-09-09,1,1,92,https://play.limitlesstcg.com/tournament/6a7f315b5a30714095570103/player/m_rada/teamlist,https://play.limitlesstcg.com/tournament/6a7f315b5a30714095570103/standings,Gengar-Mega:Snorlax:Incineroar:Scrafty:Dragonite:Rillaboom,1,Gengar-Mega,Gengar,Gengarite,Cursed Body,Perish Song:Shadow Ball:Sludge Bomb:Protect,Perish Song,Shadow Ball,Sludge Bomb,Protect,Snorlax:Incineroar:Scrafty:Dragonite:Rillaboom
2026-09-14,2026-09-14T12:00:02Z,pikalytics,gen9championsvgc2026regma,"Best Pokemon, teams, and builds in Pokemon Champions VGC 2026",https://pikalytics.com/pokedex/gen9championsvgc2026regma,3,6,M_rada,M_rada,7-0,7,0,0,7,100.00,"Alpensee Tour (Reg M-C, Swiss only) #74",2026-09-09,1,1,92,https://play.limitlesstcg.com/tournament/6a7f315b5a30714095570103/player/m_rada/teamlist,https://play.limitlesstcg.com/tournament/6a7f315b5a30714095570103/standings,Gengar-Mega:Snorlax:Incineroar:Scrafty:Dragonite:Rillaboom,2,Snorlax,Snorlax,Leftovers,Thick Fat,Yawn:Encore:Fissure:Protect,Yawn,Encore,Fissure,Protect,Gengar-Mega:Incineroar:Scrafty:Dragonite:Rillaboom
2026-09-14,2026-09-14T12:00:02Z,pikalytics,gen9championsvgc2026regma,"Best Pokemon, teams, and builds in Pokemon Champions VGC 2026",https://pikalytics.com/pokedex/gen9championsvgc2026regma,3,6,M_rada,M_rada,7-0,7,0,0,7,100.00,"Alpensee Tour (Reg M-C, Swiss only) #74",2026-09-09,1,1,92,https://play.limitlesstcg.com/tournament/6a7f315b5a30714095570103/player/m_rada/teamlist,https://play.limitlesstcg.com/tournament/6a7f315b5a30714095570103/standings,Gengar-Mega:Snorlax:Incineroar:Scrafty:Dragonite:Rillaboom,3,Incineroar,Incineroar,Sitrus Berry,Intimidate,Flare Blitz:Parting Shot:Fake Out:Protect,Flare Blitz,Parting Shot,Fake Out,Protect,Gengar-Mega:Snorlax:Scrafty:Dragonite:Rillaboom
2026-09-14,2026-09-14T12:00:02Z,pikalytics,gen9championsvgc2026regma,"Best Pokemon, teams, and builds in Pokemon Champions VGC 2026",https://pikalytics.com/pokedex/gen9championsvgc2026regma,3,6,M_rada,M_rada,7-0,7,0,0,7,100.00,"Alpensee Tour (Reg M-C, Swiss only) #74",2026-09-09,1,1,92,https://play.limitlesstcg.com/tournament/6a7f315b5a30714095570103/player/m_rada/teamlist,https://play.limitlesstcg.com/tournament/6a7f315b5a30714095570103/standings,Gengar-Mega:Snorlax:Incineroar:Scrafty:Dragonite:Rillaboom,4,Scrafty,Scrafty,Focus Sash,Intimidate,Close Combat:Knock Off:Fake Out:Protect,Close Combat,Knock Off,Fake Out,Protect,Gengar-Mega:Snorlax:Incineroar:Dragonite:Rillaboom
2026-09-14,2026-09-14T12:00:02Z,pikalytics,gen9championsvgc2026regma,"Best Pokemon, teams, and builds in Pokemon Champions VGC 2026",https://pikalytics.com/pokedex/gen9championsvgc2026regma,3,6,M_rada,M_rada,7-0,7,0,0,7,100.00,"Alpensee Tour (Reg M-C, Swiss only) #74",2026-09-09,1,1,92,https://play.limitlesstcg.com/tournament/6a7f315b5a30714095570103/player/m_rada/teamlist,https://play.limitlesstcg.com/tournament/6a7f315b5a30714095570103/standings,Gengar-Mega:Snorlax:Incineroar:Scrafty:Dragonite:Rillaboom,5,Dragonite,Dragonite,Life Orb,Inner Focus,Dragon Claw:Low Kick:Extreme Speed:Protect,Dragon Claw,Low Kick,Extreme Speed,Protect,Gengar-Mega:Snorlax:Incineroar:Scrafty:Rillaboom
2026-09-14,2026-09-14T12:00:02Z,pikalytics,gen9championsvgc2026regma,"Best Pokemon, teams, and builds in Pokemon Champions VGC 2026",https://pikalytics.com/pokedex/gen9championsvgc2026regma,3,6,M_rada,M_rada,7-0,7,0,0,7,100.00,"Alpensee Tour (Reg M-C, Swiss only) #74",2026-09-09,1,1,92,https://play.limitlesstcg.com/tournament/6a7f315b5a30714095570103/player/m_rada/teamlist,https://play.limitlesstcg.com/tournament/6a7f315b5a30714095570103/standings,Gengar-Mega:Snorlax:Incineroar:Scrafty:Dragonite:Rillaboom,6,Rillaboom,Rillaboom,Eject Button,Grassy Surge,Grassy Glide:U-turn:Fake Out:Protect,Grassy Glide,U-turn,Fake Out,Protect,Gengar-Mega:Snorlax:Incineroar:Scrafty:Dragonite
2026-09-10,2026-09-10T12:00:04Z,pikalytics,gen9championsvgc2026regma,"Best Pokemon, teams, and builds in Pokemon Champions VGC 2026",https://pikalytics.com/pokedex/gen9championsvgc2026regma,4,6,HollowedHollowed,HollowedHollowed,8-2,8,2,0,10,80.00,r/VGC Regulation M-C Kickoff Cup,2026-09-09,1,1,165,https://play.limitlesstcg.com/tournament/6aa00639a4272c53be64abbd/player/hollowedhollowed/teamlist,https://play.limitlesstcg.com/tournament/6aa00639a4272c53be64abbd/standings,Floette-Eternal-Mega:Raichu-Mega-Y:Gholdengo:Sneasler:Incineroar:Rillaboom,1,Floette-Eternal-Mega,Eternal Flower Floette,Floettite,Flower Veil,Moonblast:Dazzling Gleam:Calm Mind:Protect,Moonblast,Dazzling Gleam,Calm Mind,Protect,Raichu-Mega-Y:Gholdengo:Sneasler:Incineroar:Rillaboom
2026-09-14,2026-09-14T12:00:02Z,pikalytics,gen9championsvgc2026regma,"Best Pokemon, teams, and builds in Pokemon Champions VGC 2026",https://pikalytics.com/pokedex/gen9championsvgc2026regma,4,6,LittlePotato13,LittlePotato13,5-0,5,0,0,5,100.00,Pokepal Smackdown #157 (Champions) (Reg M-C),2026-09-09,1,1,48,https://play.limitlesstcg.com/tournament/6a96ef24629039f77d8a7614/player/littlepotato13/teamlist,https://play.limitlesstcg.com/tournament/6a96ef24629039f77d8a7614/standings,Froslass-Mega:Arcanine-Hisui:Kingambit:Farigiraf:Floette-Eternal-Mega:Toxapex,1,Froslass-Mega,Froslass,Froslassite,Cursed Body,Protect:Aurora Veil:Shadow Ball:Blizzard,Protect,Aurora Veil,Shadow Ball,Blizzard,Arcanine-Hisui:Kingambit:Farigiraf:Floette-Eternal-Mega:Toxapex
2026-09-14,2026-09-14T12:00:02Z,pikalytics,gen9championsvgc2026regma,"Best Pokemon, teams, and builds in Pokemon Champions VGC 2026",https://pikalytics.com/pokedex/gen9championsvgc2026regma,4,6,LittlePotato13,LittlePotato13,5-0,5,0,0,5,100.00,Pokepal Smackdown #157 (Champions) (Reg M-C),2026-09-09,1,1,48,https://play.limitlesstcg.com/tournament/6a96ef24629039f77d8a7614/player/littlepotato13/teamlist,https://play.limitlesstcg.com/tournament/6a96ef24629039f77d8a7614/standings,Froslass-Mega:Arcanine-Hisui:Kingambit:Farigiraf:Floette-Eternal-Mega:Toxapex,2,Arcanine-Hisui,Hisuian Arcanine,Focus Sash,Rock Head,Protect:Extreme Speed:Flare Blitz:Head Smash,Protect,Extreme Speed,Flare Blitz,Head Smash,Froslass-Mega:Kingambit:Farigiraf:Floette-Eternal-Mega:Toxapex
2026-09-10,2026-09-10T12:00:04Z,pikalytics,gen9championsvgc2026regma,"Best Pokemon, teams, and builds in Pokemon Champions VGC 2026",https://pikalytics.com/pokedex/gen9championsvgc2026regma,4,6,HollowedHollowed,HollowedHollowed,8-2,8,2,0,10,80.00,r/VGC Regulation M-C Kickoff Cup,2026-09-09,1,1,165,https://play.limitlesstcg.com/tournament/6aa00639a4272c53be64abbd/player/hollowedhollowed/teamlist,https://play.limitlesstcg.com/tournament/6aa00639a4272c53be64abbd/standings,Floette-Eternal-Mega:Raichu-Mega-Y:Gholdengo:Sneasler:Incineroar:Rillaboom,2,Raichu-Mega-Y,Raichu,Raichunite Y,Lightning Rod,Zap Cannon:Focus Blast:Encore:Protect,Zap Cannon,Focus Blast,Encore,Protect,Floette-Eternal-Mega:Gholdengo:Sneasler:Incineroar:Rillaboom
2026-09-10,2026-09-10T12:00:04Z,pikalytics,gen9championsvgc2026regma,"Best Pokemon, teams, and builds in Pokemon Champions VGC 2026",https://pikalytics.com/pokedex/gen9championsvgc2026regma,4,6,HollowedHollowed,HollowedHollowed,8-2,8,2,0,10,80.00,r/VGC Regulation M-C Kickoff Cup,2026-09-09,1,1,165,https://play.limitlesstcg.com/tournament/6aa00639a4272c53be64abbd/player/hollowedhollowed/teamlist,https://play.limitlesstcg.com/tournament/6aa00639a4272c53be64abbd/standings,Floette-Eternal-Mega:Raichu-Mega-Y:Gholdengo:Sneasler:Incineroar:Rillaboom,3,Gholdengo,Gholdengo,Life Orb,Good as Gold,Make It Rain:Shadow Ball:Nasty Plot:Protect,Make It Rain,Shadow Ball,Nasty Plot,Protect,Floette-Eternal-Mega:Raichu-Mega-Y:Sneasler:Incineroar:Rillaboom
2026-09-14,2026-09-14T12:00:02Z,pikalytics,gen9championsvgc2026regma,"Best Pokemon, teams, and builds in Pokemon Champions VGC 2026",https://pikalytics.com/pokedex/gen9championsvgc2026regma,4,6,LittlePotato13,LittlePotato13,5-0,5,0,0,5,100.00,Pokepal Smackdown #157 (Champions) (Reg M-C),2026-09-09,1,1,48,https://play.limitlesstcg.com/tournament/6a96ef24629039f77d8a7614/player/littlepotato13/teamlist,https://play.limitlesstcg.com/tournament/6a96ef24629039f77d8a7614/standings,Froslass-Mega:Arcanine-Hisui:Kingambit:Farigiraf:Floette-Eternal-Mega:Toxapex,3,Kingambit,Kingambit,Chople Berry,Defiant,Sucker Punch:Kowtow Cleave:Low Kick:Iron Head,Sucker Punch,Kowtow Cleave,Low Kick,Iron Head,Froslass-Mega:Arcanine-Hisui:Farigiraf:Floette-Eternal-Mega:Toxapex
2026-09-14,2026-09-14T12:00:02Z,pikalytics,gen9championsvgc2026regma,"Best Pokemon, teams, and builds in Pokemon Champions VGC 2026",https://pikalytics.com/pokedex/gen9championsvgc2026regma,4,6,LittlePotato13,LittlePotato13,5-0,5,0,0,5,100.00,Pokepal Smackdown #157 (Champions) (Reg M-C),2026-09-09,1,1,48,https://play.limitlesstcg.com/tournament/6a96ef24629039f77d8a7614/player/littlepotato13/teamlist,https://play.limitlesstcg.com/tournament/6a96ef24629039f77d8a7614/standings,Froslass-Mega:Arcanine-Hisui:Kingambit:Farigiraf:Floette-Eternal-Mega:Toxapex,4,Farigiraf,Farigiraf,Sitrus Berry,Armor Tail,Protect:Trick Room:Helping Hand:Psychic,Protect,Trick Room,Helping Hand,Psychic,Froslass-Mega:Arcanine-Hisui:Kingambit:Floette-Eternal-Mega:Toxapex
2026-09-10,2026-09-10T12:00:04Z,pikalytics,gen9championsvgc2026regma,"Best Pokemon, teams, and builds in Pokemon Champions VGC 2026",https://pikalytics.com/pokedex/gen9championsvgc2026regma,4,6,HollowedHollowed,HollowedHollowed,8-2,8,2,0,10,80.00,r/VGC Regulation M-C Kickoff Cup,2026-09-09,1,1,165,https://play.limitlesstcg.com/tournament/6aa00639a4272c53be64abbd/player/hollowedhollowed/teamlist,https://play.limitlesstcg.com/tournament/6aa00639a4272c53be64abbd/standings,Floette-Eternal-Mega:Raichu-Mega-Y:Gholdengo:Sneasler:Incineroar:Rillaboom,4,Sneasler,Sneasler,Grassy Seed,Unburden,Close Combat:Dire Claw:Rock Slide:Protect,Close Combat,Dire Claw,Rock Slide,Protect,Floette-Eternal-Mega:Raichu-Mega-Y:Gholdengo:Incineroar:Rillaboom
2026-09-14,2026-09-14T12:00:02Z,pikalytics,gen9championsvgc2026regma,"Best Pokemon, teams, and builds in Pokemon Champions VGC 2026",https://pikalytics.com/pokedex/gen9championsvgc2026regma,4,6,LittlePotato13,LittlePotato13,5-0,5,0,0,5,100.00,Pokepal Smackdown #157 (Champions) (Reg M-C),2026-09-09,1,1,48,https://play.limitlesstcg.com/tournament/6a96ef24629039f77d8a7614/player/littlepotato13/teamlist,https://play.limitlesstcg.com/tournament/6a96ef24629039f77d8a7614/standings,Froslass-Mega:Arcanine-Hisui:Kingambit:Farigiraf:Floette-Eternal-Mega:Toxapex,5,Floette-Eternal-Mega,Eternal Flower Floette,Floettite,Flower Veil,Protect:Dazzling Gleam:Moonblast:Light of Ruin,Protect,Dazzling Gleam,Moonblast,Light of Ruin,Froslass-Mega:Arcanine-Hisui:Kingambit:Farigiraf:Toxapex
2026-09-10,2026-09-10T12:00:04Z,pikalytics,gen9championsvgc2026regma,"Best Pokemon, teams, and builds in Pokemon Champions VGC 2026",https://pikalytics.com/pokedex/gen9championsvgc2026regma,4,6,HollowedHollowed,HollowedHollowed,8-2,8,2,0,10,80.00,r/VGC Regulation M-C Kickoff Cup,2026-09-09,1,1,165,https://play.limitlesstcg.com/tournament/6aa00639a4272c53be64abbd/player/hollowedhollowed/teamlist,https://play.limitlesstcg.com/tournament/6aa00639a4272c53be64abbd/standings,Floette-Eternal-Mega:Raichu-Mega-Y:Gholdengo:Sneasler:Incineroar:Rillaboom,5,Incineroar,Incineroar,Sitrus Berry,Intimidate,Fake Out:Flare Blitz:Throat Chop:Parting Shot,Fake Out,Flare Blitz,Throat Chop,Parting Shot,Floette-Eternal-Mega:Raichu-Mega-Y:Gholdengo:Sneasler:Rillaboom
2026-09-10,2026-09-10T12:00:04Z,pikalytics,gen9championsvgc2026regma,"Best Pokemon, teams, and builds in Pokemon Champions VGC 2026",https://pikalytics.com/pokedex/gen9championsvgc2026regma,4,6,HollowedHollowed,HollowedHollowed,8-2,8,2,0,10,80.00,r/VGC Regulation M-C Kickoff Cup,2026-09-09,1,1,165,https://play.limitlesstcg.com/tournament/6aa00639a4272c53be64abbd/player/hollowedhollowed/teamlist,https://play.limitlesstcg.com/tournament/6aa00639a4272c53be64abbd/standings,Floette-Eternal-Mega:Raichu-Mega-Y:Gholdengo:Sneasler:Incineroar:Rillaboom,6,Rillaboom,Rillaboom,Yache Berry,Grassy Surge,Fake Out:Grassy Glide:Wood Hammer:High Horsepower,Fake Out,Grassy Glide,Wood Hammer,High Horsepower,Floette-Eternal-Mega:Raichu-Mega-Y:Gholdengo:Sneasler:Incineroar
2026-09-14,2026-09-14T12:00:02Z,pikalytics,gen9championsvgc2026regma,"Best Pokemon, teams, and builds in Pokemon Champions VGC 2026",https://pikalytics.com/pokedex/gen9championsvgc2026regma,4,6,LittlePotato13,LittlePotato13,5-0,5,0,0,5,100.00,Pokepal Smackdown #157 (Champions) (Reg M-C),2026-09-09,1,1,48,https://play.limitlesstcg.com/tournament/6a96ef24629039f77d8a7614/player/littlepotato13/teamlist,https://play.limitlesstcg.com/tournament/6a96ef24629039f77d8a7614/standings,Froslass-Mega:Arcanine-Hisui:Kingambit:Farigiraf:Floette-Eternal-Mega:Toxapex,6,Toxapex,Toxapex,Leftovers,Regenerator,Baneful Bunker:Wide Guard:Toxic:Infestation,Baneful Bunker,Wide Guard,Toxic,Infestation,Froslass-Mega:Arcanine-Hisui:Kingambit:Farigiraf:Floette-Eternal-Mega
2026-09-14,2026-09-14T12:00:02Z,pikalytics,gen9championsvgc2026regma,"Best Pokemon, teams, and builds in Pokemon Champions VGC 2026",https://pikalytics.com/pokedex/gen9championsvgc2026regma,5,6,Hazarai,Hazarai,4-0,4,0,0,4,100.00,Wolfey Patreon Tournament - M-C Launch Casual Tour,2026-09-09,1,1,26,https://play.limitlesstcg.com/tournament/6a9df29eab080c8c957fc4e2/player/hazarai/teamlist,https://play.limitlesstcg.com/tournament/6a9df29eab080c8c957fc4e2/standings,Blastoise-Mega:Golisopod-Mega:Torkoal:Farigiraf:Basculegion:Sylveon,1,Blastoise-Mega,Blastoise,Blastoisinite,Rain Dish,Water Spout:Aura Sphere:Dark Pulse:Fake Out,Water Spout,Aura Sphere,Dark Pulse,Fake Out,Golisopod-Mega:Torkoal:Farigiraf:Basculegion:Sylveon
2026-09-14,2026-09-14T12:00:02Z,pikalytics,gen9championsvgc2026regma,"Best Pokemon, teams, and builds in Pokemon Champions VGC 2026",https://pikalytics.com/pokedex/gen9championsvgc2026regma,5,6,Hazarai,Hazarai,4-0,4,0,0,4,100.00,Wolfey Patreon Tournament - M-C Launch Casual Tour,2026-09-09,1,1,26,https://play.limitlesstcg.com/tournament/6a9df29eab080c8c957fc4e2/player/hazarai/teamlist,https://play.limitlesstcg.com/tournament/6a9df29eab080c8c957fc4e2/standings,Blastoise-Mega:Golisopod-Mega:Torkoal:Farigiraf:Basculegion:Sylveon,2,Golisopod-Mega,Golisopod,Golisopite,Emergency Exit,Leech Life:Swords Dance:Iron Head:Close Combat,Leech Life,Swords Dance,Iron Head,Close Combat,Blastoise-Mega:Torkoal:Farigiraf:Basculegion:Sylveon
2026-09-14,2026-09-14T12:00:02Z,pikalytics,gen9championsvgc2026regma,"Best Pokemon, teams, and builds in Pokemon Champions VGC 2026",https://pikalytics.com/pokedex/gen9championsvgc2026regma,5,6,Hazarai,Hazarai,4-0,4,0,0,4,100.00,Wolfey Patreon Tournament - M-C Launch Casual Tour,2026-09-09,1,1,26,https://play.limitlesstcg.com/tournament/6a9df29eab080c8c957fc4e2/player/hazarai/teamlist,https://play.limitlesstcg.com/tournament/6a9df29eab080c8c957fc4e2/standings,Blastoise-Mega:Golisopod-Mega:Torkoal:Farigiraf:Basculegion:Sylveon,3,Torkoal,Torkoal,Charcoal,Drought,Eruption:Weather Ball:Solar Beam:Protect,Eruption,Weather Ball,Solar Beam,Protect,Blastoise-Mega:Golisopod-Mega:Farigiraf:Basculegion:Sylveon
2026-09-14,2026-09-14T12:00:02Z,pikalytics,gen9championsvgc2026regma,"Best Pokemon, teams, and builds in Pokemon Champions VGC 2026",https://pikalytics.com/pokedex/gen9championsvgc2026regma,5,6,Hazarai,Hazarai,4-0,4,0,0,4,100.00,Wolfey Patreon Tournament - M-C Launch Casual Tour,2026-09-09,1,1,26,https://play.limitlesstcg.com/tournament/6a9df29eab080c8c957fc4e2/player/hazarai/teamlist,https://play.limitlesstcg.com/tournament/6a9df29eab080c8c957fc4e2/standings,Blastoise-Mega:Golisopod-Mega:Torkoal:Farigiraf:Basculegion:Sylveon,4,Farigiraf,Farigiraf,Sitrus Berry,Armor Tail,Twin Beam:Helping Hand:Thunderbolt:Trick Room,Twin Beam,Helping Hand,Thunderbolt,Trick Room,Blastoise-Mega:Golisopod-Mega:Torkoal:Basculegion:Sylveon
2026-09-14,2026-09-14T12:00:02Z,pikalytics,gen9championsvgc2026regma,"Best Pokemon, teams, and builds in Pokemon Champions VGC 2026",https://pikalytics.com/pokedex/gen9championsvgc2026regma,5,6,Hazarai,Hazarai,4-0,4,0,0,4,100.00,Wolfey Patreon Tournament - M-C Launch Casual Tour,2026-09-09,1,1,26,https://play.limitlesstcg.com/tournament/6a9df29eab080c8c957fc4e2/player/hazarai/teamlist,https://play.limitlesstcg.com/tournament/6a9df29eab080c8c957fc4e2/standings,Blastoise-Mega:Golisopod-Mega:Torkoal:Farigiraf:Basculegion:Sylveon,5,Basculegion,Basculegion,Life Orb,Adaptability,Wave Crash:Last Respects:Protect:Aqua Jet,Wave Crash,Last Respects,Protect,Aqua Jet,Blastoise-Mega:Golisopod-Mega:Torkoal:Farigiraf:Sylveon
2026-09-14,2026-09-14T12:00:02Z,pikalytics,gen9championsvgc2026regma,"Best Pokemon, teams, and builds in Pokemon Champions VGC 2026",https://pikalytics.com/pokedex/gen9championsvgc2026regma,5,6,Hazarai,Hazarai,4-0,4,0,0,4,100.00,Wolfey Patreon Tournament - M-C Launch Casual Tour,2026-09-09,1,1,26,https://play.limitlesstcg.com/tournament/6a9df29eab080c8c957fc4e2/player/hazarai/teamlist,https://play.limitlesstcg.com/tournament/6a9df29eab080c8c957fc4e2/standings,Blastoise-Mega:Golisopod-Mega:Torkoal:Farigiraf:Basculegion:Sylveon,6,Sylveon,Sylveon,Fairy Feather,Pixilate,Hyper Voice:Quick Attack:Hyper Beam:Detect,Hyper Voice,Quick Attack,Hyper Beam,Detect,Blastoise-Mega:Golisopod-Mega:Torkoal:Farigiraf:Basculegion
2026-09-14,2026-09-14T12:00:02Z,pikalytics,gen9championsvgc2026regma,"Best Pokemon, teams, and builds in Pokemon Champions VGC 2026",https://pikalytics.com/pokedex/gen9championsvgc2026regma,6,6,Tyler Reis,Tyler Reis,5-0,5,0,0,5,100.00,3º Torneio Remoto Pokémon Champions - Liga CWB,2026-09-09,1,1,8,https://play.limitlesstcg.com/tournament/6aa00e5bab080c8c957fdf71/player/nevermore23/teamlist,https://play.limitlesstcg.com/tournament/6aa00e5bab080c8c957fdf71/standings,Froslass-Mega:Sneasler:Kingambit:Lycanroc:Scovillain-Mega:Basculegion,1,Froslass-Mega,Froslass,Froslassite,Snow Warning,Blizzard:Aurora Veil:Shadow Ball:Protect,Blizzard,Aurora Veil,Shadow Ball,Protect,Sneasler:Kingambit:Lycanroc:Scovillain-Mega:Basculegion
2026-09-14,2026-09-14T12:00:02Z,pikalytics,gen9championsvgc2026regma,"Best Pokemon, teams, and builds in Pokemon Champions VGC 2026",https://pikalytics.com/pokedex/gen9championsvgc2026regma,6,6,Tyler Reis,Tyler Reis,5-0,5,0,0,5,100.00,3º Torneio Remoto Pokémon Champions - Liga CWB,2026-09-09,1,1,8,https://play.limitlesstcg.com/tournament/6aa00e5bab080c8c957fdf71/player/nevermore23/teamlist,https://play.limitlesstcg.com/tournament/6aa00e5bab080c8c957fdf71/standings,Froslass-Mega:Sneasler:Kingambit:Lycanroc:Scovillain-Mega:Basculegion,2,Sneasler,Sneasler,White Herb,Unburden,Fake Out:Close Combat:Dire Claw:Protect,Fake Out,Close Combat,Dire Claw,Protect,Froslass-Mega:Kingambit:Lycanroc:Scovillain-Mega:Basculegion
2026-09-14,2026-09-14T12:00:02Z,pikalytics,gen9championsvgc2026regma,"Best Pokemon, teams, and builds in Pokemon Champions VGC 2026",https://pikalytics.com/pokedex/gen9championsvgc2026regma,6,6,Tyler Reis,Tyler Reis,5-0,5,0,0,5,100.00,3º Torneio Remoto Pokémon Champions - Liga CWB,2026-09-09,1,1,8,https://play.limitlesstcg.com/tournament/6aa00e5bab080c8c957fdf71/player/nevermore23/teamlist,https://play.limitlesstcg.com/tournament/6aa00e5bab080c8c957fdf71/standings,Froslass-Mega:Sneasler:Kingambit:Lycanroc:Scovillain-Mega:Basculegion,3,Kingambit,Kingambit,Black Glasses,Defiant,Kowtow Cleave:Sucker Punch:Swords Dance:Protect,Kowtow Cleave,Sucker Punch,Swords Dance,Protect,Froslass-Mega:Sneasler:Lycanroc:Scovillain-Mega:Basculegion
2026-09-14,2026-09-14T12:00:02Z,pikalytics,gen9championsvgc2026regma,"Best Pokemon, teams, and builds in Pokemon Champions VGC 2026",https://pikalytics.com/pokedex/gen9championsvgc2026regma,6,6,Tyler Reis,Tyler Reis,5-0,5,0,0,5,100.00,3º Torneio Remoto Pokémon Champions - Liga CWB,2026-09-09,1,1,8,https://play.limitlesstcg.com/tournament/6aa00e5bab080c8c957fdf71/player/nevermore23/teamlist,https://play.limitlesstcg.com/tournament/6aa00e5bab080c8c957fdf71/standings,Froslass-Mega:Sneasler:Kingambit:Lycanroc:Scovillain-Mega:Basculegion,4,Lycanroc,Lycanroc,Focus Sash,Tough Claws,Rock Slide:Accelerock:Close Combat:Protect,Rock Slide,Accelerock,Close Combat,Protect,Froslass-Mega:Sneasler:Kingambit:Scovillain-Mega:Basculegion
2026-09-14,2026-09-14T12:00:02Z,pikalytics,gen9championsvgc2026regma,"Best Pokemon, teams, and builds in Pokemon Champions VGC 2026",https://pikalytics.com/pokedex/gen9championsvgc2026regma,6,6,Tyler Reis,Tyler Reis,5-0,5,0,0,5,100.00,3º Torneio Remoto Pokémon Champions - Liga CWB,2026-09-09,1,1,8,https://play.limitlesstcg.com/tournament/6aa00e5bab080c8c957fdf71/player/nevermore23/teamlist,https://play.limitlesstcg.com/tournament/6aa00e5bab080c8c957fdf71/standings,Froslass-Mega:Sneasler:Kingambit:Lycanroc:Scovillain-Mega:Basculegion,5,Scovillain-Mega,Scovillain,Scovillainite,Spicy Spray,Giga Drain:Overheat:Rage Powder:Protect,Giga Drain,Overheat,Rage Powder,Protect,Froslass-Mega:Sneasler:Kingambit:Lycanroc:Basculegion
2026-09-14,2026-09-14T12:00:02Z,pikalytics,gen9championsvgc2026regma,"Best Pokemon, teams, and builds in Pokemon Champions VGC 2026",https://pikalytics.com/pokedex/gen9championsvgc2026regma,6,6,Tyler Reis,Tyler Reis,5-0,5,0,0,5,100.00,3º Torneio Remoto Pokémon Champions - Liga CWB,2026-09-09,1,1,8,https://play.limitlesstcg.com/tournament/6aa00e5bab080c8c957fdf71/player/nevermore23/teamlist,https://play.limitlesstcg.com/tournament/6aa00e5bab080c8c957fdf71/standings,Froslass-Mega:Sneasler:Kingambit:Lycanroc:Scovillain-Mega:Basculegion,6,Basculegion,Basculegion,Life Orb,Adaptability,Wave Crash:Last Respects:Aqua Jet:Protect,Wave Crash,Last Respects,Aqua Jet,Protect,Froslass-Mega:Sneasler:Kingambit:Lycanroc:Scovillain-Mega
2026-09-10,2026-09-10T12:00:04Z,pikalytics,gen9championsvgc2026regma,"Best Pokemon, teams, and builds in Pokemon Champions VGC 2026",https://pikalytics.com/pokedex/gen9championsvgc2026regma,7,6,Rukushio,Rukushio,1-0,1,0,0,1,100.00,🍋Sitrus-Series🍋|Champions-MC|$50 to First|#75,2026-09-09,1,1,243,https://play.limitlesstcg.com/tournament/6a93805b629039f77d8a53c1/player/rukushio/teamlist,https://play.limitlesstcg.com/tournament/6a93805b629039f77d8a53c1/standings,Absol-Mega-Z:Sneasler:Salamence-Mega:Kingambit:Incineroar:Sinistcha,1,Absol-Mega-Z,Absol,Absolite Z,Justified,Psycho Cut:Night Slash:Protect:X-Scissor,Psycho Cut,Night Slash,Protect,X-Scissor,Sneasler:Salamence-Mega:Kingambit:Incineroar:Sinistcha
2026-09-10,2026-09-10T12:00:04Z,pikalytics,gen9championsvgc2026regma,"Best Pokemon, teams, and builds in Pokemon Champions VGC 2026",https://pikalytics.com/pokedex/gen9championsvgc2026regma,7,6,Rukushio,Rukushio,1-0,1,0,0,1,100.00,🍋Sitrus-Series🍋|Champions-MC|$50 to First|#75,2026-09-09,1,1,243,https://play.limitlesstcg.com/tournament/6a93805b629039f77d8a53c1/player/rukushio/teamlist,https://play.limitlesstcg.com/tournament/6a93805b629039f77d8a53c1/standings,Absol-Mega-Z:Sneasler:Salamence-Mega:Kingambit:Incineroar:Sinistcha,2,Sneasler,Sneasler,White Herb,Unburden,Close Combat:Dire Claw:Protect:Fake Out,Close Combat,Dire Claw,Protect,Fake Out,Absol-Mega-Z:Salamence-Mega:Kingambit:Incineroar:Sinistcha
2026-09-10,2026-09-10T12:00:04Z,pikalytics,gen9championsvgc2026regma,"Best Pokemon, teams, and builds in Pokemon Champions VGC 2026",https://pikalytics.com/pokedex/gen9championsvgc2026regma,7,6,Rukushio,Rukushio,1-0,1,0,0,1,100.00,🍋Sitrus-Series🍋|Champions-MC|$50 to First|#75,2026-09-09,1,1,243,https://play.limitlesstcg.com/tournament/6a93805b629039f77d8a53c1/player/rukushio/teamlist,https://play.limitlesstcg.com/tournament/6a93805b629039f77d8a53c1/standings,Absol-Mega-Z:Sneasler:Salamence-Mega:Kingambit:Incineroar:Sinistcha,3,Salamence-Mega,Salamence,Salamencite,Intimidate,Flamethrower:Protect:Dragon Pulse:Hyper Voice,Flamethrower,Protect,Dragon Pulse,Hyper Voice,Absol-Mega-Z:Sneasler:Kingambit:Incineroar:Sinistcha
2026-09-10,2026-09-10T12:00:04Z,pikalytics,gen9championsvgc2026regma,"Best Pokemon, teams, and builds in Pokemon Champions VGC 2026",https://pikalytics.com/pokedex/gen9championsvgc2026regma,7,6,Rukushio,Rukushio,1-0,1,0,0,1,100.00,🍋Sitrus-Series🍋|Champions-MC|$50 to First|#75,2026-09-09,1,1,243,https://play.limitlesstcg.com/tournament/6a93805b629039f77d8a53c1/player/rukushio/teamlist,https://play.limitlesstcg.com/tournament/6a93805b629039f77d8a53c1/standings,Absol-Mega-Z:Sneasler:Salamence-Mega:Kingambit:Incineroar:Sinistcha,4,Kingambit,Kingambit,Occa Berry,Defiant,Kowtow Cleave:Sucker Punch:Iron Head:Low Kick,Kowtow Cleave,Sucker Punch,Iron Head,Low Kick,Absol-Mega-Z:Sneasler:Salamence-Mega:Incineroar:Sinistcha
2026-09-10,2026-09-10T12:00:04Z,pikalytics,gen9championsvgc2026regma,"Best Pokemon, teams, and builds in Pokemon Champions VGC 2026",https://pikalytics.com/pokedex/gen9championsvgc2026regma,7,6,Rukushio,Rukushio,1-0,1,0,0,1,100.00,🍋Sitrus-Series🍋|Champions-MC|$50 to First|#75,2026-09-09,1,1,243,https://play.limitlesstcg.com/tournament/6a93805b629039f77d8a53c1/player/rukushio/teamlist,https://play.limitlesstcg.com/tournament/6a93805b629039f77d8a53c1/standings,Absol-Mega-Z:Sneasler:Salamence-Mega:Kingambit:Incineroar:Sinistcha,5,Incineroar,Incineroar,Chople Berry,Intimidate,Flare Blitz:Throat Chop:Fake Out:Parting Shot,Flare Blitz,Throat Chop,Fake Out,Parting Shot,Absol-Mega-Z:Sneasler:Salamence-Mega:Kingambit:Sinistcha
2026-09-10,2026-09-10T12:00:04Z,pikalytics,gen9championsvgc2026regma,"Best Pokemon, teams, and builds in Pokemon Champions VGC 2026",https://pikalytics.com/pokedex/gen9championsvgc2026regma,7,6,Rukushio,Rukushio,1-0,1,0,0,1,100.00,🍋Sitrus-Series🍋|Champions-MC|$50 to First|#75,2026-09-09,1,1,243,https://play.limitlesstcg.com/tournament/6a93805b629039f77d8a53c1/player/rukushio/teamlist,https://play.limitlesstcg.com/tournament/6a93805b629039f77d8a53c1/standings,Absol-Mega-Z:Sneasler:Salamence-Mega:Kingambit:Incineroar:Sinistcha,6,Sinistcha,Sinistcha,Sitrus Berry,Hospitality,Rage Powder:Matcha Gotcha:Trick Room:Life Dew,Rage Powder,Matcha Gotcha,Trick Room,Life Dew,Absol-Mega-Z:Sneasler:Salamence-Mega:Kingambit:Incineroar
2026-09-10,2026-09-10T12:00:04Z,pikalytics,gen9championsvgc2026regma,"Best Pokemon, teams, and builds in Pokemon Champions VGC 2026",https://pikalytics.com/pokedex/gen9championsvgc2026regma,9,6,AVEornot,AVEornot,8-2,8,2,0,10,80.00,r/VGC Regulation M-C Kickoff Cup,2026-09-09,2,0,165,https://play.limitlesstcg.com/tournament/6aa00639a4272c53be64abbd/player/aveornot/teamlist,https://play.limitlesstcg.com/tournament/6aa00639a4272c53be64abbd/standings,Charizard-Mega-Y:Venusaur:Pelipper:Archaludon:Sneasler:Indeedee-F,1,Charizard-Mega-Y,Charizard,Charizardite Y,Blaze,Weather Ball:Heat Wave:Helping Hand:Protect,Weather Ball,Heat Wave,Helping Hand,Protect,Venusaur:Pelipper:Archaludon:Sneasler:Indeedee-F
2026-09-14,2026-09-14T12:00:02Z,pikalytics,gen9championsvgc2026regma,"Best Pokemon, teams, and builds in Pokemon Champions VGC 2026",https://pikalytics.com/pokedex/gen9championsvgc2026regma,9,6,138mysx,138mysx,11-2,11,2,0,13,84.62,🍋Sitrus-Series🍋|Champions-MC|$50 to First|#75,2026-09-09,1,1,243,https://play.limitlesstcg.com/tournament/6a93805b629039f77d8a53c1/player/138mysx/teamlist,https://play.limitlesstcg.com/tournament/6a93805b629039f77d8a53c1/standings,Rillaboom:Charizard-Mega-Y:Kingambit:Sylveon:Salamence-Mega:Sneasler,1,Rillaboom,Rillaboom,Sitrus Berry,Grassy Surge,Fake Out:Wood Hammer:Grassy Glide:U-turn,Fake Out,Wood Hammer,Grassy Glide,U-turn,Charizard-Mega-Y:Kingambit:Sylveon:Salamence-Mega:Sneasler
2026-09-14,2026-09-14T12:00:02Z,pikalytics,gen9championsvgc2026regma,"Best Pokemon, teams, and builds in Pokemon Champions VGC 2026",https://pikalytics.com/pokedex/gen9championsvgc2026regma,9,6,138mysx,138mysx,11-2,11,2,0,13,84.62,🍋Sitrus-Series🍋|Champions-MC|$50 to First|#75,2026-09-09,1,1,243,https://play.limitlesstcg.com/tournament/6a93805b629039f77d8a53c1/player/138mysx/teamlist,https://play.limitlesstcg.com/tournament/6a93805b629039f77d8a53c1/standings,Rillaboom:Charizard-Mega-Y:Kingambit:Sylveon:Salamence-Mega:Sneasler,2,Charizard-Mega-Y,Charizard,Charizardite Y,Blaze,Heat Wave:Weather Ball:Ancient Power:Protect,Heat Wave,Weather Ball,Ancient Power,Protect,Rillaboom:Kingambit:Sylveon:Salamence-Mega:Sneasler
2026-09-10,2026-09-10T12:00:04Z,pikalytics,gen9championsvgc2026regma,"Best Pokemon, teams, and builds in Pokemon Champions VGC 2026",https://pikalytics.com/pokedex/gen9championsvgc2026regma,9,6,AVEornot,AVEornot,8-2,8,2,0,10,80.00,r/VGC Regulation M-C Kickoff Cup,2026-09-09,2,0,165,https://play.limitlesstcg.com/tournament/6aa00639a4272c53be64abbd/player/aveornot/teamlist,https://play.limitlesstcg.com/tournament/6aa00639a4272c53be64abbd/standings,Charizard-Mega-Y:Venusaur:Pelipper:Archaludon:Sneasler:Indeedee-F,2,Venusaur,Venusaur,Life Orb,Chlorophyll,Leaf Storm:Sleep Powder:Sludge Bomb:Protect,Leaf Storm,Sleep Powder,Sludge Bomb,Protect,Charizard-Mega-Y:Pelipper:Archaludon:Sneasler:Indeedee-F
2026-09-14,2026-09-14T12:00:02Z,pikalytics,gen9championsvgc2026regma,"Best Pokemon, teams, and builds in Pokemon Champions VGC 2026",https://pikalytics.com/pokedex/gen9championsvgc2026regma,9,6,138mysx,138mysx,11-2,11,2,0,13,84.62,🍋Sitrus-Series🍋|Champions-MC|$50 to First|#75,2026-09-09,1,1,243,https://play.limitlesstcg.com/tournament/6a93805b629039f77d8a53c1/player/138mysx/teamlist,https://play.limitlesstcg.com/tournament/6a93805b629039f77d8a53c1/standings,Rillaboom:Charizard-Mega-Y:Kingambit:Sylveon:Salamence-Mega:Sneasler,3,Kingambit,Kingambit,Life Orb,Defiant,Kowtow Cleave:Iron Head:Sucker Punch:Protect,Kowtow Cleave,Iron Head,Sucker Punch,Protect,Rillaboom:Charizard-Mega-Y:Sylveon:Salamence-Mega:Sneasler
2026-09-10,2026-09-10T12:00:04Z,pikalytics,gen9championsvgc2026regma,"Best Pokemon, teams, and builds in Pokemon Champions VGC 2026",https://pikalytics.com/pokedex/gen9championsvgc2026regma,9,6,AVEornot,AVEornot,8-2,8,2,0,10,80.00,r/VGC Regulation M-C Kickoff Cup,2026-09-09,2,0,165,https://play.limitlesstcg.com/tournament/6aa00639a4272c53be64abbd/player/aveornot/teamlist,https://play.limitlesstcg.com/tournament/6aa00639a4272c53be64abbd/standings,Charizard-Mega-Y:Venusaur:Pelipper:Archaludon:Sneasler:Indeedee-F,3,Pelipper,Pelipper,Focus Sash,Drizzle,Weather Ball:Hurricane:Wide Guard:Tailwind,Weather Ball,Hurricane,Wide Guard,Tailwind,Charizard-Mega-Y:Venusaur:Archaludon:Sneasler:Indeedee-F
2026-09-10,2026-09-10T12:00:04Z,pikalytics,gen9championsvgc2026regma,"Best Pokemon, teams, and builds in Pokemon Champions VGC 2026",https://pikalytics.com/pokedex/gen9championsvgc2026regma,9,6,AVEornot,AVEornot,8-2,8,2,0,10,80.00,r/VGC Regulation M-C Kickoff Cup,2026-09-09,2,0,165,https://play.limitlesstcg.com/tournament/6aa00639a4272c53be64abbd/player/aveornot/teamlist,https://play.limitlesstcg.com/tournament/6aa00639a4272c53be64abbd/standings,Charizard-Mega-Y:Venusaur:Pelipper:Archaludon:Sneasler:Indeedee-F,4,Archaludon,Archaludon,Leftovers,Stamina,Electro Shot:Draco Meteor:Snarl:Protect,Electro Shot,Draco Meteor,Snarl,Protect,Charizard-Mega-Y:Venusaur:Pelipper:Sneasler:Indeedee-F
2026-09-14,2026-09-14T12:00:02Z,pikalytics,gen9championsvgc2026regma,"Best Pokemon, teams, and builds in Pokemon Champions VGC 2026",https://pikalytics.com/pokedex/gen9championsvgc2026regma,9,6,138mysx,138mysx,11-2,11,2,0,13,84.62,🍋Sitrus-Series🍋|Champions-MC|$50 to First|#75,2026-09-09,1,1,243,https://play.limitlesstcg.com/tournament/6a93805b629039f77d8a53c1/player/138mysx/teamlist,https://play.limitlesstcg.com/tournament/6a93805b629039f77d8a53c1/standings,Rillaboom:Charizard-Mega-Y:Kingambit:Sylveon:Salamence-Mega:Sneasler,4,Sylveon,Sylveon,Fairy Feather,Pixilate,Hyper Beam:Hyper Voice:Quick Attack:Detect,Hyper Beam,Hyper Voice,Quick Attack,Detect,Rillaboom:Charizard-Mega-Y:Kingambit:Salamence-Mega:Sneasler
2026-09-14,2026-09-14T12:00:02Z,pikalytics,gen9championsvgc2026regma,"Best Pokemon, teams, and builds in Pokemon Champions VGC 2026",https://pikalytics.com/pokedex/gen9championsvgc2026regma,9,6,138mysx,138mysx,11-2,11,2,0,13,84.62,🍋Sitrus-Series🍋|Champions-MC|$50 to First|#75,2026-09-09,1,1,243,https://play.limitlesstcg.com/tournament/6a93805b629039f77d8a53c1/player/138mysx/teamlist,https://play.limitlesstcg.com/tournament/6a93805b629039f77d8a53c1/standings,Rillaboom:Charizard-Mega-Y:Kingambit:Sylveon:Salamence-Mega:Sneasler,5,Salamence-Mega,Salamence,Salamencite,Intimidate,Hyper Voice:Tailwind:Double-Edge:Protect,Hyper Voice,Tailwind,Double-Edge,Protect,Rillaboom:Charizard-Mega-Y:Kingambit:Sylveon:Sneasler
2026-09-10,2026-09-10T12:00:04Z,pikalytics,gen9championsvgc2026regma,"Best Pokemon, teams, and builds in Pokemon Champions VGC 2026",https://pikalytics.com/pokedex/gen9championsvgc2026regma,9,6,AVEornot,AVEornot,8-2,8,2,0,10,80.00,r/VGC Regulation M-C Kickoff Cup,2026-09-09,2,0,165,https://play.limitlesstcg.com/tournament/6aa00639a4272c53be64abbd/player/aveornot/teamlist,https://play.limitlesstcg.com/tournament/6aa00639a4272c53be64abbd/standings,Charizard-Mega-Y:Venusaur:Pelipper:Archaludon:Sneasler:Indeedee-F,5,Sneasler,Sneasler,Psychic Seed,Unburden,Close Combat:Rock Slide:Swords Dance:Protect,Close Combat,Rock Slide,Swords Dance,Protect,Charizard-Mega-Y:Venusaur:Pelipper:Archaludon:Indeedee-F
2026-09-10,2026-09-10T12:00:04Z,pikalytics,gen9championsvgc2026regma,"Best Pokemon, teams, and builds in Pokemon Champions VGC 2026",https://pikalytics.com/pokedex/gen9championsvgc2026regma,9,6,AVEornot,AVEornot,8-2,8,2,0,10,80.00,r/VGC Regulation M-C Kickoff Cup,2026-09-09,2,0,165,https://play.limitlesstcg.com/tournament/6aa00639a4272c53be64abbd/player/aveornot/teamlist,https://play.limitlesstcg.com/tournament/6aa00639a4272c53be64abbd/standings,Charizard-Mega-Y:Venusaur:Pelipper:Archaludon:Sneasler:Indeedee-F,6,Indeedee-F,Indeedee ♀,Rocky Helmet,Psychic Surge,Follow Me:Trick Room:Helping Hand:Terrain Pulse,Follow Me,Trick Room,Helping Hand,Terrain Pulse,Charizard-Mega-Y:Venusaur:Pelipper:Archaludon:Sneasler
2026-09-14,2026-09-14T12:00:02Z,pikalytics,gen9championsvgc2026regma,"Best Pokemon, teams, and builds in Pokemon Champions VGC 2026",https://pikalytics.com/pokedex/gen9championsvgc2026regma,9,6,138mysx,138mysx,11-2,11,2,0,13,84.62,🍋Sitrus-Series🍋|Champions-MC|$50 to First|#75,2026-09-09,1,1,243,https://play.limitlesstcg.com/tournament/6a93805b629039f77d8a53c1/player/138mysx/teamlist,https://play.limitlesstcg.com/tournament/6a93805b629039f77d8a53c1/standings,Rillaboom:Charizard-Mega-Y:Kingambit:Sylveon:Salamence-Mega:Sneasler,6,Sneasler,Sneasler,Grassy Seed,Unburden,Fake Out:Close Combat:Dire Claw:Protect,Fake Out,Close Combat,Dire Claw,Protect,Rillaboom:Charizard-Mega-Y:Kingambit:Sylveon:Salamence-Mega
2026-09-11,2026-09-11T12:00:02Z,pikalytics,gen9championsvgc2026regma,"Best Pokemon, teams, and builds in Pokemon Champions VGC 2026",https://pikalytics.com/pokedex/gen9championsvgc2026regma,10,6,MichaelderBeste,MichaelderBeste,6-1,6,1,0,7,85.71,"Alpensee Tour (Reg M-C, Swiss only) #74",2026-09-09,2,0,92,https://play.limitlesstcg.com/tournament/6a7f315b5a30714095570103/player/michaelderbeste/teamlist,https://play.limitlesstcg.com/tournament/6a7f315b5a30714095570103/standings,Salamence-Mega:Sneasler:Gholdengo:Tsareena:Raichu-Mega-Y:Sylveon,1,Salamence-Mega,Salamence,Salamencite,Intimidate,Double-Edge:Hyper Voice:Tailwind:Protect,Double-Edge,Hyper Voice,Tailwind,Protect,Sneasler:Gholdengo:Tsareena:Raichu-Mega-Y:Sylveon
2026-09-11,2026-09-11T12:00:02Z,pikalytics,gen9championsvgc2026regma,"Best Pokemon, teams, and builds in Pokemon Champions VGC 2026",https://pikalytics.com/pokedex/gen9championsvgc2026regma,10,6,MichaelderBeste,MichaelderBeste,6-1,6,1,0,7,85.71,"Alpensee Tour (Reg M-C, Swiss only) #74",2026-09-09,2,0,92,https://play.limitlesstcg.com/tournament/6a7f315b5a30714095570103/player/michaelderbeste/teamlist,https://play.limitlesstcg.com/tournament/6a7f315b5a30714095570103/standings,Salamence-Mega:Sneasler:Gholdengo:Tsareena:Raichu-Mega-Y:Sylveon,2,Sneasler,Sneasler,White Herb,Unburden,Close Combat:Dire Claw:Rock Slide:Fake Out,Close Combat,Dire Claw,Rock Slide,Fake Out,Salamence-Mega:Gholdengo:Tsareena:Raichu-Mega-Y:Sylveon
2026-09-11,2026-09-11T12:00:02Z,pikalytics,gen9championsvgc2026regma,"Best Pokemon, teams, and builds in Pokemon Champions VGC 2026",https://pikalytics.com/pokedex/gen9championsvgc2026regma,10,6,MichaelderBeste,MichaelderBeste,6-1,6,1,0,7,85.71,"Alpensee Tour (Reg M-C, Swiss only) #74",2026-09-09,2,0,92,https://play.limitlesstcg.com/tournament/6a7f315b5a30714095570103/player/michaelderbeste/teamlist,https://play.limitlesstcg.com/tournament/6a7f315b5a30714095570103/standings,Salamence-Mega:Sneasler:Gholdengo:Tsareena:Raichu-Mega-Y:Sylveon,3,Gholdengo,Gholdengo,Life Orb,Good as Gold,Make It Rain:Shadow Ball:Nasty Plot:Protect,Make It Rain,Shadow Ball,Nasty Plot,Protect,Salamence-Mega:Sneasler:Tsareena:Raichu-Mega-Y:Sylveon
2026-09-11,2026-09-11T12:00:02Z,pikalytics,gen9championsvgc2026regma,"Best Pokemon, teams, and builds in Pokemon Champions VGC 2026",https://pikalytics.com/pokedex/gen9championsvgc2026regma,10,6,MichaelderBeste,MichaelderBeste,6-1,6,1,0,7,85.71,"Alpensee Tour (Reg M-C, Swiss only) #74",2026-09-09,2,0,92,https://play.limitlesstcg.com/tournament/6a7f315b5a30714095570103/player/michaelderbeste/teamlist,https://play.limitlesstcg.com/tournament/6a7f315b5a30714095570103/standings,Salamence-Mega:Sneasler:Gholdengo:Tsareena:Raichu-Mega-Y:Sylveon,4,Tsareena,Tsareena,Focus Sash,Queenly Majesty,Power Whip:Low Kick:Triple Axel:Protect,Power Whip,Low Kick,Triple Axel,Protect,Salamence-Mega:Sneasler:Gholdengo:Raichu-Mega-Y:Sylveon
2026-09-11,2026-09-11T12:00:02Z,pikalytics,gen9championsvgc2026regma,"Best Pokemon, teams, and builds in Pokemon Champions VGC 2026",https://pikalytics.com/pokedex/gen9championsvgc2026regma,10,6,MichaelderBeste,MichaelderBeste,6-1,6,1,0,7,85.71,"Alpensee Tour (Reg M-C, Swiss only) #74",2026-09-09,2,0,92,https://play.limitlesstcg.com/tournament/6a7f315b5a30714095570103/player/michaelderbeste/teamlist,https://play.limitlesstcg.com/tournament/6a7f315b5a30714095570103/standings,Salamence-Mega:Sneasler:Gholdengo:Tsareena:Raichu-Mega-Y:Sylveon,5,Raichu-Mega-Y,Raichu,Raichunite Y,Lightning Rod,Zap Cannon:Focus Blast:Fake Out:Protect,Zap Cannon,Focus Blast,Fake Out,Protect,Salamence-Mega:Sneasler:Gholdengo:Tsareena:Sylveon
2026-09-11,2026-09-11T12:00:02Z,pikalytics,gen9championsvgc2026regma,"Best Pokemon, teams, and builds in Pokemon Champions VGC 2026",https://pikalytics.com/pokedex/gen9championsvgc2026regma,10,6,MichaelderBeste,MichaelderBeste,6-1,6,1,0,7,85.71,"Alpensee Tour (Reg M-C, Swiss only) #74",2026-09-09,2,0,92,https://play.limitlesstcg.com/tournament/6a7f315b5a30714095570103/player/michaelderbeste/teamlist,https://play.limitlesstcg.com/tournament/6a7f315b5a30714095570103/standings,Salamence-Mega:Sneasler:Gholdengo:Tsareena:Raichu-Mega-Y:Sylveon,6,Sylveon,Sylveon,Fairy Feather,Pixilate,Hyper Voice:Hyper Beam:Quick Attack:Detect,Hyper Voice,Hyper Beam,Quick Attack,Detect,Salamence-Mega:Sneasler:Gholdengo:Tsareena:Raichu-Mega-Y
2026-09-11,2026-09-11T12:00:02Z,pikalytics,gen9championsvgc2026regma,"Best Pokemon, teams, and builds in Pokemon Champions VGC 2026",https://pikalytics.com/pokedex/gen9championsvgc2026regma,11,6,Shaboogles,Shaboogles,4-0,4,0,0,4,100.00,Wolfey Patreon Tournament - M-C Launch Casual Tour,2026-09-09,2,0,26,https://play.limitlesstcg.com/tournament/6a9df29eab080c8c957fc4e2/player/shaboogles/teamlist,https://play.limitlesstcg.com/tournament/6a9df29eab080c8c957fc4e2/standings,Garchomp:Toxapex:Charizard-Mega-Y:Floette-Eternal-Mega:Rillaboom:Incineroar,1,Garchomp,Garchomp,Choice Scarf,Rough Skin,Earthquake:Dragon Claw:Rock Slide:Stomping Tantrum,Earthquake,Dragon Claw,Rock Slide,Stomping Tantrum,Toxapex:Charizard-Mega-Y:Floette-Eternal-Mega:Rillaboom:Incineroar
2026-09-10,2026-09-10T12:00:04Z,pikalytics,gen9championsvgc2026regma,"Best Pokemon, teams, and builds in Pokemon Champions VGC 2026",https://pikalytics.com/pokedex/gen9championsvgc2026regma,11,6,John Vincent Salinas,John Vincent Salinas,6-3,6,3,0,9,66.67,Mid-Week Smoke #10,2026-09-09,2,0,55,https://play.limitlesstcg.com/tournament/6a94d4afabb94822375044e9/player/jv69420/teamlist,https://play.limitlesstcg.com/tournament/6a94d4afabb94822375044e9/standings,Metagross-Mega:Indeedee:Chandelure-Mega:Rillaboom:Basculegion:Pawmot,1,Metagross-Mega,Metagross,Metagrossite,Clear Body,Steel Roller:Psychic Fangs:Body Press:Protect,Steel Roller,Psychic Fangs,Body Press,Protect,Indeedee:Chandelure-Mega:Rillaboom:Basculegion:Pawmot
2026-09-10,2026-09-10T12:00:04Z,pikalytics,gen9championsvgc2026regma,"Best Pokemon, teams, and builds in Pokemon Champions VGC 2026",https://pikalytics.com/pokedex/gen9championsvgc2026regma,11,6,John Vincent Salinas,John Vincent Salinas,6-3,6,3,0,9,66.67,Mid-Week Smoke #10,2026-09-09,2,0,55,https://play.limitlesstcg.com/tournament/6a94d4afabb94822375044e9/player/jv69420/teamlist,https://play.limitlesstcg.com/tournament/6a94d4afabb94822375044e9/standings,Metagross-Mega:Indeedee:Chandelure-Mega:Rillaboom:Basculegion:Pawmot,2,Indeedee,Indeedee ♀,Colbur Berry,Psychic Surge,Follow Me:Helping Hand:Trick Room:Psychic,Follow Me,Helping Hand,Trick Room,Psychic,Metagross-Mega:Chandelure-Mega:Rillaboom:Basculegion:Pawmot
2026-09-11,2026-09-11T12:00:02Z,pikalytics,gen9championsvgc2026regma,"Best Pokemon, teams, and builds in Pokemon Champions VGC 2026",https://pikalytics.com/pokedex/gen9championsvgc2026regma,11,6,Shaboogles,Shaboogles,4-0,4,0,0,4,100.00,Wolfey Patreon Tournament - M-C Launch Casual Tour,2026-09-09,2,0,26,https://play.limitlesstcg.com/tournament/6a9df29eab080c8c957fc4e2/player/shaboogles/teamlist,https://play.limitlesstcg.com/tournament/6a9df29eab080c8c957fc4e2/standings,Garchomp:Toxapex:Charizard-Mega-Y:Floette-Eternal-Mega:Rillaboom:Incineroar,2,Toxapex,Toxapex,Leftovers,Regenerator,Infestation:Baneful Bunker:Wide Guard:Toxic,Infestation,Baneful Bunker,Wide Guard,Toxic,Garchomp:Charizard-Mega-Y:Floette-Eternal-Mega:Rillaboom:Incineroar
2026-09-10,2026-09-10T12:00:04Z,pikalytics,gen9championsvgc2026regma,"Best Pokemon, teams, and builds in Pokemon Champions VGC 2026",https://pikalytics.com/pokedex/gen9championsvgc2026regma,11,6,John Vincent Salinas,John Vincent Salinas,6-3,6,3,0,9,66.67,Mid-Week Smoke #10,2026-09-09,2,0,55,https://play.limitlesstcg.com/tournament/6a94d4afabb94822375044e9/player/jv69420/teamlist,https://play.limitlesstcg.com/tournament/6a94d4afabb94822375044e9/standings,Metagross-Mega:Indeedee:Chandelure-Mega:Rillaboom:Basculegion:Pawmot,3,Chandelure-Mega,Chandelure,Chandelurite,Flash Fire,Heat Wave:Shadow Ball:Protect:Calm Mind,Heat Wave,Shadow Ball,Protect,Calm Mind,Metagross-Mega:Indeedee:Rillaboom:Basculegion:Pawmot
2026-09-11,2026-09-11T12:00:02Z,pikalytics,gen9championsvgc2026regma,"Best Pokemon, teams, and builds in Pokemon Champions VGC 2026",https://pikalytics.com/pokedex/gen9championsvgc2026regma,11,6,Shaboogles,Shaboogles,4-0,4,0,0,4,100.00,Wolfey Patreon Tournament - M-C Launch Casual Tour,2026-09-09,2,0,26,https://play.limitlesstcg.com/tournament/6a9df29eab080c8c957fc4e2/player/shaboogles/teamlist,https://play.limitlesstcg.com/tournament/6a9df29eab080c8c957fc4e2/standings,Garchomp:Toxapex:Charizard-Mega-Y:Floette-Eternal-Mega:Rillaboom:Incineroar,3,Charizard-Mega-Y,Charizard,Charizardite Y,Solar Power,Heat Wave:Weather Ball:Ancient Power:Protect,Heat Wave,Weather Ball,Ancient Power,Protect,Garchomp:Toxapex:Floette-Eternal-Mega:Rillaboom:Incineroar
2026-09-11,2026-09-11T12:00:02Z,pikalytics,gen9championsvgc2026regma,"Best Pokemon, teams, and builds in Pokemon Champions VGC 2026",https://pikalytics.com/pokedex/gen9championsvgc2026regma,11,6,Shaboogles,Shaboogles,4-0,4,0,0,4,100.00,Wolfey Patreon Tournament - M-C Launch Casual Tour,2026-09-09,2,0,26,https://play.limitlesstcg.com/tournament/6a9df29eab080c8c957fc4e2/player/shaboogles/teamlist,https://play.limitlesstcg.com/tournament/6a9df29eab080c8c957fc4e2/standings,Garchomp:Toxapex:Charizard-Mega-Y:Floette-Eternal-Mega:Rillaboom:Incineroar,4,Floette-Eternal-Mega,Eternal Flower Floette,Floettite,Flower Veil,Moonblast:Dazzling Gleam:Protect:Calm Mind,Moonblast,Dazzling Gleam,Protect,Calm Mind,Garchomp:Toxapex:Charizard-Mega-Y:Rillaboom:Incineroar
2026-09-10,2026-09-10T12:00:04Z,pikalytics,gen9championsvgc2026regma,"Best Pokemon, teams, and builds in Pokemon Champions VGC 2026",https://pikalytics.com/pokedex/gen9championsvgc2026regma,11,6,John Vincent Salinas,John Vincent Salinas,6-3,6,3,0,9,66.67,Mid-Week Smoke #10,2026-09-09,2,0,55,https://play.limitlesstcg.com/tournament/6a94d4afabb94822375044e9/player/jv69420/teamlist,https://play.limitlesstcg.com/tournament/6a94d4afabb94822375044e9/standings,Metagross-Mega:Indeedee:Chandelure-Mega:Rillaboom:Basculegion:Pawmot,4,Rillaboom,Rillaboom,Life Orb,Grassy Surge,Wood Hammer:Superpower:U-turn:High Horsepower,Wood Hammer,Superpower,U-turn,High Horsepower,Metagross-Mega:Indeedee:Chandelure-Mega:Basculegion:Pawmot
2026-09-10,2026-09-10T12:00:04Z,pikalytics,gen9championsvgc2026regma,"Best Pokemon, teams, and builds in Pokemon Champions VGC 2026",https://pikalytics.com/pokedex/gen9championsvgc2026regma,11,6,John Vincent Salinas,John Vincent Salinas,6-3,6,3,0,9,66.67,Mid-Week Smoke #10,2026-09-09,2,0,55,https://play.limitlesstcg.com/tournament/6a94d4afabb94822375044e9/player/jv69420/teamlist,https://play.limitlesstcg.com/tournament/6a94d4afabb94822375044e9/standings,Metagross-Mega:Indeedee:Chandelure-Mega:Rillaboom:Basculegion:Pawmot,5,Basculegion,Basculegion,Choice Scarf,Adaptability,Flip Turn:Wave Crash:Last Respects:Aqua Jet,Flip Turn,Wave Crash,Last Respects,Aqua Jet,Metagross-Mega:Indeedee:Chandelure-Mega:Rillaboom:Pawmot
2026-09-11,2026-09-11T12:00:02Z,pikalytics,gen9championsvgc2026regma,"Best Pokemon, teams, and builds in Pokemon Champions VGC 2026",https://pikalytics.com/pokedex/gen9championsvgc2026regma,11,6,Shaboogles,Shaboogles,4-0,4,0,0,4,100.00,Wolfey Patreon Tournament - M-C Launch Casual Tour,2026-09-09,2,0,26,https://play.limitlesstcg.com/tournament/6a9df29eab080c8c957fc4e2/player/shaboogles/teamlist,https://play.limitlesstcg.com/tournament/6a9df29eab080c8c957fc4e2/standings,Garchomp:Toxapex:Charizard-Mega-Y:Floette-Eternal-Mega:Rillaboom:Incineroar,5,Rillaboom,Rillaboom,Miracle Seed,Grassy Surge,Wood Hammer:Grassy Glide:Fake Out:U-turn,Wood Hammer,Grassy Glide,Fake Out,U-turn,Garchomp:Toxapex:Charizard-Mega-Y:Floette-Eternal-Mega:Incineroar
2026-09-11,2026-09-11T12:00:02Z,pikalytics,gen9championsvgc2026regma,"Best Pokemon, teams, and builds in Pokemon Champions VGC 2026",https://pikalytics.com/pokedex/gen9championsvgc2026regma,11,6,Shaboogles,Shaboogles,4-0,4,0,0,4,100.00,Wolfey Patreon Tournament - M-C Launch Casual Tour,2026-09-09,2,0,26,https://play.limitlesstcg.com/tournament/6a9df29eab080c8c957fc4e2/player/shaboogles/teamlist,https://play.limitlesstcg.com/tournament/6a9df29eab080c8c957fc4e2/standings,Garchomp:Toxapex:Charizard-Mega-Y:Floette-Eternal-Mega:Rillaboom:Incineroar,6,Incineroar,Incineroar,Sitrus Berry,Intimidate,Flare Blitz:Throat Chop:Fake Out:Parting Shot,Flare Blitz,Throat Chop,Fake Out,Parting Shot,Garchomp:Toxapex:Charizard-Mega-Y:Floette-Eternal-Mega:Rillaboom
2026-09-10,2026-09-10T12:00:04Z,pikalytics,gen9championsvgc2026regma,"Best Pokemon, teams, and builds in Pokemon Champions VGC 2026",https://pikalytics.com/pokedex/gen9championsvgc2026regma,11,6,John Vincent Salinas,John Vincent Salinas,6-3,6,3,0,9,66.67,Mid-Week Smoke #10,2026-09-09,2,0,55,https://play.limitlesstcg.com/tournament/6a94d4afabb94822375044e9/player/jv69420/teamlist,https://play.limitlesstcg.com/tournament/6a94d4afabb94822375044e9/standings,Metagross-Mega:Indeedee:Chandelure-Mega:Rillaboom:Basculegion:Pawmot,6,Pawmot,Pawmot,Focus Sash,Iron Fist,Double Shock:Close Combat:Ice Punch:Protect,Double Shock,Close Combat,Ice Punch,Protect,Metagross-Mega:Indeedee:Chandelure-Mega:Rillaboom:Basculegion
2026-09-10,2026-09-10T12:00:04Z,pikalytics,gen9championsvgc2026regma,"Best Pokemon, teams, and builds in Pokemon Champions VGC 2026",https://pikalytics.com/pokedex/gen9championsvgc2026regma,12,6,NoctivVGC,NoctivVGC,1-0,1,0,0,1,100.00,🍋Sitrus-Series🍋|Champions-MC|$50 to First|#75,2026-09-09,2,0,243,https://play.limitlesstcg.com/tournament/6a93805b629039f77d8a53c1/player/noctivvgc/teamlist,https://play.limitlesstcg.com/tournament/6a93805b629039f77d8a53c1/standings,Floette-Eternal-Mega:Incineroar:Farigiraf:Pelipper:Rillaboom:Golisopod-Mega,1,Floette-Eternal-Mega,Eternal Flower Floette,Floettite,Flower Veil,Draining Kiss:Calm Mind:Protect:Dazzling Gleam,Draining Kiss,Calm Mind,Protect,Dazzling Gleam,Incineroar:Farigiraf:Pelipper:Rillaboom:Golisopod-Mega
2026-09-10,2026-09-10T12:00:04Z,pikalytics,gen9championsvgc2026regma,"Best Pokemon, teams, and builds in Pokemon Champions VGC 2026",https://pikalytics.com/pokedex/gen9championsvgc2026regma,12,6,NoctivVGC,NoctivVGC,1-0,1,0,0,1,100.00,🍋Sitrus-Series🍋|Champions-MC|$50 to First|#75,2026-09-09,2,0,243,https://play.limitlesstcg.com/tournament/6a93805b629039f77d8a53c1/player/noctivvgc/teamlist,https://play.limitlesstcg.com/tournament/6a93805b629039f77d8a53c1/standings,Floette-Eternal-Mega:Incineroar:Farigiraf:Pelipper:Rillaboom:Golisopod-Mega,2,Incineroar,Incineroar,Charcoal,Intimidate,Flare Blitz:Darkest Lariat:Fake Out:Parting Shot,Flare Blitz,Darkest Lariat,Fake Out,Parting Shot,Floette-Eternal-Mega:Farigiraf:Pelipper:Rillaboom:Golisopod-Mega
2026-09-10,2026-09-10T12:00:04Z,pikalytics,gen9championsvgc2026regma,"Best Pokemon, teams, and builds in Pokemon Champions VGC 2026",https://pikalytics.com/pokedex/gen9championsvgc2026regma,12,6,NoctivVGC,NoctivVGC,1-0,1,0,0,1,100.00,🍋Sitrus-Series🍋|Champions-MC|$50 to First|#75,2026-09-09,2,0,243,https://play.limitlesstcg.com/tournament/6a93805b629039f77d8a53c1/player/noctivvgc/teamlist,https://play.limitlesstcg.com/tournament/6a93805b629039f77d8a53c1/standings,Floette-Eternal-Mega:Incineroar:Farigiraf:Pelipper:Rillaboom:Golisopod-Mega,3,Farigiraf,Farigiraf,Sitrus Berry,Armor Tail,Helping Hand:Psychic:Thunderbolt:Trick Room,Helping Hand,Psychic,Thunderbolt,Trick Room,Floette-Eternal-Mega:Incineroar:Pelipper:Rillaboom:Golisopod-Mega
2026-09-10,2026-09-10T12:00:04Z,pikalytics,gen9championsvgc2026regma,"Best Pokemon, teams, and builds in Pokemon Champions VGC 2026",https://pikalytics.com/pokedex/gen9championsvgc2026regma,12,6,NoctivVGC,NoctivVGC,1-0,1,0,0,1,100.00,🍋Sitrus-Series🍋|Champions-MC|$50 to First|#75,2026-09-09,2,0,243,https://play.limitlesstcg.com/tournament/6a93805b629039f77d8a53c1/player/noctivvgc/teamlist,https://play.limitlesstcg.com/tournament/6a93805b629039f77d8a53c1/standings,Floette-Eternal-Mega:Incineroar:Farigiraf:Pelipper:Rillaboom:Golisopod-Mega,4,Pelipper,Pelipper,Focus Sash,Drizzle,Wide Guard:Weather Ball:Tailwind:Hurricane,Wide Guard,Weather Ball,Tailwind,Hurricane,Floette-Eternal-Mega:Incineroar:Farigiraf:Rillaboom:Golisopod-Mega
2026-09-10,2026-09-10T12:00:04Z,pikalytics,gen9championsvgc2026regma,"Best Pokemon, teams, and builds in Pokemon Champions VGC 2026",https://pikalytics.com/pokedex/gen9championsvgc2026regma,12,6,NoctivVGC,NoctivVGC,1-0,1,0,0,1,100.00,🍋Sitrus-Series🍋|Champions-MC|$50 to First|#75,2026-09-09,2,0,243,https://play.limitlesstcg.com/tournament/6a93805b629039f77d8a53c1/player/noctivvgc/teamlist,https://play.limitlesstcg.com/tournament/6a93805b629039f77d8a53c1/standings,Floette-Eternal-Mega:Incineroar:Farigiraf:Pelipper:Rillaboom:Golisopod-Mega,5,Rillaboom,Rillaboom,Miracle Seed,Grassy Surge,Fake Out:Grassy Glide:Wood Hammer:U-turn,Fake Out,Grassy Glide,Wood Hammer,U-turn,Floette-Eternal-Mega:Incineroar:Farigiraf:Pelipper:Golisopod-Mega
2026-09-10,2026-09-10T12:00:04Z,pikalytics,gen9championsvgc2026regma,"Best Pokemon, teams, and builds in Pokemon Champions VGC 2026",https://pikalytics.com/pokedex/gen9championsvgc2026regma,12,6,NoctivVGC,NoctivVGC,1-0,1,0,0,1,100.00,🍋Sitrus-Series🍋|Champions-MC|$50 to First|#75,2026-09-09,2,0,243,https://play.limitlesstcg.com/tournament/6a93805b629039f77d8a53c1/player/noctivvgc/teamlist,https://play.limitlesstcg.com/tournament/6a93805b629039f77d8a53c1/standings,Floette-Eternal-Mega:Incineroar:Farigiraf:Pelipper:Rillaboom:Golisopod-Mega,6,Golisopod-Mega,Golisopod,Golisopite,Emergency Exit,First Impression:Iron Head:Protect:Liquidation,First Impression,Iron Head,Protect,Liquidation,Floette-Eternal-Mega:Incineroar:Farigiraf:Pelipper:Rillaboom
2026-09-14,2026-09-14T12:00:02Z,pikalytics,gen9championsvgc2026regma,"Best Pokemon, teams, and builds in Pokemon Champions VGC 2026",https://pikalytics.com/pokedex/gen9championsvgc2026regma,13,6,Roid Blancaflor,Roid Blancaflor,7-2,7,2,0,9,77.78,Mid-Week Smoke #10,2026-09-09,1,1,55,https://play.limitlesstcg.com/tournament/6a94d4afabb94822375044e9/player/booooords/teamlist,https://play.limitlesstcg.com/tournament/6a94d4afabb94822375044e9/standings,Basculegion:Farigiraf:Blaziken:Whimsicott:Floette-Eternal-Mega:Salamence-Mega,1,Basculegion,Basculegion,Choice Scarf,Adaptability,Aqua Jet:Last Respects:Wave Crash:Flip Turn,Aqua Jet,Last Respects,Wave Crash,Flip Turn,Farigiraf:Blaziken:Whimsicott:Floette-Eternal-Mega:Salamence-Mega
2026-09-10,2026-09-10T12:00:04Z,pikalytics,gen9championsvgc2026regma,"Best Pokemon, teams, and builds in Pokemon Champions VGC 2026",https://pikalytics.com/pokedex/gen9championsvgc2026regma,13,6,Meaghan B,Meaghan B,5-1,5,1,0,6,83.33,Hatterene Series Weekly #2 2027 - 6PM UTC - M-C,2026-09-09,2,0,13,https://play.limitlesstcg.com/tournament/6a8786a65a30714095575870/player/xerneusvgc/teamlist,https://play.limitlesstcg.com/tournament/6a8786a65a30714095575870/standings,Rillaboom:Salamence-Mega:Kingambit:Sneasler:Arcanine-Hisui:Primarina,1,Rillaboom,Rillaboom,Miracle Seed,Grassy Surge,Grassy Glide:Wood Hammer:High Horsepower:Fake Out,Grassy Glide,Wood Hammer,High Horsepower,Fake Out,Salamence-Mega:Kingambit:Sneasler:Arcanine-Hisui:Primarina
2026-09-14,2026-09-14T12:00:02Z,pikalytics,gen9championsvgc2026regma,"Best Pokemon, teams, and builds in Pokemon Champions VGC 2026",https://pikalytics.com/pokedex/gen9championsvgc2026regma,13,6,Roid Blancaflor,Roid Blancaflor,7-2,7,2,0,9,77.78,Mid-Week Smoke #10,2026-09-09,1,1,55,https://play.limitlesstcg.com/tournament/6a94d4afabb94822375044e9/player/booooords/teamlist,https://play.limitlesstcg.com/tournament/6a94d4afabb94822375044e9/standings,Basculegion:Farigiraf:Blaziken:Whimsicott:Floette-Eternal-Mega:Salamence-Mega,2,Farigiraf,Farigiraf,Sitrus Berry,Armor Tail,Psychic:Imprison:Trick Room:Helping Hand,Psychic,Imprison,Trick Room,Helping Hand,Basculegion:Blaziken:Whimsicott:Floette-Eternal-Mega:Salamence-Mega
2026-09-10,2026-09-10T12:00:04Z,pikalytics,gen9championsvgc2026regma,"Best Pokemon, teams, and builds in Pokemon Champions VGC 2026",https://pikalytics.com/pokedex/gen9championsvgc2026regma,13,6,Meaghan B,Meaghan B,5-1,5,1,0,6,83.33,Hatterene Series Weekly #2 2027 - 6PM UTC - M-C,2026-09-09,2,0,13,https://play.limitlesstcg.com/tournament/6a8786a65a30714095575870/player/xerneusvgc/teamlist,https://play.limitlesstcg.com/tournament/6a8786a65a30714095575870/standings,Rillaboom:Salamence-Mega:Kingambit:Sneasler:Arcanine-Hisui:Primarina,2,Salamence-Mega,Salamence,Salamencite,Intimidate,Hyper Voice:Double-Edge:Tailwind:Protect,Hyper Voice,Double-Edge,Tailwind,Protect,Rillaboom:Kingambit:Sneasler:Arcanine-Hisui:Primarina
2026-09-14,2026-09-14T12:00:02Z,pikalytics,gen9championsvgc2026regma,"Best Pokemon, teams, and builds in Pokemon Champions VGC 2026",https://pikalytics.com/pokedex/gen9championsvgc2026regma,13,6,Roid Blancaflor,Roid Blancaflor,7-2,7,2,0,9,77.78,Mid-Week Smoke #10,2026-09-09,1,1,55,https://play.limitlesstcg.com/tournament/6a94d4afabb94822375044e9/player/booooords/teamlist,https://play.limitlesstcg.com/tournament/6a94d4afabb94822375044e9/standings,Basculegion:Farigiraf:Blaziken:Whimsicott:Floette-Eternal-Mega:Salamence-Mega,3,Blaziken,Blaziken,Life Orb,Speed Boost,Aura Sphere:Rock Slide:Protect:Heat Wave,Aura Sphere,Rock Slide,Protect,Heat Wave,Basculegion:Farigiraf:Whimsicott:Floette-Eternal-Mega:Salamence-Mega
2026-09-10,2026-09-10T12:00:04Z,pikalytics,gen9championsvgc2026regma,"Best Pokemon, teams, and builds in Pokemon Champions VGC 2026",https://pikalytics.com/pokedex/gen9championsvgc2026regma,13,6,Meaghan B,Meaghan B,5-1,5,1,0,6,83.33,Hatterene Series Weekly #2 2027 - 6PM UTC - M-C,2026-09-09,2,0,13,https://play.limitlesstcg.com/tournament/6a8786a65a30714095575870/player/xerneusvgc/teamlist,https://play.limitlesstcg.com/tournament/6a8786a65a30714095575870/standings,Rillaboom:Salamence-Mega:Kingambit:Sneasler:Arcanine-Hisui:Primarina,3,Kingambit,Kingambit,Chople Berry,Defiant,Kowtow Cleave:Sucker Punch:Low Kick:Protect,Kowtow Cleave,Sucker Punch,Low Kick,Protect,Rillaboom:Salamence-Mega:Sneasler:Arcanine-Hisui:Primarina
2026-09-10,2026-09-10T12:00:04Z,pikalytics,gen9championsvgc2026regma,"Best Pokemon, teams, and builds in Pokemon Champions VGC 2026",https://pikalytics.com/pokedex/gen9championsvgc2026regma,13,6,Meaghan B,Meaghan B,5-1,5,1,0,6,83.33,Hatterene Series Weekly #2 2027 - 6PM UTC - M-C,2026-09-09,2,0,13,https://play.limitlesstcg.com/tournament/6a8786a65a30714095575870/player/xerneusvgc/teamlist,https://play.limitlesstcg.com/tournament/6a8786a65a30714095575870/standings,Rillaboom:Salamence-Mega:Kingambit:Sneasler:Arcanine-Hisui:Primarina,4,Sneasler,Sneasler,White Herb,Unburden,Gunk Shot:Close Combat:Fake Out:Feint,Gunk Shot,Close Combat,Fake Out,Feint,Rillaboom:Salamence-Mega:Kingambit:Arcanine-Hisui:Primarina
2026-09-14,2026-09-14T12:00:02Z,pikalytics,gen9championsvgc2026regma,"Best Pokemon, teams, and builds in Pokemon Champions VGC 2026",https://pikalytics.com/pokedex/gen9championsvgc2026regma,13,6,Roid Blancaflor,Roid Blancaflor,7-2,7,2,0,9,77.78,Mid-Week Smoke #10,2026-09-09,1,1,55,https://play.limitlesstcg.com/tournament/6a94d4afabb94822375044e9/player/booooords/teamlist,https://play.limitlesstcg.com/tournament/6a94d4afabb94822375044e9/standings,Basculegion:Farigiraf:Blaziken:Whimsicott:Floette-Eternal-Mega:Salamence-Mega,4,Whimsicott,Whimsicott,Focus Sash,Prankster,Dazzling Gleam:Tailwind:Fake Tears:Protect,Dazzling Gleam,Tailwind,Fake Tears,Protect,Basculegion:Farigiraf:Blaziken:Floette-Eternal-Mega:Salamence-Mega
2026-09-10,2026-09-10T12:00:04Z,pikalytics,gen9championsvgc2026regma,"Best Pokemon, teams, and builds in Pokemon Champions VGC 2026",https://pikalytics.com/pokedex/gen9championsvgc2026regma,13,6,Meaghan B,Meaghan B,5-1,5,1,0,6,83.33,Hatterene Series Weekly #2 2027 - 6PM UTC - M-C,2026-09-09,2,0,13,https://play.limitlesstcg.com/tournament/6a8786a65a30714095575870/player/xerneusvgc/teamlist,https://play.limitlesstcg.com/tournament/6a8786a65a30714095575870/standings,Rillaboom:Salamence-Mega:Kingambit:Sneasler:Arcanine-Hisui:Primarina,5,Arcanine-Hisui,Hisuian Arcanine,Focus Sash,Rock Head,Flare Blitz:Head Smash:Extreme Speed:Protect,Flare Blitz,Head Smash,Extreme Speed,Protect,Rillaboom:Salamence-Mega:Kingambit:Sneasler:Primarina
2026-09-14,2026-09-14T12:00:02Z,pikalytics,gen9championsvgc2026regma,"Best Pokemon, teams, and builds in Pokemon Champions VGC 2026",https://pikalytics.com/pokedex/gen9championsvgc2026regma,13,6,Roid Blancaflor,Roid Blancaflor,7-2,7,2,0,9,77.78,Mid-Week Smoke #10,2026-09-09,1,1,55,https://play.limitlesstcg.com/tournament/6a94d4afabb94822375044e9/player/booooords/teamlist,https://play.limitlesstcg.com/tournament/6a94d4afabb94822375044e9/standings,Basculegion:Farigiraf:Blaziken:Whimsicott:Floette-Eternal-Mega:Salamence-Mega,5,Floette-Eternal-Mega,Floette,Floettite,Flower Veil,Moonblast:Dazzling Gleam:Protect:Light of Ruin,Moonblast,Dazzling Gleam,Protect,Light of Ruin,Basculegion:Farigiraf:Blaziken:Whimsicott:Salamence-Mega
2026-09-10,2026-09-10T12:00:04Z,pikalytics,gen9championsvgc2026regma,"Best Pokemon, teams, and builds in Pokemon Champions VGC 2026",https://pikalytics.com/pokedex/gen9championsvgc2026regma,13,6,Meaghan B,Meaghan B,5-1,5,1,0,6,83.33,Hatterene Series Weekly #2 2027 - 6PM UTC - M-C,2026-09-09,2,0,13,https://play.limitlesstcg.com/tournament/6a8786a65a30714095575870/player/xerneusvgc/teamlist,https://play.limitlesstcg.com/tournament/6a8786a65a30714095575870/standings,Rillaboom:Salamence-Mega:Kingambit:Sneasler:Arcanine-Hisui:Primarina,6,Primarina,Primarina,Leftovers,Liquid Voice,Hyper Voice:Moonblast:Calm Mind:Protect,Hyper Voice,Moonblast,Calm Mind,Protect,Rillaboom:Salamence-Mega:Kingambit:Sneasler:Arcanine-Hisui
2026-09-14,2026-09-14T12:00:02Z,pikalytics,gen9championsvgc2026regma,"Best Pokemon, teams, and builds in Pokemon Champions VGC 2026",https://pikalytics.com/pokedex/gen9championsvgc2026regma,13,6,Roid Blancaflor,Roid Blancaflor,7-2,7,2,0,9,77.78,Mid-Week Smoke #10,2026-09-09,1,1,55,https://play.limitlesstcg.com/tournament/6a94d4afabb94822375044e9/player/booooords/teamlist,https://play.limitlesstcg.com/tournament/6a94d4afabb94822375044e9/standings,Basculegion:Farigiraf:Blaziken:Whimsicott:Floette-Eternal-Mega:Salamence-Mega,6,Salamence-Mega,Salamence,Salamencite,Intimidate,Hyper Voice:Tailwind:Draco Meteor:Protect,Hyper Voice,Tailwind,Draco Meteor,Protect,Basculegion:Farigiraf:Blaziken:Whimsicott:Floette-Eternal-Mega
2026-09-10,2026-09-10T12:00:04Z,pikalytics,gen9championsvgc2026regma,"Best Pokemon, teams, and builds in Pokemon Champions VGC 2026",https://pikalytics.com/pokedex/gen9championsvgc2026regma,14,6,Ninfea Orayani,Ninfea Orayani,6-1,6,1,0,7,85.71,Mid-Week Smoke #10,2026-09-09,5,0,55,https://play.limitlesstcg.com/tournament/6a94d4afabb94822375044e9/player/ninfeaklaus/teamlist,https://play.limitlesstcg.com/tournament/6a94d4afabb94822375044e9/standings,Rillaboom:Gholdengo:Volcarona:Excadrill:Salamence-Mega:Tyranitar-Mega,1,Rillaboom,Rillaboom,Miracle Seed,Grassy Surge,Fake Out:Grassy Glide:Wood Hammer:U-turn,Fake Out,Grassy Glide,Wood Hammer,U-turn,Gholdengo:Volcarona:Excadrill:Salamence-Mega:Tyranitar-Mega
2026-09-10,2026-09-10T12:00:04Z,pikalytics,gen9championsvgc2026regma,"Best Pokemon, teams, and builds in Pokemon Champions VGC 2026",https://pikalytics.com/pokedex/gen9championsvgc2026regma,14,6,Ninfea Orayani,Ninfea Orayani,6-1,6,1,0,7,85.71,Mid-Week Smoke #10,2026-09-09,5,0,55,https://play.limitlesstcg.com/tournament/6a94d4afabb94822375044e9/player/ninfeaklaus/teamlist,https://play.limitlesstcg.com/tournament/6a94d4afabb94822375044e9/standings,Rillaboom:Gholdengo:Volcarona:Excadrill:Salamence-Mega:Tyranitar-Mega,2,Gholdengo,Gholdengo,Life Orb,Good as Gold,Make It Rain:Shadow Ball:Nasty Plot:Protect,Make It Rain,Shadow Ball,Nasty Plot,Protect,Rillaboom:Volcarona:Excadrill:Salamence-Mega:Tyranitar-Mega
2026-09-10,2026-09-10T12:00:04Z,pikalytics,gen9championsvgc2026regma,"Best Pokemon, teams, and builds in Pokemon Champions VGC 2026",https://pikalytics.com/pokedex/gen9championsvgc2026regma,14,6,Ninfea Orayani,Ninfea Orayani,6-1,6,1,0,7,85.71,Mid-Week Smoke #10,2026-09-09,5,0,55,https://play.limitlesstcg.com/tournament/6a94d4afabb94822375044e9/player/ninfeaklaus/teamlist,https://play.limitlesstcg.com/tournament/6a94d4afabb94822375044e9/standings,Rillaboom:Gholdengo:Volcarona:Excadrill:Salamence-Mega:Tyranitar-Mega,3,Volcarona,Volcarona,Grassy Seed,Flame Body,Fiery Dance:Rage Powder:Giga Drain:Protect,Fiery Dance,Rage Powder,Giga Drain,Protect,Rillaboom:Gholdengo:Excadrill:Salamence-Mega:Tyranitar-Mega
2026-09-10,2026-09-10T12:00:04Z,pikalytics,gen9championsvgc2026regma,"Best Pokemon, teams, and builds in Pokemon Champions VGC 2026",https://pikalytics.com/pokedex/gen9championsvgc2026regma,14,6,Ninfea Orayani,Ninfea Orayani,6-1,6,1,0,7,85.71,Mid-Week Smoke #10,2026-09-09,5,0,55,https://play.limitlesstcg.com/tournament/6a94d4afabb94822375044e9/player/ninfeaklaus/teamlist,https://play.limitlesstcg.com/tournament/6a94d4afabb94822375044e9/standings,Rillaboom:Gholdengo:Volcarona:Excadrill:Salamence-Mega:Tyranitar-Mega,4,Excadrill,Excadrill,Focus Sash,Sand Rush,High Horsepower:Iron Head:Rock Slide:Protect,High Horsepower,Iron Head,Rock Slide,Protect,Rillaboom:Gholdengo:Volcarona:Salamence-Mega:Tyranitar-Mega
2026-09-10,2026-09-10T12:00:04Z,pikalytics,gen9championsvgc2026regma,"Best Pokemon, teams, and builds in Pokemon Champions VGC 2026",https://pikalytics.com/pokedex/gen9championsvgc2026regma,14,6,Ninfea Orayani,Ninfea Orayani,6-1,6,1,0,7,85.71,Mid-Week Smoke #10,2026-09-09,5,0,55,https://play.limitlesstcg.com/tournament/6a94d4afabb94822375044e9/player/ninfeaklaus/teamlist,https://play.limitlesstcg.com/tournament/6a94d4afabb94822375044e9/standings,Rillaboom:Gholdengo:Volcarona:Excadrill:Salamence-Mega:Tyranitar-Mega,5,Salamence-Mega,Salamence,Salamencite,Intimidate,Protect:Double-Edge:Hyper Voice:Tailwind,Protect,Double-Edge,Hyper Voice,Tailwind,Rillaboom:Gholdengo:Volcarona:Excadrill:Tyranitar-Mega
2026-09-10,2026-09-10T12:00:04Z,pikalytics,gen9championsvgc2026regma,"Best Pokemon, teams, and builds in Pokemon Champions VGC 2026",https://pikalytics.com/pokedex/gen9championsvgc2026regma,14,6,Ninfea Orayani,Ninfea Orayani,6-1,6,1,0,7,85.71,Mid-Week Smoke #10,2026-09-09,5,0,55,https://play.limitlesstcg.com/tournament/6a94d4afabb94822375044e9/player/ninfeaklaus/teamlist,https://play.limitlesstcg.com/tournament/6a94d4afabb94822375044e9/standings,Rillaboom:Gholdengo:Volcarona:Excadrill:Salamence-Mega:Tyranitar-Mega,6,Tyranitar-Mega,Tyranitar,Tyranitarite,Sand Stream,Knock Off:Rock Slide:High Horsepower:Protect,Knock Off,Rock Slide,High Horsepower,Protect,Rillaboom:Gholdengo:Volcarona:Excadrill:Salamence-Mega
2026-09-10,2026-09-10T12:00:04Z,pikalytics,gen9championsvgc2026regma,"Best Pokemon, teams, and builds in Pokemon Champions VGC 2026",https://pikalytics.com/pokedex/gen9championsvgc2026regma,15,6,JoMcCloud23,JoMcCloud23,6-1,6,1,0,7,85.71,"Alpensee Tour (Reg M-C, Swiss only) #74",2026-09-09,4,0,92,https://play.limitlesstcg.com/tournament/6a7f315b5a30714095570103/player/jomccloud23/teamlist,https://play.limitlesstcg.com/tournament/6a7f315b5a30714095570103/standings,Swampert-Mega:Pelipper:Gholdengo:Rillaboom:Archaludon:Grimmsnarl,1,Swampert-Mega,Swampert,Swampertite,Torrent,Wave Crash:High Horsepower:Ice Punch:Protect,Wave Crash,High Horsepower,Ice Punch,Protect,Pelipper:Gholdengo:Rillaboom:Archaludon:Grimmsnarl
2026-09-10,2026-09-10T12:00:04Z,pikalytics,gen9championsvgc2026regma,"Best Pokemon, teams, and builds in Pokemon Champions VGC 2026",https://pikalytics.com/pokedex/gen9championsvgc2026regma,15,6,JoMcCloud23,JoMcCloud23,6-1,6,1,0,7,85.71,"Alpensee Tour (Reg M-C, Swiss only) #74",2026-09-09,4,0,92,https://play.limitlesstcg.com/tournament/6a7f315b5a30714095570103/player/jomccloud23/teamlist,https://play.limitlesstcg.com/tournament/6a7f315b5a30714095570103/standings,Swampert-Mega:Pelipper:Gholdengo:Rillaboom:Archaludon:Grimmsnarl,2,Pelipper,Pelipper,Sitrus Berry,Drizzle,Weather Ball:Hurricane:Tailwind:Helping Hand,Weather Ball,Hurricane,Tailwind,Helping Hand,Swampert-Mega:Gholdengo:Rillaboom:Archaludon:Grimmsnarl
2026-09-10,2026-09-10T12:00:04Z,pikalytics,gen9championsvgc2026regma,"Best Pokemon, teams, and builds in Pokemon Champions VGC 2026",https://pikalytics.com/pokedex/gen9championsvgc2026regma,15,6,JoMcCloud23,JoMcCloud23,6-1,6,1,0,7,85.71,"Alpensee Tour (Reg M-C, Swiss only) #74",2026-09-09,4,0,92,https://play.limitlesstcg.com/tournament/6a7f315b5a30714095570103/player/jomccloud23/teamlist,https://play.limitlesstcg.com/tournament/6a7f315b5a30714095570103/standings,Swampert-Mega:Pelipper:Gholdengo:Rillaboom:Archaludon:Grimmsnarl,3,Gholdengo,Gholdengo,Life Orb,Good as Gold,Make It Rain:Shadow Ball:Power Gem:Protect,Make It Rain,Shadow Ball,Power Gem,Protect,Swampert-Mega:Pelipper:Rillaboom:Archaludon:Grimmsnarl
2026-09-10,2026-09-10T12:00:04Z,pikalytics,gen9championsvgc2026regma,"Best Pokemon, teams, and builds in Pokemon Champions VGC 2026",https://pikalytics.com/pokedex/gen9championsvgc2026regma,15,6,JoMcCloud23,JoMcCloud23,6-1,6,1,0,7,85.71,"Alpensee Tour (Reg M-C, Swiss only) #74",2026-09-09,4,0,92,https://play.limitlesstcg.com/tournament/6a7f315b5a30714095570103/player/jomccloud23/teamlist,https://play.limitlesstcg.com/tournament/6a7f315b5a30714095570103/standings,Swampert-Mega:Pelipper:Gholdengo:Rillaboom:Archaludon:Grimmsnarl,4,Rillaboom,Rillaboom,Miracle Seed,Grassy Surge,Fake Out:Grassy Glide:Wood Hammer:U-turn,Fake Out,Grassy Glide,Wood Hammer,U-turn,Swampert-Mega:Pelipper:Gholdengo:Archaludon:Grimmsnarl
2026-09-10,2026-09-10T12:00:04Z,pikalytics,gen9championsvgc2026regma,"Best Pokemon, teams, and builds in Pokemon Champions VGC 2026",https://pikalytics.com/pokedex/gen9championsvgc2026regma,15,6,JoMcCloud23,JoMcCloud23,6-1,6,1,0,7,85.71,"Alpensee Tour (Reg M-C, Swiss only) #74",2026-09-09,4,0,92,https://play.limitlesstcg.com/tournament/6a7f315b5a30714095570103/player/jomccloud23/teamlist,https://play.limitlesstcg.com/tournament/6a7f315b5a30714095570103/standings,Swampert-Mega:Pelipper:Gholdengo:Rillaboom:Archaludon:Grimmsnarl,5,Archaludon,Archaludon,Leftovers,Stamina,Flash Cannon:Electro Shot:Aura Sphere:Protect,Flash Cannon,Electro Shot,Aura Sphere,Protect,Swampert-Mega:Pelipper:Gholdengo:Rillaboom:Grimmsnarl
2026-09-10,2026-09-10T12:00:04Z,pikalytics,gen9championsvgc2026regma,"Best Pokemon, teams, and builds in Pokemon Champions VGC 2026",https://pikalytics.com/pokedex/gen9championsvgc2026regma,15,6,JoMcCloud23,JoMcCloud23,6-1,6,1,0,7,85.71,"Alpensee Tour (Reg M-C, Swiss only) #74",2026-09-09,4,0,92,https://play.limitlesstcg.com/tournament/6a7f315b5a30714095570103/player/jomccloud23/teamlist,https://play.limitlesstcg.com/tournament/6a7f315b5a30714095570103/standings,Swampert-Mega:Pelipper:Gholdengo:Rillaboom:Archaludon:Grimmsnarl,6,Grimmsnarl,Grimmsnarl,Light Clay,Prankster,Spirit Break:Reflect:Light Screen:Parting Shot,Spirit Break,Reflect,Light Screen,Parting Shot,Swampert-Mega:Pelipper:Gholdengo:Rillaboom:Archaludon
2026-09-11,2026-09-11T12:00:02Z,pikalytics,gen9championsvgc2026regma,"Best Pokemon, teams, and builds in Pokemon Champions VGC 2026",https://pikalytics.com/pokedex/gen9championsvgc2026regma,16,6,MeganVGC,MeganVGC,5-1,5,1,0,6,83.33,Hatterene Series Weekly #2 2027 - 6PM UTC - M-C,2026-09-09,1,1,13,https://play.limitlesstcg.com/tournament/6a8786a65a30714095575870/player/meganvgc/teamlist,https://play.limitlesstcg.com/tournament/6a8786a65a30714095575870/standings,Glimmora-Mega:Hydreigon:Charizard-Mega-Y:Milotic:Whimsicott:Indeedee-F,1,Glimmora-Mega,Glimmora,Glimmoranite,Toxic Debris,Sludge Bomb:Power Gem:Earth Power:Spiky Shield,Sludge Bomb,Power Gem,Earth Power,Spiky Shield,Hydreigon:Charizard-Mega-Y:Milotic:Whimsicott:Indeedee-F
2026-09-11,2026-09-11T12:00:02Z,pikalytics,gen9championsvgc2026regma,"Best Pokemon, teams, and builds in Pokemon Champions VGC 2026",https://pikalytics.com/pokedex/gen9championsvgc2026regma,16,6,MeganVGC,MeganVGC,5-1,5,1,0,6,83.33,Hatterene Series Weekly #2 2027 - 6PM UTC - M-C,2026-09-09,1,1,13,https://play.limitlesstcg.com/tournament/6a8786a65a30714095575870/player/meganvgc/teamlist,https://play.limitlesstcg.com/tournament/6a8786a65a30714095575870/standings,Glimmora-Mega:Hydreigon:Charizard-Mega-Y:Milotic:Whimsicott:Indeedee-F,2,Hydreigon,Hydreigon,Life Orb,Levitate,Dragon Pulse:Dark Pulse:Earth Power:Protect,Dragon Pulse,Dark Pulse,Earth Power,Protect,Glimmora-Mega:Charizard-Mega-Y:Milotic:Whimsicott:Indeedee-F
2026-09-11,2026-09-11T12:00:02Z,pikalytics,gen9championsvgc2026regma,"Best Pokemon, teams, and builds in Pokemon Champions VGC 2026",https://pikalytics.com/pokedex/gen9championsvgc2026regma,16,6,MeganVGC,MeganVGC,5-1,5,1,0,6,83.33,Hatterene Series Weekly #2 2027 - 6PM UTC - M-C,2026-09-09,1,1,13,https://play.limitlesstcg.com/tournament/6a8786a65a30714095575870/player/meganvgc/teamlist,https://play.limitlesstcg.com/tournament/6a8786a65a30714095575870/standings,Glimmora-Mega:Hydreigon:Charizard-Mega-Y:Milotic:Whimsicott:Indeedee-F,3,Charizard-Mega-Y,Charizard,Charizardite Y,Blaze,Heat Wave:Weather Ball:Solar Beam:Protect,Heat Wave,Weather Ball,Solar Beam,Protect,Glimmora-Mega:Hydreigon:Milotic:Whimsicott:Indeedee-F
2026-09-11,2026-09-11T12:00:02Z,pikalytics,gen9championsvgc2026regma,"Best Pokemon, teams, and builds in Pokemon Champions VGC 2026",https://pikalytics.com/pokedex/gen9championsvgc2026regma,16,6,MeganVGC,MeganVGC,5-1,5,1,0,6,83.33,Hatterene Series Weekly #2 2027 - 6PM UTC - M-C,2026-09-09,1,1,13,https://play.limitlesstcg.com/tournament/6a8786a65a30714095575870/player/meganvgc/teamlist,https://play.limitlesstcg.com/tournament/6a8786a65a30714095575870/standings,Glimmora-Mega:Hydreigon:Charizard-Mega-Y:Milotic:Whimsicott:Indeedee-F,4,Milotic,Milotic,Leftovers,Competitive,Scald:Ice Beam:Recover:Protect,Scald,Ice Beam,Recover,Protect,Glimmora-Mega:Hydreigon:Charizard-Mega-Y:Whimsicott:Indeedee-F
2026-09-11,2026-09-11T12:00:02Z,pikalytics,gen9championsvgc2026regma,"Best Pokemon, teams, and builds in Pokemon Champions VGC 2026",https://pikalytics.com/pokedex/gen9championsvgc2026regma,16,6,MeganVGC,MeganVGC,5-1,5,1,0,6,83.33,Hatterene Series Weekly #2 2027 - 6PM UTC - M-C,2026-09-09,1,1,13,https://play.limitlesstcg.com/tournament/6a8786a65a30714095575870/player/meganvgc/teamlist,https://play.limitlesstcg.com/tournament/6a8786a65a30714095575870/standings,Glimmora-Mega:Hydreigon:Charizard-Mega-Y:Milotic:Whimsicott:Indeedee-F,5,Whimsicott,Whimsicott,Focus Sash,Prankster,Moonblast:Tailwind:Encore:Protect,Moonblast,Tailwind,Encore,Protect,Glimmora-Mega:Hydreigon:Charizard-Mega-Y:Milotic:Indeedee-F
2026-09-11,2026-09-11T12:00:02Z,pikalytics,gen9championsvgc2026regma,"Best Pokemon, teams, and builds in Pokemon Champions VGC 2026",https://pikalytics.com/pokedex/gen9championsvgc2026regma,16,6,MeganVGC,MeganVGC,5-1,5,1,0,6,83.33,Hatterene Series Weekly #2 2027 - 6PM UTC - M-C,2026-09-09,1,1,13,https://play.limitlesstcg.com/tournament/6a8786a65a30714095575870/player/meganvgc/teamlist,https://play.limitlesstcg.com/tournament/6a8786a65a30714095575870/standings,Glimmora-Mega:Hydreigon:Charizard-Mega-Y:Milotic:Whimsicott:Indeedee-F,6,Indeedee-F,Indeedee ♀,Sitrus Berry,Psychic Surge,Psychic:Helping Hand:Follow Me:Protect,Psychic,Helping Hand,Follow Me,Protect,Glimmora-Mega:Hydreigon:Charizard-Mega-Y:Milotic:Whimsicott
2026-09-11,2026-09-11T12:00:02Z,pikalytics,gen9championsvgc2026regma,"Best Pokemon, teams, and builds in Pokemon Champions VGC 2026",https://pikalytics.com/pokedex/gen9championsvgc2026regma,17,6,dylanman5,dylanman5,4-1,4,1,0,5,80.00,Pokepal Smackdown #157 (Champions) (Reg M-C),2026-09-09,2,0,48,https://play.limitlesstcg.com/tournament/6a96ef24629039f77d8a7614/player/dylanman5/teamlist,https://play.limitlesstcg.com/tournament/6a96ef24629039f77d8a7614/standings,Golisopod-Mega:Kleavor:Indeedee:Armarouge:Basculegion:Sinistcha,1,Golisopod-Mega,Golisopod,Golisopite,Emergency Exit,Close Combat:Iron Head:Leech Life:Protect,Close Combat,Iron Head,Leech Life,Protect,Kleavor:Indeedee:Armarouge:Basculegion:Sinistcha
2026-09-10,2026-09-10T12:00:04Z,pikalytics,gen9championsvgc2026regma,"Best Pokemon, teams, and builds in Pokemon Champions VGC 2026",https://pikalytics.com/pokedex/gen9championsvgc2026regma,17,6,GayChessClub,GayChessClub,3-1,3,1,0,4,75.00,Wolfey Patreon Tournament - M-C Launch Casual Tour,2026-09-09,3,0,26,https://play.limitlesstcg.com/tournament/6a9df29eab080c8c957fc4e2/player/gaychessclub/teamlist,https://play.limitlesstcg.com/tournament/6a9df29eab080c8c957fc4e2/standings,Kingambit:Arcanine-Hisui:Whimsicott:Sylveon:Raichu-Mega-Y:Staraptor-Mega,1,Kingambit,Kingambit,Life Orb,Defiant,Kowtow Cleave:Iron Head:Sucker Punch:Protect,Kowtow Cleave,Iron Head,Sucker Punch,Protect,Arcanine-Hisui:Whimsicott:Sylveon:Raichu-Mega-Y:Staraptor-Mega
2026-09-14,2026-09-14T12:00:02Z,pikalytics,gen9championsvgc2026regma,"Best Pokemon, teams, and builds in Pokemon Champions VGC 2026",https://pikalytics.com/pokedex/gen9championsvgc2026regma,17,6,SableyeVGC,SableyeVGC,10-2,10,2,0,12,83.33,r/VGC Regulation M-C Kickoff Cup,2026-09-09,1,1,165,https://play.limitlesstcg.com/tournament/6aa00639a4272c53be64abbd/player/sableyevgc/teamlist,https://play.limitlesstcg.com/tournament/6aa00639a4272c53be64abbd/standings,Salamence-Mega:Rillaboom:Sneasler:Arcanine-Hisui:Kingambit:Basculegion,1,Salamence-Mega,Salamence,Salamencite,Intimidate,Hyper Voice:Double-Edge:Tailwind:Protect,Hyper Voice,Double-Edge,Tailwind,Protect,Rillaboom:Sneasler:Arcanine-Hisui:Kingambit:Basculegion
2026-09-10,2026-09-10T12:00:04Z,pikalytics,gen9championsvgc2026regma,"Best Pokemon, teams, and builds in Pokemon Champions VGC 2026",https://pikalytics.com/pokedex/gen9championsvgc2026regma,17,6,GayChessClub,GayChessClub,3-1,3,1,0,4,75.00,Wolfey Patreon Tournament - M-C Launch Casual Tour,2026-09-09,3,0,26,https://play.limitlesstcg.com/tournament/6a9df29eab080c8c957fc4e2/player/gaychessclub/teamlist,https://play.limitlesstcg.com/tournament/6a9df29eab080c8c957fc4e2/standings,Kingambit:Arcanine-Hisui:Whimsicott:Sylveon:Raichu-Mega-Y:Staraptor-Mega,2,Arcanine-Hisui,Hisuian Arcanine,Focus Sash,Rock Head,Head Smash:Flare Blitz:Protect:Extreme Speed,Head Smash,Flare Blitz,Protect,Extreme Speed,Kingambit:Whimsicott:Sylveon:Raichu-Mega-Y:Staraptor-Mega
2026-09-11,2026-09-11T12:00:02Z,pikalytics,gen9championsvgc2026regma,"Best Pokemon, teams, and builds in Pokemon Champions VGC 2026",https://pikalytics.com/pokedex/gen9championsvgc2026regma,17,6,dylanman5,dylanman5,4-1,4,1,0,5,80.00,Pokepal Smackdown #157 (Champions) (Reg M-C),2026-09-09,2,0,48,https://play.limitlesstcg.com/tournament/6a96ef24629039f77d8a7614/player/dylanman5/teamlist,https://play.limitlesstcg.com/tournament/6a96ef24629039f77d8a7614/standings,Golisopod-Mega:Kleavor:Indeedee:Armarouge:Basculegion:Sinistcha,2,Kleavor,Kleavor,Focus Sash,Sharpness,Stone Axe:X-Scissor:Feint:Protect,Stone Axe,X-Scissor,Feint,Protect,Golisopod-Mega:Indeedee:Armarouge:Basculegion:Sinistcha
2026-09-14,2026-09-14T12:00:02Z,pikalytics,gen9championsvgc2026regma,"Best Pokemon, teams, and builds in Pokemon Champions VGC 2026",https://pikalytics.com/pokedex/gen9championsvgc2026regma,17,6,SableyeVGC,SableyeVGC,10-2,10,2,0,12,83.33,r/VGC Regulation M-C Kickoff Cup,2026-09-09,1,1,165,https://play.limitlesstcg.com/tournament/6aa00639a4272c53be64abbd/player/sableyevgc/teamlist,https://play.limitlesstcg.com/tournament/6aa00639a4272c53be64abbd/standings,Salamence-Mega:Rillaboom:Sneasler:Arcanine-Hisui:Kingambit:Basculegion,2,Rillaboom,Rillaboom,Sitrus Berry,Grassy Surge,Wood Hammer:Grassy Glide:U-turn:Fake Out,Wood Hammer,Grassy Glide,U-turn,Fake Out,Salamence-Mega:Sneasler:Arcanine-Hisui:Kingambit:Basculegion
2026-09-11,2026-09-11T12:00:02Z,pikalytics,gen9championsvgc2026regma,"Best Pokemon, teams, and builds in Pokemon Champions VGC 2026",https://pikalytics.com/pokedex/gen9championsvgc2026regma,17,6,dylanman5,dylanman5,4-1,4,1,0,5,80.00,Pokepal Smackdown #157 (Champions) (Reg M-C),2026-09-09,2,0,48,https://play.limitlesstcg.com/tournament/6a96ef24629039f77d8a7614/player/dylanman5/teamlist,https://play.limitlesstcg.com/tournament/6a96ef24629039f77d8a7614/standings,Golisopod-Mega:Kleavor:Indeedee:Armarouge:Basculegion:Sinistcha,3,Indeedee,Indeedee ♀,Psychic Seed,Psychic Surge,Psychic:Follow Me:Trick Room:Charm,Psychic,Follow Me,Trick Room,Charm,Golisopod-Mega:Kleavor:Armarouge:Basculegion:Sinistcha
2026-09-14,2026-09-14T12:00:02Z,pikalytics,gen9championsvgc2026regma,"Best Pokemon, teams, and builds in Pokemon Champions VGC 2026",https://pikalytics.com/pokedex/gen9championsvgc2026regma,17,6,SableyeVGC,SableyeVGC,10-2,10,2,0,12,83.33,r/VGC Regulation M-C Kickoff Cup,2026-09-09,1,1,165,https://play.limitlesstcg.com/tournament/6aa00639a4272c53be64abbd/player/sableyevgc/teamlist,https://play.limitlesstcg.com/tournament/6aa00639a4272c53be64abbd/standings,Salamence-Mega:Rillaboom:Sneasler:Arcanine-Hisui:Kingambit:Basculegion,3,Sneasler,Sneasler,Grassy Seed,Unburden,Dire Claw:Close Combat:Fake Out:Protect,Dire Claw,Close Combat,Fake Out,Protect,Salamence-Mega:Rillaboom:Arcanine-Hisui:Kingambit:Basculegion
2026-09-10,2026-09-10T12:00:04Z,pikalytics,gen9championsvgc2026regma,"Best Pokemon, teams, and builds in Pokemon Champions VGC 2026",https://pikalytics.com/pokedex/gen9championsvgc2026regma,17,6,GayChessClub,GayChessClub,3-1,3,1,0,4,75.00,Wolfey Patreon Tournament - M-C Launch Casual Tour,2026-09-09,3,0,26,https://play.limitlesstcg.com/tournament/6a9df29eab080c8c957fc4e2/player/gaychessclub/teamlist,https://play.limitlesstcg.com/tournament/6a9df29eab080c8c957fc4e2/standings,Kingambit:Arcanine-Hisui:Whimsicott:Sylveon:Raichu-Mega-Y:Staraptor-Mega,3,Whimsicott,Whimsicott,Occa Berry,Prankster,Tailwind:Encore:Moonblast:Charm,Tailwind,Encore,Moonblast,Charm,Kingambit:Arcanine-Hisui:Sylveon:Raichu-Mega-Y:Staraptor-Mega
2026-09-14,2026-09-14T12:00:02Z,pikalytics,gen9championsvgc2026regma,"Best Pokemon, teams, and builds in Pokemon Champions VGC 2026",https://pikalytics.com/pokedex/gen9championsvgc2026regma,17,6,SableyeVGC,SableyeVGC,10-2,10,2,0,12,83.33,r/VGC Regulation M-C Kickoff Cup,2026-09-09,1,1,165,https://play.limitlesstcg.com/tournament/6aa00639a4272c53be64abbd/player/sableyevgc/teamlist,https://play.limitlesstcg.com/tournament/6aa00639a4272c53be64abbd/standings,Salamence-Mega:Rillaboom:Sneasler:Arcanine-Hisui:Kingambit:Basculegion,4,Arcanine-Hisui,Hisuian Arcanine,Focus Sash,Rock Head,Flare Blitz:Head Smash:Extreme Speed:Protect,Flare Blitz,Head Smash,Extreme Speed,Protect,Salamence-Mega:Rillaboom:Sneasler:Kingambit:Basculegion
2026-09-11,2026-09-11T12:00:02Z,pikalytics,gen9championsvgc2026regma,"Best Pokemon, teams, and builds in Pokemon Champions VGC 2026",https://pikalytics.com/pokedex/gen9championsvgc2026regma,17,6,dylanman5,dylanman5,4-1,4,1,0,5,80.00,Pokepal Smackdown #157 (Champions) (Reg M-C),2026-09-09,2,0,48,https://play.limitlesstcg.com/tournament/6a96ef24629039f77d8a7614/player/dylanman5/teamlist,https://play.limitlesstcg.com/tournament/6a96ef24629039f77d8a7614/standings,Golisopod-Mega:Kleavor:Indeedee:Armarouge:Basculegion:Sinistcha,4,Armarouge,Armarouge,Life Orb,Flash Fire,Armor Cannon:Protect:Wide Guard:Expanding Force,Armor Cannon,Protect,Wide Guard,Expanding Force,Golisopod-Mega:Kleavor:Indeedee:Basculegion:Sinistcha
2026-09-10,2026-09-10T12:00:04Z,pikalytics,gen9championsvgc2026regma,"Best Pokemon, teams, and builds in Pokemon Champions VGC 2026",https://pikalytics.com/pokedex/gen9championsvgc2026regma,17,6,GayChessClub,GayChessClub,3-1,3,1,0,4,75.00,Wolfey Patreon Tournament - M-C Launch Casual Tour,2026-09-09,3,0,26,https://play.limitlesstcg.com/tournament/6a9df29eab080c8c957fc4e2/player/gaychessclub/teamlist,https://play.limitlesstcg.com/tournament/6a9df29eab080c8c957fc4e2/standings,Kingambit:Arcanine-Hisui:Whimsicott:Sylveon:Raichu-Mega-Y:Staraptor-Mega,4,Sylveon,Sylveon,Fairy Feather,Pixilate,Hyper Voice:Calm Mind:Hyper Beam:Detect,Hyper Voice,Calm Mind,Hyper Beam,Detect,Kingambit:Arcanine-Hisui:Whimsicott:Raichu-Mega-Y:Staraptor-Mega
2026-09-11,2026-09-11T12:00:02Z,pikalytics,gen9championsvgc2026regma,"Best Pokemon, teams, and builds in Pokemon Champions VGC 2026",https://pikalytics.com/pokedex/gen9championsvgc2026regma,17,6,dylanman5,dylanman5,4-1,4,1,0,5,80.00,Pokepal Smackdown #157 (Champions) (Reg M-C),2026-09-09,2,0,48,https://play.limitlesstcg.com/tournament/6a96ef24629039f77d8a7614/player/dylanman5/teamlist,https://play.limitlesstcg.com/tournament/6a96ef24629039f77d8a7614/standings,Golisopod-Mega:Kleavor:Indeedee:Armarouge:Basculegion:Sinistcha,5,Basculegion,Basculegion,Choice Scarf,Adaptability,Wave Crash:Aqua Jet:Last Respects:Flip Turn,Wave Crash,Aqua Jet,Last Respects,Flip Turn,Golisopod-Mega:Kleavor:Indeedee:Armarouge:Sinistcha
2026-09-14,2026-09-14T12:00:02Z,pikalytics,gen9championsvgc2026regma,"Best Pokemon, teams, and builds in Pokemon Champions VGC 2026",https://pikalytics.com/pokedex/gen9championsvgc2026regma,17,6,SableyeVGC,SableyeVGC,10-2,10,2,0,12,83.33,r/VGC Regulation M-C Kickoff Cup,2026-09-09,1,1,165,https://play.limitlesstcg.com/tournament/6aa00639a4272c53be64abbd/player/sableyevgc/teamlist,https://play.limitlesstcg.com/tournament/6aa00639a4272c53be64abbd/standings,Salamence-Mega:Rillaboom:Sneasler:Arcanine-Hisui:Kingambit:Basculegion,5,Kingambit,Kingambit,Chople Berry,Defiant,Kowtow Cleave:Iron Head:Low Kick:Sucker Punch,Kowtow Cleave,Iron Head,Low Kick,Sucker Punch,Salamence-Mega:Rillaboom:Sneasler:Arcanine-Hisui:Basculegion
2026-09-10,2026-09-10T12:00:04Z,pikalytics,gen9championsvgc2026regma,"Best Pokemon, teams, and builds in Pokemon Champions VGC 2026",https://pikalytics.com/pokedex/gen9championsvgc2026regma,17,6,GayChessClub,GayChessClub,3-1,3,1,0,4,75.00,Wolfey Patreon Tournament - M-C Launch Casual Tour,2026-09-09,3,0,26,https://play.limitlesstcg.com/tournament/6a9df29eab080c8c957fc4e2/player/gaychessclub/teamlist,https://play.limitlesstcg.com/tournament/6a9df29eab080c8c957fc4e2/standings,Kingambit:Arcanine-Hisui:Whimsicott:Sylveon:Raichu-Mega-Y:Staraptor-Mega,5,Raichu-Mega-Y,Raichu,Raichunite Y,Lightning Rod,Focus Blast:Zap Cannon:Fake Out:Protect,Focus Blast,Zap Cannon,Fake Out,Protect,Kingambit:Arcanine-Hisui:Whimsicott:Sylveon:Staraptor-Mega
2026-09-14,2026-09-14T12:00:02Z,pikalytics,gen9championsvgc2026regma,"Best Pokemon, teams, and builds in Pokemon Champions VGC 2026",https://pikalytics.com/pokedex/gen9championsvgc2026regma,17,6,SableyeVGC,SableyeVGC,10-2,10,2,0,12,83.33,r/VGC Regulation M-C Kickoff Cup,2026-09-09,1,1,165,https://play.limitlesstcg.com/tournament/6aa00639a4272c53be64abbd/player/sableyevgc/teamlist,https://play.limitlesstcg.com/tournament/6aa00639a4272c53be64abbd/standings,Salamence-Mega:Rillaboom:Sneasler:Arcanine-Hisui:Kingambit:Basculegion,6,Basculegion,Basculegion,Mystic Water,Adaptability,Wave Crash:Last Respects:Aqua Jet:Protect,Wave Crash,Last Respects,Aqua Jet,Protect,Salamence-Mega:Rillaboom:Sneasler:Arcanine-Hisui:Kingambit
2026-09-11,2026-09-11T12:00:02Z,pikalytics,gen9championsvgc2026regma,"Best Pokemon, teams, and builds in Pokemon Champions VGC 2026",https://pikalytics.com/pokedex/gen9championsvgc2026regma,17,6,dylanman5,dylanman5,4-1,4,1,0,5,80.00,Pokepal Smackdown #157 (Champions) (Reg M-C),2026-09-09,2,0,48,https://play.limitlesstcg.com/tournament/6a96ef24629039f77d8a7614/player/dylanman5/teamlist,https://play.limitlesstcg.com/tournament/6a96ef24629039f77d8a7614/standings,Golisopod-Mega:Kleavor:Indeedee:Armarouge:Basculegion:Sinistcha,6,Sinistcha,Sinistcha,Sitrus Berry,Hospitality,Matcha Gotcha:Protect:Trick Room:Rage Powder,Matcha Gotcha,Protect,Trick Room,Rage Powder,Golisopod-Mega:Kleavor:Indeedee:Armarouge:Basculegion
2026-09-10,2026-09-10T12:00:04Z,pikalytics,gen9championsvgc2026regma,"Best Pokemon, teams, and builds in Pokemon Champions VGC 2026",https://pikalytics.com/pokedex/gen9championsvgc2026regma,17,6,GayChessClub,GayChessClub,3-1,3,1,0,4,75.00,Wolfey Patreon Tournament - M-C Launch Casual Tour,2026-09-09,3,0,26,https://play.limitlesstcg.com/tournament/6a9df29eab080c8c957fc4e2/player/gaychessclub/teamlist,https://play.limitlesstcg.com/tournament/6a9df29eab080c8c957fc4e2/standings,Kingambit:Arcanine-Hisui:Whimsicott:Sylveon:Raichu-Mega-Y:Staraptor-Mega,6,Staraptor-Mega,Staraptor,Staraptite,Intimidate,Close Combat:Brave Bird:Roost:Protect,Close Combat,Brave Bird,Roost,Protect,Kingambit:Arcanine-Hisui:Whimsicott:Sylveon:Raichu-Mega-Y
2026-09-10,2026-09-10T12:00:04Z,pikalytics,gen9championsvgc2026regma,"Best Pokemon, teams, and builds in Pokemon Champions VGC 2026",https://pikalytics.com/pokedex/gen9championsvgc2026regma,18,6,Jared The Great,Jared The Great,6-2,6,2,0,8,75.00,Mid-Week Smoke #10,2026-09-09,3,0,55,https://play.limitlesstcg.com/tournament/6a94d4afabb94822375044e9/player/kyu_wa1tz/teamlist,https://play.limitlesstcg.com/tournament/6a94d4afabb94822375044e9/standings,Garchomp:Charizard-Mega-Y:Kingambit:Incineroar:Basculegion:Sneasler,1,Garchomp,Garchomp,Sitrus Berry,Rough Skin,Protect:Earthquake:Stomping Tantrum:Dragon Rush,Protect,Earthquake,Stomping Tantrum,Dragon Rush,Charizard-Mega-Y:Kingambit:Incineroar:Basculegion:Sneasler
2026-09-11,2026-09-11T12:00:02Z,pikalytics,gen9championsvgc2026regma,"Best Pokemon, teams, and builds in Pokemon Champions VGC 2026",https://pikalytics.com/pokedex/gen9championsvgc2026regma,18,6,karlin22,karlin22,9-3,9,3,0,12,75.00,r/VGC Regulation M-C Kickoff Cup,2026-09-09,2,0,165,https://play.limitlesstcg.com/tournament/6aa00639a4272c53be64abbd/player/karlin22/teamlist,https://play.limitlesstcg.com/tournament/6aa00639a4272c53be64abbd/standings,Indeedee-F:Camerupt-Mega:Hatterene:Armarouge:Gallade:Crabominable-Mega,1,Indeedee-F,Indeedee ♀,Rocky Helmet,Psychic Surge,Trick Room:Helping Hand:Follow Me:Psychic,Trick Room,Helping Hand,Follow Me,Psychic,Camerupt-Mega:Hatterene:Armarouge:Gallade:Crabominable-Mega
2026-09-11,2026-09-11T12:00:02Z,pikalytics,gen9championsvgc2026regma,"Best Pokemon, teams, and builds in Pokemon Champions VGC 2026",https://pikalytics.com/pokedex/gen9championsvgc2026regma,18,6,karlin22,karlin22,9-3,9,3,0,12,75.00,r/VGC Regulation M-C Kickoff Cup,2026-09-09,2,0,165,https://play.limitlesstcg.com/tournament/6aa00639a4272c53be64abbd/player/karlin22/teamlist,https://play.limitlesstcg.com/tournament/6aa00639a4272c53be64abbd/standings,Indeedee-F:Camerupt-Mega:Hatterene:Armarouge:Gallade:Crabominable-Mega,2,Camerupt-Mega,Camerupt,Cameruptite,Solid Rock,Heat Wave:Ancient Power:Earth Power:Protect,Heat Wave,Ancient Power,Earth Power,Protect,Indeedee-F:Hatterene:Armarouge:Gallade:Crabominable-Mega
2026-09-10,2026-09-10T12:00:04Z,pikalytics,gen9championsvgc2026regma,"Best Pokemon, teams, and builds in Pokemon Champions VGC 2026",https://pikalytics.com/pokedex/gen9championsvgc2026regma,18,6,Jared The Great,Jared The Great,6-2,6,2,0,8,75.00,Mid-Week Smoke #10,2026-09-09,3,0,55,https://play.limitlesstcg.com/tournament/6a94d4afabb94822375044e9/player/kyu_wa1tz/teamlist,https://play.limitlesstcg.com/tournament/6a94d4afabb94822375044e9/standings,Garchomp:Charizard-Mega-Y:Kingambit:Incineroar:Basculegion:Sneasler,2,Charizard-Mega-Y,Charizard,Charizardite Y,Drought,Heat Wave:Protect:Ancient Power:Weather Ball,Heat Wave,Protect,Ancient Power,Weather Ball,Garchomp:Kingambit:Incineroar:Basculegion:Sneasler
2026-09-11,2026-09-11T12:00:02Z,pikalytics,gen9championsvgc2026regma,"Best Pokemon, teams, and builds in Pokemon Champions VGC 2026",https://pikalytics.com/pokedex/gen9championsvgc2026regma,18,6,karlin22,karlin22,9-3,9,3,0,12,75.00,r/VGC Regulation M-C Kickoff Cup,2026-09-09,2,0,165,https://play.limitlesstcg.com/tournament/6aa00639a4272c53be64abbd/player/karlin22/teamlist,https://play.limitlesstcg.com/tournament/6aa00639a4272c53be64abbd/standings,Indeedee-F:Camerupt-Mega:Hatterene:Armarouge:Gallade:Crabominable-Mega,3,Hatterene,Hatterene,Life Orb,Magic Bounce,Expanding Force:Dazzling Gleam:Trick Room:Protect,Expanding Force,Dazzling Gleam,Trick Room,Protect,Indeedee-F:Camerupt-Mega:Armarouge:Gallade:Crabominable-Mega
2026-09-10,2026-09-10T12:00:04Z,pikalytics,gen9championsvgc2026regma,"Best Pokemon, teams, and builds in Pokemon Champions VGC 2026",https://pikalytics.com/pokedex/gen9championsvgc2026regma,18,6,Jared The Great,Jared The Great,6-2,6,2,0,8,75.00,Mid-Week Smoke #10,2026-09-09,3,0,55,https://play.limitlesstcg.com/tournament/6a94d4afabb94822375044e9/player/kyu_wa1tz/teamlist,https://play.limitlesstcg.com/tournament/6a94d4afabb94822375044e9/standings,Garchomp:Charizard-Mega-Y:Kingambit:Incineroar:Basculegion:Sneasler,3,Kingambit,Kingambit,Chople Berry,Defiant,Kowtow Cleave:Low Kick:Protect:Iron Head,Kowtow Cleave,Low Kick,Protect,Iron Head,Garchomp:Charizard-Mega-Y:Incineroar:Basculegion:Sneasler
2026-09-11,2026-09-11T12:00:02Z,pikalytics,gen9championsvgc2026regma,"Best Pokemon, teams, and builds in Pokemon Champions VGC 2026",https://pikalytics.com/pokedex/gen9championsvgc2026regma,18,6,karlin22,karlin22,9-3,9,3,0,12,75.00,r/VGC Regulation M-C Kickoff Cup,2026-09-09,2,0,165,https://play.limitlesstcg.com/tournament/6aa00639a4272c53be64abbd/player/karlin22/teamlist,https://play.limitlesstcg.com/tournament/6aa00639a4272c53be64abbd/standings,Indeedee-F:Camerupt-Mega:Hatterene:Armarouge:Gallade:Crabominable-Mega,4,Armarouge,Armarouge,Psychic Seed,Flash Fire,Trick Room:Aura Sphere:Heat Wave:Expanding Force,Trick Room,Aura Sphere,Heat Wave,Expanding Force,Indeedee-F:Camerupt-Mega:Hatterene:Gallade:Crabominable-Mega
2026-09-10,2026-09-10T12:00:04Z,pikalytics,gen9championsvgc2026regma,"Best Pokemon, teams, and builds in Pokemon Champions VGC 2026",https://pikalytics.com/pokedex/gen9championsvgc2026regma,18,6,Jared The Great,Jared The Great,6-2,6,2,0,8,75.00,Mid-Week Smoke #10,2026-09-09,3,0,55,https://play.limitlesstcg.com/tournament/6a94d4afabb94822375044e9/player/kyu_wa1tz/teamlist,https://play.limitlesstcg.com/tournament/6a94d4afabb94822375044e9/standings,Garchomp:Charizard-Mega-Y:Kingambit:Incineroar:Basculegion:Sneasler,4,Incineroar,Incineroar,Passho Berry,Intimidate,Fake Out:Parting Shot:Darkest Lariat:Flare Blitz,Fake Out,Parting Shot,Darkest Lariat,Flare Blitz,Garchomp:Charizard-Mega-Y:Kingambit:Basculegion:Sneasler
2026-09-10,2026-09-10T12:00:04Z,pikalytics,gen9championsvgc2026regma,"Best Pokemon, teams, and builds in Pokemon Champions VGC 2026",https://pikalytics.com/pokedex/gen9championsvgc2026regma,18,6,Jared The Great,Jared The Great,6-2,6,2,0,8,75.00,Mid-Week Smoke #10,2026-09-09,3,0,55,https://play.limitlesstcg.com/tournament/6a94d4afabb94822375044e9/player/kyu_wa1tz/teamlist,https://play.limitlesstcg.com/tournament/6a94d4afabb94822375044e9/standings,Garchomp:Charizard-Mega-Y:Kingambit:Incineroar:Basculegion:Sneasler,5,Basculegion,Basculegion,Life Orb,Adaptability,Last Respects:Wave Crash:Aqua Jet:Protect,Last Respects,Wave Crash,Aqua Jet,Protect,Garchomp:Charizard-Mega-Y:Kingambit:Incineroar:Sneasler
2026-09-11,2026-09-11T12:00:02Z,pikalytics,gen9championsvgc2026regma,"Best Pokemon, teams, and builds in Pokemon Champions VGC 2026",https://pikalytics.com/pokedex/gen9championsvgc2026regma,18,6,karlin22,karlin22,9-3,9,3,0,12,75.00,r/VGC Regulation M-C Kickoff Cup,2026-09-09,2,0,165,https://play.limitlesstcg.com/tournament/6aa00639a4272c53be64abbd/player/karlin22/teamlist,https://play.limitlesstcg.com/tournament/6aa00639a4272c53be64abbd/standings,Indeedee-F:Camerupt-Mega:Hatterene:Armarouge:Gallade:Crabominable-Mega,5,Gallade,Gallade,Sitrus Berry,Sharpness,Trick Room:Wide Guard:Psycho Cut:Sacred Sword,Trick Room,Wide Guard,Psycho Cut,Sacred Sword,Indeedee-F:Camerupt-Mega:Hatterene:Armarouge:Crabominable-Mega
2026-09-11,2026-09-11T12:00:02Z,pikalytics,gen9championsvgc2026regma,"Best Pokemon, teams, and builds in Pokemon Champions VGC 2026",https://pikalytics.com/pokedex/gen9championsvgc2026regma,18,6,karlin22,karlin22,9-3,9,3,0,12,75.00,r/VGC Regulation M-C Kickoff Cup,2026-09-09,2,0,165,https://play.limitlesstcg.com/tournament/6aa00639a4272c53be64abbd/player/karlin22/teamlist,https://play.limitlesstcg.com/tournament/6aa00639a4272c53be64abbd/standings,Indeedee-F:Camerupt-Mega:Hatterene:Armarouge:Gallade:Crabominable-Mega,6,Crabominable-Mega,Crabominable,Crabominite,Hyper Cutter,Ice Hammer:Drain Punch:Rock Slide:Protect,Ice Hammer,Drain Punch,Rock Slide,Protect,Indeedee-F:Camerupt-Mega:Hatterene:Armarouge:Gallade
2026-09-10,2026-09-10T12:00:04Z,pikalytics,gen9championsvgc2026regma,"Best Pokemon, teams, and builds in Pokemon Champions VGC 2026",https://pikalytics.com/pokedex/gen9championsvgc2026regma,18,6,Jared The Great,Jared The Great,6-2,6,2,0,8,75.00,Mid-Week Smoke #10,2026-09-09,3,0,55,https://play.limitlesstcg.com/tournament/6a94d4afabb94822375044e9/player/kyu_wa1tz/teamlist,https://play.limitlesstcg.com/tournament/6a94d4afabb94822375044e9/standings,Garchomp:Charizard-Mega-Y:Kingambit:Incineroar:Basculegion:Sneasler,6,Sneasler,Sneasler,Focus Sash,Unburden,Feint:Protect:Dire Claw:Close Combat,Feint,Protect,Dire Claw,Close Combat,Garchomp:Charizard-Mega-Y:Kingambit:Incineroar:Basculegion
2026-09-11,2026-09-11T12:00:02Z,pikalytics,gen9championsvgc2026regma,"Best Pokemon, teams, and builds in Pokemon Champions VGC 2026",https://pikalytics.com/pokedex/gen9championsvgc2026regma,19,6,Unskilled99,Unskilled99,10-2,10,2,0,12,83.33,🍋Sitrus-Series🍋|Champions-MC|$50 to First|#75,2026-09-09,3,0,243,https://play.limitlesstcg.com/tournament/6a93805b629039f77d8a53c1/player/unskilled99/teamlist,https://play.limitlesstcg.com/tournament/6a93805b629039f77d8a53c1/standings,Charizard-Mega-Y:Garchomp:Sylveon:Farigiraf:Incineroar:Aerodactyl-Mega,1,Charizard-Mega-Y,Charizard,Charizardite Y,Blaze,Heat Wave:Weather Ball:Solar Beam:Protect,Heat Wave,Weather Ball,Solar Beam,Protect,Garchomp:Sylveon:Farigiraf:Incineroar:Aerodactyl-Mega
2026-09-10,2026-09-10T12:00:04Z,pikalytics,gen9championsvgc2026regma,"Best Pokemon, teams, and builds in Pokemon Champions VGC 2026",https://pikalytics.com/pokedex/gen9championsvgc2026regma,19,6,crypton,crypton,1-0,1,0,0,1,100.00,🍋Sitrus-Series🍋|Champions-MC|$50 to First|#75,2026-09-09,3,0,243,https://play.limitlesstcg.com/tournament/6a93805b629039f77d8a53c1/player/crypton/teamlist,https://play.limitlesstcg.com/tournament/6a93805b629039f77d8a53c1/standings,Sylveon:Kingambit:Rillaboom:Sneasler:Salamence-Mega:Basculegion,1,Sylveon,Sylveon,Fairy Feather,Pixilate,Protect:Hyper Voice:Quick Attack:Yawn,Protect,Hyper Voice,Quick Attack,Yawn,Kingambit:Rillaboom:Sneasler:Salamence-Mega:Basculegion
2026-09-11,2026-09-11T12:00:02Z,pikalytics,gen9championsvgc2026regma,"Best Pokemon, teams, and builds in Pokemon Champions VGC 2026",https://pikalytics.com/pokedex/gen9championsvgc2026regma,19,6,Unskilled99,Unskilled99,10-2,10,2,0,12,83.33,🍋Sitrus-Series🍋|Champions-MC|$50 to First|#75,2026-09-09,3,0,243,https://play.limitlesstcg.com/tournament/6a93805b629039f77d8a53c1/player/unskilled99/teamlist,https://play.limitlesstcg.com/tournament/6a93805b629039f77d8a53c1/standings,Charizard-Mega-Y:Garchomp:Sylveon:Farigiraf:Incineroar:Aerodactyl-Mega,2,Garchomp,Garchomp,Life Orb,Rough Skin,Earthquake:Stomping Tantrum:Dragon Claw:Protect,Earthquake,Stomping Tantrum,Dragon Claw,Protect,Charizard-Mega-Y:Sylveon:Farigiraf:Incineroar:Aerodactyl-Mega
2026-09-10,2026-09-10T12:00:04Z,pikalytics,gen9championsvgc2026regma,"Best Pokemon, teams, and builds in Pokemon Champions VGC 2026",https://pikalytics.com/pokedex/gen9championsvgc2026regma,19,6,crypton,crypton,1-0,1,0,0,1,100.00,🍋Sitrus-Series🍋|Champions-MC|$50 to First|#75,2026-09-09,3,0,243,https://play.limitlesstcg.com/tournament/6a93805b629039f77d8a53c1/player/crypton/teamlist,https://play.limitlesstcg.com/tournament/6a93805b629039f77d8a53c1/standings,Sylveon:Kingambit:Rillaboom:Sneasler:Salamence-Mega:Basculegion,2,Kingambit,Kingambit,Chople Berry,Defiant,Low Kick:Iron Head:Kowtow Cleave:Sucker Punch,Low Kick,Iron Head,Kowtow Cleave,Sucker Punch,Sylveon:Rillaboom:Sneasler:Salamence-Mega:Basculegion
2026-09-10,2026-09-10T12:00:04Z,pikalytics,gen9championsvgc2026regma,"Best Pokemon, teams, and builds in Pokemon Champions VGC 2026",https://pikalytics.com/pokedex/gen9championsvgc2026regma,19,6,crypton,crypton,1-0,1,0,0,1,100.00,🍋Sitrus-Series🍋|Champions-MC|$50 to First|#75,2026-09-09,3,0,243,https://play.limitlesstcg.com/tournament/6a93805b629039f77d8a53c1/player/crypton/teamlist,https://play.limitlesstcg.com/tournament/6a93805b629039f77d8a53c1/standings,Sylveon:Kingambit:Rillaboom:Sneasler:Salamence-Mega:Basculegion,3,Rillaboom,Rillaboom,Miracle Seed,Grassy Surge,Fake Out:Grassy Glide:Wood Hammer:U-turn,Fake Out,Grassy Glide,Wood Hammer,U-turn,Sylveon:Kingambit:Sneasler:Salamence-Mega:Basculegion
2026-09-11,2026-09-11T12:00:02Z,pikalytics,gen9championsvgc2026regma,"Best Pokemon, teams, and builds in Pokemon Champions VGC 2026",https://pikalytics.com/pokedex/gen9championsvgc2026regma,19,6,Unskilled99,Unskilled99,10-2,10,2,0,12,83.33,🍋Sitrus-Series🍋|Champions-MC|$50 to First|#75,2026-09-09,3,0,243,https://play.limitlesstcg.com/tournament/6a93805b629039f77d8a53c1/player/unskilled99/teamlist,https://play.limitlesstcg.com/tournament/6a93805b629039f77d8a53c1/standings,Charizard-Mega-Y:Garchomp:Sylveon:Farigiraf:Incineroar:Aerodactyl-Mega,3,Sylveon,Sylveon,Fairy Feather,Pixilate,Hyper Voice:Yawn:Quick Attack:Detect,Hyper Voice,Yawn,Quick Attack,Detect,Charizard-Mega-Y:Garchomp:Farigiraf:Incineroar:Aerodactyl-Mega
2026-09-11,2026-09-11T12:00:02Z,pikalytics,gen9championsvgc2026regma,"Best Pokemon, teams, and builds in Pokemon Champions VGC 2026",https://pikalytics.com/pokedex/gen9championsvgc2026regma,19,6,Unskilled99,Unskilled99,10-2,10,2,0,12,83.33,🍋Sitrus-Series🍋|Champions-MC|$50 to First|#75,2026-09-09,3,0,243,https://play.limitlesstcg.com/tournament/6a93805b629039f77d8a53c1/player/unskilled99/teamlist,https://play.limitlesstcg.com/tournament/6a93805b629039f77d8a53c1/standings,Charizard-Mega-Y:Garchomp:Sylveon:Farigiraf:Incineroar:Aerodactyl-Mega,4,Farigiraf,Farigiraf,Sitrus Berry,Armor Tail,Trick Room:Psyshock:Helping Hand:Protect,Trick Room,Psyshock,Helping Hand,Protect,Charizard-Mega-Y:Garchomp:Sylveon:Incineroar:Aerodactyl-Mega
2026-09-10,2026-09-10T12:00:04Z,pikalytics,gen9championsvgc2026regma,"Best Pokemon, teams, and builds in Pokemon Champions VGC 2026",https://pikalytics.com/pokedex/gen9championsvgc2026regma,19,6,crypton,crypton,1-0,1,0,0,1,100.00,🍋Sitrus-Series🍋|Champions-MC|$50 to First|#75,2026-09-09,3,0,243,https://play.limitlesstcg.com/tournament/6a93805b629039f77d8a53c1/player/crypton/teamlist,https://play.limitlesstcg.com/tournament/6a93805b629039f77d8a53c1/standings,Sylveon:Kingambit:Rillaboom:Sneasler:Salamence-Mega:Basculegion,4,Sneasler,Sneasler,Grassy Seed,Unburden,Fake Out:Dire Claw:Close Combat:Swords Dance,Fake Out,Dire Claw,Close Combat,Swords Dance,Sylveon:Kingambit:Rillaboom:Salamence-Mega:Basculegion
2026-09-11,2026-09-11T12:00:02Z,pikalytics,gen9championsvgc2026regma,"Best Pokemon, teams, and builds in Pokemon Champions VGC 2026",https://pikalytics.com/pokedex/gen9championsvgc2026regma,19,6,Unskilled99,Unskilled99,10-2,10,2,0,12,83.33,🍋Sitrus-Series🍋|Champions-MC|$50 to First|#75,2026-09-09,3,0,243,https://play.limitlesstcg.com/tournament/6a93805b629039f77d8a53c1/player/unskilled99/teamlist,https://play.limitlesstcg.com/tournament/6a93805b629039f77d8a53c1/standings,Charizard-Mega-Y:Garchomp:Sylveon:Farigiraf:Incineroar:Aerodactyl-Mega,5,Incineroar,Incineroar,Charcoal,Intimidate,Fake Out:Parting Shot:Flare Blitz:Darkest Lariat,Fake Out,Parting Shot,Flare Blitz,Darkest Lariat,Charizard-Mega-Y:Garchomp:Sylveon:Farigiraf:Aerodactyl-Mega
2026-09-10,2026-09-10T12:00:04Z,pikalytics,gen9championsvgc2026regma,"Best Pokemon, teams, and builds in Pokemon Champions VGC 2026",https://pikalytics.com/pokedex/gen9championsvgc2026regma,19,6,crypton,crypton,1-0,1,0,0,1,100.00,🍋Sitrus-Series🍋|Champions-MC|$50 to First|#75,2026-09-09,3,0,243,https://play.limitlesstcg.com/tournament/6a93805b629039f77d8a53c1/player/crypton/teamlist,https://play.limitlesstcg.com/tournament/6a93805b629039f77d8a53c1/standings,Sylveon:Kingambit:Rillaboom:Sneasler:Salamence-Mega:Basculegion,5,Salamence-Mega,Salamence,Salamencite,Intimidate,Protect:Double-Edge:Hyper Voice:Tailwind,Protect,Double-Edge,Hyper Voice,Tailwind,Sylveon:Kingambit:Rillaboom:Sneasler:Basculegion
2026-09-11,2026-09-11T12:00:02Z,pikalytics,gen9championsvgc2026regma,"Best Pokemon, teams, and builds in Pokemon Champions VGC 2026",https://pikalytics.com/pokedex/gen9championsvgc2026regma,19,6,Unskilled99,Unskilled99,10-2,10,2,0,12,83.33,🍋Sitrus-Series🍋|Champions-MC|$50 to First|#75,2026-09-09,3,0,243,https://play.limitlesstcg.com/tournament/6a93805b629039f77d8a53c1/player/unskilled99/teamlist,https://play.limitlesstcg.com/tournament/6a93805b629039f77d8a53c1/standings,Charizard-Mega-Y:Garchomp:Sylveon:Farigiraf:Incineroar:Aerodactyl-Mega,6,Aerodactyl-Mega,Aerodactyl,Aerodactylite,Unnerve,Rock Slide:Tailwind:Wide Guard:Dual Wingbeat,Rock Slide,Tailwind,Wide Guard,Dual Wingbeat,Charizard-Mega-Y:Garchomp:Sylveon:Farigiraf:Incineroar
2026-09-10,2026-09-10T12:00:04Z,pikalytics,gen9championsvgc2026regma,"Best Pokemon, teams, and builds in Pokemon Champions VGC 2026",https://pikalytics.com/pokedex/gen9championsvgc2026regma,19,6,crypton,crypton,1-0,1,0,0,1,100.00,🍋Sitrus-Series🍋|Champions-MC|$50 to First|#75,2026-09-09,3,0,243,https://play.limitlesstcg.com/tournament/6a93805b629039f77d8a53c1/player/crypton/teamlist,https://play.limitlesstcg.com/tournament/6a93805b629039f77d8a53c1/standings,Sylveon:Kingambit:Rillaboom:Sneasler:Salamence-Mega:Basculegion,6,Basculegion,Basculegion,Life Orb,Adaptability,Protect:Wave Crash:Aqua Jet:Last Respects,Protect,Wave Crash,Aqua Jet,Last Respects,Sylveon:Kingambit:Rillaboom:Sneasler:Salamence-Mega
2026-09-11,2026-09-11T12:00:02Z,pikalytics,gen9championsvgc2026regma,"Best Pokemon, teams, and builds in Pokemon Champions VGC 2026",https://pikalytics.com/pokedex/gen9championsvgc2026regma,20,6,FatherOf7,FatherOf7,6-1,6,1,0,7,85.71,"Alpensee Tour (Reg M-C, Swiss only) #74",2026-09-09,3,0,92,https://play.limitlesstcg.com/tournament/6a7f315b5a30714095570103/player/fatherof7/teamlist,https://play.limitlesstcg.com/tournament/6a7f315b5a30714095570103/standings,Baxcalibur-Mega:Volcarona:Rillaboom:Staraptor-Mega:Basculegion:Whimsicott,1,Baxcalibur-Mega,Baxcalibur,Baxcalibrite,Thermal Exchange,Icicle Crash:Glaive Rush:Ice Shard:Protect,Icicle Crash,Glaive Rush,Ice Shard,Protect,Volcarona:Rillaboom:Staraptor-Mega:Basculegion:Whimsicott
2026-09-10,2026-09-10T12:00:04Z,pikalytics,gen9championsvgc2026regma,"Best Pokemon, teams, and builds in Pokemon Champions VGC 2026",https://pikalytics.com/pokedex/gen9championsvgc2026regma,20,6,Jhinting,Jhinting,9-1,9,1,0,10,90.00,r/VGC Regulation M-C Kickoff Cup,2026-09-09,5,0,165,https://play.limitlesstcg.com/tournament/6aa00639a4272c53be64abbd/player/jhinting/teamlist,https://play.limitlesstcg.com/tournament/6aa00639a4272c53be64abbd/standings,Salamence-Mega:Incineroar:Rillaboom:Raichu-Mega-Y:Farigiraf:Sneasler,1,Salamence-Mega,Salamence,Salamencite,Intimidate,Protect:Hyper Voice:Draco Meteor:Heat Wave,Protect,Hyper Voice,Draco Meteor,Heat Wave,Incineroar:Rillaboom:Raichu-Mega-Y:Farigiraf:Sneasler
2026-09-10,2026-09-10T12:00:04Z,pikalytics,gen9championsvgc2026regma,"Best Pokemon, teams, and builds in Pokemon Champions VGC 2026",https://pikalytics.com/pokedex/gen9championsvgc2026regma,20,6,Jhinting,Jhinting,9-1,9,1,0,10,90.00,r/VGC Regulation M-C Kickoff Cup,2026-09-09,5,0,165,https://play.limitlesstcg.com/tournament/6aa00639a4272c53be64abbd/player/jhinting/teamlist,https://play.limitlesstcg.com/tournament/6aa00639a4272c53be64abbd/standings,Salamence-Mega:Incineroar:Rillaboom:Raichu-Mega-Y:Farigiraf:Sneasler,2,Incineroar,Incineroar,Rocky Helmet,Intimidate,Fake Out:Flare Blitz:Throat Chop:Parting Shot,Fake Out,Flare Blitz,Throat Chop,Parting Shot,Salamence-Mega:Rillaboom:Raichu-Mega-Y:Farigiraf:Sneasler
2026-09-11,2026-09-11T12:00:02Z,pikalytics,gen9championsvgc2026regma,"Best Pokemon, teams, and builds in Pokemon Champions VGC 2026",https://pikalytics.com/pokedex/gen9championsvgc2026regma,20,6,FatherOf7,FatherOf7,6-1,6,1,0,7,85.71,"Alpensee Tour (Reg M-C, Swiss only) #74",2026-09-09,3,0,92,https://play.limitlesstcg.com/tournament/6a7f315b5a30714095570103/player/fatherof7/teamlist,https://play.limitlesstcg.com/tournament/6a7f315b5a30714095570103/standings,Baxcalibur-Mega:Volcarona:Rillaboom:Staraptor-Mega:Basculegion:Whimsicott,2,Volcarona,Volcarona,Grassy Seed,Flame Body,Quiver Dance:Heat Wave:Giga Drain:Protect,Quiver Dance,Heat Wave,Giga Drain,Protect,Baxcalibur-Mega:Rillaboom:Staraptor-Mega:Basculegion:Whimsicott
2026-09-11,2026-09-11T12:00:02Z,pikalytics,gen9championsvgc2026regma,"Best Pokemon, teams, and builds in Pokemon Champions VGC 2026",https://pikalytics.com/pokedex/gen9championsvgc2026regma,20,6,FatherOf7,FatherOf7,6-1,6,1,0,7,85.71,"Alpensee Tour (Reg M-C, Swiss only) #74",2026-09-09,3,0,92,https://play.limitlesstcg.com/tournament/6a7f315b5a30714095570103/player/fatherof7/teamlist,https://play.limitlesstcg.com/tournament/6a7f315b5a30714095570103/standings,Baxcalibur-Mega:Volcarona:Rillaboom:Staraptor-Mega:Basculegion:Whimsicott,3,Rillaboom,Rillaboom,Occa Berry,Grassy Surge,Wood Hammer:Grassy Glide:U-turn:Fake Out,Wood Hammer,Grassy Glide,U-turn,Fake Out,Baxcalibur-Mega:Volcarona:Staraptor-Mega:Basculegion:Whimsicott
2026-09-10,2026-09-10T12:00:04Z,pikalytics,gen9championsvgc2026regma,"Best Pokemon, teams, and builds in Pokemon Champions VGC 2026",https://pikalytics.com/pokedex/gen9championsvgc2026regma,20,6,Jhinting,Jhinting,9-1,9,1,0,10,90.00,r/VGC Regulation M-C Kickoff Cup,2026-09-09,5,0,165,https://play.limitlesstcg.com/tournament/6aa00639a4272c53be64abbd/player/jhinting/teamlist,https://play.limitlesstcg.com/tournament/6aa00639a4272c53be64abbd/standings,Salamence-Mega:Incineroar:Rillaboom:Raichu-Mega-Y:Farigiraf:Sneasler,3,Rillaboom,Rillaboom,Miracle Seed,Grassy Surge,Fake Out:Wood Hammer:U-turn:Grassy Glide,Fake Out,Wood Hammer,U-turn,Grassy Glide,Salamence-Mega:Incineroar:Raichu-Mega-Y:Farigiraf:Sneasler
2026-09-10,2026-09-10T12:00:04Z,pikalytics,gen9championsvgc2026regma,"Best Pokemon, teams, and builds in Pokemon Champions VGC 2026",https://pikalytics.com/pokedex/gen9championsvgc2026regma,20,6,Jhinting,Jhinting,9-1,9,1,0,10,90.00,r/VGC Regulation M-C Kickoff Cup,2026-09-09,5,0,165,https://play.limitlesstcg.com/tournament/6aa00639a4272c53be64abbd/player/jhinting/teamlist,https://play.limitlesstcg.com/tournament/6aa00639a4272c53be64abbd/standings,Salamence-Mega:Incineroar:Rillaboom:Raichu-Mega-Y:Farigiraf:Sneasler,4,Raichu-Mega-Y,Raichu,Raichunite Y,Lightning Rod,Zap Cannon:Focus Blast:Fake Out:Protect,Zap Cannon,Focus Blast,Fake Out,Protect,Salamence-Mega:Incineroar:Rillaboom:Farigiraf:Sneasler
2026-09-11,2026-09-11T12:00:02Z,pikalytics,gen9championsvgc2026regma,"Best Pokemon, teams, and builds in Pokemon Champions VGC 2026",https://pikalytics.com/pokedex/gen9championsvgc2026regma,20,6,FatherOf7,FatherOf7,6-1,6,1,0,7,85.71,"Alpensee Tour (Reg M-C, Swiss only) #74",2026-09-09,3,0,92,https://play.limitlesstcg.com/tournament/6a7f315b5a30714095570103/player/fatherof7/teamlist,https://play.limitlesstcg.com/tournament/6a7f315b5a30714095570103/standings,Baxcalibur-Mega:Volcarona:Rillaboom:Staraptor-Mega:Basculegion:Whimsicott,4,Staraptor-Mega,Staraptor,Staraptite,Intimidate,Close Combat:Brave Bird:Roost:Protect,Close Combat,Brave Bird,Roost,Protect,Baxcalibur-Mega:Volcarona:Rillaboom:Basculegion:Whimsicott
2026-09-11,2026-09-11T12:00:02Z,pikalytics,gen9championsvgc2026regma,"Best Pokemon, teams, and builds in Pokemon Champions VGC 2026",https://pikalytics.com/pokedex/gen9championsvgc2026regma,20,6,FatherOf7,FatherOf7,6-1,6,1,0,7,85.71,"Alpensee Tour (Reg M-C, Swiss only) #74",2026-09-09,3,0,92,https://play.limitlesstcg.com/tournament/6a7f315b5a30714095570103/player/fatherof7/teamlist,https://play.limitlesstcg.com/tournament/6a7f315b5a30714095570103/standings,Baxcalibur-Mega:Volcarona:Rillaboom:Staraptor-Mega:Basculegion:Whimsicott,5,Basculegion,Basculegion,Life Orb,Adaptability,Protect:Wave Crash:Last Respects:Aqua Jet,Protect,Wave Crash,Last Respects,Aqua Jet,Baxcalibur-Mega:Volcarona:Rillaboom:Staraptor-Mega:Whimsicott
2026-09-10,2026-09-10T12:00:04Z,pikalytics,gen9championsvgc2026regma,"Best Pokemon, teams, and builds in Pokemon Champions VGC 2026",https://pikalytics.com/pokedex/gen9championsvgc2026regma,20,6,Jhinting,Jhinting,9-1,9,1,0,10,90.00,r/VGC Regulation M-C Kickoff Cup,2026-09-09,5,0,165,https://play.limitlesstcg.com/tournament/6aa00639a4272c53be64abbd/player/jhinting/teamlist,https://play.limitlesstcg.com/tournament/6aa00639a4272c53be64abbd/standings,Salamence-Mega:Incineroar:Rillaboom:Raichu-Mega-Y:Farigiraf:Sneasler,5,Farigiraf,Farigiraf,Sitrus Berry,Armor Tail,Psychic:Thunderbolt:Trick Room:Helping Hand,Psychic,Thunderbolt,Trick Room,Helping Hand,Salamence-Mega:Incineroar:Rillaboom:Raichu-Mega-Y:Sneasler
2026-09-10,2026-09-10T12:00:04Z,pikalytics,gen9championsvgc2026regma,"Best Pokemon, teams, and builds in Pokemon Champions VGC 2026",https://pikalytics.com/pokedex/gen9championsvgc2026regma,20,6,Jhinting,Jhinting,9-1,9,1,0,10,90.00,r/VGC Regulation M-C Kickoff Cup,2026-09-09,5,0,165,https://play.limitlesstcg.com/tournament/6aa00639a4272c53be64abbd/player/jhinting/teamlist,https://play.limitlesstcg.com/tournament/6aa00639a4272c53be64abbd/standings,Salamence-Mega:Incineroar:Rillaboom:Raichu-Mega-Y:Farigiraf:Sneasler,6,Sneasler,Sneasler,Grassy Seed,Unburden,Dire Claw:Protect:Close Combat:Acrobatics,Dire Claw,Protect,Close Combat,Acrobatics,Salamence-Mega:Incineroar:Rillaboom:Raichu-Mega-Y:Farigiraf
2026-09-11,2026-09-11T12:00:02Z,pikalytics,gen9championsvgc2026regma,"Best Pokemon, teams, and builds in Pokemon Champions VGC 2026",https://pikalytics.com/pokedex/gen9championsvgc2026regma,20,6,FatherOf7,FatherOf7,6-1,6,1,0,7,85.71,"Alpensee Tour (Reg M-C, Swiss only) #74",2026-09-09,3,0,92,https://play.limitlesstcg.com/tournament/6a7f315b5a30714095570103/player/fatherof7/teamlist,https://play.limitlesstcg.com/tournament/6a7f315b5a30714095570103/standings,Baxcalibur-Mega:Volcarona:Rillaboom:Staraptor-Mega:Basculegion:Whimsicott,6,Whimsicott,Whimsicott,Focus Sash,Prankster,Tailwind:Moonblast:Encore:Tickle,Tailwind,Moonblast,Encore,Tickle,Baxcalibur-Mega:Volcarona:Rillaboom:Staraptor-Mega:Basculegion
2026-09-14,2026-09-14T12:00:02Z,pikalytics,gen9championsvgc2026regma,"Best Pokemon, teams, and builds in Pokemon Champions VGC 2026",https://pikalytics.com/pokedex/gen9championsvgc2026regma,1,6,DDee,DDee,12-0,12,0,0,12,100.00,Talon's FIGHT CLUB #101 POKEMON CHAMPIONS REG M-C,2026-09-10,1,1,98,https://play.limitlesstcg.com/tournament/6a6a3192937230b102d48538/player/ddee/teamlist,https://play.limitlesstcg.com/tournament/6a6a3192937230b102d48538/standings,Floette-Eternal-Mega:Sneasler:Incineroar:Rillaboom:Gholdengo:Raichu-Mega-Y,1,Floette-Eternal-Mega,Eternal Flower Floette,Floettite,Flower Veil,Moonblast:Dazzling Gleam:Calm Mind:Protect,Moonblast,Dazzling Gleam,Calm Mind,Protect,Sneasler:Incineroar:Rillaboom:Gholdengo:Raichu-Mega-Y
2026-09-14,2026-09-14T12:00:02Z,pikalytics,gen9championsvgc2026regma,"Best Pokemon, teams, and builds in Pokemon Champions VGC 2026",https://pikalytics.com/pokedex/gen9championsvgc2026regma,1,6,DDee,DDee,12-0,12,0,0,12,100.00,Talon's FIGHT CLUB #101 POKEMON CHAMPIONS REG M-C,2026-09-10,1,1,98,https://play.limitlesstcg.com/tournament/6a6a3192937230b102d48538/player/ddee/teamlist,https://play.limitlesstcg.com/tournament/6a6a3192937230b102d48538/standings,Floette-Eternal-Mega:Sneasler:Incineroar:Rillaboom:Gholdengo:Raichu-Mega-Y,2,Sneasler,Sneasler,Grassy Seed,Unburden,Close Combat:Dire Claw:Rock Slide:Protect,Close Combat,Dire Claw,Rock Slide,Protect,Floette-Eternal-Mega:Incineroar:Rillaboom:Gholdengo:Raichu-Mega-Y
2026-09-14,2026-09-14T12:00:02Z,pikalytics,gen9championsvgc2026regma,"Best Pokemon, teams, and builds in Pokemon Champions VGC 2026",https://pikalytics.com/pokedex/gen9championsvgc2026regma,1,6,DDee,DDee,12-0,12,0,0,12,100.00,Talon's FIGHT CLUB #101 POKEMON CHAMPIONS REG M-C,2026-09-10,1,1,98,https://play.limitlesstcg.com/tournament/6a6a3192937230b102d48538/player/ddee/teamlist,https://play.limitlesstcg.com/tournament/6a6a3192937230b102d48538/standings,Floette-Eternal-Mega:Sneasler:Incineroar:Rillaboom:Gholdengo:Raichu-Mega-Y,3,Incineroar,Incineroar,Sitrus Berry,Intimidate,Flare Blitz:Throat Chop:Fake Out:Parting Shot,Flare Blitz,Throat Chop,Fake Out,Parting Shot,Floette-Eternal-Mega:Sneasler:Rillaboom:Gholdengo:Raichu-Mega-Y
2026-09-14,2026-09-14T12:00:02Z,pikalytics,gen9championsvgc2026regma,"Best Pokemon, teams, and builds in Pokemon Champions VGC 2026",https://pikalytics.com/pokedex/gen9championsvgc2026regma,1,6,DDee,DDee,12-0,12,0,0,12,100.00,Talon's FIGHT CLUB #101 POKEMON CHAMPIONS REG M-C,2026-09-10,1,1,98,https://play.limitlesstcg.com/tournament/6a6a3192937230b102d48538/player/ddee/teamlist,https://play.limitlesstcg.com/tournament/6a6a3192937230b102d48538/standings,Floette-Eternal-Mega:Sneasler:Incineroar:Rillaboom:Gholdengo:Raichu-Mega-Y,4,Rillaboom,Rillaboom,Miracle Seed,Grassy Surge,Wood Hammer:Grassy Glide:High Horsepower:Fake Out,Wood Hammer,Grassy Glide,High Horsepower,Fake Out,Floette-Eternal-Mega:Sneasler:Incineroar:Gholdengo:Raichu-Mega-Y
2026-09-14,2026-09-14T12:00:02Z,pikalytics,gen9championsvgc2026regma,"Best Pokemon, teams, and builds in Pokemon Champions VGC 2026",https://pikalytics.com/pokedex/gen9championsvgc2026regma,1,6,DDee,DDee,12-0,12,0,0,12,100.00,Talon's FIGHT CLUB #101 POKEMON CHAMPIONS REG M-C,2026-09-10,1,1,98,https://play.limitlesstcg.com/tournament/6a6a3192937230b102d48538/player/ddee/teamlist,https://play.limitlesstcg.com/tournament/6a6a3192937230b102d48538/standings,Floette-Eternal-Mega:Sneasler:Incineroar:Rillaboom:Gholdengo:Raichu-Mega-Y,5,Gholdengo,Gholdengo,Life Orb,Good as Gold,Make It Rain:Shadow Ball:Nasty Plot:Protect,Make It Rain,Shadow Ball,Nasty Plot,Protect,Floette-Eternal-Mega:Sneasler:Incineroar:Rillaboom:Raichu-Mega-Y
2026-09-14,2026-09-14T12:00:02Z,pikalytics,gen9championsvgc2026regma,"Best Pokemon, teams, and builds in Pokemon Champions VGC 2026",https://pikalytics.com/pokedex/gen9championsvgc2026regma,1,6,DDee,DDee,12-0,12,0,0,12,100.00,Talon's FIGHT CLUB #101 POKEMON CHAMPIONS REG M-C,2026-09-10,1,1,98,https://play.limitlesstcg.com/tournament/6a6a3192937230b102d48538/player/ddee/teamlist,https://play.limitlesstcg.com/tournament/6a6a3192937230b102d48538/standings,Floette-Eternal-Mega:Sneasler:Incineroar:Rillaboom:Gholdengo:Raichu-Mega-Y,6,Raichu-Mega-Y,Raichu,Raichunite Y,Lightning Rod,Zap Cannon:Focus Blast:Encore:Protect,Zap Cannon,Focus Blast,Encore,Protect,Floette-Eternal-Mega:Sneasler:Incineroar:Rillaboom:Gholdengo
2026-09-14,2026-09-14T12:00:02Z,pikalytics,gen9championsvgc2026regma,"Best Pokemon, teams, and builds in Pokemon Champions VGC 2026",https://pikalytics.com/pokedex/gen9championsvgc2026regma,2,6,LelloCartello,LelloCartello,10-1,10,1,0,11,90.91,Tenki's Cart Weekly #117 - Reg M-C,2026-09-10,1,1,148,https://play.limitlesstcg.com/tournament/6a9c37baa4272c53be647d8a/player/lellocartello/teamlist,https://play.limitlesstcg.com/tournament/6a9c37baa4272c53be647d8a/standings,Metagross-Mega:Indeedee:Sneasler:Arcanine-Hisui:Salamence-Mega:Milotic,1,Metagross-Mega,Metagross,Metagrossite,Clear Body,Iron Head:Psychic Fangs:Body Press:Protect,Iron Head,Psychic Fangs,Body Press,Protect,Indeedee:Sneasler:Arcanine-Hisui:Salamence-Mega:Milotic
2026-09-14,2026-09-14T12:00:02Z,pikalytics,gen9championsvgc2026regma,"Best Pokemon, teams, and builds in Pokemon Champions VGC 2026",https://pikalytics.com/pokedex/gen9championsvgc2026regma,2,6,LelloCartello,LelloCartello,10-1,10,1,0,11,90.91,Tenki's Cart Weekly #117 - Reg M-C,2026-09-10,1,1,148,https://play.limitlesstcg.com/tournament/6a9c37baa4272c53be647d8a/player/lellocartello/teamlist,https://play.limitlesstcg.com/tournament/6a9c37baa4272c53be647d8a/standings,Metagross-Mega:Indeedee:Sneasler:Arcanine-Hisui:Salamence-Mega:Milotic,2,Indeedee,Indeedee,Choice Scarf,Psychic Surge,Expanding Force:Imprison:Trick:Trick Room,Expanding Force,Imprison,Trick,Trick Room,Metagross-Mega:Sneasler:Arcanine-Hisui:Salamence-Mega:Milotic
2026-09-14,2026-09-14T12:00:02Z,pikalytics,gen9championsvgc2026regma,"Best Pokemon, teams, and builds in Pokemon Champions VGC 2026",https://pikalytics.com/pokedex/gen9championsvgc2026regma,2,6,LelloCartello,LelloCartello,10-1,10,1,0,11,90.91,Tenki's Cart Weekly #117 - Reg M-C,2026-09-10,1,1,148,https://play.limitlesstcg.com/tournament/6a9c37baa4272c53be647d8a/player/lellocartello/teamlist,https://play.limitlesstcg.com/tournament/6a9c37baa4272c53be647d8a/standings,Metagross-Mega:Indeedee:Sneasler:Arcanine-Hisui:Salamence-Mega:Milotic,3,Sneasler,Sneasler,Psychic Seed,Unburden,Close Combat:Dire Claw:Rock Slide:Protect,Close Combat,Dire Claw,Rock Slide,Protect,Metagross-Mega:Indeedee:Arcanine-Hisui:Salamence-Mega:Milotic
2026-09-14,2026-09-14T12:00:02Z,pikalytics,gen9championsvgc2026regma,"Best Pokemon, teams, and builds in Pokemon Champions VGC 2026",https://pikalytics.com/pokedex/gen9championsvgc2026regma,2,6,LelloCartello,LelloCartello,10-1,10,1,0,11,90.91,Tenki's Cart Weekly #117 - Reg M-C,2026-09-10,1,1,148,https://play.limitlesstcg.com/tournament/6a9c37baa4272c53be647d8a/player/lellocartello/teamlist,https://play.limitlesstcg.com/tournament/6a9c37baa4272c53be647d8a/standings,Metagross-Mega:Indeedee:Sneasler:Arcanine-Hisui:Salamence-Mega:Milotic,4,Arcanine-Hisui,Hisuian Arcanine,Focus Sash,Rock Head,Flare Blitz:Head Smash:Rock Slide:Protect,Flare Blitz,Head Smash,Rock Slide,Protect,Metagross-Mega:Indeedee:Sneasler:Salamence-Mega:Milotic
2026-09-14,2026-09-14T12:00:02Z,pikalytics,gen9championsvgc2026regma,"Best Pokemon, teams, and builds in Pokemon Champions VGC 2026",https://pikalytics.com/pokedex/gen9championsvgc2026regma,2,6,LelloCartello,LelloCartello,10-1,10,1,0,11,90.91,Tenki's Cart Weekly #117 - Reg M-C,2026-09-10,1,1,148,https://play.limitlesstcg.com/tournament/6a9c37baa4272c53be647d8a/player/lellocartello/teamlist,https://play.limitlesstcg.com/tournament/6a9c37baa4272c53be647d8a/standings,Metagross-Mega:Indeedee:Sneasler:Arcanine-Hisui:Salamence-Mega:Milotic,5,Salamence-Mega,Salamence,Salamencite,Intimidate,Hyper Voice:Dragon Pulse:Heat Wave:Protect,Hyper Voice,Dragon Pulse,Heat Wave,Protect,Metagross-Mega:Indeedee:Sneasler:Arcanine-Hisui:Milotic
2026-09-14,2026-09-14T12:00:02Z,pikalytics,gen9championsvgc2026regma,"Best Pokemon, teams, and builds in Pokemon Champions VGC 2026",https://pikalytics.com/pokedex/gen9championsvgc2026regma,2,6,LelloCartello,LelloCartello,10-1,10,1,0,11,90.91,Tenki's Cart Weekly #117 - Reg M-C,2026-09-10,1,1,148,https://play.limitlesstcg.com/tournament/6a9c37baa4272c53be647d8a/player/lellocartello/teamlist,https://play.limitlesstcg.com/tournament/6a9c37baa4272c53be647d8a/standings,Metagross-Mega:Indeedee:Sneasler:Arcanine-Hisui:Salamence-Mega:Milotic,6,Milotic,Milotic,Leftovers,Competitive,Scald:Icy Wind:Recover:Protect,Scald,Icy Wind,Recover,Protect,Metagross-Mega:Indeedee:Sneasler:Arcanine-Hisui:Salamence-Mega
2026-09-14,2026-09-14T12:00:02Z,pikalytics,gen9championsvgc2026regma,"Best Pokemon, teams, and builds in Pokemon Champions VGC 2026",https://pikalytics.com/pokedex/gen9championsvgc2026regma,7,6,Suruga,Suruga,7-0,7,0,0,7,100.00,Off Meta Fight Club #2 ($40 USD prize pool),2026-09-10,1,1,112,https://play.limitlesstcg.com/tournament/6a9a185bab080c8c957f9408/player/suruga/teamlist,https://play.limitlesstcg.com/tournament/6a9a185bab080c8c957f9408/standings,Grimmsnarl:Archaludon:Swampert-Mega:Golisopod-Mega:Pelipper:Farigiraf,1,Grimmsnarl,Grimmsnarl,Light Clay,Prankster,Parting Shot:Light Screen:Reflect:Spirit Break,Parting Shot,Light Screen,Reflect,Spirit Break,Archaludon:Swampert-Mega:Golisopod-Mega:Pelipper:Farigiraf
2026-09-14,2026-09-14T12:00:02Z,pikalytics,gen9championsvgc2026regma,"Best Pokemon, teams, and builds in Pokemon Champions VGC 2026",https://pikalytics.com/pokedex/gen9championsvgc2026regma,7,6,Suruga,Suruga,7-0,7,0,0,7,100.00,Off Meta Fight Club #2 ($40 USD prize pool),2026-09-10,1,1,112,https://play.limitlesstcg.com/tournament/6a9a185bab080c8c957f9408/player/suruga/teamlist,https://play.limitlesstcg.com/tournament/6a9a185bab080c8c957f9408/standings,Grimmsnarl:Archaludon:Swampert-Mega:Golisopod-Mega:Pelipper:Farigiraf,2,Archaludon,Archaludon,Leftovers,Stamina,Electro Shot:Snarl:Dragon Pulse:Protect,Electro Shot,Snarl,Dragon Pulse,Protect,Grimmsnarl:Swampert-Mega:Golisopod-Mega:Pelipper:Farigiraf
2026-09-14,2026-09-14T12:00:02Z,pikalytics,gen9championsvgc2026regma,"Best Pokemon, teams, and builds in Pokemon Champions VGC 2026",https://pikalytics.com/pokedex/gen9championsvgc2026regma,7,6,Suruga,Suruga,7-0,7,0,0,7,100.00,Off Meta Fight Club #2 ($40 USD prize pool),2026-09-10,1,1,112,https://play.limitlesstcg.com/tournament/6a9a185bab080c8c957f9408/player/suruga/teamlist,https://play.limitlesstcg.com/tournament/6a9a185bab080c8c957f9408/standings,Grimmsnarl:Archaludon:Swampert-Mega:Golisopod-Mega:Pelipper:Farigiraf,3,Swampert-Mega,Swampert,Swampertite,Torrent,Wave Crash:Ice Punch:Earthquake:Protect,Wave Crash,Ice Punch,Earthquake,Protect,Grimmsnarl:Archaludon:Golisopod-Mega:Pelipper:Farigiraf
2026-09-14,2026-09-14T12:00:02Z,pikalytics,gen9championsvgc2026regma,"Best Pokemon, teams, and builds in Pokemon Champions VGC 2026",https://pikalytics.com/pokedex/gen9championsvgc2026regma,7,6,Suruga,Suruga,7-0,7,0,0,7,100.00,Off Meta Fight Club #2 ($40 USD prize pool),2026-09-10,1,1,112,https://play.limitlesstcg.com/tournament/6a9a185bab080c8c957f9408/player/suruga/teamlist,https://play.limitlesstcg.com/tournament/6a9a185bab080c8c957f9408/standings,Grimmsnarl:Archaludon:Swampert-Mega:Golisopod-Mega:Pelipper:Farigiraf,4,Golisopod-Mega,Golisopod,Golisopite,Emergency Exit,Leech Life:Iron Head:Swords Dance:Protect,Leech Life,Iron Head,Swords Dance,Protect,Grimmsnarl:Archaludon:Swampert-Mega:Pelipper:Farigiraf
2026-09-14,2026-09-14T12:00:02Z,pikalytics,gen9championsvgc2026regma,"Best Pokemon, teams, and builds in Pokemon Champions VGC 2026",https://pikalytics.com/pokedex/gen9championsvgc2026regma,7,6,Suruga,Suruga,7-0,7,0,0,7,100.00,Off Meta Fight Club #2 ($40 USD prize pool),2026-09-10,1,1,112,https://play.limitlesstcg.com/tournament/6a9a185bab080c8c957f9408/player/suruga/teamlist,https://play.limitlesstcg.com/tournament/6a9a185bab080c8c957f9408/standings,Grimmsnarl:Archaludon:Swampert-Mega:Golisopod-Mega:Pelipper:Farigiraf,5,Pelipper,Pelipper,Focus Sash,Drizzle,Weather Ball:Hurricane:Wide Guard:Tailwind,Weather Ball,Hurricane,Wide Guard,Tailwind,Grimmsnarl:Archaludon:Swampert-Mega:Golisopod-Mega:Farigiraf
2026-09-14,2026-09-14T12:00:02Z,pikalytics,gen9championsvgc2026regma,"Best Pokemon, teams, and builds in Pokemon Champions VGC 2026",https://pikalytics.com/pokedex/gen9championsvgc2026regma,7,6,Suruga,Suruga,7-0,7,0,0,7,100.00,Off Meta Fight Club #2 ($40 USD prize pool),2026-09-10,1,1,112,https://play.limitlesstcg.com/tournament/6a9a185bab080c8c957f9408/player/suruga/teamlist,https://play.limitlesstcg.com/tournament/6a9a185bab080c8c957f9408/standings,Grimmsnarl:Archaludon:Swampert-Mega:Golisopod-Mega:Pelipper:Farigiraf,6,Farigiraf,Farigiraf,Sitrus Berry,Armor Tail,Trick Room:Psychic:Thunderbolt:Protect,Trick Room,Psychic,Thunderbolt,Protect,Grimmsnarl:Archaludon:Swampert-Mega:Golisopod-Mega:Pelipper
2026-09-14,2026-09-14T12:00:02Z,pikalytics,gen9championsvgc2026regma,"Best Pokemon, teams, and builds in Pokemon Champions VGC 2026",https://pikalytics.com/pokedex/gen9championsvgc2026regma,8,6,DoubleBad17,DoubleBad17,8-2,8,2,0,10,80.00,Intimidators Champions Challenge #42 REG M-C,2026-09-10,1,1,39,https://play.limitlesstcg.com/tournament/6aa0086fab080c8c957fdf49/player/doublebad17/teamlist,https://play.limitlesstcg.com/tournament/6aa0086fab080c8c957fdf49/standings,Rillaboom:Incineroar:Salamence-Mega:Volcarona:Kingambit:Floette-Eternal-Mega,1,Rillaboom,Rillaboom,Miracle Seed,Grassy Surge,Grassy Glide:Fake Out:Wood Hammer:High Horsepower,Grassy Glide,Fake Out,Wood Hammer,High Horsepower,Incineroar:Salamence-Mega:Volcarona:Kingambit:Floette-Eternal-Mega
2026-09-14,2026-09-14T12:00:02Z,pikalytics,gen9championsvgc2026regma,"Best Pokemon, teams, and builds in Pokemon Champions VGC 2026",https://pikalytics.com/pokedex/gen9championsvgc2026regma,8,6,DoubleBad17,DoubleBad17,8-2,8,2,0,10,80.00,Intimidators Champions Challenge #42 REG M-C,2026-09-10,1,1,39,https://play.limitlesstcg.com/tournament/6aa0086fab080c8c957fdf49/player/doublebad17/teamlist,https://play.limitlesstcg.com/tournament/6aa0086fab080c8c957fdf49/standings,Rillaboom:Incineroar:Salamence-Mega:Volcarona:Kingambit:Floette-Eternal-Mega,2,Incineroar,Incineroar,Sitrus Berry,Intimidate,Fake Out:Throat Chop:Flare Blitz:Parting Shot,Fake Out,Throat Chop,Flare Blitz,Parting Shot,Rillaboom:Salamence-Mega:Volcarona:Kingambit:Floette-Eternal-Mega
2026-09-14,2026-09-14T12:00:02Z,pikalytics,gen9championsvgc2026regma,"Best Pokemon, teams, and builds in Pokemon Champions VGC 2026",https://pikalytics.com/pokedex/gen9championsvgc2026regma,8,6,DoubleBad17,DoubleBad17,8-2,8,2,0,10,80.00,Intimidators Champions Challenge #42 REG M-C,2026-09-10,1,1,39,https://play.limitlesstcg.com/tournament/6aa0086fab080c8c957fdf49/player/doublebad17/teamlist,https://play.limitlesstcg.com/tournament/6aa0086fab080c8c957fdf49/standings,Rillaboom:Incineroar:Salamence-Mega:Volcarona:Kingambit:Floette-Eternal-Mega,3,Salamence-Mega,Salamence,Salamencite,Intimidate,Hyper Voice:Double-Edge:Tailwind:Protect,Hyper Voice,Double-Edge,Tailwind,Protect,Rillaboom:Incineroar:Volcarona:Kingambit:Floette-Eternal-Mega
2026-09-14,2026-09-14T12:00:02Z,pikalytics,gen9championsvgc2026regma,"Best Pokemon, teams, and builds in Pokemon Champions VGC 2026",https://pikalytics.com/pokedex/gen9championsvgc2026regma,8,6,DoubleBad17,DoubleBad17,8-2,8,2,0,10,80.00,Intimidators Champions Challenge #42 REG M-C,2026-09-10,1,1,39,https://play.limitlesstcg.com/tournament/6aa0086fab080c8c957fdf49/player/doublebad17/teamlist,https://play.limitlesstcg.com/tournament/6aa0086fab080c8c957fdf49/standings,Rillaboom:Incineroar:Salamence-Mega:Volcarona:Kingambit:Floette-Eternal-Mega,4,Volcarona,Volcarona,Grassy Seed,Flame Body,Quiver Dance:Heat Wave:Giga Drain:Protect,Quiver Dance,Heat Wave,Giga Drain,Protect,Rillaboom:Incineroar:Salamence-Mega:Kingambit:Floette-Eternal-Mega
2026-09-14,2026-09-14T12:00:02Z,pikalytics,gen9championsvgc2026regma,"Best Pokemon, teams, and builds in Pokemon Champions VGC 2026",https://pikalytics.com/pokedex/gen9championsvgc2026regma,8,6,DoubleBad17,DoubleBad17,8-2,8,2,0,10,80.00,Intimidators Champions Challenge #42 REG M-C,2026-09-10,1,1,39,https://play.limitlesstcg.com/tournament/6aa0086fab080c8c957fdf49/player/doublebad17/teamlist,https://play.limitlesstcg.com/tournament/6aa0086fab080c8c957fdf49/standings,Rillaboom:Incineroar:Salamence-Mega:Volcarona:Kingambit:Floette-Eternal-Mega,5,Kingambit,Kingambit,Life Orb,Defiant,Kowtow Cleave:Sucker Punch:Low Kick:Protect,Kowtow Cleave,Sucker Punch,Low Kick,Protect,Rillaboom:Incineroar:Salamence-Mega:Volcarona:Floette-Eternal-Mega
2026-09-14,2026-09-14T12:00:02Z,pikalytics,gen9championsvgc2026regma,"Best Pokemon, teams, and builds in Pokemon Champions VGC 2026",https://pikalytics.com/pokedex/gen9championsvgc2026regma,8,6,DoubleBad17,DoubleBad17,8-2,8,2,0,10,80.00,Intimidators Champions Challenge #42 REG M-C,2026-09-10,1,1,39,https://play.limitlesstcg.com/tournament/6aa0086fab080c8c957fdf49/player/doublebad17/teamlist,https://play.limitlesstcg.com/tournament/6aa0086fab080c8c957fdf49/standings,Rillaboom:Incineroar:Salamence-Mega:Volcarona:Kingambit:Floette-Eternal-Mega,6,Floette-Eternal-Mega,Eternal Flower Floette,Floettite,Flower Veil,Dazzling Gleam:Draining Kiss:Calm Mind:Protect,Dazzling Gleam,Draining Kiss,Calm Mind,Protect,Rillaboom:Incineroar:Salamence-Mega:Volcarona:Kingambit
2026-09-14,2026-09-14T12:00:02Z,pikalytics,gen9championsvgc2026regma,"Best Pokemon, teams, and builds in Pokemon Champions VGC 2026",https://pikalytics.com/pokedex/gen9championsvgc2026regma,10,6,Fluffy_m1n,Fluffy_m1n,4-0,4,0,0,4,100.00,BPL MC KICKOFF TOURNAMENT,2026-09-10,1,1,12,https://play.limitlesstcg.com/tournament/6aa18dd9ab080c8c957ff1c6/player/fluffy_m1n/teamlist,https://play.limitlesstcg.com/tournament/6aa18dd9ab080c8c957ff1c6/standings,Rillaboom:Sneasler:Kingambit:Delphox-Mega:Floette-Eternal-Mega:Incineroar,1,Rillaboom,Rillaboom,Miracle Seed,Grassy Surge,Wood Hammer:Grassy Glide:Fake Out:Drain Punch,Wood Hammer,Grassy Glide,Fake Out,Drain Punch,Sneasler:Kingambit:Delphox-Mega:Floette-Eternal-Mega:Incineroar
2026-09-14,2026-09-14T12:00:02Z,pikalytics,gen9championsvgc2026regma,"Best Pokemon, teams, and builds in Pokemon Champions VGC 2026",https://pikalytics.com/pokedex/gen9championsvgc2026regma,10,6,Fluffy_m1n,Fluffy_m1n,4-0,4,0,0,4,100.00,BPL MC KICKOFF TOURNAMENT,2026-09-10,1,1,12,https://play.limitlesstcg.com/tournament/6aa18dd9ab080c8c957ff1c6/player/fluffy_m1n/teamlist,https://play.limitlesstcg.com/tournament/6aa18dd9ab080c8c957ff1c6/standings,Rillaboom:Sneasler:Kingambit:Delphox-Mega:Floette-Eternal-Mega:Incineroar,2,Sneasler,Sneasler,Focus Sash,Poison Touch,Poison Jab:Close Combat:Fake Out:Quick Guard,Poison Jab,Close Combat,Fake Out,Quick Guard,Rillaboom:Kingambit:Delphox-Mega:Floette-Eternal-Mega:Incineroar
2026-09-14,2026-09-14T12:00:02Z,pikalytics,gen9championsvgc2026regma,"Best Pokemon, teams, and builds in Pokemon Champions VGC 2026",https://pikalytics.com/pokedex/gen9championsvgc2026regma,10,6,Fluffy_m1n,Fluffy_m1n,4-0,4,0,0,4,100.00,BPL MC KICKOFF TOURNAMENT,2026-09-10,1,1,12,https://play.limitlesstcg.com/tournament/6aa18dd9ab080c8c957ff1c6/player/fluffy_m1n/teamlist,https://play.limitlesstcg.com/tournament/6aa18dd9ab080c8c957ff1c6/standings,Rillaboom:Sneasler:Kingambit:Delphox-Mega:Floette-Eternal-Mega:Incineroar,3,Kingambit,Kingambit,Life Orb,Defiant,Kowtow Cleave:Sucker Punch:Swords Dance:Protect,Kowtow Cleave,Sucker Punch,Swords Dance,Protect,Rillaboom:Sneasler:Delphox-Mega:Floette-Eternal-Mega:Incineroar
2026-09-14,2026-09-14T12:00:02Z,pikalytics,gen9championsvgc2026regma,"Best Pokemon, teams, and builds in Pokemon Champions VGC 2026",https://pikalytics.com/pokedex/gen9championsvgc2026regma,10,6,Fluffy_m1n,Fluffy_m1n,4-0,4,0,0,4,100.00,BPL MC KICKOFF TOURNAMENT,2026-09-10,1,1,12,https://play.limitlesstcg.com/tournament/6aa18dd9ab080c8c957ff1c6/player/fluffy_m1n/teamlist,https://play.limitlesstcg.com/tournament/6aa18dd9ab080c8c957ff1c6/standings,Rillaboom:Sneasler:Kingambit:Delphox-Mega:Floette-Eternal-Mega:Incineroar,4,Delphox-Mega,Delphox,Delphoxite,Blaze,Heat Wave:Psyshock:Nasty Plot:Protect,Heat Wave,Psyshock,Nasty Plot,Protect,Rillaboom:Sneasler:Kingambit:Floette-Eternal-Mega:Incineroar
2026-09-14,2026-09-14T12:00:02Z,pikalytics,gen9championsvgc2026regma,"Best Pokemon, teams, and builds in Pokemon Champions VGC 2026",https://pikalytics.com/pokedex/gen9championsvgc2026regma,10,6,Fluffy_m1n,Fluffy_m1n,4-0,4,0,0,4,100.00,BPL MC KICKOFF TOURNAMENT,2026-09-10,1,1,12,https://play.limitlesstcg.com/tournament/6aa18dd9ab080c8c957ff1c6/player/fluffy_m1n/teamlist,https://play.limitlesstcg.com/tournament/6aa18dd9ab080c8c957ff1c6/standings,Rillaboom:Sneasler:Kingambit:Delphox-Mega:Floette-Eternal-Mega:Incineroar,5,Floette-Eternal-Mega,Eternal Flower Floette,Floettite,Flower Veil,Dazzling Gleam:Draining Kiss:Calm Mind:Protect,Dazzling Gleam,Draining Kiss,Calm Mind,Protect,Rillaboom:Sneasler:Kingambit:Delphox-Mega:Incineroar
2026-09-14,2026-09-14T12:00:02Z,pikalytics,gen9championsvgc2026regma,"Best Pokemon, teams, and builds in Pokemon Champions VGC 2026",https://pikalytics.com/pokedex/gen9championsvgc2026regma,10,6,Fluffy_m1n,Fluffy_m1n,4-0,4,0,0,4,100.00,BPL MC KICKOFF TOURNAMENT,2026-09-10,1,1,12,https://play.limitlesstcg.com/tournament/6aa18dd9ab080c8c957ff1c6/player/fluffy_m1n/teamlist,https://play.limitlesstcg.com/tournament/6aa18dd9ab080c8c957ff1c6/standings,Rillaboom:Sneasler:Kingambit:Delphox-Mega:Floette-Eternal-Mega:Incineroar,6,Incineroar,Incineroar,Passho Berry,Intimidate,Parting Shot:Fake Out:Throat Chop:Flare Blitz,Parting Shot,Fake Out,Throat Chop,Flare Blitz,Rillaboom:Sneasler:Kingambit:Delphox-Mega:Floette-Eternal-Mega
2026-09-14,2026-09-14T12:00:02Z,pikalytics,gen9championsvgc2026regma,"Best Pokemon, teams, and builds in Pokemon Champions VGC 2026",https://pikalytics.com/pokedex/gen9championsvgc2026regma,11,6,CptAuroOG,CptAuroOG,6-1,6,1,0,7,85.71,London Corviknights VGC Weekly Tour 12! (Reg M-C),2026-09-10,1,1,46,https://play.limitlesstcg.com/tournament/6aa1288fa4272c53be64b8e7/player/cptauroog/teamlist,https://play.limitlesstcg.com/tournament/6aa1288fa4272c53be64b8e7/standings,Floette-Eternal-Mega:Raichu-Mega-Y:Gholdengo:Rillaboom:Arcanine-Hisui:Salamence,1,Floette-Eternal-Mega,Eternal Flower Floette,Floettite,Flower Veil,Dazzling Gleam:Draining Kiss:Calm Mind:Protect,Dazzling Gleam,Draining Kiss,Calm Mind,Protect,Raichu-Mega-Y:Gholdengo:Rillaboom:Arcanine-Hisui:Salamence
2026-09-14,2026-09-14T12:00:02Z,pikalytics,gen9championsvgc2026regma,"Best Pokemon, teams, and builds in Pokemon Champions VGC 2026",https://pikalytics.com/pokedex/gen9championsvgc2026regma,11,6,CptAuroOG,CptAuroOG,6-1,6,1,0,7,85.71,London Corviknights VGC Weekly Tour 12! (Reg M-C),2026-09-10,1,1,46,https://play.limitlesstcg.com/tournament/6aa1288fa4272c53be64b8e7/player/cptauroog/teamlist,https://play.limitlesstcg.com/tournament/6aa1288fa4272c53be64b8e7/standings,Floette-Eternal-Mega:Raichu-Mega-Y:Gholdengo:Rillaboom:Arcanine-Hisui:Salamence,2,Raichu-Mega-Y,Raichu,Raichunite Y,Lightning Rod,Zap Cannon:Focus Blast:Fake Out:Protect,Zap Cannon,Focus Blast,Fake Out,Protect,Floette-Eternal-Mega:Gholdengo:Rillaboom:Arcanine-Hisui:Salamence
2026-09-14,2026-09-14T12:00:02Z,pikalytics,gen9championsvgc2026regma,"Best Pokemon, teams, and builds in Pokemon Champions VGC 2026",https://pikalytics.com/pokedex/gen9championsvgc2026regma,11,6,CptAuroOG,CptAuroOG,6-1,6,1,0,7,85.71,London Corviknights VGC Weekly Tour 12! (Reg M-C),2026-09-10,1,1,46,https://play.limitlesstcg.com/tournament/6aa1288fa4272c53be64b8e7/player/cptauroog/teamlist,https://play.limitlesstcg.com/tournament/6aa1288fa4272c53be64b8e7/standings,Floette-Eternal-Mega:Raichu-Mega-Y:Gholdengo:Rillaboom:Arcanine-Hisui:Salamence,3,Gholdengo,Gholdengo,Grassy Seed,Good as Gold,Make It Rain:Shadow Ball:Nasty Plot:Protect,Make It Rain,Shadow Ball,Nasty Plot,Protect,Floette-Eternal-Mega:Raichu-Mega-Y:Rillaboom:Arcanine-Hisui:Salamence
2026-09-14,2026-09-14T12:00:02Z,pikalytics,gen9championsvgc2026regma,"Best Pokemon, teams, and builds in Pokemon Champions VGC 2026",https://pikalytics.com/pokedex/gen9championsvgc2026regma,11,6,CptAuroOG,CptAuroOG,6-1,6,1,0,7,85.71,London Corviknights VGC Weekly Tour 12! (Reg M-C),2026-09-10,1,1,46,https://play.limitlesstcg.com/tournament/6aa1288fa4272c53be64b8e7/player/cptauroog/teamlist,https://play.limitlesstcg.com/tournament/6aa1288fa4272c53be64b8e7/standings,Floette-Eternal-Mega:Raichu-Mega-Y:Gholdengo:Rillaboom:Arcanine-Hisui:Salamence,4,Rillaboom,Rillaboom,Sitrus Berry,Grassy Surge,Grassy Glide:Drum Beating:High Horsepower:Fake Out,Grassy Glide,Drum Beating,High Horsepower,Fake Out,Floette-Eternal-Mega:Raichu-Mega-Y:Gholdengo:Arcanine-Hisui:Salamence
2026-09-14,2026-09-14T12:00:02Z,pikalytics,gen9championsvgc2026regma,"Best Pokemon, teams, and builds in Pokemon Champions VGC 2026",https://pikalytics.com/pokedex/gen9championsvgc2026regma,11,6,CptAuroOG,CptAuroOG,6-1,6,1,0,7,85.71,London Corviknights VGC Weekly Tour 12! (Reg M-C),2026-09-10,1,1,46,https://play.limitlesstcg.com/tournament/6aa1288fa4272c53be64b8e7/player/cptauroog/teamlist,https://play.limitlesstcg.com/tournament/6aa1288fa4272c53be64b8e7/standings,Floette-Eternal-Mega:Raichu-Mega-Y:Gholdengo:Rillaboom:Arcanine-Hisui:Salamence,5,Arcanine-Hisui,Hisuian Arcanine,Focus Sash,Rock Head,Flare Blitz:Head Smash:Extreme Speed:Protect,Flare Blitz,Head Smash,Extreme Speed,Protect,Floette-Eternal-Mega:Raichu-Mega-Y:Gholdengo:Rillaboom:Salamence
2026-09-14,2026-09-14T12:00:02Z,pikalytics,gen9championsvgc2026regma,"Best Pokemon, teams, and builds in Pokemon Champions VGC 2026",https://pikalytics.com/pokedex/gen9championsvgc2026regma,11,6,CptAuroOG,CptAuroOG,6-1,6,1,0,7,85.71,London Corviknights VGC Weekly Tour 12! (Reg M-C),2026-09-10,1,1,46,https://play.limitlesstcg.com/tournament/6aa1288fa4272c53be64b8e7/player/cptauroog/teamlist,https://play.limitlesstcg.com/tournament/6aa1288fa4272c53be64b8e7/standings,Floette-Eternal-Mega:Raichu-Mega-Y:Gholdengo:Rillaboom:Arcanine-Hisui:Salamence,6,Salamence,Salamence,Life Orb,Intimidate,Draco Meteor:Heat Wave:Tailwind:Protect,Draco Meteor,Heat Wave,Tailwind,Protect,Floette-Eternal-Mega:Raichu-Mega-Y:Gholdengo:Rillaboom:Arcanine-Hisui
2026-09-11,2026-09-11T12:00:02Z,pikalytics,gen9championsvgc2026regma,"Best Pokemon, teams, and builds in Pokemon Champions VGC 2026",https://pikalytics.com/pokedex/gen9championsvgc2026regma,12,6,Kotori,Kotori,7-1,7,1,0,8,87.50,˗ˋˏ❤︎ˎˊ˗ Pomelo Late Night Tour (M-C),2026-09-10,1,1,13,https://play.limitlesstcg.com/tournament/6aa087d4a4272c53be64b3a9/player/kotori/teamlist,https://play.limitlesstcg.com/tournament/6aa087d4a4272c53be64b3a9/standings,Salamence-Mega:Incineroar:Floette-Eternal-Mega:Rillaboom:Basculegion:Annihilape,1,Salamence-Mega,Salamence,Salamencite,Intimidate,Dragon Dance:Dragon Claw:Body Slam:Protect,Dragon Dance,Dragon Claw,Body Slam,Protect,Incineroar:Floette-Eternal-Mega:Rillaboom:Basculegion:Annihilape
2026-09-11,2026-09-11T12:00:02Z,pikalytics,gen9championsvgc2026regma,"Best Pokemon, teams, and builds in Pokemon Champions VGC 2026",https://pikalytics.com/pokedex/gen9championsvgc2026regma,12,6,Kotori,Kotori,7-1,7,1,0,8,87.50,˗ˋˏ❤︎ˎˊ˗ Pomelo Late Night Tour (M-C),2026-09-10,1,1,13,https://play.limitlesstcg.com/tournament/6aa087d4a4272c53be64b3a9/player/kotori/teamlist,https://play.limitlesstcg.com/tournament/6aa087d4a4272c53be64b3a9/standings,Salamence-Mega:Incineroar:Floette-Eternal-Mega:Rillaboom:Basculegion:Annihilape,2,Incineroar,Incineroar,Rocky Helmet,Intimidate,Fake Out:Flare Blitz:Parting Shot:Will-O-Wisp,Fake Out,Flare Blitz,Parting Shot,Will-O-Wisp,Salamence-Mega:Floette-Eternal-Mega:Rillaboom:Basculegion:Annihilape
2026-09-11,2026-09-11T12:00:02Z,pikalytics,gen9championsvgc2026regma,"Best Pokemon, teams, and builds in Pokemon Champions VGC 2026",https://pikalytics.com/pokedex/gen9championsvgc2026regma,12,6,Kotori,Kotori,7-1,7,1,0,8,87.50,˗ˋˏ❤︎ˎˊ˗ Pomelo Late Night Tour (M-C),2026-09-10,1,1,13,https://play.limitlesstcg.com/tournament/6aa087d4a4272c53be64b3a9/player/kotori/teamlist,https://play.limitlesstcg.com/tournament/6aa087d4a4272c53be64b3a9/standings,Salamence-Mega:Incineroar:Floette-Eternal-Mega:Rillaboom:Basculegion:Annihilape,3,Floette-Eternal-Mega,Floette,Floettite,Flower Veil,Moonblast:Dazzling Gleam:Calm Mind:Protect,Moonblast,Dazzling Gleam,Calm Mind,Protect,Salamence-Mega:Incineroar:Rillaboom:Basculegion:Annihilape
2026-09-11,2026-09-11T12:00:02Z,pikalytics,gen9championsvgc2026regma,"Best Pokemon, teams, and builds in Pokemon Champions VGC 2026",https://pikalytics.com/pokedex/gen9championsvgc2026regma,12,6,Kotori,Kotori,7-1,7,1,0,8,87.50,˗ˋˏ❤︎ˎˊ˗ Pomelo Late Night Tour (M-C),2026-09-10,1,1,13,https://play.limitlesstcg.com/tournament/6aa087d4a4272c53be64b3a9/player/kotori/teamlist,https://play.limitlesstcg.com/tournament/6aa087d4a4272c53be64b3a9/standings,Salamence-Mega:Incineroar:Floette-Eternal-Mega:Rillaboom:Basculegion:Annihilape,4,Rillaboom,Rillaboom,Miracle Seed,Grassy Surge,Fake Out:Wood Hammer:Grassy Glide:High Horsepower,Fake Out,Wood Hammer,Grassy Glide,High Horsepower,Salamence-Mega:Incineroar:Floette-Eternal-Mega:Basculegion:Annihilape
2026-09-11,2026-09-11T12:00:02Z,pikalytics,gen9championsvgc2026regma,"Best Pokemon, teams, and builds in Pokemon Champions VGC 2026",https://pikalytics.com/pokedex/gen9championsvgc2026regma,12,6,Kotori,Kotori,7-1,7,1,0,8,87.50,˗ˋˏ❤︎ˎˊ˗ Pomelo Late Night Tour (M-C),2026-09-10,1,1,13,https://play.limitlesstcg.com/tournament/6aa087d4a4272c53be64b3a9/player/kotori/teamlist,https://play.limitlesstcg.com/tournament/6aa087d4a4272c53be64b3a9/standings,Salamence-Mega:Incineroar:Floette-Eternal-Mega:Rillaboom:Basculegion:Annihilape,5,Basculegion,Basculegion,Kasib Berry,Adaptability,Aqua Jet:Wave Crash:Last Respects:Protect,Aqua Jet,Wave Crash,Last Respects,Protect,Salamence-Mega:Incineroar:Floette-Eternal-Mega:Rillaboom:Annihilape
2026-09-11,2026-09-11T12:00:02Z,pikalytics,gen9championsvgc2026regma,"Best Pokemon, teams, and builds in Pokemon Champions VGC 2026",https://pikalytics.com/pokedex/gen9championsvgc2026regma,12,6,Kotori,Kotori,7-1,7,1,0,8,87.50,˗ˋˏ❤︎ˎˊ˗ Pomelo Late Night Tour (M-C),2026-09-10,1,1,13,https://play.limitlesstcg.com/tournament/6aa087d4a4272c53be64b3a9/player/kotori/teamlist,https://play.limitlesstcg.com/tournament/6aa087d4a4272c53be64b3a9/standings,Salamence-Mega:Incineroar:Floette-Eternal-Mega:Rillaboom:Basculegion:Annihilape,6,Annihilape,Annihilape,Choice Scarf,Defiant,Close Combat:Coaching:U-turn:Ice Punch,Close Combat,Coaching,U-turn,Ice Punch,Salamence-Mega:Incineroar:Floette-Eternal-Mega:Rillaboom:Basculegion
2026-09-11,2026-09-11T12:00:02Z,pikalytics,gen9championsvgc2026regma,"Best Pokemon, teams, and builds in Pokemon Champions VGC 2026",https://pikalytics.com/pokedex/gen9championsvgc2026regma,13,6,Haru1899,Haru1899,5-2,5,2,0,7,71.43,WARTORTLE WEDNESDAYS #65 REG M-C BO3 OTS,2026-09-10,1,1,9,https://play.limitlesstcg.com/tournament/6a9a1587ab080c8c957f93dc/player/haru1899/teamlist,https://play.limitlesstcg.com/tournament/6a9a1587ab080c8c957f93dc/standings,Aerodactyl-Mega:Rillaboom:Basculegion:Baxcalibur-Mega:Kingambit:Sneasler,1,Aerodactyl-Mega,Aerodactyl,Aerodactylite,Unnerve,Dual Wingbeat:Rock Slide:Tailwind:Wide Guard,Dual Wingbeat,Rock Slide,Tailwind,Wide Guard,Rillaboom:Basculegion:Baxcalibur-Mega:Kingambit:Sneasler
2026-09-11,2026-09-11T12:00:02Z,pikalytics,gen9championsvgc2026regma,"Best Pokemon, teams, and builds in Pokemon Champions VGC 2026",https://pikalytics.com/pokedex/gen9championsvgc2026regma,13,6,Haru1899,Haru1899,5-2,5,2,0,7,71.43,WARTORTLE WEDNESDAYS #65 REG M-C BO3 OTS,2026-09-10,1,1,9,https://play.limitlesstcg.com/tournament/6a9a1587ab080c8c957f93dc/player/haru1899/teamlist,https://play.limitlesstcg.com/tournament/6a9a1587ab080c8c957f93dc/standings,Aerodactyl-Mega:Rillaboom:Basculegion:Baxcalibur-Mega:Kingambit:Sneasler,2,Rillaboom,Rillaboom,Miracle Seed,Grassy Surge,Grassy Glide:Wood Hammer:Fake Out:U-turn,Grassy Glide,Wood Hammer,Fake Out,U-turn,Aerodactyl-Mega:Basculegion:Baxcalibur-Mega:Kingambit:Sneasler
2026-09-11,2026-09-11T12:00:02Z,pikalytics,gen9championsvgc2026regma,"Best Pokemon, teams, and builds in Pokemon Champions VGC 2026",https://pikalytics.com/pokedex/gen9championsvgc2026regma,13,6,Haru1899,Haru1899,5-2,5,2,0,7,71.43,WARTORTLE WEDNESDAYS #65 REG M-C BO3 OTS,2026-09-10,1,1,9,https://play.limitlesstcg.com/tournament/6a9a1587ab080c8c957f93dc/player/haru1899/teamlist,https://play.limitlesstcg.com/tournament/6a9a1587ab080c8c957f93dc/standings,Aerodactyl-Mega:Rillaboom:Basculegion:Baxcalibur-Mega:Kingambit:Sneasler,3,Basculegion,Basculegion,Life Orb,Adaptability,Aqua Jet:Wave Crash:Protect:Last Respects,Aqua Jet,Wave Crash,Protect,Last Respects,Aerodactyl-Mega:Rillaboom:Baxcalibur-Mega:Kingambit:Sneasler
2026-09-11,2026-09-11T12:00:02Z,pikalytics,gen9championsvgc2026regma,"Best Pokemon, teams, and builds in Pokemon Champions VGC 2026",https://pikalytics.com/pokedex/gen9championsvgc2026regma,13,6,Haru1899,Haru1899,5-2,5,2,0,7,71.43,WARTORTLE WEDNESDAYS #65 REG M-C BO3 OTS,2026-09-10,1,1,9,https://play.limitlesstcg.com/tournament/6a9a1587ab080c8c957f93dc/player/haru1899/teamlist,https://play.limitlesstcg.com/tournament/6a9a1587ab080c8c957f93dc/standings,Aerodactyl-Mega:Rillaboom:Basculegion:Baxcalibur-Mega:Kingambit:Sneasler,4,Baxcalibur-Mega,Baxcalibur,Baxcalibrite,Thermal Exchange,Glaive Rush:Ice Shard:Dragon Dance:Protect,Glaive Rush,Ice Shard,Dragon Dance,Protect,Aerodactyl-Mega:Rillaboom:Basculegion:Kingambit:Sneasler
2026-09-11,2026-09-11T12:00:02Z,pikalytics,gen9championsvgc2026regma,"Best Pokemon, teams, and builds in Pokemon Champions VGC 2026",https://pikalytics.com/pokedex/gen9championsvgc2026regma,13,6,Haru1899,Haru1899,5-2,5,2,0,7,71.43,WARTORTLE WEDNESDAYS #65 REG M-C BO3 OTS,2026-09-10,1,1,9,https://play.limitlesstcg.com/tournament/6a9a1587ab080c8c957f93dc/player/haru1899/teamlist,https://play.limitlesstcg.com/tournament/6a9a1587ab080c8c957f93dc/standings,Aerodactyl-Mega:Rillaboom:Basculegion:Baxcalibur-Mega:Kingambit:Sneasler,5,Kingambit,Kingambit,Choice Scarf,Defiant,Kowtow Cleave:Sucker Punch:Iron Head:Low Kick,Kowtow Cleave,Sucker Punch,Iron Head,Low Kick,Aerodactyl-Mega:Rillaboom:Basculegion:Baxcalibur-Mega:Sneasler
2026-09-11,2026-09-11T12:00:02Z,pikalytics,gen9championsvgc2026regma,"Best Pokemon, teams, and builds in Pokemon Champions VGC 2026",https://pikalytics.com/pokedex/gen9championsvgc2026regma,13,6,Haru1899,Haru1899,5-2,5,2,0,7,71.43,WARTORTLE WEDNESDAYS #65 REG M-C BO3 OTS,2026-09-10,1,1,9,https://play.limitlesstcg.com/tournament/6a9a1587ab080c8c957f93dc/player/haru1899/teamlist,https://play.limitlesstcg.com/tournament/6a9a1587ab080c8c957f93dc/standings,Aerodactyl-Mega:Rillaboom:Basculegion:Baxcalibur-Mega:Kingambit:Sneasler,6,Sneasler,Sneasler,Grassy Seed,Unburden,Acrobatics:Dire Claw:Close Combat:Fake Out,Acrobatics,Dire Claw,Close Combat,Fake Out,Aerodactyl-Mega:Rillaboom:Basculegion:Baxcalibur-Mega:Kingambit
2026-09-11,2026-09-11T12:00:02Z,pikalytics,gen9championsvgc2026regma,"Best Pokemon, teams, and builds in Pokemon Champions VGC 2026",https://pikalytics.com/pokedex/gen9championsvgc2026regma,14,6,Guitarspear,Guitarspear,1-0,1,0,0,1,100.00,Tenki's Cart Weekly #117 - Reg M-C,2026-09-10,1,1,148,https://play.limitlesstcg.com/tournament/6a9c37baa4272c53be647d8a/player/guitarspear/teamlist,https://play.limitlesstcg.com/tournament/6a9c37baa4272c53be647d8a/standings,Lucario-Mega-Z:Rillaboom:Incineroar:Lycanroc:Basculegion:Ninetales-Alola,1,Lucario-Mega-Z,Lucario,Lucarionite Z,Inner Focus,Aura Sphere:Flash Cannon:Protect:Calm Mind,Aura Sphere,Flash Cannon,Protect,Calm Mind,Rillaboom:Incineroar:Lycanroc:Basculegion:Ninetales-Alola
2026-09-11,2026-09-11T12:00:02Z,pikalytics,gen9championsvgc2026regma,"Best Pokemon, teams, and builds in Pokemon Champions VGC 2026",https://pikalytics.com/pokedex/gen9championsvgc2026regma,14,6,Guitarspear,Guitarspear,1-0,1,0,0,1,100.00,Tenki's Cart Weekly #117 - Reg M-C,2026-09-10,1,1,148,https://play.limitlesstcg.com/tournament/6a9c37baa4272c53be647d8a/player/guitarspear/teamlist,https://play.limitlesstcg.com/tournament/6a9c37baa4272c53be647d8a/standings,Lucario-Mega-Z:Rillaboom:Incineroar:Lycanroc:Basculegion:Ninetales-Alola,2,Rillaboom,Rillaboom,Coba Berry,Grassy Surge,Fake Out:Wood Hammer:High Horsepower:Grassy Glide,Fake Out,Wood Hammer,High Horsepower,Grassy Glide,Lucario-Mega-Z:Incineroar:Lycanroc:Basculegion:Ninetales-Alola
2026-09-11,2026-09-11T12:00:02Z,pikalytics,gen9championsvgc2026regma,"Best Pokemon, teams, and builds in Pokemon Champions VGC 2026",https://pikalytics.com/pokedex/gen9championsvgc2026regma,14,6,Guitarspear,Guitarspear,1-0,1,0,0,1,100.00,Tenki's Cart Weekly #117 - Reg M-C,2026-09-10,1,1,148,https://play.limitlesstcg.com/tournament/6a9c37baa4272c53be647d8a/player/guitarspear/teamlist,https://play.limitlesstcg.com/tournament/6a9c37baa4272c53be647d8a/standings,Lucario-Mega-Z:Rillaboom:Incineroar:Lycanroc:Basculegion:Ninetales-Alola,3,Incineroar,Incineroar,Sitrus Berry,Intimidate,Fake Out:Throat Chop:Flare Blitz:Parting Shot,Fake Out,Throat Chop,Flare Blitz,Parting Shot,Lucario-Mega-Z:Rillaboom:Lycanroc:Basculegion:Ninetales-Alola
2026-09-11,2026-09-11T12:00:02Z,pikalytics,gen9championsvgc2026regma,"Best Pokemon, teams, and builds in Pokemon Champions VGC 2026",https://pikalytics.com/pokedex/gen9championsvgc2026regma,14,6,Guitarspear,Guitarspear,1-0,1,0,0,1,100.00,Tenki's Cart Weekly #117 - Reg M-C,2026-09-10,1,1,148,https://play.limitlesstcg.com/tournament/6a9c37baa4272c53be647d8a/player/guitarspear/teamlist,https://play.limitlesstcg.com/tournament/6a9c37baa4272c53be647d8a/standings,Lucario-Mega-Z:Rillaboom:Incineroar:Lycanroc:Basculegion:Ninetales-Alola,4,Lycanroc,Lycanroc Dusk,Focus Sash,Tough Claws,Accelerock:Protect:Rock Slide:Psychic Fangs,Accelerock,Protect,Rock Slide,Psychic Fangs,Lucario-Mega-Z:Rillaboom:Incineroar:Basculegion:Ninetales-Alola
2026-09-11,2026-09-11T12:00:02Z,pikalytics,gen9championsvgc2026regma,"Best Pokemon, teams, and builds in Pokemon Champions VGC 2026",https://pikalytics.com/pokedex/gen9championsvgc2026regma,14,6,Guitarspear,Guitarspear,1-0,1,0,0,1,100.00,Tenki's Cart Weekly #117 - Reg M-C,2026-09-10,1,1,148,https://play.limitlesstcg.com/tournament/6a9c37baa4272c53be647d8a/player/guitarspear/teamlist,https://play.limitlesstcg.com/tournament/6a9c37baa4272c53be647d8a/standings,Lucario-Mega-Z:Rillaboom:Incineroar:Lycanroc:Basculegion:Ninetales-Alola,5,Basculegion,Basculegion,Life Orb,Adaptability,Wave Crash:Protect:Aqua Jet:Last Respects,Wave Crash,Protect,Aqua Jet,Last Respects,Lucario-Mega-Z:Rillaboom:Incineroar:Lycanroc:Ninetales-Alola
2026-09-11,2026-09-11T12:00:02Z,pikalytics,gen9championsvgc2026regma,"Best Pokemon, teams, and builds in Pokemon Champions VGC 2026",https://pikalytics.com/pokedex/gen9championsvgc2026regma,14,6,Guitarspear,Guitarspear,1-0,1,0,0,1,100.00,Tenki's Cart Weekly #117 - Reg M-C,2026-09-10,1,1,148,https://play.limitlesstcg.com/tournament/6a9c37baa4272c53be647d8a/player/guitarspear/teamlist,https://play.limitlesstcg.com/tournament/6a9c37baa4272c53be647d8a/standings,Lucario-Mega-Z:Rillaboom:Incineroar:Lycanroc:Basculegion:Ninetales-Alola,6,Ninetales-Alola,Alolan Ninetales,Never-Melt Ice,Snow Warning,Blizzard:Freeze-Dry:Icy Wind:Encore,Blizzard,Freeze-Dry,Icy Wind,Encore,Lucario-Mega-Z:Rillaboom:Incineroar:Lycanroc:Basculegion
2026-09-14,2026-09-14T12:00:02Z,pikalytics,gen9championsvgc2026regma,"Best Pokemon, teams, and builds in Pokemon Champions VGC 2026",https://pikalytics.com/pokedex/gen9championsvgc2026regma,15,6,Contrapple,Contrapple,10-2,10,2,0,12,83.33,Talon's FIGHT CLUB #101 POKEMON CHAMPIONS REG M-C,2026-09-10,2,0,98,https://play.limitlesstcg.com/tournament/6a6a3192937230b102d48538/player/contrapple/teamlist,https://play.limitlesstcg.com/tournament/6a6a3192937230b102d48538/standings,Baxcalibur-Mega:Archaludon:Pelipper:Basculegion:Rillaboom:Sneasler,1,Baxcalibur-Mega,Baxcalibur,Baxcalibrite,Thermal Exchange,Protect:Dragon Dance:Glaive Rush:Ice Shard,Protect,Dragon Dance,Glaive Rush,Ice Shard,Archaludon:Pelipper:Basculegion:Rillaboom:Sneasler
2026-09-11,2026-09-11T12:00:02Z,pikalytics,gen9championsvgc2026regma,"Best Pokemon, teams, and builds in Pokemon Champions VGC 2026",https://pikalytics.com/pokedex/gen9championsvgc2026regma,15,6,JSplat,JSplat,6-1,6,1,0,7,85.71,WARTORTLE WEDNESDAYS #65 REG M-C BO3 OTS,2026-09-10,2,0,9,https://play.limitlesstcg.com/tournament/6a9a1587ab080c8c957f93dc/player/jsplat/teamlist,https://play.limitlesstcg.com/tournament/6a9a1587ab080c8c957f93dc/standings,Salamence-Mega:Sneasler:Arcanine-Hisui:Primarina:Rillaboom:Gholdengo,1,Salamence-Mega,Salamence,Salamencite,Intimidate,Double-Edge:Hyper Voice:Tailwind:Protect,Double-Edge,Hyper Voice,Tailwind,Protect,Sneasler:Arcanine-Hisui:Primarina:Rillaboom:Gholdengo
2026-09-14,2026-09-14T12:00:02Z,pikalytics,gen9championsvgc2026regma,"Best Pokemon, teams, and builds in Pokemon Champions VGC 2026",https://pikalytics.com/pokedex/gen9championsvgc2026regma,15,6,Contrapple,Contrapple,10-2,10,2,0,12,83.33,Talon's FIGHT CLUB #101 POKEMON CHAMPIONS REG M-C,2026-09-10,2,0,98,https://play.limitlesstcg.com/tournament/6a6a3192937230b102d48538/player/contrapple/teamlist,https://play.limitlesstcg.com/tournament/6a6a3192937230b102d48538/standings,Baxcalibur-Mega:Archaludon:Pelipper:Basculegion:Rillaboom:Sneasler,2,Archaludon,Archaludon,Leftovers,Stamina,Protect:Dragon Pulse:Flash Cannon:Electro Shot,Protect,Dragon Pulse,Flash Cannon,Electro Shot,Baxcalibur-Mega:Pelipper:Basculegion:Rillaboom:Sneasler
2026-09-11,2026-09-11T12:00:02Z,pikalytics,gen9championsvgc2026regma,"Best Pokemon, teams, and builds in Pokemon Champions VGC 2026",https://pikalytics.com/pokedex/gen9championsvgc2026regma,15,6,JSplat,JSplat,6-1,6,1,0,7,85.71,WARTORTLE WEDNESDAYS #65 REG M-C BO3 OTS,2026-09-10,2,0,9,https://play.limitlesstcg.com/tournament/6a9a1587ab080c8c957f93dc/player/jsplat/teamlist,https://play.limitlesstcg.com/tournament/6a9a1587ab080c8c957f93dc/standings,Salamence-Mega:Sneasler:Arcanine-Hisui:Primarina:Rillaboom:Gholdengo,2,Sneasler,Sneasler,White Herb,Unburden,Dire Claw:Close Combat:Coaching:Fake Out,Dire Claw,Close Combat,Coaching,Fake Out,Salamence-Mega:Arcanine-Hisui:Primarina:Rillaboom:Gholdengo
2026-09-11,2026-09-11T12:00:02Z,pikalytics,gen9championsvgc2026regma,"Best Pokemon, teams, and builds in Pokemon Champions VGC 2026",https://pikalytics.com/pokedex/gen9championsvgc2026regma,15,6,JSplat,JSplat,6-1,6,1,0,7,85.71,WARTORTLE WEDNESDAYS #65 REG M-C BO3 OTS,2026-09-10,2,0,9,https://play.limitlesstcg.com/tournament/6a9a1587ab080c8c957f93dc/player/jsplat/teamlist,https://play.limitlesstcg.com/tournament/6a9a1587ab080c8c957f93dc/standings,Salamence-Mega:Sneasler:Arcanine-Hisui:Primarina:Rillaboom:Gholdengo,3,Arcanine-Hisui,Hisuian Arcanine,Focus Sash,Rock Head,Flare Blitz:Head Smash:Extreme Speed:Protect,Flare Blitz,Head Smash,Extreme Speed,Protect,Salamence-Mega:Sneasler:Primarina:Rillaboom:Gholdengo
2026-09-14,2026-09-14T12:00:02Z,pikalytics,gen9championsvgc2026regma,"Best Pokemon, teams, and builds in Pokemon Champions VGC 2026",https://pikalytics.com/pokedex/gen9championsvgc2026regma,15,6,Contrapple,Contrapple,10-2,10,2,0,12,83.33,Talon's FIGHT CLUB #101 POKEMON CHAMPIONS REG M-C,2026-09-10,2,0,98,https://play.limitlesstcg.com/tournament/6a6a3192937230b102d48538/player/contrapple/teamlist,https://play.limitlesstcg.com/tournament/6a6a3192937230b102d48538/standings,Baxcalibur-Mega:Archaludon:Pelipper:Basculegion:Rillaboom:Sneasler,3,Pelipper,Pelipper,Focus Sash,Drizzle,Wide Guard:Tailwind:Weather Ball:Hurricane,Wide Guard,Tailwind,Weather Ball,Hurricane,Baxcalibur-Mega:Archaludon:Basculegion:Rillaboom:Sneasler
2026-09-14,2026-09-14T12:00:02Z,pikalytics,gen9championsvgc2026regma,"Best Pokemon, teams, and builds in Pokemon Champions VGC 2026",https://pikalytics.com/pokedex/gen9championsvgc2026regma,15,6,Contrapple,Contrapple,10-2,10,2,0,12,83.33,Talon's FIGHT CLUB #101 POKEMON CHAMPIONS REG M-C,2026-09-10,2,0,98,https://play.limitlesstcg.com/tournament/6a6a3192937230b102d48538/player/contrapple/teamlist,https://play.limitlesstcg.com/tournament/6a6a3192937230b102d48538/standings,Baxcalibur-Mega:Archaludon:Pelipper:Basculegion:Rillaboom:Sneasler,4,Basculegion,Basculegion,Choice Scarf,Adaptability,Aqua Jet:Last Respects:Wave Crash:Flip Turn,Aqua Jet,Last Respects,Wave Crash,Flip Turn,Baxcalibur-Mega:Archaludon:Pelipper:Rillaboom:Sneasler
2026-09-11,2026-09-11T12:00:02Z,pikalytics,gen9championsvgc2026regma,"Best Pokemon, teams, and builds in Pokemon Champions VGC 2026",https://pikalytics.com/pokedex/gen9championsvgc2026regma,15,6,JSplat,JSplat,6-1,6,1,0,7,85.71,WARTORTLE WEDNESDAYS #65 REG M-C BO3 OTS,2026-09-10,2,0,9,https://play.limitlesstcg.com/tournament/6a9a1587ab080c8c957f93dc/player/jsplat/teamlist,https://play.limitlesstcg.com/tournament/6a9a1587ab080c8c957f93dc/standings,Salamence-Mega:Sneasler:Arcanine-Hisui:Primarina:Rillaboom:Gholdengo,4,Primarina,Primarina,Life Orb,Liquid Voice,Hyper Voice:Moonblast:Aqua Jet:Protect,Hyper Voice,Moonblast,Aqua Jet,Protect,Salamence-Mega:Sneasler:Arcanine-Hisui:Rillaboom:Gholdengo
2026-09-11,2026-09-11T12:00:02Z,pikalytics,gen9championsvgc2026regma,"Best Pokemon, teams, and builds in Pokemon Champions VGC 2026",https://pikalytics.com/pokedex/gen9championsvgc2026regma,15,6,JSplat,JSplat,6-1,6,1,0,7,85.71,WARTORTLE WEDNESDAYS #65 REG M-C BO3 OTS,2026-09-10,2,0,9,https://play.limitlesstcg.com/tournament/6a9a1587ab080c8c957f93dc/player/jsplat/teamlist,https://play.limitlesstcg.com/tournament/6a9a1587ab080c8c957f93dc/standings,Salamence-Mega:Sneasler:Arcanine-Hisui:Primarina:Rillaboom:Gholdengo,5,Rillaboom,Rillaboom,Sitrus Berry,Grassy Surge,Fake Out:Grassy Glide:Drum Beating:High Horsepower,Fake Out,Grassy Glide,Drum Beating,High Horsepower,Salamence-Mega:Sneasler:Arcanine-Hisui:Primarina:Gholdengo
2026-09-14,2026-09-14T12:00:02Z,pikalytics,gen9championsvgc2026regma,"Best Pokemon, teams, and builds in Pokemon Champions VGC 2026",https://pikalytics.com/pokedex/gen9championsvgc2026regma,15,6,Contrapple,Contrapple,10-2,10,2,0,12,83.33,Talon's FIGHT CLUB #101 POKEMON CHAMPIONS REG M-C,2026-09-10,2,0,98,https://play.limitlesstcg.com/tournament/6a6a3192937230b102d48538/player/contrapple/teamlist,https://play.limitlesstcg.com/tournament/6a6a3192937230b102d48538/standings,Baxcalibur-Mega:Archaludon:Pelipper:Basculegion:Rillaboom:Sneasler,5,Rillaboom,Rillaboom,Miracle Seed,Grassy Surge,Fake Out:Wood Hammer:Grassy Glide:High Horsepower,Fake Out,Wood Hammer,Grassy Glide,High Horsepower,Baxcalibur-Mega:Archaludon:Pelipper:Basculegion:Sneasler
2026-09-11,2026-09-11T12:00:02Z,pikalytics,gen9championsvgc2026regma,"Best Pokemon, teams, and builds in Pokemon Champions VGC 2026",https://pikalytics.com/pokedex/gen9championsvgc2026regma,15,6,JSplat,JSplat,6-1,6,1,0,7,85.71,WARTORTLE WEDNESDAYS #65 REG M-C BO3 OTS,2026-09-10,2,0,9,https://play.limitlesstcg.com/tournament/6a9a1587ab080c8c957f93dc/player/jsplat/teamlist,https://play.limitlesstcg.com/tournament/6a9a1587ab080c8c957f93dc/standings,Salamence-Mega:Sneasler:Arcanine-Hisui:Primarina:Rillaboom:Gholdengo,6,Gholdengo,Gholdengo,Grassy Seed,Good as Gold,Make It Rain:Shadow Ball:Nasty Plot:Protect,Make It Rain,Shadow Ball,Nasty Plot,Protect,Salamence-Mega:Sneasler:Arcanine-Hisui:Primarina:Rillaboom
2026-09-14,2026-09-14T12:00:02Z,pikalytics,gen9championsvgc2026regma,"Best Pokemon, teams, and builds in Pokemon Champions VGC 2026",https://pikalytics.com/pokedex/gen9championsvgc2026regma,15,6,Contrapple,Contrapple,10-2,10,2,0,12,83.33,Talon's FIGHT CLUB #101 POKEMON CHAMPIONS REG M-C,2026-09-10,2,0,98,https://play.limitlesstcg.com/tournament/6a6a3192937230b102d48538/player/contrapple/teamlist,https://play.limitlesstcg.com/tournament/6a6a3192937230b102d48538/standings,Baxcalibur-Mega:Archaludon:Pelipper:Basculegion:Rillaboom:Sneasler,6,Sneasler,Sneasler,White Herb,Unburden,Fake Out:Coaching:Dire Claw:Close Combat,Fake Out,Coaching,Dire Claw,Close Combat,Baxcalibur-Mega:Archaludon:Pelipper:Basculegion:Rillaboom
2026-09-14,2026-09-14T12:00:02Z,pikalytics,gen9championsvgc2026regma,"Best Pokemon, teams, and builds in Pokemon Champions VGC 2026",https://pikalytics.com/pokedex/gen9championsvgc2026regma,16,6,Robin_VGC,Robin_VGC,9-1,9,1,0,10,90.00,Reg M-C Qualifier for RookideeVGC Grand Tourney,2026-09-10,1,1,20,https://play.limitlesstcg.com/tournament/6a9dbb8bab080c8c957fc227/player/robin_vgc/teamlist,https://play.limitlesstcg.com/tournament/6a9dbb8bab080c8c957fc227/standings,Salamence-Mega:Floette-Eternal-Mega:Sneasler:Kingambit:Incineroar:Sinistcha,1,Salamence-Mega,Salamence,Salamencite,Intimidate,Double-Edge:Dragon Dance:Roost:Protect,Double-Edge,Dragon Dance,Roost,Protect,Floette-Eternal-Mega:Sneasler:Kingambit:Incineroar:Sinistcha
2026-09-14,2026-09-14T12:00:02Z,pikalytics,gen9championsvgc2026regma,"Best Pokemon, teams, and builds in Pokemon Champions VGC 2026",https://pikalytics.com/pokedex/gen9championsvgc2026regma,16,6,Robin_VGC,Robin_VGC,9-1,9,1,0,10,90.00,Reg M-C Qualifier for RookideeVGC Grand Tourney,2026-09-10,1,1,20,https://play.limitlesstcg.com/tournament/6a9dbb8bab080c8c957fc227/player/robin_vgc/teamlist,https://play.limitlesstcg.com/tournament/6a9dbb8bab080c8c957fc227/standings,Salamence-Mega:Floette-Eternal-Mega:Sneasler:Kingambit:Incineroar:Sinistcha,2,Floette-Eternal-Mega,Floette,Floettite,Flower Veil,Moonblast:Dazzling Gleam:Calm Mind:Protect,Moonblast,Dazzling Gleam,Calm Mind,Protect,Salamence-Mega:Sneasler:Kingambit:Incineroar:Sinistcha
2026-09-14,2026-09-14T12:00:02Z,pikalytics,gen9championsvgc2026regma,"Best Pokemon, teams, and builds in Pokemon Champions VGC 2026",https://pikalytics.com/pokedex/gen9championsvgc2026regma,16,6,Robin_VGC,Robin_VGC,9-1,9,1,0,10,90.00,Reg M-C Qualifier for RookideeVGC Grand Tourney,2026-09-10,1,1,20,https://play.limitlesstcg.com/tournament/6a9dbb8bab080c8c957fc227/player/robin_vgc/teamlist,https://play.limitlesstcg.com/tournament/6a9dbb8bab080c8c957fc227/standings,Salamence-Mega:Floette-Eternal-Mega:Sneasler:Kingambit:Incineroar:Sinistcha,3,Sneasler,Sneasler,Focus Sash,Poison Touch,Poison Jab:Close Combat:Coaching:Fake Out,Poison Jab,Close Combat,Coaching,Fake Out,Salamence-Mega:Floette-Eternal-Mega:Kingambit:Incineroar:Sinistcha
2026-09-14,2026-09-14T12:00:02Z,pikalytics,gen9championsvgc2026regma,"Best Pokemon, teams, and builds in Pokemon Champions VGC 2026",https://pikalytics.com/pokedex/gen9championsvgc2026regma,16,6,Robin_VGC,Robin_VGC,9-1,9,1,0,10,90.00,Reg M-C Qualifier for RookideeVGC Grand Tourney,2026-09-10,1,1,20,https://play.limitlesstcg.com/tournament/6a9dbb8bab080c8c957fc227/player/robin_vgc/teamlist,https://play.limitlesstcg.com/tournament/6a9dbb8bab080c8c957fc227/standings,Salamence-Mega:Floette-Eternal-Mega:Sneasler:Kingambit:Incineroar:Sinistcha,4,Kingambit,Kingambit,Life Orb,Defiant,Kowtow Cleave:Swords Dance:Sucker Punch:Protect,Kowtow Cleave,Swords Dance,Sucker Punch,Protect,Salamence-Mega:Floette-Eternal-Mega:Sneasler:Incineroar:Sinistcha
2026-09-14,2026-09-14T12:00:02Z,pikalytics,gen9championsvgc2026regma,"Best Pokemon, teams, and builds in Pokemon Champions VGC 2026",https://pikalytics.com/pokedex/gen9championsvgc2026regma,16,6,Robin_VGC,Robin_VGC,9-1,9,1,0,10,90.00,Reg M-C Qualifier for RookideeVGC Grand Tourney,2026-09-10,1,1,20,https://play.limitlesstcg.com/tournament/6a9dbb8bab080c8c957fc227/player/robin_vgc/teamlist,https://play.limitlesstcg.com/tournament/6a9dbb8bab080c8c957fc227/standings,Salamence-Mega:Floette-Eternal-Mega:Sneasler:Kingambit:Incineroar:Sinistcha,5,Incineroar,Incineroar,Sitrus Berry,Intimidate,Flare Blitz:Parting Shot:Helping Hand:Fake Out,Flare Blitz,Parting Shot,Helping Hand,Fake Out,Salamence-Mega:Floette-Eternal-Mega:Sneasler:Kingambit:Sinistcha
2026-09-14,2026-09-14T12:00:02Z,pikalytics,gen9championsvgc2026regma,"Best Pokemon, teams, and builds in Pokemon Champions VGC 2026",https://pikalytics.com/pokedex/gen9championsvgc2026regma,16,6,Robin_VGC,Robin_VGC,9-1,9,1,0,10,90.00,Reg M-C Qualifier for RookideeVGC Grand Tourney,2026-09-10,1,1,20,https://play.limitlesstcg.com/tournament/6a9dbb8bab080c8c957fc227/player/robin_vgc/teamlist,https://play.limitlesstcg.com/tournament/6a9dbb8bab080c8c957fc227/standings,Salamence-Mega:Floette-Eternal-Mega:Sneasler:Kingambit:Incineroar:Sinistcha,6,Sinistcha,Sinistcha,Colbur Berry,Hospitality,Matcha Gotcha:Rage Powder:Trick Room:Protect,Matcha Gotcha,Rage Powder,Trick Room,Protect,Salamence-Mega:Floette-Eternal-Mega:Sneasler:Kingambit:Incineroar
2026-09-14,2026-09-14T12:00:02Z,pikalytics,gen9championsvgc2026regma,"Best Pokemon, teams, and builds in Pokemon Champions VGC 2026",https://pikalytics.com/pokedex/gen9championsvgc2026regma,18,6,Luca33,Luca33,9-1,9,1,0,10,90.00,Tenki's Cart Weekly #117 - Reg M-C,2026-09-10,3,0,148,https://play.limitlesstcg.com/tournament/6a9c37baa4272c53be647d8a/player/luca33/teamlist,https://play.limitlesstcg.com/tournament/6a9c37baa4272c53be647d8a/standings,Rillaboom:Sneasler:Kingambit:Basculegion:Arcanine-Hisui:Salamence-Mega,1,Rillaboom,Rillaboom,Miracle Seed,Grassy Surge,Wood Hammer:Grassy Glide:Fake Out:U-turn,Wood Hammer,Grassy Glide,Fake Out,U-turn,Sneasler:Kingambit:Basculegion:Arcanine-Hisui:Salamence-Mega
2026-09-14,2026-09-14T12:00:02Z,pikalytics,gen9championsvgc2026regma,"Best Pokemon, teams, and builds in Pokemon Champions VGC 2026",https://pikalytics.com/pokedex/gen9championsvgc2026regma,18,6,Luca33,Luca33,9-1,9,1,0,10,90.00,Tenki's Cart Weekly #117 - Reg M-C,2026-09-10,3,0,148,https://play.limitlesstcg.com/tournament/6a9c37baa4272c53be647d8a/player/luca33/teamlist,https://play.limitlesstcg.com/tournament/6a9c37baa4272c53be647d8a/standings,Rillaboom:Sneasler:Kingambit:Basculegion:Arcanine-Hisui:Salamence-Mega,2,Sneasler,Sneasler,Grassy Seed,Unburden,Fake Out:Protect:Close Combat:Dire Claw,Fake Out,Protect,Close Combat,Dire Claw,Rillaboom:Kingambit:Basculegion:Arcanine-Hisui:Salamence-Mega
2026-09-14,2026-09-14T12:00:02Z,pikalytics,gen9championsvgc2026regma,"Best Pokemon, teams, and builds in Pokemon Champions VGC 2026",https://pikalytics.com/pokedex/gen9championsvgc2026regma,18,6,Luca33,Luca33,9-1,9,1,0,10,90.00,Tenki's Cart Weekly #117 - Reg M-C,2026-09-10,3,0,148,https://play.limitlesstcg.com/tournament/6a9c37baa4272c53be647d8a/player/luca33/teamlist,https://play.limitlesstcg.com/tournament/6a9c37baa4272c53be647d8a/standings,Rillaboom:Sneasler:Kingambit:Basculegion:Arcanine-Hisui:Salamence-Mega,3,Kingambit,Kingambit,Chople Berry,Defiant,Iron Head:Sucker Punch:Kowtow Cleave:Low Kick,Iron Head,Sucker Punch,Kowtow Cleave,Low Kick,Rillaboom:Sneasler:Basculegion:Arcanine-Hisui:Salamence-Mega
2026-09-14,2026-09-14T12:00:02Z,pikalytics,gen9championsvgc2026regma,"Best Pokemon, teams, and builds in Pokemon Champions VGC 2026",https://pikalytics.com/pokedex/gen9championsvgc2026regma,18,6,Luca33,Luca33,9-1,9,1,0,10,90.00,Tenki's Cart Weekly #117 - Reg M-C,2026-09-10,3,0,148,https://play.limitlesstcg.com/tournament/6a9c37baa4272c53be647d8a/player/luca33/teamlist,https://play.limitlesstcg.com/tournament/6a9c37baa4272c53be647d8a/standings,Rillaboom:Sneasler:Kingambit:Basculegion:Arcanine-Hisui:Salamence-Mega,4,Basculegion,Basculegion,Mystic Water,Adaptability,Wave Crash:Aqua Jet:Last Respects:Protect,Wave Crash,Aqua Jet,Last Respects,Protect,Rillaboom:Sneasler:Kingambit:Arcanine-Hisui:Salamence-Mega
2026-09-14,2026-09-14T12:00:02Z,pikalytics,gen9championsvgc2026regma,"Best Pokemon, teams, and builds in Pokemon Champions VGC 2026",https://pikalytics.com/pokedex/gen9championsvgc2026regma,18,6,Luca33,Luca33,9-1,9,1,0,10,90.00,Tenki's Cart Weekly #117 - Reg M-C,2026-09-10,3,0,148,https://play.limitlesstcg.com/tournament/6a9c37baa4272c53be647d8a/player/luca33/teamlist,https://play.limitlesstcg.com/tournament/6a9c37baa4272c53be647d8a/standings,Rillaboom:Sneasler:Kingambit:Basculegion:Arcanine-Hisui:Salamence-Mega,5,Arcanine-Hisui,Hisuian Arcanine,Focus Sash,Rock Head,Head Smash:Flare Blitz:Extreme Speed:Protect,Head Smash,Flare Blitz,Extreme Speed,Protect,Rillaboom:Sneasler:Kingambit:Basculegion:Salamence-Mega
2026-09-14,2026-09-14T12:00:02Z,pikalytics,gen9championsvgc2026regma,"Best Pokemon, teams, and builds in Pokemon Champions VGC 2026",https://pikalytics.com/pokedex/gen9championsvgc2026regma,18,6,Luca33,Luca33,9-1,9,1,0,10,90.00,Tenki's Cart Weekly #117 - Reg M-C,2026-09-10,3,0,148,https://play.limitlesstcg.com/tournament/6a9c37baa4272c53be647d8a/player/luca33/teamlist,https://play.limitlesstcg.com/tournament/6a9c37baa4272c53be647d8a/standings,Rillaboom:Sneasler:Kingambit:Basculegion:Arcanine-Hisui:Salamence-Mega,6,Salamence-Mega,Salamence,Salamencite,Aerilate,Double-Edge:Hyper Voice:Tailwind:Protect,Double-Edge,Hyper Voice,Tailwind,Protect,Rillaboom:Sneasler:Kingambit:Basculegion:Arcanine-Hisui
2026-09-14,2026-09-14T12:00:02Z,pikalytics,gen9championsvgc2026regma,"Best Pokemon, teams, and builds in Pokemon Champions VGC 2026",https://pikalytics.com/pokedex/gen9championsvgc2026regma,19,6,MaxTrickRoom,MaxTrickRoom,6-1,6,1,0,7,85.71,London Corviknights VGC Weekly Tour 12! (Reg M-C),2026-09-10,2,0,46,https://play.limitlesstcg.com/tournament/6aa1288fa4272c53be64b8e7/player/maxtrickroom/teamlist,https://play.limitlesstcg.com/tournament/6aa1288fa4272c53be64b8e7/standings,Indeedee:Glimmora-Mega:Sneasler:Ninetales-Alola:Charizard-Mega-Y:Garchomp,1,Indeedee,Indeedee,Focus Sash,Psychic Surge,Trick Room:Imprison:Protect:Expanding Force,Trick Room,Imprison,Protect,Expanding Force,Glimmora-Mega:Sneasler:Ninetales-Alola:Charizard-Mega-Y:Garchomp
2026-09-14,2026-09-14T12:00:02Z,pikalytics,gen9championsvgc2026regma,"Best Pokemon, teams, and builds in Pokemon Champions VGC 2026",https://pikalytics.com/pokedex/gen9championsvgc2026regma,19,6,MaxTrickRoom,MaxTrickRoom,6-1,6,1,0,7,85.71,London Corviknights VGC Weekly Tour 12! (Reg M-C),2026-09-10,2,0,46,https://play.limitlesstcg.com/tournament/6aa1288fa4272c53be64b8e7/player/maxtrickroom/teamlist,https://play.limitlesstcg.com/tournament/6aa1288fa4272c53be64b8e7/standings,Indeedee:Glimmora-Mega:Sneasler:Ninetales-Alola:Charizard-Mega-Y:Garchomp,2,Glimmora-Mega,Glimmora,Glimmoranite,Toxic Debris,Spiky Shield:Earth Power:Power Gem:Sludge Bomb,Spiky Shield,Earth Power,Power Gem,Sludge Bomb,Indeedee:Sneasler:Ninetales-Alola:Charizard-Mega-Y:Garchomp
2026-09-14,2026-09-14T12:00:02Z,pikalytics,gen9championsvgc2026regma,"Best Pokemon, teams, and builds in Pokemon Champions VGC 2026",https://pikalytics.com/pokedex/gen9championsvgc2026regma,19,6,MaxTrickRoom,MaxTrickRoom,6-1,6,1,0,7,85.71,London Corviknights VGC Weekly Tour 12! (Reg M-C),2026-09-10,2,0,46,https://play.limitlesstcg.com/tournament/6aa1288fa4272c53be64b8e7/player/maxtrickroom/teamlist,https://play.limitlesstcg.com/tournament/6aa1288fa4272c53be64b8e7/standings,Indeedee:Glimmora-Mega:Sneasler:Ninetales-Alola:Charizard-Mega-Y:Garchomp,3,Sneasler,Sneasler,Psychic Seed,Unburden,Close Combat:Dire Claw:Protect:Throat Chop,Close Combat,Dire Claw,Protect,Throat Chop,Indeedee:Glimmora-Mega:Ninetales-Alola:Charizard-Mega-Y:Garchomp
2026-09-14,2026-09-14T12:00:02Z,pikalytics,gen9championsvgc2026regma,"Best Pokemon, teams, and builds in Pokemon Champions VGC 2026",https://pikalytics.com/pokedex/gen9championsvgc2026regma,19,6,MaxTrickRoom,MaxTrickRoom,6-1,6,1,0,7,85.71,London Corviknights VGC Weekly Tour 12! (Reg M-C),2026-09-10,2,0,46,https://play.limitlesstcg.com/tournament/6aa1288fa4272c53be64b8e7/player/maxtrickroom/teamlist,https://play.limitlesstcg.com/tournament/6aa1288fa4272c53be64b8e7/standings,Indeedee:Glimmora-Mega:Sneasler:Ninetales-Alola:Charizard-Mega-Y:Garchomp,4,Ninetales-Alola,Alolan Ninetales,Choice Scarf,Snow Cloak,Moonblast:Freeze-Dry:Blizzard:Icy Wind,Moonblast,Freeze-Dry,Blizzard,Icy Wind,Indeedee:Glimmora-Mega:Sneasler:Charizard-Mega-Y:Garchomp
2026-09-14,2026-09-14T12:00:02Z,pikalytics,gen9championsvgc2026regma,"Best Pokemon, teams, and builds in Pokemon Champions VGC 2026",https://pikalytics.com/pokedex/gen9championsvgc2026regma,19,6,MaxTrickRoom,MaxTrickRoom,6-1,6,1,0,7,85.71,London Corviknights VGC Weekly Tour 12! (Reg M-C),2026-09-10,2,0,46,https://play.limitlesstcg.com/tournament/6aa1288fa4272c53be64b8e7/player/maxtrickroom/teamlist,https://play.limitlesstcg.com/tournament/6aa1288fa4272c53be64b8e7/standings,Indeedee:Glimmora-Mega:Sneasler:Ninetales-Alola:Charizard-Mega-Y:Garchomp,5,Charizard-Mega-Y,Charizard,Charizardite Y,Blaze,Heat Wave:Protect:Solar Beam:Weather Ball,Heat Wave,Protect,Solar Beam,Weather Ball,Indeedee:Glimmora-Mega:Sneasler:Ninetales-Alola:Garchomp
2026-09-14,2026-09-14T12:00:02Z,pikalytics,gen9championsvgc2026regma,"Best Pokemon, teams, and builds in Pokemon Champions VGC 2026",https://pikalytics.com/pokedex/gen9championsvgc2026regma,19,6,MaxTrickRoom,MaxTrickRoom,6-1,6,1,0,7,85.71,London Corviknights VGC Weekly Tour 12! (Reg M-C),2026-09-10,2,0,46,https://play.limitlesstcg.com/tournament/6aa1288fa4272c53be64b8e7/player/maxtrickroom/teamlist,https://play.limitlesstcg.com/tournament/6aa1288fa4272c53be64b8e7/standings,Indeedee:Glimmora-Mega:Sneasler:Ninetales-Alola:Charizard-Mega-Y:Garchomp,6,Garchomp,Garchomp,Life Orb,Rough Skin,Protect:Dragon Claw:Rock Slide:Stomping Tantrum,Protect,Dragon Claw,Rock Slide,Stomping Tantrum,Indeedee:Glimmora-Mega:Sneasler:Ninetales-Alola:Charizard-Mega-Y
2026-09-14,2026-09-14T12:00:02Z,pikalytics,gen9championsvgc2026regma,"Best Pokemon, teams, and builds in Pokemon Champions VGC 2026",https://pikalytics.com/pokedex/gen9championsvgc2026regma,12,6,Nbryu,Nbryu,8-0,8,0,0,8,100.00,[Reg M-C Bo3] THURSDAY NIGHT THROWDOWN #3,2026-09-11,1,1,42,https://play.limitlesstcg.com/tournament/6a9cfde3a4272c53be648a0e/player/nbryu/teamlist,https://play.limitlesstcg.com/tournament/6a9cfde3a4272c53be648a0e/standings,Salamence-Mega:Froslass-Mega:Rillaboom:Sneasler:Gholdengo:Arcanine-Hisui,1,Salamence-Mega,Salamence,Salamencite,Intimidate,Hyper Voice:Double-Edge:Tailwind:Protect,Hyper Voice,Double-Edge,Tailwind,Protect,Froslass-Mega:Rillaboom:Sneasler:Gholdengo:Arcanine-Hisui
2026-09-14,2026-09-14T12:00:02Z,pikalytics,gen9championsvgc2026regma,"Best Pokemon, teams, and builds in Pokemon Champions VGC 2026",https://pikalytics.com/pokedex/gen9championsvgc2026regma,12,6,Nbryu,Nbryu,8-0,8,0,0,8,100.00,[Reg M-C Bo3] THURSDAY NIGHT THROWDOWN #3,2026-09-11,1,1,42,https://play.limitlesstcg.com/tournament/6a9cfde3a4272c53be648a0e/player/nbryu/teamlist,https://play.limitlesstcg.com/tournament/6a9cfde3a4272c53be648a0e/standings,Salamence-Mega:Froslass-Mega:Rillaboom:Sneasler:Gholdengo:Arcanine-Hisui,2,Froslass-Mega,Froslass,Froslassite,Cursed Body,Blizzard:Aurora Veil:Shadow Ball:Protect,Blizzard,Aurora Veil,Shadow Ball,Protect,Salamence-Mega:Rillaboom:Sneasler:Gholdengo:Arcanine-Hisui
2026-09-14,2026-09-14T12:00:02Z,pikalytics,gen9championsvgc2026regma,"Best Pokemon, teams, and builds in Pokemon Champions VGC 2026",https://pikalytics.com/pokedex/gen9championsvgc2026regma,12,6,Nbryu,Nbryu,8-0,8,0,0,8,100.00,[Reg M-C Bo3] THURSDAY NIGHT THROWDOWN #3,2026-09-11,1,1,42,https://play.limitlesstcg.com/tournament/6a9cfde3a4272c53be648a0e/player/nbryu/teamlist,https://play.limitlesstcg.com/tournament/6a9cfde3a4272c53be648a0e/standings,Salamence-Mega:Froslass-Mega:Rillaboom:Sneasler:Gholdengo:Arcanine-Hisui,3,Rillaboom,Rillaboom,Life Orb,Grassy Surge,Fake Out:Grassy Glide:Wood Hammer:High Horsepower,Fake Out,Grassy Glide,Wood Hammer,High Horsepower,Salamence-Mega:Froslass-Mega:Sneasler:Gholdengo:Arcanine-Hisui
2026-09-14,2026-09-14T12:00:02Z,pikalytics,gen9championsvgc2026regma,"Best Pokemon, teams, and builds in Pokemon Champions VGC 2026",https://pikalytics.com/pokedex/gen9championsvgc2026regma,12,6,Nbryu,Nbryu,8-0,8,0,0,8,100.00,[Reg M-C Bo3] THURSDAY NIGHT THROWDOWN #3,2026-09-11,1,1,42,https://play.limitlesstcg.com/tournament/6a9cfde3a4272c53be648a0e/player/nbryu/teamlist,https://play.limitlesstcg.com/tournament/6a9cfde3a4272c53be648a0e/standings,Salamence-Mega:Froslass-Mega:Rillaboom:Sneasler:Gholdengo:Arcanine-Hisui,4,Sneasler,Sneasler,White Herb,Unburden,Fake Out:Close Combat:Dire Claw:Protect,Fake Out,Close Combat,Dire Claw,Protect,Salamence-Mega:Froslass-Mega:Rillaboom:Gholdengo:Arcanine-Hisui
2026-09-14,2026-09-14T12:00:02Z,pikalytics,gen9championsvgc2026regma,"Best Pokemon, teams, and builds in Pokemon Champions VGC 2026",https://pikalytics.com/pokedex/gen9championsvgc2026regma,12,6,Nbryu,Nbryu,8-0,8,0,0,8,100.00,[Reg M-C Bo3] THURSDAY NIGHT THROWDOWN #3,2026-09-11,1,1,42,https://play.limitlesstcg.com/tournament/6a9cfde3a4272c53be648a0e/player/nbryu/teamlist,https://play.limitlesstcg.com/tournament/6a9cfde3a4272c53be648a0e/standings,Salamence-Mega:Froslass-Mega:Rillaboom:Sneasler:Gholdengo:Arcanine-Hisui,5,Gholdengo,Gholdengo,Grassy Seed,Good as Gold,Nasty Plot:Shadow Ball:Make It Rain:Protect,Nasty Plot,Shadow Ball,Make It Rain,Protect,Salamence-Mega:Froslass-Mega:Rillaboom:Sneasler:Arcanine-Hisui
2026-09-14,2026-09-14T12:00:02Z,pikalytics,gen9championsvgc2026regma,"Best Pokemon, teams, and builds in Pokemon Champions VGC 2026",https://pikalytics.com/pokedex/gen9championsvgc2026regma,12,6,Nbryu,Nbryu,8-0,8,0,0,8,100.00,[Reg M-C Bo3] THURSDAY NIGHT THROWDOWN #3,2026-09-11,1,1,42,https://play.limitlesstcg.com/tournament/6a9cfde3a4272c53be648a0e/player/nbryu/teamlist,https://play.limitlesstcg.com/tournament/6a9cfde3a4272c53be648a0e/standings,Salamence-Mega:Froslass-Mega:Rillaboom:Sneasler:Gholdengo:Arcanine-Hisui,6,Arcanine-Hisui,Hisuian Arcanine,Focus Sash,Rock Head,Head Smash:Flare Blitz:Extreme Speed:Protect,Head Smash,Flare Blitz,Extreme Speed,Protect,Salamence-Mega:Froslass-Mega:Rillaboom:Sneasler:Gholdengo
2026-09-14,2026-09-14T12:00:02Z,pikalytics,gen9championsvgc2026regma,"Best Pokemon, teams, and builds in Pokemon Champions VGC 2026",https://pikalytics.com/pokedex/gen9championsvgc2026regma,14,6,PokeReplay,PokeReplay,7-0,7,0,0,7,100.00,SNT Reg M-C Tour #1,2026-09-11,1,1,47,https://play.limitlesstcg.com/tournament/6a9c5238ab080c8c957fafa6/player/pokereplay/teamlist,https://play.limitlesstcg.com/tournament/6a9c5238ab080c8c957fafa6/standings,Charizard-Mega-Y:Rillaboom:Incineroar:Toxapex:Sylveon:Farigiraf,1,Charizard-Mega-Y,Charizard,Charizardite Y,Blaze,Weather Ball:Heat Wave:Ancient Power:Protect,Weather Ball,Heat Wave,Ancient Power,Protect,Rillaboom:Incineroar:Toxapex:Sylveon:Farigiraf
2026-09-14,2026-09-14T12:00:02Z,pikalytics,gen9championsvgc2026regma,"Best Pokemon, teams, and builds in Pokemon Champions VGC 2026",https://pikalytics.com/pokedex/gen9championsvgc2026regma,14,6,PokeReplay,PokeReplay,7-0,7,0,0,7,100.00,SNT Reg M-C Tour #1,2026-09-11,1,1,47,https://play.limitlesstcg.com/tournament/6a9c5238ab080c8c957fafa6/player/pokereplay/teamlist,https://play.limitlesstcg.com/tournament/6a9c5238ab080c8c957fafa6/standings,Charizard-Mega-Y:Rillaboom:Incineroar:Toxapex:Sylveon:Farigiraf,2,Rillaboom,Rillaboom,Life Orb,Grassy Surge,Wood Hammer:Grassy Glide:U-turn:Fake Out,Wood Hammer,Grassy Glide,U-turn,Fake Out,Charizard-Mega-Y:Incineroar:Toxapex:Sylveon:Farigiraf
2026-09-14,2026-09-14T12:00:02Z,pikalytics,gen9championsvgc2026regma,"Best Pokemon, teams, and builds in Pokemon Champions VGC 2026",https://pikalytics.com/pokedex/gen9championsvgc2026regma,14,6,PokeReplay,PokeReplay,7-0,7,0,0,7,100.00,SNT Reg M-C Tour #1,2026-09-11,1,1,47,https://play.limitlesstcg.com/tournament/6a9c5238ab080c8c957fafa6/player/pokereplay/teamlist,https://play.limitlesstcg.com/tournament/6a9c5238ab080c8c957fafa6/standings,Charizard-Mega-Y:Rillaboom:Incineroar:Toxapex:Sylveon:Farigiraf,3,Incineroar,Incineroar,Sitrus Berry,Intimidate,Flare Blitz:Throat Chop:Fake Out:Parting Shot,Flare Blitz,Throat Chop,Fake Out,Parting Shot,Charizard-Mega-Y:Rillaboom:Toxapex:Sylveon:Farigiraf
2026-09-14,2026-09-14T12:00:02Z,pikalytics,gen9championsvgc2026regma,"Best Pokemon, teams, and builds in Pokemon Champions VGC 2026",https://pikalytics.com/pokedex/gen9championsvgc2026regma,14,6,PokeReplay,PokeReplay,7-0,7,0,0,7,100.00,SNT Reg M-C Tour #1,2026-09-11,1,1,47,https://play.limitlesstcg.com/tournament/6a9c5238ab080c8c957fafa6/player/pokereplay/teamlist,https://play.limitlesstcg.com/tournament/6a9c5238ab080c8c957fafa6/standings,Charizard-Mega-Y:Rillaboom:Incineroar:Toxapex:Sylveon:Farigiraf,4,Toxapex,Toxapex,Leftovers,Regenerator,Infestation:Toxic:Wide Guard:Baneful Bunker,Infestation,Toxic,Wide Guard,Baneful Bunker,Charizard-Mega-Y:Rillaboom:Incineroar:Sylveon:Farigiraf
2026-09-14,2026-09-14T12:00:02Z,pikalytics,gen9championsvgc2026regma,"Best Pokemon, teams, and builds in Pokemon Champions VGC 2026",https://pikalytics.com/pokedex/gen9championsvgc2026regma,14,6,PokeReplay,PokeReplay,7-0,7,0,0,7,100.00,SNT Reg M-C Tour #1,2026-09-11,1,1,47,https://play.limitlesstcg.com/tournament/6a9c5238ab080c8c957fafa6/player/pokereplay/teamlist,https://play.limitlesstcg.com/tournament/6a9c5238ab080c8c957fafa6/standings,Charizard-Mega-Y:Rillaboom:Incineroar:Toxapex:Sylveon:Farigiraf,5,Sylveon,Sylveon,Fairy Feather,Pixilate,Hyper Voice:Yawn:Quick Attack:Protect,Hyper Voice,Yawn,Quick Attack,Protect,Charizard-Mega-Y:Rillaboom:Incineroar:Toxapex:Farigiraf
2026-09-14,2026-09-14T12:00:02Z,pikalytics,gen9championsvgc2026regma,"Best Pokemon, teams, and builds in Pokemon Champions VGC 2026",https://pikalytics.com/pokedex/gen9championsvgc2026regma,14,6,PokeReplay,PokeReplay,7-0,7,0,0,7,100.00,SNT Reg M-C Tour #1,2026-09-11,1,1,47,https://play.limitlesstcg.com/tournament/6a9c5238ab080c8c957fafa6/player/pokereplay/teamlist,https://play.limitlesstcg.com/tournament/6a9c5238ab080c8c957fafa6/standings,Charizard-Mega-Y:Rillaboom:Incineroar:Toxapex:Sylveon:Farigiraf,6,Farigiraf,Farigiraf,Rocky Helmet,Armor Tail,Psychic:Trick Room:Thunderbolt:Protect,Psychic,Trick Room,Thunderbolt,Protect,Charizard-Mega-Y:Rillaboom:Incineroar:Toxapex:Sylveon
2026-09-14,2026-09-14T12:00:02Z,pikalytics,gen9championsvgc2026regma,"Best Pokemon, teams, and builds in Pokemon Champions VGC 2026",https://pikalytics.com/pokedex/gen9championsvgc2026regma,20,6,dartsvgc,dartsvgc,1-0,1,0,0,1,100.00,CHAMPIONS REG. M-C |👑CROWN FIGHT Bo3 TOUR #85👑,2026-09-11,1,1,44,https://play.limitlesstcg.com/tournament/6a80967b5a30714095571415/player/dartsvgc/teamlist,https://play.limitlesstcg.com/tournament/6a80967b5a30714095571415/standings,Indeedee-F:Gardevoir-Mega:Armarouge:Annihilape:Torkoal:Aerodactyl-Mega,1,Indeedee-F,Indeedee ♀,Rocky Helmet,Psychic Surge,Psychic:Helping Hand:Follow Me:Trick Room,Psychic,Helping Hand,Follow Me,Trick Room,Gardevoir-Mega:Armarouge:Annihilape:Torkoal:Aerodactyl-Mega
2026-09-14,2026-09-14T12:00:02Z,pikalytics,gen9championsvgc2026regma,"Best Pokemon, teams, and builds in Pokemon Champions VGC 2026",https://pikalytics.com/pokedex/gen9championsvgc2026regma,20,6,dartsvgc,dartsvgc,1-0,1,0,0,1,100.00,CHAMPIONS REG. M-C |👑CROWN FIGHT Bo3 TOUR #85👑,2026-09-11,1,1,44,https://play.limitlesstcg.com/tournament/6a80967b5a30714095571415/player/dartsvgc/teamlist,https://play.limitlesstcg.com/tournament/6a80967b5a30714095571415/standings,Indeedee-F:Gardevoir-Mega:Armarouge:Annihilape:Torkoal:Aerodactyl-Mega,2,Gardevoir-Mega,Gardevoir,Gardevoirite,Trace,Hyper Voice:Expanding Force:Trick Room:Protect,Hyper Voice,Expanding Force,Trick Room,Protect,Indeedee-F:Armarouge:Annihilape:Torkoal:Aerodactyl-Mega
2026-09-14,2026-09-14T12:00:02Z,pikalytics,gen9championsvgc2026regma,"Best Pokemon, teams, and builds in Pokemon Champions VGC 2026",https://pikalytics.com/pokedex/gen9championsvgc2026regma,20,6,dartsvgc,dartsvgc,1-0,1,0,0,1,100.00,CHAMPIONS REG. M-C |👑CROWN FIGHT Bo3 TOUR #85👑,2026-09-11,1,1,44,https://play.limitlesstcg.com/tournament/6a80967b5a30714095571415/player/dartsvgc/teamlist,https://play.limitlesstcg.com/tournament/6a80967b5a30714095571415/standings,Indeedee-F:Gardevoir-Mega:Armarouge:Annihilape:Torkoal:Aerodactyl-Mega,3,Armarouge,Armarouge,Life Orb,Flash Fire,Expanding Force:Armor Cannon:Dark Pulse:Protect,Expanding Force,Armor Cannon,Dark Pulse,Protect,Indeedee-F:Gardevoir-Mega:Annihilape:Torkoal:Aerodactyl-Mega
2026-09-14,2026-09-14T12:00:02Z,pikalytics,gen9championsvgc2026regma,"Best Pokemon, teams, and builds in Pokemon Champions VGC 2026",https://pikalytics.com/pokedex/gen9championsvgc2026regma,20,6,dartsvgc,dartsvgc,1-0,1,0,0,1,100.00,CHAMPIONS REG. M-C |👑CROWN FIGHT Bo3 TOUR #85👑,2026-09-11,1,1,44,https://play.limitlesstcg.com/tournament/6a80967b5a30714095571415/player/dartsvgc/teamlist,https://play.limitlesstcg.com/tournament/6a80967b5a30714095571415/standings,Indeedee-F:Gardevoir-Mega:Armarouge:Annihilape:Torkoal:Aerodactyl-Mega,4,Annihilape,Annihilape,Focus Sash,Defiant,Close Combat:Phantom Force:Rock Slide:Protect,Close Combat,Phantom Force,Rock Slide,Protect,Indeedee-F:Gardevoir-Mega:Armarouge:Torkoal:Aerodactyl-Mega
2026-09-14,2026-09-14T12:00:02Z,pikalytics,gen9championsvgc2026regma,"Best Pokemon, teams, and builds in Pokemon Champions VGC 2026",https://pikalytics.com/pokedex/gen9championsvgc2026regma,20,6,dartsvgc,dartsvgc,1-0,1,0,0,1,100.00,CHAMPIONS REG. M-C |👑CROWN FIGHT Bo3 TOUR #85👑,2026-09-11,1,1,44,https://play.limitlesstcg.com/tournament/6a80967b5a30714095571415/player/dartsvgc/teamlist,https://play.limitlesstcg.com/tournament/6a80967b5a30714095571415/standings,Indeedee-F:Gardevoir-Mega:Armarouge:Annihilape:Torkoal:Aerodactyl-Mega,5,Torkoal,Torkoal,Charcoal,Drought,Eruption:Weather Ball:Helping Hand:Protect,Eruption,Weather Ball,Helping Hand,Protect,Indeedee-F:Gardevoir-Mega:Armarouge:Annihilape:Aerodactyl-Mega
2026-09-14,2026-09-14T12:00:02Z,pikalytics,gen9championsvgc2026regma,"Best Pokemon, teams, and builds in Pokemon Champions VGC 2026",https://pikalytics.com/pokedex/gen9championsvgc2026regma,20,6,dartsvgc,dartsvgc,1-0,1,0,0,1,100.00,CHAMPIONS REG. M-C |👑CROWN FIGHT Bo3 TOUR #85👑,2026-09-11,1,1,44,https://play.limitlesstcg.com/tournament/6a80967b5a30714095571415/player/dartsvgc/teamlist,https://play.limitlesstcg.com/tournament/6a80967b5a30714095571415/standings,Indeedee-F:Gardevoir-Mega:Armarouge:Annihilape:Torkoal:Aerodactyl-Mega,6,Aerodactyl-Mega,Aerodactyl,Aerodactylite,Unnerve,Rock Slide:Ice Fang:Wide Guard:Tailwind,Rock Slide,Ice Fang,Wide Guard,Tailwind,Indeedee-F:Gardevoir-Mega:Armarouge:Annihilape:Torkoal
