snapshot_date,snapshot_at_utc,source,format_slug,format_name,source_url,pokemon_rank,pokemon_name,usage_pct
2026-05-21,2026-05-21T19:16:10Z,pikalytics,gen9championsvgc2026regma,Pokemon Champions VGC 2026 Regulation Set M-A,https://pikalytics.com/pokedex/gen9championsvgc2026regma,1,Sneasler,43.80
2026-05-21,2026-05-21T19:16:10Z,pikalytics,gen9championsvgc2026regma,Pokemon Champions VGC 2026 Regulation Set M-A,https://pikalytics.com/pokedex/gen9championsvgc2026regma,2,Garchomp,40.40
2026-05-21,2026-05-21T19:16:10Z,pikalytics,gen9championsvgc2026regma,Pokemon Champions VGC 2026 Regulation Set M-A,https://pikalytics.com/pokedex/gen9championsvgc2026regma,3,Kingambit,38.21
2026-05-21,2026-05-21T19:16:10Z,pikalytics,gen9championsvgc2026regma,Pokemon Champions VGC 2026 Regulation Set M-A,https://pikalytics.com/pokedex/gen9championsvgc2026regma,4,Basculegion,38.16
2026-05-21,2026-05-21T19:16:10Z,pikalytics,gen9championsvgc2026regma,Pokemon Champions VGC 2026 Regulation Set M-A,https://pikalytics.com/pokedex/gen9championsvgc2026regma,5,Incineroar,35.84
2026-05-21,2026-05-21T19:16:10Z,pikalytics,gen9championsvgc2026regma,Pokemon Champions VGC 2026 Regulation Set M-A,https://pikalytics.com/pokedex/gen9championsvgc2026regma,6,Sinistcha,26.87
2026-05-21,2026-05-21T19:16:10Z,pikalytics,gen9championsvgc2026regma,Pokemon Champions VGC 2026 Regulation Set M-A,https://pikalytics.com/pokedex/gen9championsvgc2026regma,7,Floette-Mega,21.37
2026-05-21,2026-05-21T19:16:10Z,pikalytics,gen9championsvgc2026regma,Pokemon Champions VGC 2026 Regulation Set M-A,https://pikalytics.com/pokedex/gen9championsvgc2026regma,8,Charizard-Mega-Y,17.86
2026-05-21,2026-05-21T19:16:10Z,pikalytics,gen9championsvgc2026regma,Pokemon Champions VGC 2026 Regulation Set M-A,https://pikalytics.com/pokedex/gen9championsvgc2026regma,9,Pelipper,15.69
2026-05-21,2026-05-21T19:16:10Z,pikalytics,gen9championsvgc2026regma,Pokemon Champions VGC 2026 Regulation Set M-A,https://pikalytics.com/pokedex/gen9championsvgc2026regma,10,Aerodactyl,15.26
2026-05-21,2026-05-21T19:16:10Z,pikalytics,gen9championsvgc2026regma,Pokemon Champions VGC 2026 Regulation Set M-A,https://pikalytics.com/pokedex/gen9championsvgc2026regma,11,Archaludon,13.81
2026-05-21,2026-05-21T19:16:10Z,pikalytics,gen9championsvgc2026regma,Pokemon Champions VGC 2026 Regulation Set M-A,https://pikalytics.com/pokedex/gen9championsvgc2026regma,12,Rotom-Wash,13.46
2026-05-21,2026-05-21T19:16:10Z,pikalytics,gen9championsvgc2026regma,Pokemon Champions VGC 2026 Regulation Set M-A,https://pikalytics.com/pokedex/gen9championsvgc2026regma,13,Farigiraf,13.23
2026-05-21,2026-05-21T19:16:10Z,pikalytics,gen9championsvgc2026regma,Pokemon Champions VGC 2026 Regulation Set M-A,https://pikalytics.com/pokedex/gen9championsvgc2026regma,14,Milotic,10.83
2026-05-21,2026-05-21T19:16:10Z,pikalytics,gen9championsvgc2026regma,Pokemon Champions VGC 2026 Regulation Set M-A,https://pikalytics.com/pokedex/gen9championsvgc2026regma,15,Whimsicott,10.64
2026-05-21,2026-05-21T19:16:10Z,pikalytics,gen9championsvgc2026regma,Pokemon Champions VGC 2026 Regulation Set M-A,https://pikalytics.com/pokedex/gen9championsvgc2026regma,16,Froslass-Mega,9.37
2026-05-21,2026-05-21T19:16:10Z,pikalytics,gen9championsvgc2026regma,Pokemon Champions VGC 2026 Regulation Set M-A,https://pikalytics.com/pokedex/gen9championsvgc2026regma,17,Aegislash,8.32
2026-05-21,2026-05-21T19:16:10Z,pikalytics,gen9championsvgc2026regma,Pokemon Champions VGC 2026 Regulation Set M-A,https://pikalytics.com/pokedex/gen9championsvgc2026regma,18,Sylveon,8.01
2026-05-21,2026-05-21T19:16:10Z,pikalytics,gen9championsvgc2026regma,Pokemon Champions VGC 2026 Regulation Set M-A,https://pikalytics.com/pokedex/gen9championsvgc2026regma,19,Aerodactyl-Mega,7.94
2026-05-21,2026-05-21T19:16:10Z,pikalytics,gen9championsvgc2026regma,Pokemon Champions VGC 2026 Regulation Set M-A,https://pikalytics.com/pokedex/gen9championsvgc2026regma,20,Talonflame,7.57
2026-05-21,2026-05-21T19:16:10Z,pikalytics,gen9championsvgc2026regma,Pokemon Champions VGC 2026 Regulation Set M-A,https://pikalytics.com/pokedex/gen9championsvgc2026regma,21,Tyranitar-Mega,7.08
2026-05-21,2026-05-21T19:16:10Z,pikalytics,gen9championsvgc2026regma,Pokemon Champions VGC 2026 Regulation Set M-A,https://pikalytics.com/pokedex/gen9championsvgc2026regma,22,Maushold,6.85
2026-05-21,2026-05-21T19:16:10Z,pikalytics,gen9championsvgc2026regma,Pokemon Champions VGC 2026 Regulation Set M-A,https://pikalytics.com/pokedex/gen9championsvgc2026regma,23,Delphox-Mega,6.51
2026-05-21,2026-05-21T19:16:10Z,pikalytics,gen9championsvgc2026regma,Pokemon Champions VGC 2026 Regulation Set M-A,https://pikalytics.com/pokedex/gen9championsvgc2026regma,24,Gengar-Mega,6.47
2026-05-21,2026-05-21T19:16:10Z,pikalytics,gen9championsvgc2026regma,Pokemon Champions VGC 2026 Regulation Set M-A,https://pikalytics.com/pokedex/gen9championsvgc2026regma,25,Corviknight,5.93
2026-05-22,2026-05-22T12:00:02Z,pikalytics,gen9championsvgc2026regma,Pokemon Champions VGC 2026 Regulation Set M-A,https://pikalytics.com/pokedex/gen9championsvgc2026regma,1,Sneasler,43.80
2026-05-22,2026-05-22T12:00:02Z,pikalytics,gen9championsvgc2026regma,Pokemon Champions VGC 2026 Regulation Set M-A,https://pikalytics.com/pokedex/gen9championsvgc2026regma,2,Garchomp,40.40
2026-05-22,2026-05-22T12:00:02Z,pikalytics,gen9championsvgc2026regma,Pokemon Champions VGC 2026 Regulation Set M-A,https://pikalytics.com/pokedex/gen9championsvgc2026regma,3,Kingambit,38.21
2026-05-22,2026-05-22T12:00:02Z,pikalytics,gen9championsvgc2026regma,Pokemon Champions VGC 2026 Regulation Set M-A,https://pikalytics.com/pokedex/gen9championsvgc2026regma,4,Basculegion,38.16
2026-05-22,2026-05-22T12:00:02Z,pikalytics,gen9championsvgc2026regma,Pokemon Champions VGC 2026 Regulation Set M-A,https://pikalytics.com/pokedex/gen9championsvgc2026regma,5,Incineroar,35.84
2026-05-22,2026-05-22T12:00:02Z,pikalytics,gen9championsvgc2026regma,Pokemon Champions VGC 2026 Regulation Set M-A,https://pikalytics.com/pokedex/gen9championsvgc2026regma,6,Sinistcha,26.87
2026-05-22,2026-05-22T12:00:02Z,pikalytics,gen9championsvgc2026regma,Pokemon Champions VGC 2026 Regulation Set M-A,https://pikalytics.com/pokedex/gen9championsvgc2026regma,7,Floette-Mega,21.37
2026-05-22,2026-05-22T12:00:02Z,pikalytics,gen9championsvgc2026regma,Pokemon Champions VGC 2026 Regulation Set M-A,https://pikalytics.com/pokedex/gen9championsvgc2026regma,8,Charizard-Mega-Y,17.86
2026-05-22,2026-05-22T12:00:02Z,pikalytics,gen9championsvgc2026regma,Pokemon Champions VGC 2026 Regulation Set M-A,https://pikalytics.com/pokedex/gen9championsvgc2026regma,9,Pelipper,15.69
2026-05-22,2026-05-22T12:00:02Z,pikalytics,gen9championsvgc2026regma,Pokemon Champions VGC 2026 Regulation Set M-A,https://pikalytics.com/pokedex/gen9championsvgc2026regma,10,Aerodactyl,15.26
2026-05-22,2026-05-22T12:00:02Z,pikalytics,gen9championsvgc2026regma,Pokemon Champions VGC 2026 Regulation Set M-A,https://pikalytics.com/pokedex/gen9championsvgc2026regma,11,Archaludon,13.81
2026-05-22,2026-05-22T12:00:02Z,pikalytics,gen9championsvgc2026regma,Pokemon Champions VGC 2026 Regulation Set M-A,https://pikalytics.com/pokedex/gen9championsvgc2026regma,12,Rotom-Wash,13.46
2026-05-22,2026-05-22T12:00:02Z,pikalytics,gen9championsvgc2026regma,Pokemon Champions VGC 2026 Regulation Set M-A,https://pikalytics.com/pokedex/gen9championsvgc2026regma,13,Farigiraf,13.23
2026-05-22,2026-05-22T12:00:02Z,pikalytics,gen9championsvgc2026regma,Pokemon Champions VGC 2026 Regulation Set M-A,https://pikalytics.com/pokedex/gen9championsvgc2026regma,14,Milotic,10.83
2026-05-22,2026-05-22T12:00:02Z,pikalytics,gen9championsvgc2026regma,Pokemon Champions VGC 2026 Regulation Set M-A,https://pikalytics.com/pokedex/gen9championsvgc2026regma,15,Whimsicott,10.64
2026-05-22,2026-05-22T12:00:02Z,pikalytics,gen9championsvgc2026regma,Pokemon Champions VGC 2026 Regulation Set M-A,https://pikalytics.com/pokedex/gen9championsvgc2026regma,16,Froslass-Mega,9.37
2026-05-22,2026-05-22T12:00:02Z,pikalytics,gen9championsvgc2026regma,Pokemon Champions VGC 2026 Regulation Set M-A,https://pikalytics.com/pokedex/gen9championsvgc2026regma,17,Aegislash,8.32
2026-05-22,2026-05-22T12:00:02Z,pikalytics,gen9championsvgc2026regma,Pokemon Champions VGC 2026 Regulation Set M-A,https://pikalytics.com/pokedex/gen9championsvgc2026regma,18,Sylveon,8.01
2026-05-22,2026-05-22T12:00:02Z,pikalytics,gen9championsvgc2026regma,Pokemon Champions VGC 2026 Regulation Set M-A,https://pikalytics.com/pokedex/gen9championsvgc2026regma,19,Aerodactyl-Mega,7.94
2026-05-22,2026-05-22T12:00:02Z,pikalytics,gen9championsvgc2026regma,Pokemon Champions VGC 2026 Regulation Set M-A,https://pikalytics.com/pokedex/gen9championsvgc2026regma,20,Talonflame,7.57
2026-05-22,2026-05-22T12:00:02Z,pikalytics,gen9championsvgc2026regma,Pokemon Champions VGC 2026 Regulation Set M-A,https://pikalytics.com/pokedex/gen9championsvgc2026regma,21,Tyranitar-Mega,7.08
2026-05-22,2026-05-22T12:00:02Z,pikalytics,gen9championsvgc2026regma,Pokemon Champions VGC 2026 Regulation Set M-A,https://pikalytics.com/pokedex/gen9championsvgc2026regma,22,Maushold,6.85
2026-05-22,2026-05-22T12:00:02Z,pikalytics,gen9championsvgc2026regma,Pokemon Champions VGC 2026 Regulation Set M-A,https://pikalytics.com/pokedex/gen9championsvgc2026regma,23,Delphox-Mega,6.51
2026-05-22,2026-05-22T12:00:02Z,pikalytics,gen9championsvgc2026regma,Pokemon Champions VGC 2026 Regulation Set M-A,https://pikalytics.com/pokedex/gen9championsvgc2026regma,24,Gengar-Mega,6.47
2026-05-22,2026-05-22T12:00:02Z,pikalytics,gen9championsvgc2026regma,Pokemon Champions VGC 2026 Regulation Set M-A,https://pikalytics.com/pokedex/gen9championsvgc2026regma,25,Corviknight,5.93
2026-05-23,2026-05-23T12:00:02Z,pikalytics,gen9championsvgc2026regma,Pokemon Champions VGC 2026 Regulation Set M-A,https://pikalytics.com/pokedex/gen9championsvgc2026regma,1,Sneasler,43.80
2026-05-23,2026-05-23T12:00:02Z,pikalytics,gen9championsvgc2026regma,Pokemon Champions VGC 2026 Regulation Set M-A,https://pikalytics.com/pokedex/gen9championsvgc2026regma,2,Garchomp,40.40
2026-05-23,2026-05-23T12:00:02Z,pikalytics,gen9championsvgc2026regma,Pokemon Champions VGC 2026 Regulation Set M-A,https://pikalytics.com/pokedex/gen9championsvgc2026regma,3,Kingambit,38.21
2026-05-23,2026-05-23T12:00:02Z,pikalytics,gen9championsvgc2026regma,Pokemon Champions VGC 2026 Regulation Set M-A,https://pikalytics.com/pokedex/gen9championsvgc2026regma,4,Basculegion,38.16
2026-05-23,2026-05-23T12:00:02Z,pikalytics,gen9championsvgc2026regma,Pokemon Champions VGC 2026 Regulation Set M-A,https://pikalytics.com/pokedex/gen9championsvgc2026regma,5,Incineroar,35.84
2026-05-23,2026-05-23T12:00:02Z,pikalytics,gen9championsvgc2026regma,Pokemon Champions VGC 2026 Regulation Set M-A,https://pikalytics.com/pokedex/gen9championsvgc2026regma,6,Sinistcha,26.87
2026-05-23,2026-05-23T12:00:02Z,pikalytics,gen9championsvgc2026regma,Pokemon Champions VGC 2026 Regulation Set M-A,https://pikalytics.com/pokedex/gen9championsvgc2026regma,7,Floette-Mega,21.37
2026-05-23,2026-05-23T12:00:02Z,pikalytics,gen9championsvgc2026regma,Pokemon Champions VGC 2026 Regulation Set M-A,https://pikalytics.com/pokedex/gen9championsvgc2026regma,8,Charizard-Mega-Y,17.86
2026-05-23,2026-05-23T12:00:02Z,pikalytics,gen9championsvgc2026regma,Pokemon Champions VGC 2026 Regulation Set M-A,https://pikalytics.com/pokedex/gen9championsvgc2026regma,9,Pelipper,15.69
2026-05-23,2026-05-23T12:00:02Z,pikalytics,gen9championsvgc2026regma,Pokemon Champions VGC 2026 Regulation Set M-A,https://pikalytics.com/pokedex/gen9championsvgc2026regma,10,Aerodactyl,15.26
2026-05-23,2026-05-23T12:00:02Z,pikalytics,gen9championsvgc2026regma,Pokemon Champions VGC 2026 Regulation Set M-A,https://pikalytics.com/pokedex/gen9championsvgc2026regma,11,Archaludon,13.81
2026-05-23,2026-05-23T12:00:02Z,pikalytics,gen9championsvgc2026regma,Pokemon Champions VGC 2026 Regulation Set M-A,https://pikalytics.com/pokedex/gen9championsvgc2026regma,12,Rotom-Wash,13.46
2026-05-23,2026-05-23T12:00:02Z,pikalytics,gen9championsvgc2026regma,Pokemon Champions VGC 2026 Regulation Set M-A,https://pikalytics.com/pokedex/gen9championsvgc2026regma,13,Farigiraf,13.23
2026-05-23,2026-05-23T12:00:02Z,pikalytics,gen9championsvgc2026regma,Pokemon Champions VGC 2026 Regulation Set M-A,https://pikalytics.com/pokedex/gen9championsvgc2026regma,14,Milotic,10.83
2026-05-23,2026-05-23T12:00:02Z,pikalytics,gen9championsvgc2026regma,Pokemon Champions VGC 2026 Regulation Set M-A,https://pikalytics.com/pokedex/gen9championsvgc2026regma,15,Whimsicott,10.64
2026-05-23,2026-05-23T12:00:02Z,pikalytics,gen9championsvgc2026regma,Pokemon Champions VGC 2026 Regulation Set M-A,https://pikalytics.com/pokedex/gen9championsvgc2026regma,16,Froslass-Mega,9.37
2026-05-23,2026-05-23T12:00:02Z,pikalytics,gen9championsvgc2026regma,Pokemon Champions VGC 2026 Regulation Set M-A,https://pikalytics.com/pokedex/gen9championsvgc2026regma,17,Aegislash,8.32
2026-05-23,2026-05-23T12:00:02Z,pikalytics,gen9championsvgc2026regma,Pokemon Champions VGC 2026 Regulation Set M-A,https://pikalytics.com/pokedex/gen9championsvgc2026regma,18,Sylveon,8.01
2026-05-23,2026-05-23T12:00:02Z,pikalytics,gen9championsvgc2026regma,Pokemon Champions VGC 2026 Regulation Set M-A,https://pikalytics.com/pokedex/gen9championsvgc2026regma,19,Aerodactyl-Mega,7.94
2026-05-23,2026-05-23T12:00:02Z,pikalytics,gen9championsvgc2026regma,Pokemon Champions VGC 2026 Regulation Set M-A,https://pikalytics.com/pokedex/gen9championsvgc2026regma,20,Talonflame,7.57
2026-05-23,2026-05-23T12:00:02Z,pikalytics,gen9championsvgc2026regma,Pokemon Champions VGC 2026 Regulation Set M-A,https://pikalytics.com/pokedex/gen9championsvgc2026regma,21,Tyranitar-Mega,7.08
2026-05-23,2026-05-23T12:00:02Z,pikalytics,gen9championsvgc2026regma,Pokemon Champions VGC 2026 Regulation Set M-A,https://pikalytics.com/pokedex/gen9championsvgc2026regma,22,Maushold,6.85
2026-05-23,2026-05-23T12:00:02Z,pikalytics,gen9championsvgc2026regma,Pokemon Champions VGC 2026 Regulation Set M-A,https://pikalytics.com/pokedex/gen9championsvgc2026regma,23,Delphox-Mega,6.51
2026-05-23,2026-05-23T12:00:02Z,pikalytics,gen9championsvgc2026regma,Pokemon Champions VGC 2026 Regulation Set M-A,https://pikalytics.com/pokedex/gen9championsvgc2026regma,24,Gengar-Mega,6.47
2026-05-23,2026-05-23T12:00:02Z,pikalytics,gen9championsvgc2026regma,Pokemon Champions VGC 2026 Regulation Set M-A,https://pikalytics.com/pokedex/gen9championsvgc2026regma,25,Corviknight,5.93
2026-05-24,2026-05-24T12:00:03Z,pikalytics,gen9championsvgc2026regma,What's winning in competitive Pokémon right now,https://pikalytics.com/pokedex/gen9championsvgc2026regma,1,Sneasler,43.80
2026-05-24,2026-05-24T12:00:03Z,pikalytics,gen9championsvgc2026regma,What's winning in competitive Pokémon right now,https://pikalytics.com/pokedex/gen9championsvgc2026regma,2,Garchomp,40.40
2026-05-24,2026-05-24T12:00:03Z,pikalytics,gen9championsvgc2026regma,What's winning in competitive Pokémon right now,https://pikalytics.com/pokedex/gen9championsvgc2026regma,3,Kingambit,38.21
2026-05-24,2026-05-24T12:00:03Z,pikalytics,gen9championsvgc2026regma,What's winning in competitive Pokémon right now,https://pikalytics.com/pokedex/gen9championsvgc2026regma,4,Basculegion,38.16
2026-05-24,2026-05-24T12:00:03Z,pikalytics,gen9championsvgc2026regma,What's winning in competitive Pokémon right now,https://pikalytics.com/pokedex/gen9championsvgc2026regma,5,Incineroar,35.84
2026-05-24,2026-05-24T12:00:03Z,pikalytics,gen9championsvgc2026regma,What's winning in competitive Pokémon right now,https://pikalytics.com/pokedex/gen9championsvgc2026regma,6,Sinistcha,26.87
2026-05-24,2026-05-24T12:00:03Z,pikalytics,gen9championsvgc2026regma,What's winning in competitive Pokémon right now,https://pikalytics.com/pokedex/gen9championsvgc2026regma,7,Floette-Mega,21.37
2026-05-24,2026-05-24T12:00:03Z,pikalytics,gen9championsvgc2026regma,What's winning in competitive Pokémon right now,https://pikalytics.com/pokedex/gen9championsvgc2026regma,8,Charizard-Mega-Y,17.86
2026-05-24,2026-05-24T12:00:03Z,pikalytics,gen9championsvgc2026regma,What's winning in competitive Pokémon right now,https://pikalytics.com/pokedex/gen9championsvgc2026regma,9,Pelipper,15.69
2026-05-24,2026-05-24T12:00:03Z,pikalytics,gen9championsvgc2026regma,What's winning in competitive Pokémon right now,https://pikalytics.com/pokedex/gen9championsvgc2026regma,10,Aerodactyl,15.26
2026-05-24,2026-05-24T12:00:03Z,pikalytics,gen9championsvgc2026regma,What's winning in competitive Pokémon right now,https://pikalytics.com/pokedex/gen9championsvgc2026regma,11,Archaludon,13.81
2026-05-24,2026-05-24T12:00:03Z,pikalytics,gen9championsvgc2026regma,What's winning in competitive Pokémon right now,https://pikalytics.com/pokedex/gen9championsvgc2026regma,12,Rotom-Wash,13.46
2026-05-24,2026-05-24T12:00:03Z,pikalytics,gen9championsvgc2026regma,What's winning in competitive Pokémon right now,https://pikalytics.com/pokedex/gen9championsvgc2026regma,13,Farigiraf,13.23
2026-05-24,2026-05-24T12:00:03Z,pikalytics,gen9championsvgc2026regma,What's winning in competitive Pokémon right now,https://pikalytics.com/pokedex/gen9championsvgc2026regma,14,Milotic,10.83
2026-05-24,2026-05-24T12:00:03Z,pikalytics,gen9championsvgc2026regma,What's winning in competitive Pokémon right now,https://pikalytics.com/pokedex/gen9championsvgc2026regma,15,Whimsicott,10.64
2026-05-24,2026-05-24T12:00:03Z,pikalytics,gen9championsvgc2026regma,What's winning in competitive Pokémon right now,https://pikalytics.com/pokedex/gen9championsvgc2026regma,16,Froslass-Mega,9.37
2026-05-24,2026-05-24T12:00:03Z,pikalytics,gen9championsvgc2026regma,What's winning in competitive Pokémon right now,https://pikalytics.com/pokedex/gen9championsvgc2026regma,17,Aegislash,8.32
2026-05-24,2026-05-24T12:00:03Z,pikalytics,gen9championsvgc2026regma,What's winning in competitive Pokémon right now,https://pikalytics.com/pokedex/gen9championsvgc2026regma,18,Sylveon,8.01
2026-05-24,2026-05-24T12:00:03Z,pikalytics,gen9championsvgc2026regma,What's winning in competitive Pokémon right now,https://pikalytics.com/pokedex/gen9championsvgc2026regma,19,Aerodactyl-Mega,7.94
2026-05-24,2026-05-24T12:00:03Z,pikalytics,gen9championsvgc2026regma,What's winning in competitive Pokémon right now,https://pikalytics.com/pokedex/gen9championsvgc2026regma,20,Talonflame,7.57
2026-05-24,2026-05-24T12:00:03Z,pikalytics,gen9championsvgc2026regma,What's winning in competitive Pokémon right now,https://pikalytics.com/pokedex/gen9championsvgc2026regma,21,Tyranitar-Mega,7.08
2026-05-24,2026-05-24T12:00:03Z,pikalytics,gen9championsvgc2026regma,What's winning in competitive Pokémon right now,https://pikalytics.com/pokedex/gen9championsvgc2026regma,22,Maushold,6.85
2026-05-24,2026-05-24T12:00:03Z,pikalytics,gen9championsvgc2026regma,What's winning in competitive Pokémon right now,https://pikalytics.com/pokedex/gen9championsvgc2026regma,23,Delphox-Mega,6.51
2026-05-24,2026-05-24T12:00:03Z,pikalytics,gen9championsvgc2026regma,What's winning in competitive Pokémon right now,https://pikalytics.com/pokedex/gen9championsvgc2026regma,24,Gengar-Mega,6.47
2026-05-24,2026-05-24T12:00:03Z,pikalytics,gen9championsvgc2026regma,What's winning in competitive Pokémon right now,https://pikalytics.com/pokedex/gen9championsvgc2026regma,25,Corviknight,5.93
2026-05-25,2026-05-25T12:00:02Z,pikalytics,gen9championsvgc2026regma,"Best Pokemon, Teams and Builds in Pokemon Champions",https://pikalytics.com/pokedex/gen9championsvgc2026regma,1,Sneasler,43.80
2026-05-25,2026-05-25T12:00:02Z,pikalytics,gen9championsvgc2026regma,"Best Pokemon, Teams and Builds in Pokemon Champions",https://pikalytics.com/pokedex/gen9championsvgc2026regma,2,Garchomp,40.40
2026-05-25,2026-05-25T12:00:02Z,pikalytics,gen9championsvgc2026regma,"Best Pokemon, Teams and Builds in Pokemon Champions",https://pikalytics.com/pokedex/gen9championsvgc2026regma,3,Kingambit,38.21
2026-05-25,2026-05-25T12:00:02Z,pikalytics,gen9championsvgc2026regma,"Best Pokemon, Teams and Builds in Pokemon Champions",https://pikalytics.com/pokedex/gen9championsvgc2026regma,4,Basculegion,38.16
2026-05-25,2026-05-25T12:00:02Z,pikalytics,gen9championsvgc2026regma,"Best Pokemon, Teams and Builds in Pokemon Champions",https://pikalytics.com/pokedex/gen9championsvgc2026regma,5,Incineroar,35.84
2026-05-25,2026-05-25T12:00:02Z,pikalytics,gen9championsvgc2026regma,"Best Pokemon, Teams and Builds in Pokemon Champions",https://pikalytics.com/pokedex/gen9championsvgc2026regma,6,Sinistcha,26.87
2026-05-25,2026-05-25T12:00:02Z,pikalytics,gen9championsvgc2026regma,"Best Pokemon, Teams and Builds in Pokemon Champions",https://pikalytics.com/pokedex/gen9championsvgc2026regma,7,Floette-Mega,21.37
2026-05-25,2026-05-25T12:00:02Z,pikalytics,gen9championsvgc2026regma,"Best Pokemon, Teams and Builds in Pokemon Champions",https://pikalytics.com/pokedex/gen9championsvgc2026regma,8,Charizard-Mega-Y,17.86
2026-05-25,2026-05-25T12:00:02Z,pikalytics,gen9championsvgc2026regma,"Best Pokemon, Teams and Builds in Pokemon Champions",https://pikalytics.com/pokedex/gen9championsvgc2026regma,9,Pelipper,15.69
2026-05-25,2026-05-25T12:00:02Z,pikalytics,gen9championsvgc2026regma,"Best Pokemon, Teams and Builds in Pokemon Champions",https://pikalytics.com/pokedex/gen9championsvgc2026regma,10,Aerodactyl,15.26
2026-05-25,2026-05-25T12:00:02Z,pikalytics,gen9championsvgc2026regma,"Best Pokemon, Teams and Builds in Pokemon Champions",https://pikalytics.com/pokedex/gen9championsvgc2026regma,11,Archaludon,13.81
2026-05-25,2026-05-25T12:00:02Z,pikalytics,gen9championsvgc2026regma,"Best Pokemon, Teams and Builds in Pokemon Champions",https://pikalytics.com/pokedex/gen9championsvgc2026regma,12,Rotom-Wash,13.46
2026-05-25,2026-05-25T12:00:02Z,pikalytics,gen9championsvgc2026regma,"Best Pokemon, Teams and Builds in Pokemon Champions",https://pikalytics.com/pokedex/gen9championsvgc2026regma,13,Farigiraf,13.23
2026-05-25,2026-05-25T12:00:02Z,pikalytics,gen9championsvgc2026regma,"Best Pokemon, Teams and Builds in Pokemon Champions",https://pikalytics.com/pokedex/gen9championsvgc2026regma,14,Milotic,10.83
2026-05-25,2026-05-25T12:00:02Z,pikalytics,gen9championsvgc2026regma,"Best Pokemon, Teams and Builds in Pokemon Champions",https://pikalytics.com/pokedex/gen9championsvgc2026regma,15,Whimsicott,10.64
2026-05-25,2026-05-25T12:00:02Z,pikalytics,gen9championsvgc2026regma,"Best Pokemon, Teams and Builds in Pokemon Champions",https://pikalytics.com/pokedex/gen9championsvgc2026regma,16,Froslass-Mega,9.37
2026-05-25,2026-05-25T12:00:02Z,pikalytics,gen9championsvgc2026regma,"Best Pokemon, Teams and Builds in Pokemon Champions",https://pikalytics.com/pokedex/gen9championsvgc2026regma,17,Aegislash,8.32
2026-05-25,2026-05-25T12:00:02Z,pikalytics,gen9championsvgc2026regma,"Best Pokemon, Teams and Builds in Pokemon Champions",https://pikalytics.com/pokedex/gen9championsvgc2026regma,18,Sylveon,8.01
2026-05-25,2026-05-25T12:00:02Z,pikalytics,gen9championsvgc2026regma,"Best Pokemon, Teams and Builds in Pokemon Champions",https://pikalytics.com/pokedex/gen9championsvgc2026regma,19,Aerodactyl-Mega,7.94
2026-05-25,2026-05-25T12:00:02Z,pikalytics,gen9championsvgc2026regma,"Best Pokemon, Teams and Builds in Pokemon Champions",https://pikalytics.com/pokedex/gen9championsvgc2026regma,20,Talonflame,7.57
2026-05-25,2026-05-25T12:00:02Z,pikalytics,gen9championsvgc2026regma,"Best Pokemon, Teams and Builds in Pokemon Champions",https://pikalytics.com/pokedex/gen9championsvgc2026regma,21,Tyranitar-Mega,7.08
2026-05-25,2026-05-25T12:00:02Z,pikalytics,gen9championsvgc2026regma,"Best Pokemon, Teams and Builds in Pokemon Champions",https://pikalytics.com/pokedex/gen9championsvgc2026regma,22,Maushold,6.85
2026-05-25,2026-05-25T12:00:02Z,pikalytics,gen9championsvgc2026regma,"Best Pokemon, Teams and Builds in Pokemon Champions",https://pikalytics.com/pokedex/gen9championsvgc2026regma,23,Delphox-Mega,6.51
2026-05-25,2026-05-25T12:00:02Z,pikalytics,gen9championsvgc2026regma,"Best Pokemon, Teams and Builds in Pokemon Champions",https://pikalytics.com/pokedex/gen9championsvgc2026regma,24,Gengar-Mega,6.47
2026-05-25,2026-05-25T12:00:02Z,pikalytics,gen9championsvgc2026regma,"Best Pokemon, Teams and Builds in Pokemon Champions",https://pikalytics.com/pokedex/gen9championsvgc2026regma,25,Corviknight,5.93
2026-05-26,2026-05-26T12:00:06Z,pikalytics,gen9championsvgc2026regma,"Best Pokemon, Teams and Builds in Pokemon Champions",https://pikalytics.com/pokedex/gen9championsvgc2026regma,1,Sneasler,43.80
2026-05-26,2026-05-26T12:00:06Z,pikalytics,gen9championsvgc2026regma,"Best Pokemon, Teams and Builds in Pokemon Champions",https://pikalytics.com/pokedex/gen9championsvgc2026regma,2,Garchomp,40.40
2026-05-26,2026-05-26T12:00:06Z,pikalytics,gen9championsvgc2026regma,"Best Pokemon, Teams and Builds in Pokemon Champions",https://pikalytics.com/pokedex/gen9championsvgc2026regma,3,Kingambit,38.21
2026-05-26,2026-05-26T12:00:06Z,pikalytics,gen9championsvgc2026regma,"Best Pokemon, Teams and Builds in Pokemon Champions",https://pikalytics.com/pokedex/gen9championsvgc2026regma,4,Basculegion,38.16
2026-05-26,2026-05-26T12:00:06Z,pikalytics,gen9championsvgc2026regma,"Best Pokemon, Teams and Builds in Pokemon Champions",https://pikalytics.com/pokedex/gen9championsvgc2026regma,5,Incineroar,35.84
2026-05-26,2026-05-26T12:00:06Z,pikalytics,gen9championsvgc2026regma,"Best Pokemon, Teams and Builds in Pokemon Champions",https://pikalytics.com/pokedex/gen9championsvgc2026regma,6,Sinistcha,26.87
2026-05-26,2026-05-26T12:00:06Z,pikalytics,gen9championsvgc2026regma,"Best Pokemon, Teams and Builds in Pokemon Champions",https://pikalytics.com/pokedex/gen9championsvgc2026regma,7,Floette-Mega,21.37
2026-05-26,2026-05-26T12:00:06Z,pikalytics,gen9championsvgc2026regma,"Best Pokemon, Teams and Builds in Pokemon Champions",https://pikalytics.com/pokedex/gen9championsvgc2026regma,8,Charizard-Mega-Y,17.86
2026-05-26,2026-05-26T12:00:06Z,pikalytics,gen9championsvgc2026regma,"Best Pokemon, Teams and Builds in Pokemon Champions",https://pikalytics.com/pokedex/gen9championsvgc2026regma,9,Pelipper,15.69
2026-05-26,2026-05-26T12:00:06Z,pikalytics,gen9championsvgc2026regma,"Best Pokemon, Teams and Builds in Pokemon Champions",https://pikalytics.com/pokedex/gen9championsvgc2026regma,10,Aerodactyl,15.26
2026-05-26,2026-05-26T12:00:06Z,pikalytics,gen9championsvgc2026regma,"Best Pokemon, Teams and Builds in Pokemon Champions",https://pikalytics.com/pokedex/gen9championsvgc2026regma,11,Archaludon,13.81
2026-05-26,2026-05-26T12:00:06Z,pikalytics,gen9championsvgc2026regma,"Best Pokemon, Teams and Builds in Pokemon Champions",https://pikalytics.com/pokedex/gen9championsvgc2026regma,12,Rotom-Wash,13.46
2026-05-26,2026-05-26T12:00:06Z,pikalytics,gen9championsvgc2026regma,"Best Pokemon, Teams and Builds in Pokemon Champions",https://pikalytics.com/pokedex/gen9championsvgc2026regma,13,Farigiraf,13.23
2026-05-26,2026-05-26T12:00:06Z,pikalytics,gen9championsvgc2026regma,"Best Pokemon, Teams and Builds in Pokemon Champions",https://pikalytics.com/pokedex/gen9championsvgc2026regma,14,Milotic,10.83
2026-05-26,2026-05-26T12:00:06Z,pikalytics,gen9championsvgc2026regma,"Best Pokemon, Teams and Builds in Pokemon Champions",https://pikalytics.com/pokedex/gen9championsvgc2026regma,15,Whimsicott,10.64
2026-05-26,2026-05-26T12:00:06Z,pikalytics,gen9championsvgc2026regma,"Best Pokemon, Teams and Builds in Pokemon Champions",https://pikalytics.com/pokedex/gen9championsvgc2026regma,16,Froslass-Mega,9.37
2026-05-26,2026-05-26T12:00:06Z,pikalytics,gen9championsvgc2026regma,"Best Pokemon, Teams and Builds in Pokemon Champions",https://pikalytics.com/pokedex/gen9championsvgc2026regma,17,Aegislash,8.32
2026-05-26,2026-05-26T12:00:06Z,pikalytics,gen9championsvgc2026regma,"Best Pokemon, Teams and Builds in Pokemon Champions",https://pikalytics.com/pokedex/gen9championsvgc2026regma,18,Sylveon,8.01
2026-05-26,2026-05-26T12:00:06Z,pikalytics,gen9championsvgc2026regma,"Best Pokemon, Teams and Builds in Pokemon Champions",https://pikalytics.com/pokedex/gen9championsvgc2026regma,19,Aerodactyl-Mega,7.94
2026-05-26,2026-05-26T12:00:06Z,pikalytics,gen9championsvgc2026regma,"Best Pokemon, Teams and Builds in Pokemon Champions",https://pikalytics.com/pokedex/gen9championsvgc2026regma,20,Talonflame,7.57
2026-05-26,2026-05-26T12:00:06Z,pikalytics,gen9championsvgc2026regma,"Best Pokemon, Teams and Builds in Pokemon Champions",https://pikalytics.com/pokedex/gen9championsvgc2026regma,21,Tyranitar-Mega,7.08
2026-05-26,2026-05-26T12:00:06Z,pikalytics,gen9championsvgc2026regma,"Best Pokemon, Teams and Builds in Pokemon Champions",https://pikalytics.com/pokedex/gen9championsvgc2026regma,22,Maushold,6.85
2026-05-26,2026-05-26T12:00:06Z,pikalytics,gen9championsvgc2026regma,"Best Pokemon, Teams and Builds in Pokemon Champions",https://pikalytics.com/pokedex/gen9championsvgc2026regma,23,Delphox-Mega,6.51
2026-05-26,2026-05-26T12:00:06Z,pikalytics,gen9championsvgc2026regma,"Best Pokemon, Teams and Builds in Pokemon Champions",https://pikalytics.com/pokedex/gen9championsvgc2026regma,24,Gengar-Mega,6.47
2026-05-26,2026-05-26T12:00:06Z,pikalytics,gen9championsvgc2026regma,"Best Pokemon, Teams and Builds in Pokemon Champions",https://pikalytics.com/pokedex/gen9championsvgc2026regma,25,Corviknight,5.93
2026-05-27,2026-05-27T12:00:02Z,pikalytics,gen9championsvgc2026regma,"Best Pokemon, Teams and Builds in Pokemon Champions",https://pikalytics.com/pokedex/gen9championsvgc2026regma,1,Sneasler,43.80
2026-05-27,2026-05-27T12:00:02Z,pikalytics,gen9championsvgc2026regma,"Best Pokemon, Teams and Builds in Pokemon Champions",https://pikalytics.com/pokedex/gen9championsvgc2026regma,2,Garchomp,40.40
2026-05-27,2026-05-27T12:00:02Z,pikalytics,gen9championsvgc2026regma,"Best Pokemon, Teams and Builds in Pokemon Champions",https://pikalytics.com/pokedex/gen9championsvgc2026regma,3,Kingambit,38.21
2026-05-27,2026-05-27T12:00:02Z,pikalytics,gen9championsvgc2026regma,"Best Pokemon, Teams and Builds in Pokemon Champions",https://pikalytics.com/pokedex/gen9championsvgc2026regma,4,Basculegion,38.16
2026-05-27,2026-05-27T12:00:02Z,pikalytics,gen9championsvgc2026regma,"Best Pokemon, Teams and Builds in Pokemon Champions",https://pikalytics.com/pokedex/gen9championsvgc2026regma,5,Incineroar,35.84
2026-05-27,2026-05-27T12:00:02Z,pikalytics,gen9championsvgc2026regma,"Best Pokemon, Teams and Builds in Pokemon Champions",https://pikalytics.com/pokedex/gen9championsvgc2026regma,6,Sinistcha,26.87
2026-05-27,2026-05-27T12:00:02Z,pikalytics,gen9championsvgc2026regma,"Best Pokemon, Teams and Builds in Pokemon Champions",https://pikalytics.com/pokedex/gen9championsvgc2026regma,7,Floette-Mega,21.37
2026-05-27,2026-05-27T12:00:02Z,pikalytics,gen9championsvgc2026regma,"Best Pokemon, Teams and Builds in Pokemon Champions",https://pikalytics.com/pokedex/gen9championsvgc2026regma,8,Charizard-Mega-Y,17.86
2026-05-27,2026-05-27T12:00:02Z,pikalytics,gen9championsvgc2026regma,"Best Pokemon, Teams and Builds in Pokemon Champions",https://pikalytics.com/pokedex/gen9championsvgc2026regma,9,Pelipper,15.69
2026-05-27,2026-05-27T12:00:02Z,pikalytics,gen9championsvgc2026regma,"Best Pokemon, Teams and Builds in Pokemon Champions",https://pikalytics.com/pokedex/gen9championsvgc2026regma,10,Aerodactyl,15.26
2026-05-27,2026-05-27T12:00:02Z,pikalytics,gen9championsvgc2026regma,"Best Pokemon, Teams and Builds in Pokemon Champions",https://pikalytics.com/pokedex/gen9championsvgc2026regma,11,Archaludon,13.81
2026-05-27,2026-05-27T12:00:02Z,pikalytics,gen9championsvgc2026regma,"Best Pokemon, Teams and Builds in Pokemon Champions",https://pikalytics.com/pokedex/gen9championsvgc2026regma,12,Rotom-Wash,13.46
2026-05-27,2026-05-27T12:00:02Z,pikalytics,gen9championsvgc2026regma,"Best Pokemon, Teams and Builds in Pokemon Champions",https://pikalytics.com/pokedex/gen9championsvgc2026regma,13,Farigiraf,13.23
2026-05-27,2026-05-27T12:00:02Z,pikalytics,gen9championsvgc2026regma,"Best Pokemon, Teams and Builds in Pokemon Champions",https://pikalytics.com/pokedex/gen9championsvgc2026regma,14,Milotic,10.83
2026-05-27,2026-05-27T12:00:02Z,pikalytics,gen9championsvgc2026regma,"Best Pokemon, Teams and Builds in Pokemon Champions",https://pikalytics.com/pokedex/gen9championsvgc2026regma,15,Whimsicott,10.64
2026-05-27,2026-05-27T12:00:02Z,pikalytics,gen9championsvgc2026regma,"Best Pokemon, Teams and Builds in Pokemon Champions",https://pikalytics.com/pokedex/gen9championsvgc2026regma,16,Froslass-Mega,9.37
2026-05-27,2026-05-27T12:00:02Z,pikalytics,gen9championsvgc2026regma,"Best Pokemon, Teams and Builds in Pokemon Champions",https://pikalytics.com/pokedex/gen9championsvgc2026regma,17,Aegislash,8.32
2026-05-27,2026-05-27T12:00:02Z,pikalytics,gen9championsvgc2026regma,"Best Pokemon, Teams and Builds in Pokemon Champions",https://pikalytics.com/pokedex/gen9championsvgc2026regma,18,Sylveon,8.01
2026-05-27,2026-05-27T12:00:02Z,pikalytics,gen9championsvgc2026regma,"Best Pokemon, Teams and Builds in Pokemon Champions",https://pikalytics.com/pokedex/gen9championsvgc2026regma,19,Aerodactyl-Mega,7.94
2026-05-27,2026-05-27T12:00:02Z,pikalytics,gen9championsvgc2026regma,"Best Pokemon, Teams and Builds in Pokemon Champions",https://pikalytics.com/pokedex/gen9championsvgc2026regma,20,Talonflame,7.57
2026-05-27,2026-05-27T12:00:02Z,pikalytics,gen9championsvgc2026regma,"Best Pokemon, Teams and Builds in Pokemon Champions",https://pikalytics.com/pokedex/gen9championsvgc2026regma,21,Tyranitar-Mega,7.08
2026-05-27,2026-05-27T12:00:02Z,pikalytics,gen9championsvgc2026regma,"Best Pokemon, Teams and Builds in Pokemon Champions",https://pikalytics.com/pokedex/gen9championsvgc2026regma,22,Maushold,6.85
2026-05-27,2026-05-27T12:00:02Z,pikalytics,gen9championsvgc2026regma,"Best Pokemon, Teams and Builds in Pokemon Champions",https://pikalytics.com/pokedex/gen9championsvgc2026regma,23,Delphox-Mega,6.51
2026-05-27,2026-05-27T12:00:02Z,pikalytics,gen9championsvgc2026regma,"Best Pokemon, Teams and Builds in Pokemon Champions",https://pikalytics.com/pokedex/gen9championsvgc2026regma,24,Gengar-Mega,6.47
2026-05-27,2026-05-27T12:00:02Z,pikalytics,gen9championsvgc2026regma,"Best Pokemon, Teams and Builds in Pokemon Champions",https://pikalytics.com/pokedex/gen9championsvgc2026regma,25,Corviknight,5.93
2026-05-28,2026-05-28T12:00:02Z,pikalytics,gen9championsvgc2026regma,"Best Pokemon, Teams and Builds in Pokemon Champions",https://pikalytics.com/pokedex/gen9championsvgc2026regma,1,Sneasler,43.80
2026-05-28,2026-05-28T12:00:02Z,pikalytics,gen9championsvgc2026regma,"Best Pokemon, Teams and Builds in Pokemon Champions",https://pikalytics.com/pokedex/gen9championsvgc2026regma,2,Garchomp,40.40
2026-05-28,2026-05-28T12:00:02Z,pikalytics,gen9championsvgc2026regma,"Best Pokemon, Teams and Builds in Pokemon Champions",https://pikalytics.com/pokedex/gen9championsvgc2026regma,3,Kingambit,38.21
2026-05-28,2026-05-28T12:00:02Z,pikalytics,gen9championsvgc2026regma,"Best Pokemon, Teams and Builds in Pokemon Champions",https://pikalytics.com/pokedex/gen9championsvgc2026regma,4,Basculegion,38.16
2026-05-28,2026-05-28T12:00:02Z,pikalytics,gen9championsvgc2026regma,"Best Pokemon, Teams and Builds in Pokemon Champions",https://pikalytics.com/pokedex/gen9championsvgc2026regma,5,Incineroar,35.84
2026-05-28,2026-05-28T12:00:02Z,pikalytics,gen9championsvgc2026regma,"Best Pokemon, Teams and Builds in Pokemon Champions",https://pikalytics.com/pokedex/gen9championsvgc2026regma,6,Sinistcha,26.87
2026-05-28,2026-05-28T12:00:02Z,pikalytics,gen9championsvgc2026regma,"Best Pokemon, Teams and Builds in Pokemon Champions",https://pikalytics.com/pokedex/gen9championsvgc2026regma,7,Floette-Mega,21.37
2026-05-28,2026-05-28T12:00:02Z,pikalytics,gen9championsvgc2026regma,"Best Pokemon, Teams and Builds in Pokemon Champions",https://pikalytics.com/pokedex/gen9championsvgc2026regma,8,Charizard-Mega-Y,17.86
2026-05-28,2026-05-28T12:00:02Z,pikalytics,gen9championsvgc2026regma,"Best Pokemon, Teams and Builds in Pokemon Champions",https://pikalytics.com/pokedex/gen9championsvgc2026regma,9,Pelipper,15.69
2026-05-28,2026-05-28T12:00:02Z,pikalytics,gen9championsvgc2026regma,"Best Pokemon, Teams and Builds in Pokemon Champions",https://pikalytics.com/pokedex/gen9championsvgc2026regma,10,Aerodactyl,15.26
2026-05-28,2026-05-28T12:00:02Z,pikalytics,gen9championsvgc2026regma,"Best Pokemon, Teams and Builds in Pokemon Champions",https://pikalytics.com/pokedex/gen9championsvgc2026regma,11,Archaludon,13.81
2026-05-28,2026-05-28T12:00:02Z,pikalytics,gen9championsvgc2026regma,"Best Pokemon, Teams and Builds in Pokemon Champions",https://pikalytics.com/pokedex/gen9championsvgc2026regma,12,Rotom-Wash,13.46
2026-05-28,2026-05-28T12:00:02Z,pikalytics,gen9championsvgc2026regma,"Best Pokemon, Teams and Builds in Pokemon Champions",https://pikalytics.com/pokedex/gen9championsvgc2026regma,13,Farigiraf,13.23
2026-05-28,2026-05-28T12:00:02Z,pikalytics,gen9championsvgc2026regma,"Best Pokemon, Teams and Builds in Pokemon Champions",https://pikalytics.com/pokedex/gen9championsvgc2026regma,14,Milotic,10.83
2026-05-28,2026-05-28T12:00:02Z,pikalytics,gen9championsvgc2026regma,"Best Pokemon, Teams and Builds in Pokemon Champions",https://pikalytics.com/pokedex/gen9championsvgc2026regma,15,Whimsicott,10.64
2026-05-28,2026-05-28T12:00:02Z,pikalytics,gen9championsvgc2026regma,"Best Pokemon, Teams and Builds in Pokemon Champions",https://pikalytics.com/pokedex/gen9championsvgc2026regma,16,Froslass-Mega,9.37
2026-05-28,2026-05-28T12:00:02Z,pikalytics,gen9championsvgc2026regma,"Best Pokemon, Teams and Builds in Pokemon Champions",https://pikalytics.com/pokedex/gen9championsvgc2026regma,17,Aegislash,8.32
2026-05-28,2026-05-28T12:00:02Z,pikalytics,gen9championsvgc2026regma,"Best Pokemon, Teams and Builds in Pokemon Champions",https://pikalytics.com/pokedex/gen9championsvgc2026regma,18,Sylveon,8.01
2026-05-28,2026-05-28T12:00:02Z,pikalytics,gen9championsvgc2026regma,"Best Pokemon, Teams and Builds in Pokemon Champions",https://pikalytics.com/pokedex/gen9championsvgc2026regma,19,Aerodactyl-Mega,7.94
2026-05-28,2026-05-28T12:00:02Z,pikalytics,gen9championsvgc2026regma,"Best Pokemon, Teams and Builds in Pokemon Champions",https://pikalytics.com/pokedex/gen9championsvgc2026regma,20,Talonflame,7.57
2026-05-28,2026-05-28T12:00:02Z,pikalytics,gen9championsvgc2026regma,"Best Pokemon, Teams and Builds in Pokemon Champions",https://pikalytics.com/pokedex/gen9championsvgc2026regma,21,Tyranitar-Mega,7.08
2026-05-28,2026-05-28T12:00:02Z,pikalytics,gen9championsvgc2026regma,"Best Pokemon, Teams and Builds in Pokemon Champions",https://pikalytics.com/pokedex/gen9championsvgc2026regma,22,Maushold,6.85
2026-05-28,2026-05-28T12:00:02Z,pikalytics,gen9championsvgc2026regma,"Best Pokemon, Teams and Builds in Pokemon Champions",https://pikalytics.com/pokedex/gen9championsvgc2026regma,23,Delphox-Mega,6.51
2026-05-28,2026-05-28T12:00:02Z,pikalytics,gen9championsvgc2026regma,"Best Pokemon, Teams and Builds in Pokemon Champions",https://pikalytics.com/pokedex/gen9championsvgc2026regma,24,Gengar-Mega,6.47
2026-05-28,2026-05-28T12:00:02Z,pikalytics,gen9championsvgc2026regma,"Best Pokemon, Teams and Builds in Pokemon Champions",https://pikalytics.com/pokedex/gen9championsvgc2026regma,25,Corviknight,5.93
2026-05-29,2026-05-29T12:00:03Z,pikalytics,gen9championsvgc2026regma,"Best Pokemon, Teams and Builds in Pokemon Champions",https://pikalytics.com/pokedex/gen9championsvgc2026regma,1,Sneasler,43.80
2026-05-29,2026-05-29T12:00:03Z,pikalytics,gen9championsvgc2026regma,"Best Pokemon, Teams and Builds in Pokemon Champions",https://pikalytics.com/pokedex/gen9championsvgc2026regma,2,Garchomp,40.40
2026-05-29,2026-05-29T12:00:03Z,pikalytics,gen9championsvgc2026regma,"Best Pokemon, Teams and Builds in Pokemon Champions",https://pikalytics.com/pokedex/gen9championsvgc2026regma,3,Kingambit,38.21
2026-05-29,2026-05-29T12:00:03Z,pikalytics,gen9championsvgc2026regma,"Best Pokemon, Teams and Builds in Pokemon Champions",https://pikalytics.com/pokedex/gen9championsvgc2026regma,4,Basculegion,38.16
2026-05-29,2026-05-29T12:00:03Z,pikalytics,gen9championsvgc2026regma,"Best Pokemon, Teams and Builds in Pokemon Champions",https://pikalytics.com/pokedex/gen9championsvgc2026regma,5,Incineroar,35.84
2026-05-29,2026-05-29T12:00:03Z,pikalytics,gen9championsvgc2026regma,"Best Pokemon, Teams and Builds in Pokemon Champions",https://pikalytics.com/pokedex/gen9championsvgc2026regma,6,Sinistcha,26.87
2026-05-29,2026-05-29T12:00:03Z,pikalytics,gen9championsvgc2026regma,"Best Pokemon, Teams and Builds in Pokemon Champions",https://pikalytics.com/pokedex/gen9championsvgc2026regma,7,Floette-Mega,21.37
2026-05-29,2026-05-29T12:00:03Z,pikalytics,gen9championsvgc2026regma,"Best Pokemon, Teams and Builds in Pokemon Champions",https://pikalytics.com/pokedex/gen9championsvgc2026regma,8,Charizard-Mega-Y,17.86
2026-05-29,2026-05-29T12:00:03Z,pikalytics,gen9championsvgc2026regma,"Best Pokemon, Teams and Builds in Pokemon Champions",https://pikalytics.com/pokedex/gen9championsvgc2026regma,9,Pelipper,15.69
2026-05-29,2026-05-29T12:00:03Z,pikalytics,gen9championsvgc2026regma,"Best Pokemon, Teams and Builds in Pokemon Champions",https://pikalytics.com/pokedex/gen9championsvgc2026regma,10,Aerodactyl,15.26
2026-05-29,2026-05-29T12:00:03Z,pikalytics,gen9championsvgc2026regma,"Best Pokemon, Teams and Builds in Pokemon Champions",https://pikalytics.com/pokedex/gen9championsvgc2026regma,11,Archaludon,13.81
2026-05-29,2026-05-29T12:00:03Z,pikalytics,gen9championsvgc2026regma,"Best Pokemon, Teams and Builds in Pokemon Champions",https://pikalytics.com/pokedex/gen9championsvgc2026regma,12,Rotom-Wash,13.46
2026-05-29,2026-05-29T12:00:03Z,pikalytics,gen9championsvgc2026regma,"Best Pokemon, Teams and Builds in Pokemon Champions",https://pikalytics.com/pokedex/gen9championsvgc2026regma,13,Farigiraf,13.23
2026-05-29,2026-05-29T12:00:03Z,pikalytics,gen9championsvgc2026regma,"Best Pokemon, Teams and Builds in Pokemon Champions",https://pikalytics.com/pokedex/gen9championsvgc2026regma,14,Milotic,10.83
2026-05-29,2026-05-29T12:00:03Z,pikalytics,gen9championsvgc2026regma,"Best Pokemon, Teams and Builds in Pokemon Champions",https://pikalytics.com/pokedex/gen9championsvgc2026regma,15,Whimsicott,10.64
2026-05-29,2026-05-29T12:00:03Z,pikalytics,gen9championsvgc2026regma,"Best Pokemon, Teams and Builds in Pokemon Champions",https://pikalytics.com/pokedex/gen9championsvgc2026regma,16,Froslass-Mega,9.37
2026-05-29,2026-05-29T12:00:03Z,pikalytics,gen9championsvgc2026regma,"Best Pokemon, Teams and Builds in Pokemon Champions",https://pikalytics.com/pokedex/gen9championsvgc2026regma,17,Aegislash,8.32
2026-05-29,2026-05-29T12:00:03Z,pikalytics,gen9championsvgc2026regma,"Best Pokemon, Teams and Builds in Pokemon Champions",https://pikalytics.com/pokedex/gen9championsvgc2026regma,18,Sylveon,8.01
2026-05-29,2026-05-29T12:00:03Z,pikalytics,gen9championsvgc2026regma,"Best Pokemon, Teams and Builds in Pokemon Champions",https://pikalytics.com/pokedex/gen9championsvgc2026regma,19,Aerodactyl-Mega,7.94
2026-05-29,2026-05-29T12:00:03Z,pikalytics,gen9championsvgc2026regma,"Best Pokemon, Teams and Builds in Pokemon Champions",https://pikalytics.com/pokedex/gen9championsvgc2026regma,20,Talonflame,7.57
2026-05-29,2026-05-29T12:00:03Z,pikalytics,gen9championsvgc2026regma,"Best Pokemon, Teams and Builds in Pokemon Champions",https://pikalytics.com/pokedex/gen9championsvgc2026regma,21,Tyranitar-Mega,7.08
2026-05-29,2026-05-29T12:00:03Z,pikalytics,gen9championsvgc2026regma,"Best Pokemon, Teams and Builds in Pokemon Champions",https://pikalytics.com/pokedex/gen9championsvgc2026regma,22,Maushold,6.85
2026-05-29,2026-05-29T12:00:03Z,pikalytics,gen9championsvgc2026regma,"Best Pokemon, Teams and Builds in Pokemon Champions",https://pikalytics.com/pokedex/gen9championsvgc2026regma,23,Delphox-Mega,6.51
2026-05-29,2026-05-29T12:00:03Z,pikalytics,gen9championsvgc2026regma,"Best Pokemon, Teams and Builds in Pokemon Champions",https://pikalytics.com/pokedex/gen9championsvgc2026regma,24,Gengar-Mega,6.47
2026-05-29,2026-05-29T12:00:03Z,pikalytics,gen9championsvgc2026regma,"Best Pokemon, Teams and Builds in Pokemon Champions",https://pikalytics.com/pokedex/gen9championsvgc2026regma,25,Corviknight,5.93
2026-05-30,2026-05-30T12:00:02Z,pikalytics,gen9championsvgc2026regma,"Best Pokemon, teams, and builds in Pokemon Champions VGC 2026",https://pikalytics.com/pokedex/gen9championsvgc2026regma,1,Sneasler,43.80
2026-05-30,2026-05-30T12:00:02Z,pikalytics,gen9championsvgc2026regma,"Best Pokemon, teams, and builds in Pokemon Champions VGC 2026",https://pikalytics.com/pokedex/gen9championsvgc2026regma,2,Garchomp,40.40
2026-05-30,2026-05-30T12:00:02Z,pikalytics,gen9championsvgc2026regma,"Best Pokemon, teams, and builds in Pokemon Champions VGC 2026",https://pikalytics.com/pokedex/gen9championsvgc2026regma,3,Kingambit,38.21
2026-05-30,2026-05-30T12:00:02Z,pikalytics,gen9championsvgc2026regma,"Best Pokemon, teams, and builds in Pokemon Champions VGC 2026",https://pikalytics.com/pokedex/gen9championsvgc2026regma,4,Basculegion,38.16
2026-05-30,2026-05-30T12:00:02Z,pikalytics,gen9championsvgc2026regma,"Best Pokemon, teams, and builds in Pokemon Champions VGC 2026",https://pikalytics.com/pokedex/gen9championsvgc2026regma,5,Incineroar,35.84
2026-05-30,2026-05-30T12:00:02Z,pikalytics,gen9championsvgc2026regma,"Best Pokemon, teams, and builds in Pokemon Champions VGC 2026",https://pikalytics.com/pokedex/gen9championsvgc2026regma,6,Sinistcha,26.87
2026-05-30,2026-05-30T12:00:02Z,pikalytics,gen9championsvgc2026regma,"Best Pokemon, teams, and builds in Pokemon Champions VGC 2026",https://pikalytics.com/pokedex/gen9championsvgc2026regma,7,Floette-Mega,21.37
2026-05-30,2026-05-30T12:00:02Z,pikalytics,gen9championsvgc2026regma,"Best Pokemon, teams, and builds in Pokemon Champions VGC 2026",https://pikalytics.com/pokedex/gen9championsvgc2026regma,8,Charizard-Mega-Y,17.86
2026-05-30,2026-05-30T12:00:02Z,pikalytics,gen9championsvgc2026regma,"Best Pokemon, teams, and builds in Pokemon Champions VGC 2026",https://pikalytics.com/pokedex/gen9championsvgc2026regma,9,Pelipper,15.69
2026-05-30,2026-05-30T12:00:02Z,pikalytics,gen9championsvgc2026regma,"Best Pokemon, teams, and builds in Pokemon Champions VGC 2026",https://pikalytics.com/pokedex/gen9championsvgc2026regma,10,Aerodactyl,15.26
2026-05-30,2026-05-30T12:00:02Z,pikalytics,gen9championsvgc2026regma,"Best Pokemon, teams, and builds in Pokemon Champions VGC 2026",https://pikalytics.com/pokedex/gen9championsvgc2026regma,11,Archaludon,13.81
2026-05-30,2026-05-30T12:00:02Z,pikalytics,gen9championsvgc2026regma,"Best Pokemon, teams, and builds in Pokemon Champions VGC 2026",https://pikalytics.com/pokedex/gen9championsvgc2026regma,12,Rotom-Wash,13.46
2026-05-30,2026-05-30T12:00:02Z,pikalytics,gen9championsvgc2026regma,"Best Pokemon, teams, and builds in Pokemon Champions VGC 2026",https://pikalytics.com/pokedex/gen9championsvgc2026regma,13,Farigiraf,13.23
2026-05-30,2026-05-30T12:00:02Z,pikalytics,gen9championsvgc2026regma,"Best Pokemon, teams, and builds in Pokemon Champions VGC 2026",https://pikalytics.com/pokedex/gen9championsvgc2026regma,14,Milotic,10.83
2026-05-30,2026-05-30T12:00:02Z,pikalytics,gen9championsvgc2026regma,"Best Pokemon, teams, and builds in Pokemon Champions VGC 2026",https://pikalytics.com/pokedex/gen9championsvgc2026regma,15,Whimsicott,10.64
2026-05-30,2026-05-30T12:00:02Z,pikalytics,gen9championsvgc2026regma,"Best Pokemon, teams, and builds in Pokemon Champions VGC 2026",https://pikalytics.com/pokedex/gen9championsvgc2026regma,16,Froslass-Mega,9.37
2026-05-30,2026-05-30T12:00:02Z,pikalytics,gen9championsvgc2026regma,"Best Pokemon, teams, and builds in Pokemon Champions VGC 2026",https://pikalytics.com/pokedex/gen9championsvgc2026regma,17,Aegislash,8.32
2026-05-30,2026-05-30T12:00:02Z,pikalytics,gen9championsvgc2026regma,"Best Pokemon, teams, and builds in Pokemon Champions VGC 2026",https://pikalytics.com/pokedex/gen9championsvgc2026regma,18,Sylveon,8.01
2026-05-30,2026-05-30T12:00:02Z,pikalytics,gen9championsvgc2026regma,"Best Pokemon, teams, and builds in Pokemon Champions VGC 2026",https://pikalytics.com/pokedex/gen9championsvgc2026regma,19,Aerodactyl-Mega,7.94
2026-05-30,2026-05-30T12:00:02Z,pikalytics,gen9championsvgc2026regma,"Best Pokemon, teams, and builds in Pokemon Champions VGC 2026",https://pikalytics.com/pokedex/gen9championsvgc2026regma,20,Talonflame,7.57
2026-05-30,2026-05-30T12:00:02Z,pikalytics,gen9championsvgc2026regma,"Best Pokemon, teams, and builds in Pokemon Champions VGC 2026",https://pikalytics.com/pokedex/gen9championsvgc2026regma,21,Tyranitar-Mega,7.08
2026-05-30,2026-05-30T12:00:02Z,pikalytics,gen9championsvgc2026regma,"Best Pokemon, teams, and builds in Pokemon Champions VGC 2026",https://pikalytics.com/pokedex/gen9championsvgc2026regma,22,Maushold,6.85
2026-05-30,2026-05-30T12:00:02Z,pikalytics,gen9championsvgc2026regma,"Best Pokemon, teams, and builds in Pokemon Champions VGC 2026",https://pikalytics.com/pokedex/gen9championsvgc2026regma,23,Delphox-Mega,6.51
2026-05-30,2026-05-30T12:00:02Z,pikalytics,gen9championsvgc2026regma,"Best Pokemon, teams, and builds in Pokemon Champions VGC 2026",https://pikalytics.com/pokedex/gen9championsvgc2026regma,24,Gengar-Mega,6.47
2026-05-30,2026-05-30T12:00:02Z,pikalytics,gen9championsvgc2026regma,"Best Pokemon, teams, and builds in Pokemon Champions VGC 2026",https://pikalytics.com/pokedex/gen9championsvgc2026regma,25,Corviknight,5.93
2026-05-31,2026-05-31T12:00:02Z,pikalytics,gen9championsvgc2026regma,"Best Pokemon, teams, and builds in Pokemon Champions VGC 2026",https://pikalytics.com/pokedex/gen9championsvgc2026regma,1,Sneasler,43.80
2026-05-31,2026-05-31T12:00:02Z,pikalytics,gen9championsvgc2026regma,"Best Pokemon, teams, and builds in Pokemon Champions VGC 2026",https://pikalytics.com/pokedex/gen9championsvgc2026regma,2,Garchomp,40.40
2026-05-31,2026-05-31T12:00:02Z,pikalytics,gen9championsvgc2026regma,"Best Pokemon, teams, and builds in Pokemon Champions VGC 2026",https://pikalytics.com/pokedex/gen9championsvgc2026regma,3,Kingambit,38.21
2026-05-31,2026-05-31T12:00:02Z,pikalytics,gen9championsvgc2026regma,"Best Pokemon, teams, and builds in Pokemon Champions VGC 2026",https://pikalytics.com/pokedex/gen9championsvgc2026regma,4,Basculegion,38.16
2026-05-31,2026-05-31T12:00:02Z,pikalytics,gen9championsvgc2026regma,"Best Pokemon, teams, and builds in Pokemon Champions VGC 2026",https://pikalytics.com/pokedex/gen9championsvgc2026regma,5,Incineroar,35.84
2026-05-31,2026-05-31T12:00:02Z,pikalytics,gen9championsvgc2026regma,"Best Pokemon, teams, and builds in Pokemon Champions VGC 2026",https://pikalytics.com/pokedex/gen9championsvgc2026regma,6,Sinistcha,26.87
2026-05-31,2026-05-31T12:00:02Z,pikalytics,gen9championsvgc2026regma,"Best Pokemon, teams, and builds in Pokemon Champions VGC 2026",https://pikalytics.com/pokedex/gen9championsvgc2026regma,7,Floette-Mega,21.37
2026-05-31,2026-05-31T12:00:02Z,pikalytics,gen9championsvgc2026regma,"Best Pokemon, teams, and builds in Pokemon Champions VGC 2026",https://pikalytics.com/pokedex/gen9championsvgc2026regma,8,Charizard-Mega-Y,17.86
2026-05-31,2026-05-31T12:00:02Z,pikalytics,gen9championsvgc2026regma,"Best Pokemon, teams, and builds in Pokemon Champions VGC 2026",https://pikalytics.com/pokedex/gen9championsvgc2026regma,9,Pelipper,15.69
2026-05-31,2026-05-31T12:00:02Z,pikalytics,gen9championsvgc2026regma,"Best Pokemon, teams, and builds in Pokemon Champions VGC 2026",https://pikalytics.com/pokedex/gen9championsvgc2026regma,10,Aerodactyl,15.26
2026-05-31,2026-05-31T12:00:02Z,pikalytics,gen9championsvgc2026regma,"Best Pokemon, teams, and builds in Pokemon Champions VGC 2026",https://pikalytics.com/pokedex/gen9championsvgc2026regma,11,Archaludon,13.81
2026-05-31,2026-05-31T12:00:02Z,pikalytics,gen9championsvgc2026regma,"Best Pokemon, teams, and builds in Pokemon Champions VGC 2026",https://pikalytics.com/pokedex/gen9championsvgc2026regma,12,Rotom-Wash,13.46
2026-05-31,2026-05-31T12:00:02Z,pikalytics,gen9championsvgc2026regma,"Best Pokemon, teams, and builds in Pokemon Champions VGC 2026",https://pikalytics.com/pokedex/gen9championsvgc2026regma,13,Farigiraf,13.23
2026-05-31,2026-05-31T12:00:02Z,pikalytics,gen9championsvgc2026regma,"Best Pokemon, teams, and builds in Pokemon Champions VGC 2026",https://pikalytics.com/pokedex/gen9championsvgc2026regma,14,Milotic,10.83
2026-05-31,2026-05-31T12:00:02Z,pikalytics,gen9championsvgc2026regma,"Best Pokemon, teams, and builds in Pokemon Champions VGC 2026",https://pikalytics.com/pokedex/gen9championsvgc2026regma,15,Whimsicott,10.64
2026-05-31,2026-05-31T12:00:02Z,pikalytics,gen9championsvgc2026regma,"Best Pokemon, teams, and builds in Pokemon Champions VGC 2026",https://pikalytics.com/pokedex/gen9championsvgc2026regma,16,Froslass-Mega,9.37
2026-05-31,2026-05-31T12:00:02Z,pikalytics,gen9championsvgc2026regma,"Best Pokemon, teams, and builds in Pokemon Champions VGC 2026",https://pikalytics.com/pokedex/gen9championsvgc2026regma,17,Aegislash,8.32
2026-05-31,2026-05-31T12:00:02Z,pikalytics,gen9championsvgc2026regma,"Best Pokemon, teams, and builds in Pokemon Champions VGC 2026",https://pikalytics.com/pokedex/gen9championsvgc2026regma,18,Sylveon,8.01
2026-05-31,2026-05-31T12:00:02Z,pikalytics,gen9championsvgc2026regma,"Best Pokemon, teams, and builds in Pokemon Champions VGC 2026",https://pikalytics.com/pokedex/gen9championsvgc2026regma,19,Aerodactyl-Mega,7.94
2026-05-31,2026-05-31T12:00:02Z,pikalytics,gen9championsvgc2026regma,"Best Pokemon, teams, and builds in Pokemon Champions VGC 2026",https://pikalytics.com/pokedex/gen9championsvgc2026regma,20,Talonflame,7.57
2026-05-31,2026-05-31T12:00:02Z,pikalytics,gen9championsvgc2026regma,"Best Pokemon, teams, and builds in Pokemon Champions VGC 2026",https://pikalytics.com/pokedex/gen9championsvgc2026regma,21,Tyranitar-Mega,7.08
2026-05-31,2026-05-31T12:00:02Z,pikalytics,gen9championsvgc2026regma,"Best Pokemon, teams, and builds in Pokemon Champions VGC 2026",https://pikalytics.com/pokedex/gen9championsvgc2026regma,22,Maushold,6.85
2026-05-31,2026-05-31T12:00:02Z,pikalytics,gen9championsvgc2026regma,"Best Pokemon, teams, and builds in Pokemon Champions VGC 2026",https://pikalytics.com/pokedex/gen9championsvgc2026regma,23,Delphox-Mega,6.51
2026-05-31,2026-05-31T12:00:02Z,pikalytics,gen9championsvgc2026regma,"Best Pokemon, teams, and builds in Pokemon Champions VGC 2026",https://pikalytics.com/pokedex/gen9championsvgc2026regma,24,Gengar-Mega,6.47
2026-05-31,2026-05-31T12:00:02Z,pikalytics,gen9championsvgc2026regma,"Best Pokemon, teams, and builds in Pokemon Champions VGC 2026",https://pikalytics.com/pokedex/gen9championsvgc2026regma,25,Corviknight,5.93
2026-06-01,2026-06-01T12:00:02Z,pikalytics,gen9championsvgc2026regma,"Best Pokemon, teams, and builds in Pokemon Champions VGC 2026",https://pikalytics.com/pokedex/gen9championsvgc2026regma,1,Sneasler,43.80
2026-06-01,2026-06-01T12:00:02Z,pikalytics,gen9championsvgc2026regma,"Best Pokemon, teams, and builds in Pokemon Champions VGC 2026",https://pikalytics.com/pokedex/gen9championsvgc2026regma,2,Garchomp,40.40
2026-06-01,2026-06-01T12:00:02Z,pikalytics,gen9championsvgc2026regma,"Best Pokemon, teams, and builds in Pokemon Champions VGC 2026",https://pikalytics.com/pokedex/gen9championsvgc2026regma,3,Kingambit,38.21
2026-06-01,2026-06-01T12:00:02Z,pikalytics,gen9championsvgc2026regma,"Best Pokemon, teams, and builds in Pokemon Champions VGC 2026",https://pikalytics.com/pokedex/gen9championsvgc2026regma,4,Basculegion,38.16
2026-06-01,2026-06-01T12:00:02Z,pikalytics,gen9championsvgc2026regma,"Best Pokemon, teams, and builds in Pokemon Champions VGC 2026",https://pikalytics.com/pokedex/gen9championsvgc2026regma,5,Incineroar,35.84
2026-06-01,2026-06-01T12:00:02Z,pikalytics,gen9championsvgc2026regma,"Best Pokemon, teams, and builds in Pokemon Champions VGC 2026",https://pikalytics.com/pokedex/gen9championsvgc2026regma,6,Sinistcha,26.87
2026-06-01,2026-06-01T12:00:02Z,pikalytics,gen9championsvgc2026regma,"Best Pokemon, teams, and builds in Pokemon Champions VGC 2026",https://pikalytics.com/pokedex/gen9championsvgc2026regma,7,Floette-Mega,21.37
2026-06-01,2026-06-01T12:00:02Z,pikalytics,gen9championsvgc2026regma,"Best Pokemon, teams, and builds in Pokemon Champions VGC 2026",https://pikalytics.com/pokedex/gen9championsvgc2026regma,8,Charizard-Mega-Y,17.86
2026-06-01,2026-06-01T12:00:02Z,pikalytics,gen9championsvgc2026regma,"Best Pokemon, teams, and builds in Pokemon Champions VGC 2026",https://pikalytics.com/pokedex/gen9championsvgc2026regma,9,Pelipper,15.69
2026-06-01,2026-06-01T12:00:02Z,pikalytics,gen9championsvgc2026regma,"Best Pokemon, teams, and builds in Pokemon Champions VGC 2026",https://pikalytics.com/pokedex/gen9championsvgc2026regma,10,Aerodactyl,15.26
2026-06-01,2026-06-01T12:00:02Z,pikalytics,gen9championsvgc2026regma,"Best Pokemon, teams, and builds in Pokemon Champions VGC 2026",https://pikalytics.com/pokedex/gen9championsvgc2026regma,11,Archaludon,13.81
2026-06-01,2026-06-01T12:00:02Z,pikalytics,gen9championsvgc2026regma,"Best Pokemon, teams, and builds in Pokemon Champions VGC 2026",https://pikalytics.com/pokedex/gen9championsvgc2026regma,12,Rotom-Wash,13.46
2026-06-01,2026-06-01T12:00:02Z,pikalytics,gen9championsvgc2026regma,"Best Pokemon, teams, and builds in Pokemon Champions VGC 2026",https://pikalytics.com/pokedex/gen9championsvgc2026regma,13,Farigiraf,13.23
2026-06-01,2026-06-01T12:00:02Z,pikalytics,gen9championsvgc2026regma,"Best Pokemon, teams, and builds in Pokemon Champions VGC 2026",https://pikalytics.com/pokedex/gen9championsvgc2026regma,14,Milotic,10.83
2026-06-01,2026-06-01T12:00:02Z,pikalytics,gen9championsvgc2026regma,"Best Pokemon, teams, and builds in Pokemon Champions VGC 2026",https://pikalytics.com/pokedex/gen9championsvgc2026regma,15,Whimsicott,10.64
2026-06-01,2026-06-01T12:00:02Z,pikalytics,gen9championsvgc2026regma,"Best Pokemon, teams, and builds in Pokemon Champions VGC 2026",https://pikalytics.com/pokedex/gen9championsvgc2026regma,16,Froslass-Mega,9.37
2026-06-01,2026-06-01T12:00:02Z,pikalytics,gen9championsvgc2026regma,"Best Pokemon, teams, and builds in Pokemon Champions VGC 2026",https://pikalytics.com/pokedex/gen9championsvgc2026regma,17,Aegislash,8.32
2026-06-01,2026-06-01T12:00:02Z,pikalytics,gen9championsvgc2026regma,"Best Pokemon, teams, and builds in Pokemon Champions VGC 2026",https://pikalytics.com/pokedex/gen9championsvgc2026regma,18,Sylveon,8.01
2026-06-01,2026-06-01T12:00:02Z,pikalytics,gen9championsvgc2026regma,"Best Pokemon, teams, and builds in Pokemon Champions VGC 2026",https://pikalytics.com/pokedex/gen9championsvgc2026regma,19,Aerodactyl-Mega,7.94
2026-06-01,2026-06-01T12:00:02Z,pikalytics,gen9championsvgc2026regma,"Best Pokemon, teams, and builds in Pokemon Champions VGC 2026",https://pikalytics.com/pokedex/gen9championsvgc2026regma,20,Talonflame,7.57
2026-06-01,2026-06-01T12:00:02Z,pikalytics,gen9championsvgc2026regma,"Best Pokemon, teams, and builds in Pokemon Champions VGC 2026",https://pikalytics.com/pokedex/gen9championsvgc2026regma,21,Tyranitar-Mega,7.08
2026-06-01,2026-06-01T12:00:02Z,pikalytics,gen9championsvgc2026regma,"Best Pokemon, teams, and builds in Pokemon Champions VGC 2026",https://pikalytics.com/pokedex/gen9championsvgc2026regma,22,Maushold,6.85
2026-06-01,2026-06-01T12:00:02Z,pikalytics,gen9championsvgc2026regma,"Best Pokemon, teams, and builds in Pokemon Champions VGC 2026",https://pikalytics.com/pokedex/gen9championsvgc2026regma,23,Delphox-Mega,6.51
2026-06-01,2026-06-01T12:00:02Z,pikalytics,gen9championsvgc2026regma,"Best Pokemon, teams, and builds in Pokemon Champions VGC 2026",https://pikalytics.com/pokedex/gen9championsvgc2026regma,24,Gengar-Mega,6.47
2026-06-01,2026-06-01T12:00:02Z,pikalytics,gen9championsvgc2026regma,"Best Pokemon, teams, and builds in Pokemon Champions VGC 2026",https://pikalytics.com/pokedex/gen9championsvgc2026regma,25,Corviknight,5.93
2026-06-02,2026-06-02T12:00:03Z,pikalytics,gen9championsvgc2026regma,"Best Pokemon, teams, and builds in Pokemon Champions VGC 2026",https://pikalytics.com/pokedex/gen9championsvgc2026regma,1,Basculegion,51.50
2026-06-02,2026-06-02T12:00:03Z,pikalytics,gen9championsvgc2026regma,"Best Pokemon, teams, and builds in Pokemon Champions VGC 2026",https://pikalytics.com/pokedex/gen9championsvgc2026regma,2,Kingambit,40.69
2026-06-02,2026-06-02T12:00:03Z,pikalytics,gen9championsvgc2026regma,"Best Pokemon, teams, and builds in Pokemon Champions VGC 2026",https://pikalytics.com/pokedex/gen9championsvgc2026regma,3,Garchomp,40.53
2026-06-02,2026-06-02T12:00:03Z,pikalytics,gen9championsvgc2026regma,"Best Pokemon, teams, and builds in Pokemon Champions VGC 2026",https://pikalytics.com/pokedex/gen9championsvgc2026regma,4,Charizard-Mega-Y,31.81
2026-06-02,2026-06-02T12:00:03Z,pikalytics,gen9championsvgc2026regma,"Best Pokemon, teams, and builds in Pokemon Champions VGC 2026",https://pikalytics.com/pokedex/gen9championsvgc2026regma,5,Sneasler,28.58
2026-06-02,2026-06-02T12:00:03Z,pikalytics,gen9championsvgc2026regma,"Best Pokemon, teams, and builds in Pokemon Champions VGC 2026",https://pikalytics.com/pokedex/gen9championsvgc2026regma,6,Incineroar,25.93
2026-06-02,2026-06-02T12:00:03Z,pikalytics,gen9championsvgc2026regma,"Best Pokemon, teams, and builds in Pokemon Champions VGC 2026",https://pikalytics.com/pokedex/gen9championsvgc2026regma,7,Floette-Mega,23.92
2026-06-02,2026-06-02T12:00:03Z,pikalytics,gen9championsvgc2026regma,"Best Pokemon, teams, and builds in Pokemon Champions VGC 2026",https://pikalytics.com/pokedex/gen9championsvgc2026regma,8,Sinistcha,20.44
2026-06-02,2026-06-02T12:00:03Z,pikalytics,gen9championsvgc2026regma,"Best Pokemon, teams, and builds in Pokemon Champions VGC 2026",https://pikalytics.com/pokedex/gen9championsvgc2026regma,9,Sylveon,17.90
2026-06-02,2026-06-02T12:00:03Z,pikalytics,gen9championsvgc2026regma,"Best Pokemon, teams, and builds in Pokemon Champions VGC 2026",https://pikalytics.com/pokedex/gen9championsvgc2026regma,10,Whimsicott,17.65
2026-06-02,2026-06-02T12:00:03Z,pikalytics,gen9championsvgc2026regma,"Best Pokemon, teams, and builds in Pokemon Champions VGC 2026",https://pikalytics.com/pokedex/gen9championsvgc2026regma,11,Archaludon,17.43
2026-06-02,2026-06-02T12:00:03Z,pikalytics,gen9championsvgc2026regma,"Best Pokemon, teams, and builds in Pokemon Champions VGC 2026",https://pikalytics.com/pokedex/gen9championsvgc2026regma,12,Farigiraf,16.12
2026-06-02,2026-06-02T12:00:03Z,pikalytics,gen9championsvgc2026regma,"Best Pokemon, teams, and builds in Pokemon Champions VGC 2026",https://pikalytics.com/pokedex/gen9championsvgc2026regma,13,Aerodactyl-Mega,12.19
2026-06-02,2026-06-02T12:00:03Z,pikalytics,gen9championsvgc2026regma,"Best Pokemon, teams, and builds in Pokemon Champions VGC 2026",https://pikalytics.com/pokedex/gen9championsvgc2026regma,14,Pelipper,12.15
2026-06-02,2026-06-02T12:00:03Z,pikalytics,gen9championsvgc2026regma,"Best Pokemon, teams, and builds in Pokemon Champions VGC 2026",https://pikalytics.com/pokedex/gen9championsvgc2026regma,15,Sableye,8.84
2026-06-02,2026-06-02T12:00:03Z,pikalytics,gen9championsvgc2026regma,"Best Pokemon, teams, and builds in Pokemon Champions VGC 2026",https://pikalytics.com/pokedex/gen9championsvgc2026regma,16,Dragonite-Mega,7.92
2026-06-02,2026-06-02T12:00:03Z,pikalytics,gen9championsvgc2026regma,"Best Pokemon, teams, and builds in Pokemon Champions VGC 2026",https://pikalytics.com/pokedex/gen9championsvgc2026regma,17,Maushold,7.90
2026-06-02,2026-06-02T12:00:03Z,pikalytics,gen9championsvgc2026regma,"Best Pokemon, teams, and builds in Pokemon Champions VGC 2026",https://pikalytics.com/pokedex/gen9championsvgc2026regma,18,Aegislash,7.46
2026-06-02,2026-06-02T12:00:03Z,pikalytics,gen9championsvgc2026regma,"Best Pokemon, teams, and builds in Pokemon Champions VGC 2026",https://pikalytics.com/pokedex/gen9championsvgc2026regma,19,Blastoise-Mega,7.45
2026-06-02,2026-06-02T12:00:03Z,pikalytics,gen9championsvgc2026regma,"Best Pokemon, teams, and builds in Pokemon Champions VGC 2026",https://pikalytics.com/pokedex/gen9championsvgc2026regma,20,Rotom-Wash,7.43
2026-06-02,2026-06-02T12:00:03Z,pikalytics,gen9championsvgc2026regma,"Best Pokemon, teams, and builds in Pokemon Champions VGC 2026",https://pikalytics.com/pokedex/gen9championsvgc2026regma,21,Glimmora,6.80
2026-06-02,2026-06-02T12:00:03Z,pikalytics,gen9championsvgc2026regma,"Best Pokemon, teams, and builds in Pokemon Champions VGC 2026",https://pikalytics.com/pokedex/gen9championsvgc2026regma,22,Aerodactyl,6.72
2026-06-02,2026-06-02T12:00:03Z,pikalytics,gen9championsvgc2026regma,"Best Pokemon, teams, and builds in Pokemon Champions VGC 2026",https://pikalytics.com/pokedex/gen9championsvgc2026regma,23,Talonflame,6.19
2026-06-02,2026-06-02T12:00:03Z,pikalytics,gen9championsvgc2026regma,"Best Pokemon, teams, and builds in Pokemon Champions VGC 2026",https://pikalytics.com/pokedex/gen9championsvgc2026regma,24,Froslass-Mega,6.09
2026-06-02,2026-06-02T12:00:03Z,pikalytics,gen9championsvgc2026regma,"Best Pokemon, teams, and builds in Pokemon Champions VGC 2026",https://pikalytics.com/pokedex/gen9championsvgc2026regma,25,Scovillain-Mega,6.01
2026-06-03,2026-06-03T12:00:02Z,pikalytics,gen9championsvgc2026regma,"Best Pokemon, teams, and builds in Pokemon Champions VGC 2026",https://pikalytics.com/pokedex/gen9championsvgc2026regma,1,Basculegion,51.50
2026-06-03,2026-06-03T12:00:02Z,pikalytics,gen9championsvgc2026regma,"Best Pokemon, teams, and builds in Pokemon Champions VGC 2026",https://pikalytics.com/pokedex/gen9championsvgc2026regma,2,Kingambit,40.69
2026-06-03,2026-06-03T12:00:02Z,pikalytics,gen9championsvgc2026regma,"Best Pokemon, teams, and builds in Pokemon Champions VGC 2026",https://pikalytics.com/pokedex/gen9championsvgc2026regma,3,Garchomp,40.53
2026-06-03,2026-06-03T12:00:02Z,pikalytics,gen9championsvgc2026regma,"Best Pokemon, teams, and builds in Pokemon Champions VGC 2026",https://pikalytics.com/pokedex/gen9championsvgc2026regma,4,Charizard-Mega-Y,31.81
2026-06-03,2026-06-03T12:00:02Z,pikalytics,gen9championsvgc2026regma,"Best Pokemon, teams, and builds in Pokemon Champions VGC 2026",https://pikalytics.com/pokedex/gen9championsvgc2026regma,5,Sneasler,28.58
2026-06-03,2026-06-03T12:00:02Z,pikalytics,gen9championsvgc2026regma,"Best Pokemon, teams, and builds in Pokemon Champions VGC 2026",https://pikalytics.com/pokedex/gen9championsvgc2026regma,6,Incineroar,25.93
2026-06-03,2026-06-03T12:00:02Z,pikalytics,gen9championsvgc2026regma,"Best Pokemon, teams, and builds in Pokemon Champions VGC 2026",https://pikalytics.com/pokedex/gen9championsvgc2026regma,7,Floette-Mega,23.92
2026-06-03,2026-06-03T12:00:02Z,pikalytics,gen9championsvgc2026regma,"Best Pokemon, teams, and builds in Pokemon Champions VGC 2026",https://pikalytics.com/pokedex/gen9championsvgc2026regma,8,Sinistcha,20.44
2026-06-03,2026-06-03T12:00:02Z,pikalytics,gen9championsvgc2026regma,"Best Pokemon, teams, and builds in Pokemon Champions VGC 2026",https://pikalytics.com/pokedex/gen9championsvgc2026regma,9,Sylveon,17.90
2026-06-03,2026-06-03T12:00:02Z,pikalytics,gen9championsvgc2026regma,"Best Pokemon, teams, and builds in Pokemon Champions VGC 2026",https://pikalytics.com/pokedex/gen9championsvgc2026regma,10,Whimsicott,17.65
2026-06-03,2026-06-03T12:00:02Z,pikalytics,gen9championsvgc2026regma,"Best Pokemon, teams, and builds in Pokemon Champions VGC 2026",https://pikalytics.com/pokedex/gen9championsvgc2026regma,11,Archaludon,17.43
2026-06-03,2026-06-03T12:00:02Z,pikalytics,gen9championsvgc2026regma,"Best Pokemon, teams, and builds in Pokemon Champions VGC 2026",https://pikalytics.com/pokedex/gen9championsvgc2026regma,12,Farigiraf,16.12
2026-06-03,2026-06-03T12:00:02Z,pikalytics,gen9championsvgc2026regma,"Best Pokemon, teams, and builds in Pokemon Champions VGC 2026",https://pikalytics.com/pokedex/gen9championsvgc2026regma,13,Aerodactyl-Mega,12.19
2026-06-03,2026-06-03T12:00:02Z,pikalytics,gen9championsvgc2026regma,"Best Pokemon, teams, and builds in Pokemon Champions VGC 2026",https://pikalytics.com/pokedex/gen9championsvgc2026regma,14,Pelipper,12.15
2026-06-03,2026-06-03T12:00:02Z,pikalytics,gen9championsvgc2026regma,"Best Pokemon, teams, and builds in Pokemon Champions VGC 2026",https://pikalytics.com/pokedex/gen9championsvgc2026regma,15,Sableye,8.84
2026-06-03,2026-06-03T12:00:02Z,pikalytics,gen9championsvgc2026regma,"Best Pokemon, teams, and builds in Pokemon Champions VGC 2026",https://pikalytics.com/pokedex/gen9championsvgc2026regma,16,Dragonite-Mega,7.92
2026-06-03,2026-06-03T12:00:02Z,pikalytics,gen9championsvgc2026regma,"Best Pokemon, teams, and builds in Pokemon Champions VGC 2026",https://pikalytics.com/pokedex/gen9championsvgc2026regma,17,Maushold,7.90
2026-06-03,2026-06-03T12:00:02Z,pikalytics,gen9championsvgc2026regma,"Best Pokemon, teams, and builds in Pokemon Champions VGC 2026",https://pikalytics.com/pokedex/gen9championsvgc2026regma,18,Aegislash,7.46
2026-06-03,2026-06-03T12:00:02Z,pikalytics,gen9championsvgc2026regma,"Best Pokemon, teams, and builds in Pokemon Champions VGC 2026",https://pikalytics.com/pokedex/gen9championsvgc2026regma,19,Blastoise-Mega,7.45
2026-06-03,2026-06-03T12:00:02Z,pikalytics,gen9championsvgc2026regma,"Best Pokemon, teams, and builds in Pokemon Champions VGC 2026",https://pikalytics.com/pokedex/gen9championsvgc2026regma,20,Rotom-Wash,7.43
2026-06-03,2026-06-03T12:00:02Z,pikalytics,gen9championsvgc2026regma,"Best Pokemon, teams, and builds in Pokemon Champions VGC 2026",https://pikalytics.com/pokedex/gen9championsvgc2026regma,21,Glimmora,6.80
2026-06-03,2026-06-03T12:00:02Z,pikalytics,gen9championsvgc2026regma,"Best Pokemon, teams, and builds in Pokemon Champions VGC 2026",https://pikalytics.com/pokedex/gen9championsvgc2026regma,22,Aerodactyl,6.72
2026-06-03,2026-06-03T12:00:02Z,pikalytics,gen9championsvgc2026regma,"Best Pokemon, teams, and builds in Pokemon Champions VGC 2026",https://pikalytics.com/pokedex/gen9championsvgc2026regma,23,Talonflame,6.19
2026-06-03,2026-06-03T12:00:02Z,pikalytics,gen9championsvgc2026regma,"Best Pokemon, teams, and builds in Pokemon Champions VGC 2026",https://pikalytics.com/pokedex/gen9championsvgc2026regma,24,Froslass-Mega,6.09
2026-06-03,2026-06-03T12:00:02Z,pikalytics,gen9championsvgc2026regma,"Best Pokemon, teams, and builds in Pokemon Champions VGC 2026",https://pikalytics.com/pokedex/gen9championsvgc2026regma,25,Scovillain-Mega,6.01
2026-06-04,2026-06-04T12:00:02Z,pikalytics,gen9championsvgc2026regma,"Best Pokemon, teams, and builds in Pokemon Champions VGC 2026",https://pikalytics.com/pokedex/gen9championsvgc2026regma,1,Basculegion,51.50
2026-06-04,2026-06-04T12:00:02Z,pikalytics,gen9championsvgc2026regma,"Best Pokemon, teams, and builds in Pokemon Champions VGC 2026",https://pikalytics.com/pokedex/gen9championsvgc2026regma,2,Kingambit,40.69
2026-06-04,2026-06-04T12:00:02Z,pikalytics,gen9championsvgc2026regma,"Best Pokemon, teams, and builds in Pokemon Champions VGC 2026",https://pikalytics.com/pokedex/gen9championsvgc2026regma,3,Garchomp,40.53
2026-06-04,2026-06-04T12:00:02Z,pikalytics,gen9championsvgc2026regma,"Best Pokemon, teams, and builds in Pokemon Champions VGC 2026",https://pikalytics.com/pokedex/gen9championsvgc2026regma,4,Charizard-Mega-Y,31.81
2026-06-04,2026-06-04T12:00:02Z,pikalytics,gen9championsvgc2026regma,"Best Pokemon, teams, and builds in Pokemon Champions VGC 2026",https://pikalytics.com/pokedex/gen9championsvgc2026regma,5,Sneasler,28.58
2026-06-04,2026-06-04T12:00:02Z,pikalytics,gen9championsvgc2026regma,"Best Pokemon, teams, and builds in Pokemon Champions VGC 2026",https://pikalytics.com/pokedex/gen9championsvgc2026regma,6,Incineroar,25.93
2026-06-04,2026-06-04T12:00:02Z,pikalytics,gen9championsvgc2026regma,"Best Pokemon, teams, and builds in Pokemon Champions VGC 2026",https://pikalytics.com/pokedex/gen9championsvgc2026regma,7,Floette-Mega,23.92
2026-06-04,2026-06-04T12:00:02Z,pikalytics,gen9championsvgc2026regma,"Best Pokemon, teams, and builds in Pokemon Champions VGC 2026",https://pikalytics.com/pokedex/gen9championsvgc2026regma,8,Sinistcha,20.44
2026-06-04,2026-06-04T12:00:02Z,pikalytics,gen9championsvgc2026regma,"Best Pokemon, teams, and builds in Pokemon Champions VGC 2026",https://pikalytics.com/pokedex/gen9championsvgc2026regma,9,Sylveon,17.90
2026-06-04,2026-06-04T12:00:02Z,pikalytics,gen9championsvgc2026regma,"Best Pokemon, teams, and builds in Pokemon Champions VGC 2026",https://pikalytics.com/pokedex/gen9championsvgc2026regma,10,Whimsicott,17.65
2026-06-04,2026-06-04T12:00:02Z,pikalytics,gen9championsvgc2026regma,"Best Pokemon, teams, and builds in Pokemon Champions VGC 2026",https://pikalytics.com/pokedex/gen9championsvgc2026regma,11,Archaludon,17.43
2026-06-04,2026-06-04T12:00:02Z,pikalytics,gen9championsvgc2026regma,"Best Pokemon, teams, and builds in Pokemon Champions VGC 2026",https://pikalytics.com/pokedex/gen9championsvgc2026regma,12,Farigiraf,16.12
2026-06-04,2026-06-04T12:00:02Z,pikalytics,gen9championsvgc2026regma,"Best Pokemon, teams, and builds in Pokemon Champions VGC 2026",https://pikalytics.com/pokedex/gen9championsvgc2026regma,13,Aerodactyl-Mega,12.19
2026-06-04,2026-06-04T12:00:02Z,pikalytics,gen9championsvgc2026regma,"Best Pokemon, teams, and builds in Pokemon Champions VGC 2026",https://pikalytics.com/pokedex/gen9championsvgc2026regma,14,Pelipper,12.15
2026-06-04,2026-06-04T12:00:02Z,pikalytics,gen9championsvgc2026regma,"Best Pokemon, teams, and builds in Pokemon Champions VGC 2026",https://pikalytics.com/pokedex/gen9championsvgc2026regma,15,Sableye,8.84
2026-06-04,2026-06-04T12:00:02Z,pikalytics,gen9championsvgc2026regma,"Best Pokemon, teams, and builds in Pokemon Champions VGC 2026",https://pikalytics.com/pokedex/gen9championsvgc2026regma,16,Dragonite-Mega,7.92
2026-06-04,2026-06-04T12:00:02Z,pikalytics,gen9championsvgc2026regma,"Best Pokemon, teams, and builds in Pokemon Champions VGC 2026",https://pikalytics.com/pokedex/gen9championsvgc2026regma,17,Maushold,7.90
2026-06-04,2026-06-04T12:00:02Z,pikalytics,gen9championsvgc2026regma,"Best Pokemon, teams, and builds in Pokemon Champions VGC 2026",https://pikalytics.com/pokedex/gen9championsvgc2026regma,18,Aegislash,7.46
2026-06-04,2026-06-04T12:00:02Z,pikalytics,gen9championsvgc2026regma,"Best Pokemon, teams, and builds in Pokemon Champions VGC 2026",https://pikalytics.com/pokedex/gen9championsvgc2026regma,19,Blastoise-Mega,7.45
2026-06-04,2026-06-04T12:00:02Z,pikalytics,gen9championsvgc2026regma,"Best Pokemon, teams, and builds in Pokemon Champions VGC 2026",https://pikalytics.com/pokedex/gen9championsvgc2026regma,20,Rotom-Wash,7.43
2026-06-04,2026-06-04T12:00:02Z,pikalytics,gen9championsvgc2026regma,"Best Pokemon, teams, and builds in Pokemon Champions VGC 2026",https://pikalytics.com/pokedex/gen9championsvgc2026regma,21,Glimmora,6.80
2026-06-04,2026-06-04T12:00:02Z,pikalytics,gen9championsvgc2026regma,"Best Pokemon, teams, and builds in Pokemon Champions VGC 2026",https://pikalytics.com/pokedex/gen9championsvgc2026regma,22,Aerodactyl,6.72
2026-06-04,2026-06-04T12:00:02Z,pikalytics,gen9championsvgc2026regma,"Best Pokemon, teams, and builds in Pokemon Champions VGC 2026",https://pikalytics.com/pokedex/gen9championsvgc2026regma,23,Talonflame,6.19
2026-06-04,2026-06-04T12:00:02Z,pikalytics,gen9championsvgc2026regma,"Best Pokemon, teams, and builds in Pokemon Champions VGC 2026",https://pikalytics.com/pokedex/gen9championsvgc2026regma,24,Froslass-Mega,6.09
2026-06-04,2026-06-04T12:00:02Z,pikalytics,gen9championsvgc2026regma,"Best Pokemon, teams, and builds in Pokemon Champions VGC 2026",https://pikalytics.com/pokedex/gen9championsvgc2026regma,25,Scovillain-Mega,6.01
2026-06-05,2026-06-05T12:00:02Z,pikalytics,gen9championsvgc2026regma,"Best Pokemon, teams, and builds in Pokemon Champions VGC 2026",https://pikalytics.com/pokedex/gen9championsvgc2026regma,1,Basculegion,51.50
2026-06-05,2026-06-05T12:00:02Z,pikalytics,gen9championsvgc2026regma,"Best Pokemon, teams, and builds in Pokemon Champions VGC 2026",https://pikalytics.com/pokedex/gen9championsvgc2026regma,2,Kingambit,40.69
2026-06-05,2026-06-05T12:00:02Z,pikalytics,gen9championsvgc2026regma,"Best Pokemon, teams, and builds in Pokemon Champions VGC 2026",https://pikalytics.com/pokedex/gen9championsvgc2026regma,3,Garchomp,40.53
2026-06-05,2026-06-05T12:00:02Z,pikalytics,gen9championsvgc2026regma,"Best Pokemon, teams, and builds in Pokemon Champions VGC 2026",https://pikalytics.com/pokedex/gen9championsvgc2026regma,4,Charizard-Mega-Y,31.81
2026-06-05,2026-06-05T12:00:02Z,pikalytics,gen9championsvgc2026regma,"Best Pokemon, teams, and builds in Pokemon Champions VGC 2026",https://pikalytics.com/pokedex/gen9championsvgc2026regma,5,Sneasler,28.58
2026-06-05,2026-06-05T12:00:02Z,pikalytics,gen9championsvgc2026regma,"Best Pokemon, teams, and builds in Pokemon Champions VGC 2026",https://pikalytics.com/pokedex/gen9championsvgc2026regma,6,Incineroar,25.93
2026-06-05,2026-06-05T12:00:02Z,pikalytics,gen9championsvgc2026regma,"Best Pokemon, teams, and builds in Pokemon Champions VGC 2026",https://pikalytics.com/pokedex/gen9championsvgc2026regma,7,Floette-Mega,23.92
2026-06-05,2026-06-05T12:00:02Z,pikalytics,gen9championsvgc2026regma,"Best Pokemon, teams, and builds in Pokemon Champions VGC 2026",https://pikalytics.com/pokedex/gen9championsvgc2026regma,8,Sinistcha,20.44
2026-06-05,2026-06-05T12:00:02Z,pikalytics,gen9championsvgc2026regma,"Best Pokemon, teams, and builds in Pokemon Champions VGC 2026",https://pikalytics.com/pokedex/gen9championsvgc2026regma,9,Sylveon,17.90
2026-06-05,2026-06-05T12:00:02Z,pikalytics,gen9championsvgc2026regma,"Best Pokemon, teams, and builds in Pokemon Champions VGC 2026",https://pikalytics.com/pokedex/gen9championsvgc2026regma,10,Whimsicott,17.65
2026-06-05,2026-06-05T12:00:02Z,pikalytics,gen9championsvgc2026regma,"Best Pokemon, teams, and builds in Pokemon Champions VGC 2026",https://pikalytics.com/pokedex/gen9championsvgc2026regma,11,Archaludon,17.43
2026-06-05,2026-06-05T12:00:02Z,pikalytics,gen9championsvgc2026regma,"Best Pokemon, teams, and builds in Pokemon Champions VGC 2026",https://pikalytics.com/pokedex/gen9championsvgc2026regma,12,Farigiraf,16.12
2026-06-05,2026-06-05T12:00:02Z,pikalytics,gen9championsvgc2026regma,"Best Pokemon, teams, and builds in Pokemon Champions VGC 2026",https://pikalytics.com/pokedex/gen9championsvgc2026regma,13,Aerodactyl-Mega,12.19
2026-06-05,2026-06-05T12:00:02Z,pikalytics,gen9championsvgc2026regma,"Best Pokemon, teams, and builds in Pokemon Champions VGC 2026",https://pikalytics.com/pokedex/gen9championsvgc2026regma,14,Pelipper,12.15
2026-06-05,2026-06-05T12:00:02Z,pikalytics,gen9championsvgc2026regma,"Best Pokemon, teams, and builds in Pokemon Champions VGC 2026",https://pikalytics.com/pokedex/gen9championsvgc2026regma,15,Sableye,8.84
2026-06-05,2026-06-05T12:00:02Z,pikalytics,gen9championsvgc2026regma,"Best Pokemon, teams, and builds in Pokemon Champions VGC 2026",https://pikalytics.com/pokedex/gen9championsvgc2026regma,16,Dragonite-Mega,7.92
2026-06-05,2026-06-05T12:00:02Z,pikalytics,gen9championsvgc2026regma,"Best Pokemon, teams, and builds in Pokemon Champions VGC 2026",https://pikalytics.com/pokedex/gen9championsvgc2026regma,17,Maushold,7.90
2026-06-05,2026-06-05T12:00:02Z,pikalytics,gen9championsvgc2026regma,"Best Pokemon, teams, and builds in Pokemon Champions VGC 2026",https://pikalytics.com/pokedex/gen9championsvgc2026regma,18,Aegislash,7.46
2026-06-05,2026-06-05T12:00:02Z,pikalytics,gen9championsvgc2026regma,"Best Pokemon, teams, and builds in Pokemon Champions VGC 2026",https://pikalytics.com/pokedex/gen9championsvgc2026regma,19,Blastoise-Mega,7.45
2026-06-05,2026-06-05T12:00:02Z,pikalytics,gen9championsvgc2026regma,"Best Pokemon, teams, and builds in Pokemon Champions VGC 2026",https://pikalytics.com/pokedex/gen9championsvgc2026regma,20,Rotom-Wash,7.43
2026-06-05,2026-06-05T12:00:02Z,pikalytics,gen9championsvgc2026regma,"Best Pokemon, teams, and builds in Pokemon Champions VGC 2026",https://pikalytics.com/pokedex/gen9championsvgc2026regma,21,Glimmora,6.80
2026-06-05,2026-06-05T12:00:02Z,pikalytics,gen9championsvgc2026regma,"Best Pokemon, teams, and builds in Pokemon Champions VGC 2026",https://pikalytics.com/pokedex/gen9championsvgc2026regma,22,Aerodactyl,6.72
2026-06-05,2026-06-05T12:00:02Z,pikalytics,gen9championsvgc2026regma,"Best Pokemon, teams, and builds in Pokemon Champions VGC 2026",https://pikalytics.com/pokedex/gen9championsvgc2026regma,23,Talonflame,6.19
2026-06-05,2026-06-05T12:00:02Z,pikalytics,gen9championsvgc2026regma,"Best Pokemon, teams, and builds in Pokemon Champions VGC 2026",https://pikalytics.com/pokedex/gen9championsvgc2026regma,24,Froslass-Mega,6.09
2026-06-05,2026-06-05T12:00:02Z,pikalytics,gen9championsvgc2026regma,"Best Pokemon, teams, and builds in Pokemon Champions VGC 2026",https://pikalytics.com/pokedex/gen9championsvgc2026regma,25,Scovillain-Mega,6.01
2026-06-06,2026-06-06T12:00:02Z,pikalytics,gen9championsvgc2026regma,"Best Pokemon, teams, and builds in Pokemon Champions VGC 2026",https://pikalytics.com/pokedex/gen9championsvgc2026regma,1,Basculegion,51.50
2026-06-06,2026-06-06T12:00:02Z,pikalytics,gen9championsvgc2026regma,"Best Pokemon, teams, and builds in Pokemon Champions VGC 2026",https://pikalytics.com/pokedex/gen9championsvgc2026regma,2,Kingambit,40.69
2026-06-06,2026-06-06T12:00:02Z,pikalytics,gen9championsvgc2026regma,"Best Pokemon, teams, and builds in Pokemon Champions VGC 2026",https://pikalytics.com/pokedex/gen9championsvgc2026regma,3,Garchomp,40.53
2026-06-06,2026-06-06T12:00:02Z,pikalytics,gen9championsvgc2026regma,"Best Pokemon, teams, and builds in Pokemon Champions VGC 2026",https://pikalytics.com/pokedex/gen9championsvgc2026regma,4,Charizard-Mega-Y,31.81
2026-06-06,2026-06-06T12:00:02Z,pikalytics,gen9championsvgc2026regma,"Best Pokemon, teams, and builds in Pokemon Champions VGC 2026",https://pikalytics.com/pokedex/gen9championsvgc2026regma,5,Sneasler,28.58
2026-06-06,2026-06-06T12:00:02Z,pikalytics,gen9championsvgc2026regma,"Best Pokemon, teams, and builds in Pokemon Champions VGC 2026",https://pikalytics.com/pokedex/gen9championsvgc2026regma,6,Incineroar,25.93
2026-06-06,2026-06-06T12:00:02Z,pikalytics,gen9championsvgc2026regma,"Best Pokemon, teams, and builds in Pokemon Champions VGC 2026",https://pikalytics.com/pokedex/gen9championsvgc2026regma,7,Floette-Mega,23.92
2026-06-06,2026-06-06T12:00:02Z,pikalytics,gen9championsvgc2026regma,"Best Pokemon, teams, and builds in Pokemon Champions VGC 2026",https://pikalytics.com/pokedex/gen9championsvgc2026regma,8,Sinistcha,20.44
2026-06-06,2026-06-06T12:00:02Z,pikalytics,gen9championsvgc2026regma,"Best Pokemon, teams, and builds in Pokemon Champions VGC 2026",https://pikalytics.com/pokedex/gen9championsvgc2026regma,9,Sylveon,17.90
2026-06-06,2026-06-06T12:00:02Z,pikalytics,gen9championsvgc2026regma,"Best Pokemon, teams, and builds in Pokemon Champions VGC 2026",https://pikalytics.com/pokedex/gen9championsvgc2026regma,10,Whimsicott,17.65
2026-06-06,2026-06-06T12:00:02Z,pikalytics,gen9championsvgc2026regma,"Best Pokemon, teams, and builds in Pokemon Champions VGC 2026",https://pikalytics.com/pokedex/gen9championsvgc2026regma,11,Archaludon,17.43
2026-06-06,2026-06-06T12:00:02Z,pikalytics,gen9championsvgc2026regma,"Best Pokemon, teams, and builds in Pokemon Champions VGC 2026",https://pikalytics.com/pokedex/gen9championsvgc2026regma,12,Farigiraf,16.12
2026-06-06,2026-06-06T12:00:02Z,pikalytics,gen9championsvgc2026regma,"Best Pokemon, teams, and builds in Pokemon Champions VGC 2026",https://pikalytics.com/pokedex/gen9championsvgc2026regma,13,Aerodactyl-Mega,12.19
2026-06-06,2026-06-06T12:00:02Z,pikalytics,gen9championsvgc2026regma,"Best Pokemon, teams, and builds in Pokemon Champions VGC 2026",https://pikalytics.com/pokedex/gen9championsvgc2026regma,14,Pelipper,12.15
2026-06-06,2026-06-06T12:00:02Z,pikalytics,gen9championsvgc2026regma,"Best Pokemon, teams, and builds in Pokemon Champions VGC 2026",https://pikalytics.com/pokedex/gen9championsvgc2026regma,15,Sableye,8.84
2026-06-06,2026-06-06T12:00:02Z,pikalytics,gen9championsvgc2026regma,"Best Pokemon, teams, and builds in Pokemon Champions VGC 2026",https://pikalytics.com/pokedex/gen9championsvgc2026regma,16,Dragonite-Mega,7.92
2026-06-06,2026-06-06T12:00:02Z,pikalytics,gen9championsvgc2026regma,"Best Pokemon, teams, and builds in Pokemon Champions VGC 2026",https://pikalytics.com/pokedex/gen9championsvgc2026regma,17,Maushold,7.90
2026-06-06,2026-06-06T12:00:02Z,pikalytics,gen9championsvgc2026regma,"Best Pokemon, teams, and builds in Pokemon Champions VGC 2026",https://pikalytics.com/pokedex/gen9championsvgc2026regma,18,Aegislash,7.46
2026-06-06,2026-06-06T12:00:02Z,pikalytics,gen9championsvgc2026regma,"Best Pokemon, teams, and builds in Pokemon Champions VGC 2026",https://pikalytics.com/pokedex/gen9championsvgc2026regma,19,Blastoise-Mega,7.45
2026-06-06,2026-06-06T12:00:02Z,pikalytics,gen9championsvgc2026regma,"Best Pokemon, teams, and builds in Pokemon Champions VGC 2026",https://pikalytics.com/pokedex/gen9championsvgc2026regma,20,Rotom-Wash,7.43
2026-06-06,2026-06-06T12:00:02Z,pikalytics,gen9championsvgc2026regma,"Best Pokemon, teams, and builds in Pokemon Champions VGC 2026",https://pikalytics.com/pokedex/gen9championsvgc2026regma,21,Glimmora,6.80
2026-06-06,2026-06-06T12:00:02Z,pikalytics,gen9championsvgc2026regma,"Best Pokemon, teams, and builds in Pokemon Champions VGC 2026",https://pikalytics.com/pokedex/gen9championsvgc2026regma,22,Aerodactyl,6.72
2026-06-06,2026-06-06T12:00:02Z,pikalytics,gen9championsvgc2026regma,"Best Pokemon, teams, and builds in Pokemon Champions VGC 2026",https://pikalytics.com/pokedex/gen9championsvgc2026regma,23,Talonflame,6.19
2026-06-06,2026-06-06T12:00:02Z,pikalytics,gen9championsvgc2026regma,"Best Pokemon, teams, and builds in Pokemon Champions VGC 2026",https://pikalytics.com/pokedex/gen9championsvgc2026regma,24,Froslass-Mega,6.09
2026-06-06,2026-06-06T12:00:02Z,pikalytics,gen9championsvgc2026regma,"Best Pokemon, teams, and builds in Pokemon Champions VGC 2026",https://pikalytics.com/pokedex/gen9championsvgc2026regma,25,Scovillain-Mega,6.01
2026-06-07,2026-06-07T12:00:03Z,pikalytics,gen9championsvgc2026regma,"Best Pokemon, teams, and builds in Pokemon Champions VGC 2026",https://pikalytics.com/pokedex/gen9championsvgc2026regma,1,Basculegion,51.50
2026-06-07,2026-06-07T12:00:03Z,pikalytics,gen9championsvgc2026regma,"Best Pokemon, teams, and builds in Pokemon Champions VGC 2026",https://pikalytics.com/pokedex/gen9championsvgc2026regma,2,Kingambit,40.69
2026-06-07,2026-06-07T12:00:03Z,pikalytics,gen9championsvgc2026regma,"Best Pokemon, teams, and builds in Pokemon Champions VGC 2026",https://pikalytics.com/pokedex/gen9championsvgc2026regma,3,Garchomp,40.53
2026-06-07,2026-06-07T12:00:03Z,pikalytics,gen9championsvgc2026regma,"Best Pokemon, teams, and builds in Pokemon Champions VGC 2026",https://pikalytics.com/pokedex/gen9championsvgc2026regma,4,Charizard-Mega-Y,31.81
2026-06-07,2026-06-07T12:00:03Z,pikalytics,gen9championsvgc2026regma,"Best Pokemon, teams, and builds in Pokemon Champions VGC 2026",https://pikalytics.com/pokedex/gen9championsvgc2026regma,5,Sneasler,28.58
2026-06-07,2026-06-07T12:00:03Z,pikalytics,gen9championsvgc2026regma,"Best Pokemon, teams, and builds in Pokemon Champions VGC 2026",https://pikalytics.com/pokedex/gen9championsvgc2026regma,6,Incineroar,25.93
2026-06-07,2026-06-07T12:00:03Z,pikalytics,gen9championsvgc2026regma,"Best Pokemon, teams, and builds in Pokemon Champions VGC 2026",https://pikalytics.com/pokedex/gen9championsvgc2026regma,7,Floette-Mega,23.92
2026-06-07,2026-06-07T12:00:03Z,pikalytics,gen9championsvgc2026regma,"Best Pokemon, teams, and builds in Pokemon Champions VGC 2026",https://pikalytics.com/pokedex/gen9championsvgc2026regma,8,Sinistcha,20.44
2026-06-07,2026-06-07T12:00:03Z,pikalytics,gen9championsvgc2026regma,"Best Pokemon, teams, and builds in Pokemon Champions VGC 2026",https://pikalytics.com/pokedex/gen9championsvgc2026regma,9,Sylveon,17.90
2026-06-07,2026-06-07T12:00:03Z,pikalytics,gen9championsvgc2026regma,"Best Pokemon, teams, and builds in Pokemon Champions VGC 2026",https://pikalytics.com/pokedex/gen9championsvgc2026regma,10,Whimsicott,17.65
2026-06-07,2026-06-07T12:00:03Z,pikalytics,gen9championsvgc2026regma,"Best Pokemon, teams, and builds in Pokemon Champions VGC 2026",https://pikalytics.com/pokedex/gen9championsvgc2026regma,11,Archaludon,17.43
2026-06-07,2026-06-07T12:00:03Z,pikalytics,gen9championsvgc2026regma,"Best Pokemon, teams, and builds in Pokemon Champions VGC 2026",https://pikalytics.com/pokedex/gen9championsvgc2026regma,12,Farigiraf,16.12
2026-06-07,2026-06-07T12:00:03Z,pikalytics,gen9championsvgc2026regma,"Best Pokemon, teams, and builds in Pokemon Champions VGC 2026",https://pikalytics.com/pokedex/gen9championsvgc2026regma,13,Aerodactyl-Mega,12.19
2026-06-07,2026-06-07T12:00:03Z,pikalytics,gen9championsvgc2026regma,"Best Pokemon, teams, and builds in Pokemon Champions VGC 2026",https://pikalytics.com/pokedex/gen9championsvgc2026regma,14,Pelipper,12.15
2026-06-07,2026-06-07T12:00:03Z,pikalytics,gen9championsvgc2026regma,"Best Pokemon, teams, and builds in Pokemon Champions VGC 2026",https://pikalytics.com/pokedex/gen9championsvgc2026regma,15,Sableye,8.84
2026-06-07,2026-06-07T12:00:03Z,pikalytics,gen9championsvgc2026regma,"Best Pokemon, teams, and builds in Pokemon Champions VGC 2026",https://pikalytics.com/pokedex/gen9championsvgc2026regma,16,Dragonite-Mega,7.92
2026-06-07,2026-06-07T12:00:03Z,pikalytics,gen9championsvgc2026regma,"Best Pokemon, teams, and builds in Pokemon Champions VGC 2026",https://pikalytics.com/pokedex/gen9championsvgc2026regma,17,Maushold,7.90
2026-06-07,2026-06-07T12:00:03Z,pikalytics,gen9championsvgc2026regma,"Best Pokemon, teams, and builds in Pokemon Champions VGC 2026",https://pikalytics.com/pokedex/gen9championsvgc2026regma,18,Aegislash,7.46
2026-06-07,2026-06-07T12:00:03Z,pikalytics,gen9championsvgc2026regma,"Best Pokemon, teams, and builds in Pokemon Champions VGC 2026",https://pikalytics.com/pokedex/gen9championsvgc2026regma,19,Blastoise-Mega,7.45
2026-06-07,2026-06-07T12:00:03Z,pikalytics,gen9championsvgc2026regma,"Best Pokemon, teams, and builds in Pokemon Champions VGC 2026",https://pikalytics.com/pokedex/gen9championsvgc2026regma,20,Rotom-Wash,7.43
2026-06-07,2026-06-07T12:00:03Z,pikalytics,gen9championsvgc2026regma,"Best Pokemon, teams, and builds in Pokemon Champions VGC 2026",https://pikalytics.com/pokedex/gen9championsvgc2026regma,21,Glimmora,6.80
2026-06-07,2026-06-07T12:00:03Z,pikalytics,gen9championsvgc2026regma,"Best Pokemon, teams, and builds in Pokemon Champions VGC 2026",https://pikalytics.com/pokedex/gen9championsvgc2026regma,22,Aerodactyl,6.72
2026-06-07,2026-06-07T12:00:03Z,pikalytics,gen9championsvgc2026regma,"Best Pokemon, teams, and builds in Pokemon Champions VGC 2026",https://pikalytics.com/pokedex/gen9championsvgc2026regma,23,Talonflame,6.19
2026-06-07,2026-06-07T12:00:03Z,pikalytics,gen9championsvgc2026regma,"Best Pokemon, teams, and builds in Pokemon Champions VGC 2026",https://pikalytics.com/pokedex/gen9championsvgc2026regma,24,Froslass-Mega,6.09
2026-06-07,2026-06-07T12:00:03Z,pikalytics,gen9championsvgc2026regma,"Best Pokemon, teams, and builds in Pokemon Champions VGC 2026",https://pikalytics.com/pokedex/gen9championsvgc2026regma,25,Scovillain-Mega,6.01
2026-06-08,2026-06-08T12:00:02Z,pikalytics,gen9championsvgc2026regma,"Best Pokemon, teams, and builds in Pokemon Champions VGC 2026",https://pikalytics.com/pokedex/gen9championsvgc2026regma,1,Basculegion,51.50
2026-06-08,2026-06-08T12:00:02Z,pikalytics,gen9championsvgc2026regma,"Best Pokemon, teams, and builds in Pokemon Champions VGC 2026",https://pikalytics.com/pokedex/gen9championsvgc2026regma,2,Kingambit,40.69
2026-06-08,2026-06-08T12:00:02Z,pikalytics,gen9championsvgc2026regma,"Best Pokemon, teams, and builds in Pokemon Champions VGC 2026",https://pikalytics.com/pokedex/gen9championsvgc2026regma,3,Garchomp,40.53
2026-06-08,2026-06-08T12:00:02Z,pikalytics,gen9championsvgc2026regma,"Best Pokemon, teams, and builds in Pokemon Champions VGC 2026",https://pikalytics.com/pokedex/gen9championsvgc2026regma,4,Charizard-Mega-Y,31.81
2026-06-08,2026-06-08T12:00:02Z,pikalytics,gen9championsvgc2026regma,"Best Pokemon, teams, and builds in Pokemon Champions VGC 2026",https://pikalytics.com/pokedex/gen9championsvgc2026regma,5,Sneasler,28.58
2026-06-08,2026-06-08T12:00:02Z,pikalytics,gen9championsvgc2026regma,"Best Pokemon, teams, and builds in Pokemon Champions VGC 2026",https://pikalytics.com/pokedex/gen9championsvgc2026regma,6,Incineroar,25.93
2026-06-08,2026-06-08T12:00:02Z,pikalytics,gen9championsvgc2026regma,"Best Pokemon, teams, and builds in Pokemon Champions VGC 2026",https://pikalytics.com/pokedex/gen9championsvgc2026regma,7,Floette-Mega,23.92
2026-06-08,2026-06-08T12:00:02Z,pikalytics,gen9championsvgc2026regma,"Best Pokemon, teams, and builds in Pokemon Champions VGC 2026",https://pikalytics.com/pokedex/gen9championsvgc2026regma,8,Sinistcha,20.44
2026-06-08,2026-06-08T12:00:02Z,pikalytics,gen9championsvgc2026regma,"Best Pokemon, teams, and builds in Pokemon Champions VGC 2026",https://pikalytics.com/pokedex/gen9championsvgc2026regma,9,Sylveon,17.90
2026-06-08,2026-06-08T12:00:02Z,pikalytics,gen9championsvgc2026regma,"Best Pokemon, teams, and builds in Pokemon Champions VGC 2026",https://pikalytics.com/pokedex/gen9championsvgc2026regma,10,Whimsicott,17.65
2026-06-08,2026-06-08T12:00:02Z,pikalytics,gen9championsvgc2026regma,"Best Pokemon, teams, and builds in Pokemon Champions VGC 2026",https://pikalytics.com/pokedex/gen9championsvgc2026regma,11,Archaludon,17.43
2026-06-08,2026-06-08T12:00:02Z,pikalytics,gen9championsvgc2026regma,"Best Pokemon, teams, and builds in Pokemon Champions VGC 2026",https://pikalytics.com/pokedex/gen9championsvgc2026regma,12,Farigiraf,16.12
2026-06-08,2026-06-08T12:00:02Z,pikalytics,gen9championsvgc2026regma,"Best Pokemon, teams, and builds in Pokemon Champions VGC 2026",https://pikalytics.com/pokedex/gen9championsvgc2026regma,13,Aerodactyl-Mega,12.19
2026-06-08,2026-06-08T12:00:02Z,pikalytics,gen9championsvgc2026regma,"Best Pokemon, teams, and builds in Pokemon Champions VGC 2026",https://pikalytics.com/pokedex/gen9championsvgc2026regma,14,Pelipper,12.15
2026-06-08,2026-06-08T12:00:02Z,pikalytics,gen9championsvgc2026regma,"Best Pokemon, teams, and builds in Pokemon Champions VGC 2026",https://pikalytics.com/pokedex/gen9championsvgc2026regma,15,Sableye,8.84
2026-06-08,2026-06-08T12:00:02Z,pikalytics,gen9championsvgc2026regma,"Best Pokemon, teams, and builds in Pokemon Champions VGC 2026",https://pikalytics.com/pokedex/gen9championsvgc2026regma,16,Dragonite-Mega,7.92
2026-06-08,2026-06-08T12:00:02Z,pikalytics,gen9championsvgc2026regma,"Best Pokemon, teams, and builds in Pokemon Champions VGC 2026",https://pikalytics.com/pokedex/gen9championsvgc2026regma,17,Maushold,7.90
2026-06-08,2026-06-08T12:00:02Z,pikalytics,gen9championsvgc2026regma,"Best Pokemon, teams, and builds in Pokemon Champions VGC 2026",https://pikalytics.com/pokedex/gen9championsvgc2026regma,18,Aegislash,7.46
2026-06-08,2026-06-08T12:00:02Z,pikalytics,gen9championsvgc2026regma,"Best Pokemon, teams, and builds in Pokemon Champions VGC 2026",https://pikalytics.com/pokedex/gen9championsvgc2026regma,19,Blastoise-Mega,7.45
2026-06-08,2026-06-08T12:00:02Z,pikalytics,gen9championsvgc2026regma,"Best Pokemon, teams, and builds in Pokemon Champions VGC 2026",https://pikalytics.com/pokedex/gen9championsvgc2026regma,20,Rotom-Wash,7.43
2026-06-08,2026-06-08T12:00:02Z,pikalytics,gen9championsvgc2026regma,"Best Pokemon, teams, and builds in Pokemon Champions VGC 2026",https://pikalytics.com/pokedex/gen9championsvgc2026regma,21,Glimmora,6.80
2026-06-08,2026-06-08T12:00:02Z,pikalytics,gen9championsvgc2026regma,"Best Pokemon, teams, and builds in Pokemon Champions VGC 2026",https://pikalytics.com/pokedex/gen9championsvgc2026regma,22,Aerodactyl,6.72
2026-06-08,2026-06-08T12:00:02Z,pikalytics,gen9championsvgc2026regma,"Best Pokemon, teams, and builds in Pokemon Champions VGC 2026",https://pikalytics.com/pokedex/gen9championsvgc2026regma,23,Talonflame,6.19
2026-06-08,2026-06-08T12:00:02Z,pikalytics,gen9championsvgc2026regma,"Best Pokemon, teams, and builds in Pokemon Champions VGC 2026",https://pikalytics.com/pokedex/gen9championsvgc2026regma,24,Froslass-Mega,6.09
2026-06-08,2026-06-08T12:00:02Z,pikalytics,gen9championsvgc2026regma,"Best Pokemon, teams, and builds in Pokemon Champions VGC 2026",https://pikalytics.com/pokedex/gen9championsvgc2026regma,25,Scovillain-Mega,6.01
2026-06-09,2026-06-09T12:00:02Z,pikalytics,gen9championsvgc2026regma,"Best Pokemon, teams, and builds in Pokemon Champions VGC 2026",https://pikalytics.com/pokedex/gen9championsvgc2026regma,1,Basculegion,51.50
2026-06-09,2026-06-09T12:00:02Z,pikalytics,gen9championsvgc2026regma,"Best Pokemon, teams, and builds in Pokemon Champions VGC 2026",https://pikalytics.com/pokedex/gen9championsvgc2026regma,2,Kingambit,40.69
2026-06-09,2026-06-09T12:00:02Z,pikalytics,gen9championsvgc2026regma,"Best Pokemon, teams, and builds in Pokemon Champions VGC 2026",https://pikalytics.com/pokedex/gen9championsvgc2026regma,3,Garchomp,40.53
2026-06-09,2026-06-09T12:00:02Z,pikalytics,gen9championsvgc2026regma,"Best Pokemon, teams, and builds in Pokemon Champions VGC 2026",https://pikalytics.com/pokedex/gen9championsvgc2026regma,4,Charizard-Mega-Y,31.81
2026-06-09,2026-06-09T12:00:02Z,pikalytics,gen9championsvgc2026regma,"Best Pokemon, teams, and builds in Pokemon Champions VGC 2026",https://pikalytics.com/pokedex/gen9championsvgc2026regma,5,Sneasler,28.58
2026-06-09,2026-06-09T12:00:02Z,pikalytics,gen9championsvgc2026regma,"Best Pokemon, teams, and builds in Pokemon Champions VGC 2026",https://pikalytics.com/pokedex/gen9championsvgc2026regma,6,Incineroar,25.93
2026-06-09,2026-06-09T12:00:02Z,pikalytics,gen9championsvgc2026regma,"Best Pokemon, teams, and builds in Pokemon Champions VGC 2026",https://pikalytics.com/pokedex/gen9championsvgc2026regma,7,Floette-Mega,23.92
2026-06-09,2026-06-09T12:00:02Z,pikalytics,gen9championsvgc2026regma,"Best Pokemon, teams, and builds in Pokemon Champions VGC 2026",https://pikalytics.com/pokedex/gen9championsvgc2026regma,8,Sinistcha,20.44
2026-06-09,2026-06-09T12:00:02Z,pikalytics,gen9championsvgc2026regma,"Best Pokemon, teams, and builds in Pokemon Champions VGC 2026",https://pikalytics.com/pokedex/gen9championsvgc2026regma,9,Sylveon,17.90
2026-06-09,2026-06-09T12:00:02Z,pikalytics,gen9championsvgc2026regma,"Best Pokemon, teams, and builds in Pokemon Champions VGC 2026",https://pikalytics.com/pokedex/gen9championsvgc2026regma,10,Whimsicott,17.65
2026-06-09,2026-06-09T12:00:02Z,pikalytics,gen9championsvgc2026regma,"Best Pokemon, teams, and builds in Pokemon Champions VGC 2026",https://pikalytics.com/pokedex/gen9championsvgc2026regma,11,Archaludon,17.43
2026-06-09,2026-06-09T12:00:02Z,pikalytics,gen9championsvgc2026regma,"Best Pokemon, teams, and builds in Pokemon Champions VGC 2026",https://pikalytics.com/pokedex/gen9championsvgc2026regma,12,Farigiraf,16.12
2026-06-09,2026-06-09T12:00:02Z,pikalytics,gen9championsvgc2026regma,"Best Pokemon, teams, and builds in Pokemon Champions VGC 2026",https://pikalytics.com/pokedex/gen9championsvgc2026regma,13,Aerodactyl-Mega,12.19
2026-06-09,2026-06-09T12:00:02Z,pikalytics,gen9championsvgc2026regma,"Best Pokemon, teams, and builds in Pokemon Champions VGC 2026",https://pikalytics.com/pokedex/gen9championsvgc2026regma,14,Pelipper,12.15
2026-06-09,2026-06-09T12:00:02Z,pikalytics,gen9championsvgc2026regma,"Best Pokemon, teams, and builds in Pokemon Champions VGC 2026",https://pikalytics.com/pokedex/gen9championsvgc2026regma,15,Sableye,8.84
2026-06-09,2026-06-09T12:00:02Z,pikalytics,gen9championsvgc2026regma,"Best Pokemon, teams, and builds in Pokemon Champions VGC 2026",https://pikalytics.com/pokedex/gen9championsvgc2026regma,16,Dragonite-Mega,7.92
2026-06-09,2026-06-09T12:00:02Z,pikalytics,gen9championsvgc2026regma,"Best Pokemon, teams, and builds in Pokemon Champions VGC 2026",https://pikalytics.com/pokedex/gen9championsvgc2026regma,17,Maushold,7.90
2026-06-09,2026-06-09T12:00:02Z,pikalytics,gen9championsvgc2026regma,"Best Pokemon, teams, and builds in Pokemon Champions VGC 2026",https://pikalytics.com/pokedex/gen9championsvgc2026regma,18,Aegislash,7.46
2026-06-09,2026-06-09T12:00:02Z,pikalytics,gen9championsvgc2026regma,"Best Pokemon, teams, and builds in Pokemon Champions VGC 2026",https://pikalytics.com/pokedex/gen9championsvgc2026regma,19,Blastoise-Mega,7.45
2026-06-09,2026-06-09T12:00:02Z,pikalytics,gen9championsvgc2026regma,"Best Pokemon, teams, and builds in Pokemon Champions VGC 2026",https://pikalytics.com/pokedex/gen9championsvgc2026regma,20,Rotom-Wash,7.43
2026-06-09,2026-06-09T12:00:02Z,pikalytics,gen9championsvgc2026regma,"Best Pokemon, teams, and builds in Pokemon Champions VGC 2026",https://pikalytics.com/pokedex/gen9championsvgc2026regma,21,Glimmora,6.80
2026-06-09,2026-06-09T12:00:02Z,pikalytics,gen9championsvgc2026regma,"Best Pokemon, teams, and builds in Pokemon Champions VGC 2026",https://pikalytics.com/pokedex/gen9championsvgc2026regma,22,Aerodactyl,6.72
2026-06-09,2026-06-09T12:00:02Z,pikalytics,gen9championsvgc2026regma,"Best Pokemon, teams, and builds in Pokemon Champions VGC 2026",https://pikalytics.com/pokedex/gen9championsvgc2026regma,23,Talonflame,6.19
2026-06-09,2026-06-09T12:00:02Z,pikalytics,gen9championsvgc2026regma,"Best Pokemon, teams, and builds in Pokemon Champions VGC 2026",https://pikalytics.com/pokedex/gen9championsvgc2026regma,24,Froslass-Mega,6.09
2026-06-09,2026-06-09T12:00:02Z,pikalytics,gen9championsvgc2026regma,"Best Pokemon, teams, and builds in Pokemon Champions VGC 2026",https://pikalytics.com/pokedex/gen9championsvgc2026regma,25,Scovillain-Mega,6.01
2026-06-10,2026-06-10T12:00:03Z,pikalytics,gen9championsvgc2026regma,"Best Pokemon, teams, and builds in Pokemon Champions VGC 2026",https://pikalytics.com/pokedex/gen9championsvgc2026regma,1,Basculegion,51.50
2026-06-10,2026-06-10T12:00:03Z,pikalytics,gen9championsvgc2026regma,"Best Pokemon, teams, and builds in Pokemon Champions VGC 2026",https://pikalytics.com/pokedex/gen9championsvgc2026regma,2,Kingambit,40.69
2026-06-10,2026-06-10T12:00:03Z,pikalytics,gen9championsvgc2026regma,"Best Pokemon, teams, and builds in Pokemon Champions VGC 2026",https://pikalytics.com/pokedex/gen9championsvgc2026regma,3,Garchomp,40.53
2026-06-10,2026-06-10T12:00:03Z,pikalytics,gen9championsvgc2026regma,"Best Pokemon, teams, and builds in Pokemon Champions VGC 2026",https://pikalytics.com/pokedex/gen9championsvgc2026regma,4,Charizard-Mega-Y,31.81
2026-06-10,2026-06-10T12:00:03Z,pikalytics,gen9championsvgc2026regma,"Best Pokemon, teams, and builds in Pokemon Champions VGC 2026",https://pikalytics.com/pokedex/gen9championsvgc2026regma,5,Sneasler,28.58
2026-06-10,2026-06-10T12:00:03Z,pikalytics,gen9championsvgc2026regma,"Best Pokemon, teams, and builds in Pokemon Champions VGC 2026",https://pikalytics.com/pokedex/gen9championsvgc2026regma,6,Incineroar,25.93
2026-06-10,2026-06-10T12:00:03Z,pikalytics,gen9championsvgc2026regma,"Best Pokemon, teams, and builds in Pokemon Champions VGC 2026",https://pikalytics.com/pokedex/gen9championsvgc2026regma,7,Floette-Mega,23.92
2026-06-10,2026-06-10T12:00:03Z,pikalytics,gen9championsvgc2026regma,"Best Pokemon, teams, and builds in Pokemon Champions VGC 2026",https://pikalytics.com/pokedex/gen9championsvgc2026regma,8,Sinistcha,20.44
2026-06-10,2026-06-10T12:00:03Z,pikalytics,gen9championsvgc2026regma,"Best Pokemon, teams, and builds in Pokemon Champions VGC 2026",https://pikalytics.com/pokedex/gen9championsvgc2026regma,9,Sylveon,17.90
2026-06-10,2026-06-10T12:00:03Z,pikalytics,gen9championsvgc2026regma,"Best Pokemon, teams, and builds in Pokemon Champions VGC 2026",https://pikalytics.com/pokedex/gen9championsvgc2026regma,10,Whimsicott,17.65
2026-06-10,2026-06-10T12:00:03Z,pikalytics,gen9championsvgc2026regma,"Best Pokemon, teams, and builds in Pokemon Champions VGC 2026",https://pikalytics.com/pokedex/gen9championsvgc2026regma,11,Archaludon,17.43
2026-06-10,2026-06-10T12:00:03Z,pikalytics,gen9championsvgc2026regma,"Best Pokemon, teams, and builds in Pokemon Champions VGC 2026",https://pikalytics.com/pokedex/gen9championsvgc2026regma,12,Farigiraf,16.12
2026-06-10,2026-06-10T12:00:03Z,pikalytics,gen9championsvgc2026regma,"Best Pokemon, teams, and builds in Pokemon Champions VGC 2026",https://pikalytics.com/pokedex/gen9championsvgc2026regma,13,Aerodactyl-Mega,12.19
2026-06-10,2026-06-10T12:00:03Z,pikalytics,gen9championsvgc2026regma,"Best Pokemon, teams, and builds in Pokemon Champions VGC 2026",https://pikalytics.com/pokedex/gen9championsvgc2026regma,14,Pelipper,12.15
2026-06-10,2026-06-10T12:00:03Z,pikalytics,gen9championsvgc2026regma,"Best Pokemon, teams, and builds in Pokemon Champions VGC 2026",https://pikalytics.com/pokedex/gen9championsvgc2026regma,15,Sableye,8.84
2026-06-10,2026-06-10T12:00:03Z,pikalytics,gen9championsvgc2026regma,"Best Pokemon, teams, and builds in Pokemon Champions VGC 2026",https://pikalytics.com/pokedex/gen9championsvgc2026regma,16,Dragonite-Mega,7.92
2026-06-10,2026-06-10T12:00:03Z,pikalytics,gen9championsvgc2026regma,"Best Pokemon, teams, and builds in Pokemon Champions VGC 2026",https://pikalytics.com/pokedex/gen9championsvgc2026regma,17,Maushold,7.90
2026-06-10,2026-06-10T12:00:03Z,pikalytics,gen9championsvgc2026regma,"Best Pokemon, teams, and builds in Pokemon Champions VGC 2026",https://pikalytics.com/pokedex/gen9championsvgc2026regma,18,Aegislash,7.46
2026-06-10,2026-06-10T12:00:03Z,pikalytics,gen9championsvgc2026regma,"Best Pokemon, teams, and builds in Pokemon Champions VGC 2026",https://pikalytics.com/pokedex/gen9championsvgc2026regma,19,Blastoise-Mega,7.45
2026-06-10,2026-06-10T12:00:03Z,pikalytics,gen9championsvgc2026regma,"Best Pokemon, teams, and builds in Pokemon Champions VGC 2026",https://pikalytics.com/pokedex/gen9championsvgc2026regma,20,Rotom-Wash,7.43
2026-06-10,2026-06-10T12:00:03Z,pikalytics,gen9championsvgc2026regma,"Best Pokemon, teams, and builds in Pokemon Champions VGC 2026",https://pikalytics.com/pokedex/gen9championsvgc2026regma,21,Glimmora,6.80
2026-06-10,2026-06-10T12:00:03Z,pikalytics,gen9championsvgc2026regma,"Best Pokemon, teams, and builds in Pokemon Champions VGC 2026",https://pikalytics.com/pokedex/gen9championsvgc2026regma,22,Aerodactyl,6.72
2026-06-10,2026-06-10T12:00:03Z,pikalytics,gen9championsvgc2026regma,"Best Pokemon, teams, and builds in Pokemon Champions VGC 2026",https://pikalytics.com/pokedex/gen9championsvgc2026regma,23,Talonflame,6.19
2026-06-10,2026-06-10T12:00:03Z,pikalytics,gen9championsvgc2026regma,"Best Pokemon, teams, and builds in Pokemon Champions VGC 2026",https://pikalytics.com/pokedex/gen9championsvgc2026regma,24,Froslass-Mega,6.09
2026-06-10,2026-06-10T12:00:03Z,pikalytics,gen9championsvgc2026regma,"Best Pokemon, teams, and builds in Pokemon Champions VGC 2026",https://pikalytics.com/pokedex/gen9championsvgc2026regma,25,Scovillain-Mega,6.01
2026-06-11,2026-06-11T12:00:02Z,pikalytics,gen9championsvgc2026regma,"Best Pokemon, teams, and builds in Pokemon Champions VGC 2026",https://pikalytics.com/pokedex/gen9championsvgc2026regma,1,Basculegion,51.50
2026-06-11,2026-06-11T12:00:02Z,pikalytics,gen9championsvgc2026regma,"Best Pokemon, teams, and builds in Pokemon Champions VGC 2026",https://pikalytics.com/pokedex/gen9championsvgc2026regma,2,Kingambit,40.69
2026-06-11,2026-06-11T12:00:02Z,pikalytics,gen9championsvgc2026regma,"Best Pokemon, teams, and builds in Pokemon Champions VGC 2026",https://pikalytics.com/pokedex/gen9championsvgc2026regma,3,Garchomp,40.53
2026-06-11,2026-06-11T12:00:02Z,pikalytics,gen9championsvgc2026regma,"Best Pokemon, teams, and builds in Pokemon Champions VGC 2026",https://pikalytics.com/pokedex/gen9championsvgc2026regma,4,Charizard-Mega-Y,31.81
2026-06-11,2026-06-11T12:00:02Z,pikalytics,gen9championsvgc2026regma,"Best Pokemon, teams, and builds in Pokemon Champions VGC 2026",https://pikalytics.com/pokedex/gen9championsvgc2026regma,5,Sneasler,28.58
2026-06-11,2026-06-11T12:00:02Z,pikalytics,gen9championsvgc2026regma,"Best Pokemon, teams, and builds in Pokemon Champions VGC 2026",https://pikalytics.com/pokedex/gen9championsvgc2026regma,6,Incineroar,25.93
2026-06-11,2026-06-11T12:00:02Z,pikalytics,gen9championsvgc2026regma,"Best Pokemon, teams, and builds in Pokemon Champions VGC 2026",https://pikalytics.com/pokedex/gen9championsvgc2026regma,7,Floette-Mega,23.92
2026-06-11,2026-06-11T12:00:02Z,pikalytics,gen9championsvgc2026regma,"Best Pokemon, teams, and builds in Pokemon Champions VGC 2026",https://pikalytics.com/pokedex/gen9championsvgc2026regma,8,Sinistcha,20.44
2026-06-11,2026-06-11T12:00:02Z,pikalytics,gen9championsvgc2026regma,"Best Pokemon, teams, and builds in Pokemon Champions VGC 2026",https://pikalytics.com/pokedex/gen9championsvgc2026regma,9,Sylveon,17.90
2026-06-11,2026-06-11T12:00:02Z,pikalytics,gen9championsvgc2026regma,"Best Pokemon, teams, and builds in Pokemon Champions VGC 2026",https://pikalytics.com/pokedex/gen9championsvgc2026regma,10,Whimsicott,17.65
2026-06-11,2026-06-11T12:00:02Z,pikalytics,gen9championsvgc2026regma,"Best Pokemon, teams, and builds in Pokemon Champions VGC 2026",https://pikalytics.com/pokedex/gen9championsvgc2026regma,11,Archaludon,17.43
2026-06-11,2026-06-11T12:00:02Z,pikalytics,gen9championsvgc2026regma,"Best Pokemon, teams, and builds in Pokemon Champions VGC 2026",https://pikalytics.com/pokedex/gen9championsvgc2026regma,12,Farigiraf,16.12
2026-06-11,2026-06-11T12:00:02Z,pikalytics,gen9championsvgc2026regma,"Best Pokemon, teams, and builds in Pokemon Champions VGC 2026",https://pikalytics.com/pokedex/gen9championsvgc2026regma,13,Aerodactyl-Mega,12.19
2026-06-11,2026-06-11T12:00:02Z,pikalytics,gen9championsvgc2026regma,"Best Pokemon, teams, and builds in Pokemon Champions VGC 2026",https://pikalytics.com/pokedex/gen9championsvgc2026regma,14,Pelipper,12.15
2026-06-11,2026-06-11T12:00:02Z,pikalytics,gen9championsvgc2026regma,"Best Pokemon, teams, and builds in Pokemon Champions VGC 2026",https://pikalytics.com/pokedex/gen9championsvgc2026regma,15,Sableye,8.84
2026-06-11,2026-06-11T12:00:02Z,pikalytics,gen9championsvgc2026regma,"Best Pokemon, teams, and builds in Pokemon Champions VGC 2026",https://pikalytics.com/pokedex/gen9championsvgc2026regma,16,Dragonite-Mega,7.92
2026-06-11,2026-06-11T12:00:02Z,pikalytics,gen9championsvgc2026regma,"Best Pokemon, teams, and builds in Pokemon Champions VGC 2026",https://pikalytics.com/pokedex/gen9championsvgc2026regma,17,Maushold,7.90
2026-06-11,2026-06-11T12:00:02Z,pikalytics,gen9championsvgc2026regma,"Best Pokemon, teams, and builds in Pokemon Champions VGC 2026",https://pikalytics.com/pokedex/gen9championsvgc2026regma,18,Aegislash,7.46
2026-06-11,2026-06-11T12:00:02Z,pikalytics,gen9championsvgc2026regma,"Best Pokemon, teams, and builds in Pokemon Champions VGC 2026",https://pikalytics.com/pokedex/gen9championsvgc2026regma,19,Blastoise-Mega,7.45
2026-06-11,2026-06-11T12:00:02Z,pikalytics,gen9championsvgc2026regma,"Best Pokemon, teams, and builds in Pokemon Champions VGC 2026",https://pikalytics.com/pokedex/gen9championsvgc2026regma,20,Rotom-Wash,7.43
2026-06-11,2026-06-11T12:00:02Z,pikalytics,gen9championsvgc2026regma,"Best Pokemon, teams, and builds in Pokemon Champions VGC 2026",https://pikalytics.com/pokedex/gen9championsvgc2026regma,21,Glimmora,6.80
2026-06-11,2026-06-11T12:00:02Z,pikalytics,gen9championsvgc2026regma,"Best Pokemon, teams, and builds in Pokemon Champions VGC 2026",https://pikalytics.com/pokedex/gen9championsvgc2026regma,22,Aerodactyl,6.72
2026-06-11,2026-06-11T12:00:02Z,pikalytics,gen9championsvgc2026regma,"Best Pokemon, teams, and builds in Pokemon Champions VGC 2026",https://pikalytics.com/pokedex/gen9championsvgc2026regma,23,Talonflame,6.19
2026-06-11,2026-06-11T12:00:02Z,pikalytics,gen9championsvgc2026regma,"Best Pokemon, teams, and builds in Pokemon Champions VGC 2026",https://pikalytics.com/pokedex/gen9championsvgc2026regma,24,Froslass-Mega,6.09
2026-06-11,2026-06-11T12:00:02Z,pikalytics,gen9championsvgc2026regma,"Best Pokemon, teams, and builds in Pokemon Champions VGC 2026",https://pikalytics.com/pokedex/gen9championsvgc2026regma,25,Scovillain-Mega,6.01
2026-06-12,2026-06-12T12:00:02Z,pikalytics,gen9championsvgc2026regma,"Best Pokemon, teams, and builds in Pokemon Champions VGC 2026",https://pikalytics.com/pokedex/gen9championsvgc2026regma,1,Basculegion,51.50
2026-06-12,2026-06-12T12:00:02Z,pikalytics,gen9championsvgc2026regma,"Best Pokemon, teams, and builds in Pokemon Champions VGC 2026",https://pikalytics.com/pokedex/gen9championsvgc2026regma,2,Kingambit,40.69
2026-06-12,2026-06-12T12:00:02Z,pikalytics,gen9championsvgc2026regma,"Best Pokemon, teams, and builds in Pokemon Champions VGC 2026",https://pikalytics.com/pokedex/gen9championsvgc2026regma,3,Garchomp,40.53
2026-06-12,2026-06-12T12:00:02Z,pikalytics,gen9championsvgc2026regma,"Best Pokemon, teams, and builds in Pokemon Champions VGC 2026",https://pikalytics.com/pokedex/gen9championsvgc2026regma,4,Charizard-Mega-Y,31.81
2026-06-12,2026-06-12T12:00:02Z,pikalytics,gen9championsvgc2026regma,"Best Pokemon, teams, and builds in Pokemon Champions VGC 2026",https://pikalytics.com/pokedex/gen9championsvgc2026regma,5,Sneasler,28.58
2026-06-12,2026-06-12T12:00:02Z,pikalytics,gen9championsvgc2026regma,"Best Pokemon, teams, and builds in Pokemon Champions VGC 2026",https://pikalytics.com/pokedex/gen9championsvgc2026regma,6,Incineroar,25.93
2026-06-12,2026-06-12T12:00:02Z,pikalytics,gen9championsvgc2026regma,"Best Pokemon, teams, and builds in Pokemon Champions VGC 2026",https://pikalytics.com/pokedex/gen9championsvgc2026regma,7,Floette-Mega,23.92
2026-06-12,2026-06-12T12:00:02Z,pikalytics,gen9championsvgc2026regma,"Best Pokemon, teams, and builds in Pokemon Champions VGC 2026",https://pikalytics.com/pokedex/gen9championsvgc2026regma,8,Sinistcha,20.44
2026-06-12,2026-06-12T12:00:02Z,pikalytics,gen9championsvgc2026regma,"Best Pokemon, teams, and builds in Pokemon Champions VGC 2026",https://pikalytics.com/pokedex/gen9championsvgc2026regma,9,Sylveon,17.90
2026-06-12,2026-06-12T12:00:02Z,pikalytics,gen9championsvgc2026regma,"Best Pokemon, teams, and builds in Pokemon Champions VGC 2026",https://pikalytics.com/pokedex/gen9championsvgc2026regma,10,Whimsicott,17.65
2026-06-12,2026-06-12T12:00:02Z,pikalytics,gen9championsvgc2026regma,"Best Pokemon, teams, and builds in Pokemon Champions VGC 2026",https://pikalytics.com/pokedex/gen9championsvgc2026regma,11,Archaludon,17.43
2026-06-12,2026-06-12T12:00:02Z,pikalytics,gen9championsvgc2026regma,"Best Pokemon, teams, and builds in Pokemon Champions VGC 2026",https://pikalytics.com/pokedex/gen9championsvgc2026regma,12,Farigiraf,16.12
2026-06-12,2026-06-12T12:00:02Z,pikalytics,gen9championsvgc2026regma,"Best Pokemon, teams, and builds in Pokemon Champions VGC 2026",https://pikalytics.com/pokedex/gen9championsvgc2026regma,13,Aerodactyl-Mega,12.19
2026-06-12,2026-06-12T12:00:02Z,pikalytics,gen9championsvgc2026regma,"Best Pokemon, teams, and builds in Pokemon Champions VGC 2026",https://pikalytics.com/pokedex/gen9championsvgc2026regma,14,Pelipper,12.15
2026-06-12,2026-06-12T12:00:02Z,pikalytics,gen9championsvgc2026regma,"Best Pokemon, teams, and builds in Pokemon Champions VGC 2026",https://pikalytics.com/pokedex/gen9championsvgc2026regma,15,Sableye,8.84
2026-06-12,2026-06-12T12:00:02Z,pikalytics,gen9championsvgc2026regma,"Best Pokemon, teams, and builds in Pokemon Champions VGC 2026",https://pikalytics.com/pokedex/gen9championsvgc2026regma,16,Dragonite-Mega,7.92
2026-06-12,2026-06-12T12:00:02Z,pikalytics,gen9championsvgc2026regma,"Best Pokemon, teams, and builds in Pokemon Champions VGC 2026",https://pikalytics.com/pokedex/gen9championsvgc2026regma,17,Maushold,7.90
2026-06-12,2026-06-12T12:00:02Z,pikalytics,gen9championsvgc2026regma,"Best Pokemon, teams, and builds in Pokemon Champions VGC 2026",https://pikalytics.com/pokedex/gen9championsvgc2026regma,18,Aegislash,7.46
2026-06-12,2026-06-12T12:00:02Z,pikalytics,gen9championsvgc2026regma,"Best Pokemon, teams, and builds in Pokemon Champions VGC 2026",https://pikalytics.com/pokedex/gen9championsvgc2026regma,19,Blastoise-Mega,7.45
2026-06-12,2026-06-12T12:00:02Z,pikalytics,gen9championsvgc2026regma,"Best Pokemon, teams, and builds in Pokemon Champions VGC 2026",https://pikalytics.com/pokedex/gen9championsvgc2026regma,20,Rotom-Wash,7.43
2026-06-12,2026-06-12T12:00:02Z,pikalytics,gen9championsvgc2026regma,"Best Pokemon, teams, and builds in Pokemon Champions VGC 2026",https://pikalytics.com/pokedex/gen9championsvgc2026regma,21,Glimmora,6.80
2026-06-12,2026-06-12T12:00:02Z,pikalytics,gen9championsvgc2026regma,"Best Pokemon, teams, and builds in Pokemon Champions VGC 2026",https://pikalytics.com/pokedex/gen9championsvgc2026regma,22,Aerodactyl,6.72
2026-06-12,2026-06-12T12:00:02Z,pikalytics,gen9championsvgc2026regma,"Best Pokemon, teams, and builds in Pokemon Champions VGC 2026",https://pikalytics.com/pokedex/gen9championsvgc2026regma,23,Talonflame,6.19
2026-06-12,2026-06-12T12:00:02Z,pikalytics,gen9championsvgc2026regma,"Best Pokemon, teams, and builds in Pokemon Champions VGC 2026",https://pikalytics.com/pokedex/gen9championsvgc2026regma,24,Froslass-Mega,6.09
2026-06-12,2026-06-12T12:00:02Z,pikalytics,gen9championsvgc2026regma,"Best Pokemon, teams, and builds in Pokemon Champions VGC 2026",https://pikalytics.com/pokedex/gen9championsvgc2026regma,25,Scovillain-Mega,6.01
2026-06-13,2026-06-13T12:00:02Z,pikalytics,gen9championsvgc2026regma,"Best Pokemon, teams, and builds in Pokemon Champions VGC 2026",https://pikalytics.com/pokedex/gen9championsvgc2026regma,1,Basculegion,51.50
2026-06-13,2026-06-13T12:00:02Z,pikalytics,gen9championsvgc2026regma,"Best Pokemon, teams, and builds in Pokemon Champions VGC 2026",https://pikalytics.com/pokedex/gen9championsvgc2026regma,2,Kingambit,40.69
2026-06-13,2026-06-13T12:00:02Z,pikalytics,gen9championsvgc2026regma,"Best Pokemon, teams, and builds in Pokemon Champions VGC 2026",https://pikalytics.com/pokedex/gen9championsvgc2026regma,3,Garchomp,40.53
2026-06-13,2026-06-13T12:00:02Z,pikalytics,gen9championsvgc2026regma,"Best Pokemon, teams, and builds in Pokemon Champions VGC 2026",https://pikalytics.com/pokedex/gen9championsvgc2026regma,4,Charizard-Mega-Y,31.81
2026-06-13,2026-06-13T12:00:02Z,pikalytics,gen9championsvgc2026regma,"Best Pokemon, teams, and builds in Pokemon Champions VGC 2026",https://pikalytics.com/pokedex/gen9championsvgc2026regma,5,Sneasler,28.58
2026-06-13,2026-06-13T12:00:02Z,pikalytics,gen9championsvgc2026regma,"Best Pokemon, teams, and builds in Pokemon Champions VGC 2026",https://pikalytics.com/pokedex/gen9championsvgc2026regma,6,Incineroar,25.93
2026-06-13,2026-06-13T12:00:02Z,pikalytics,gen9championsvgc2026regma,"Best Pokemon, teams, and builds in Pokemon Champions VGC 2026",https://pikalytics.com/pokedex/gen9championsvgc2026regma,7,Floette-Mega,23.92
2026-06-13,2026-06-13T12:00:02Z,pikalytics,gen9championsvgc2026regma,"Best Pokemon, teams, and builds in Pokemon Champions VGC 2026",https://pikalytics.com/pokedex/gen9championsvgc2026regma,8,Sinistcha,20.44
2026-06-13,2026-06-13T12:00:02Z,pikalytics,gen9championsvgc2026regma,"Best Pokemon, teams, and builds in Pokemon Champions VGC 2026",https://pikalytics.com/pokedex/gen9championsvgc2026regma,9,Sylveon,17.90
2026-06-13,2026-06-13T12:00:02Z,pikalytics,gen9championsvgc2026regma,"Best Pokemon, teams, and builds in Pokemon Champions VGC 2026",https://pikalytics.com/pokedex/gen9championsvgc2026regma,10,Whimsicott,17.65
2026-06-13,2026-06-13T12:00:02Z,pikalytics,gen9championsvgc2026regma,"Best Pokemon, teams, and builds in Pokemon Champions VGC 2026",https://pikalytics.com/pokedex/gen9championsvgc2026regma,11,Archaludon,17.43
2026-06-13,2026-06-13T12:00:02Z,pikalytics,gen9championsvgc2026regma,"Best Pokemon, teams, and builds in Pokemon Champions VGC 2026",https://pikalytics.com/pokedex/gen9championsvgc2026regma,12,Farigiraf,16.12
2026-06-13,2026-06-13T12:00:02Z,pikalytics,gen9championsvgc2026regma,"Best Pokemon, teams, and builds in Pokemon Champions VGC 2026",https://pikalytics.com/pokedex/gen9championsvgc2026regma,13,Aerodactyl-Mega,12.19
2026-06-13,2026-06-13T12:00:02Z,pikalytics,gen9championsvgc2026regma,"Best Pokemon, teams, and builds in Pokemon Champions VGC 2026",https://pikalytics.com/pokedex/gen9championsvgc2026regma,14,Pelipper,12.15
2026-06-13,2026-06-13T12:00:02Z,pikalytics,gen9championsvgc2026regma,"Best Pokemon, teams, and builds in Pokemon Champions VGC 2026",https://pikalytics.com/pokedex/gen9championsvgc2026regma,15,Sableye,8.84
2026-06-13,2026-06-13T12:00:02Z,pikalytics,gen9championsvgc2026regma,"Best Pokemon, teams, and builds in Pokemon Champions VGC 2026",https://pikalytics.com/pokedex/gen9championsvgc2026regma,16,Dragonite-Mega,7.92
2026-06-13,2026-06-13T12:00:02Z,pikalytics,gen9championsvgc2026regma,"Best Pokemon, teams, and builds in Pokemon Champions VGC 2026",https://pikalytics.com/pokedex/gen9championsvgc2026regma,17,Maushold,7.90
2026-06-13,2026-06-13T12:00:02Z,pikalytics,gen9championsvgc2026regma,"Best Pokemon, teams, and builds in Pokemon Champions VGC 2026",https://pikalytics.com/pokedex/gen9championsvgc2026regma,18,Aegislash,7.46
2026-06-13,2026-06-13T12:00:02Z,pikalytics,gen9championsvgc2026regma,"Best Pokemon, teams, and builds in Pokemon Champions VGC 2026",https://pikalytics.com/pokedex/gen9championsvgc2026regma,19,Blastoise-Mega,7.45
2026-06-13,2026-06-13T12:00:02Z,pikalytics,gen9championsvgc2026regma,"Best Pokemon, teams, and builds in Pokemon Champions VGC 2026",https://pikalytics.com/pokedex/gen9championsvgc2026regma,20,Rotom-Wash,7.43
2026-06-13,2026-06-13T12:00:02Z,pikalytics,gen9championsvgc2026regma,"Best Pokemon, teams, and builds in Pokemon Champions VGC 2026",https://pikalytics.com/pokedex/gen9championsvgc2026regma,21,Glimmora,6.80
2026-06-13,2026-06-13T12:00:02Z,pikalytics,gen9championsvgc2026regma,"Best Pokemon, teams, and builds in Pokemon Champions VGC 2026",https://pikalytics.com/pokedex/gen9championsvgc2026regma,22,Aerodactyl,6.72
2026-06-13,2026-06-13T12:00:02Z,pikalytics,gen9championsvgc2026regma,"Best Pokemon, teams, and builds in Pokemon Champions VGC 2026",https://pikalytics.com/pokedex/gen9championsvgc2026regma,23,Talonflame,6.19
2026-06-13,2026-06-13T12:00:02Z,pikalytics,gen9championsvgc2026regma,"Best Pokemon, teams, and builds in Pokemon Champions VGC 2026",https://pikalytics.com/pokedex/gen9championsvgc2026regma,24,Froslass-Mega,6.09
2026-06-13,2026-06-13T12:00:02Z,pikalytics,gen9championsvgc2026regma,"Best Pokemon, teams, and builds in Pokemon Champions VGC 2026",https://pikalytics.com/pokedex/gen9championsvgc2026regma,25,Scovillain-Mega,6.01
2026-06-15,2026-06-15T12:00:02Z,pikalytics,gen9championsvgc2026regma,"Best Pokemon, teams, and builds in Pokemon Champions VGC 2026",https://pikalytics.com/pokedex/gen9championsvgc2026regma,1,Basculegion,51.50
2026-06-15,2026-06-15T12:00:02Z,pikalytics,gen9championsvgc2026regma,"Best Pokemon, teams, and builds in Pokemon Champions VGC 2026",https://pikalytics.com/pokedex/gen9championsvgc2026regma,2,Kingambit,40.69
2026-06-15,2026-06-15T12:00:02Z,pikalytics,gen9championsvgc2026regma,"Best Pokemon, teams, and builds in Pokemon Champions VGC 2026",https://pikalytics.com/pokedex/gen9championsvgc2026regma,3,Garchomp,40.53
2026-06-15,2026-06-15T12:00:02Z,pikalytics,gen9championsvgc2026regma,"Best Pokemon, teams, and builds in Pokemon Champions VGC 2026",https://pikalytics.com/pokedex/gen9championsvgc2026regma,4,Charizard-Mega-Y,31.81
2026-06-15,2026-06-15T12:00:02Z,pikalytics,gen9championsvgc2026regma,"Best Pokemon, teams, and builds in Pokemon Champions VGC 2026",https://pikalytics.com/pokedex/gen9championsvgc2026regma,5,Sneasler,28.58
2026-06-15,2026-06-15T12:00:02Z,pikalytics,gen9championsvgc2026regma,"Best Pokemon, teams, and builds in Pokemon Champions VGC 2026",https://pikalytics.com/pokedex/gen9championsvgc2026regma,6,Incineroar,25.93
2026-06-15,2026-06-15T12:00:02Z,pikalytics,gen9championsvgc2026regma,"Best Pokemon, teams, and builds in Pokemon Champions VGC 2026",https://pikalytics.com/pokedex/gen9championsvgc2026regma,7,Floette-Mega,23.92
2026-06-15,2026-06-15T12:00:02Z,pikalytics,gen9championsvgc2026regma,"Best Pokemon, teams, and builds in Pokemon Champions VGC 2026",https://pikalytics.com/pokedex/gen9championsvgc2026regma,8,Sinistcha,20.44
2026-06-15,2026-06-15T12:00:02Z,pikalytics,gen9championsvgc2026regma,"Best Pokemon, teams, and builds in Pokemon Champions VGC 2026",https://pikalytics.com/pokedex/gen9championsvgc2026regma,9,Sylveon,17.90
2026-06-15,2026-06-15T12:00:02Z,pikalytics,gen9championsvgc2026regma,"Best Pokemon, teams, and builds in Pokemon Champions VGC 2026",https://pikalytics.com/pokedex/gen9championsvgc2026regma,10,Whimsicott,17.65
2026-06-15,2026-06-15T12:00:02Z,pikalytics,gen9championsvgc2026regma,"Best Pokemon, teams, and builds in Pokemon Champions VGC 2026",https://pikalytics.com/pokedex/gen9championsvgc2026regma,11,Archaludon,17.43
2026-06-15,2026-06-15T12:00:02Z,pikalytics,gen9championsvgc2026regma,"Best Pokemon, teams, and builds in Pokemon Champions VGC 2026",https://pikalytics.com/pokedex/gen9championsvgc2026regma,12,Farigiraf,16.12
2026-06-15,2026-06-15T12:00:02Z,pikalytics,gen9championsvgc2026regma,"Best Pokemon, teams, and builds in Pokemon Champions VGC 2026",https://pikalytics.com/pokedex/gen9championsvgc2026regma,13,Aerodactyl-Mega,12.19
2026-06-15,2026-06-15T12:00:02Z,pikalytics,gen9championsvgc2026regma,"Best Pokemon, teams, and builds in Pokemon Champions VGC 2026",https://pikalytics.com/pokedex/gen9championsvgc2026regma,14,Pelipper,12.15
2026-06-15,2026-06-15T12:00:02Z,pikalytics,gen9championsvgc2026regma,"Best Pokemon, teams, and builds in Pokemon Champions VGC 2026",https://pikalytics.com/pokedex/gen9championsvgc2026regma,15,Sableye,8.84
2026-06-15,2026-06-15T12:00:02Z,pikalytics,gen9championsvgc2026regma,"Best Pokemon, teams, and builds in Pokemon Champions VGC 2026",https://pikalytics.com/pokedex/gen9championsvgc2026regma,16,Dragonite-Mega,7.92
2026-06-15,2026-06-15T12:00:02Z,pikalytics,gen9championsvgc2026regma,"Best Pokemon, teams, and builds in Pokemon Champions VGC 2026",https://pikalytics.com/pokedex/gen9championsvgc2026regma,17,Maushold,7.90
2026-06-15,2026-06-15T12:00:02Z,pikalytics,gen9championsvgc2026regma,"Best Pokemon, teams, and builds in Pokemon Champions VGC 2026",https://pikalytics.com/pokedex/gen9championsvgc2026regma,18,Aegislash,7.46
2026-06-15,2026-06-15T12:00:02Z,pikalytics,gen9championsvgc2026regma,"Best Pokemon, teams, and builds in Pokemon Champions VGC 2026",https://pikalytics.com/pokedex/gen9championsvgc2026regma,19,Blastoise-Mega,7.45
2026-06-15,2026-06-15T12:00:02Z,pikalytics,gen9championsvgc2026regma,"Best Pokemon, teams, and builds in Pokemon Champions VGC 2026",https://pikalytics.com/pokedex/gen9championsvgc2026regma,20,Rotom-Wash,7.43
2026-06-15,2026-06-15T12:00:02Z,pikalytics,gen9championsvgc2026regma,"Best Pokemon, teams, and builds in Pokemon Champions VGC 2026",https://pikalytics.com/pokedex/gen9championsvgc2026regma,21,Glimmora,6.80
2026-06-15,2026-06-15T12:00:02Z,pikalytics,gen9championsvgc2026regma,"Best Pokemon, teams, and builds in Pokemon Champions VGC 2026",https://pikalytics.com/pokedex/gen9championsvgc2026regma,22,Aerodactyl,6.72
2026-06-15,2026-06-15T12:00:02Z,pikalytics,gen9championsvgc2026regma,"Best Pokemon, teams, and builds in Pokemon Champions VGC 2026",https://pikalytics.com/pokedex/gen9championsvgc2026regma,23,Talonflame,6.19
2026-06-15,2026-06-15T12:00:02Z,pikalytics,gen9championsvgc2026regma,"Best Pokemon, teams, and builds in Pokemon Champions VGC 2026",https://pikalytics.com/pokedex/gen9championsvgc2026regma,24,Froslass-Mega,6.09
2026-06-15,2026-06-15T12:00:02Z,pikalytics,gen9championsvgc2026regma,"Best Pokemon, teams, and builds in Pokemon Champions VGC 2026",https://pikalytics.com/pokedex/gen9championsvgc2026regma,25,Scovillain-Mega,6.01
2026-06-16,2026-06-16T12:00:03Z,pikalytics,gen9championsvgc2026regma,"Best Pokemon, teams, and builds in Pokemon Champions VGC 2026",https://pikalytics.com/pokedex/gen9championsvgc2026regma,1,Basculegion,51.50
2026-06-16,2026-06-16T12:00:03Z,pikalytics,gen9championsvgc2026regma,"Best Pokemon, teams, and builds in Pokemon Champions VGC 2026",https://pikalytics.com/pokedex/gen9championsvgc2026regma,2,Kingambit,40.69
2026-06-16,2026-06-16T12:00:03Z,pikalytics,gen9championsvgc2026regma,"Best Pokemon, teams, and builds in Pokemon Champions VGC 2026",https://pikalytics.com/pokedex/gen9championsvgc2026regma,3,Garchomp,40.53
2026-06-16,2026-06-16T12:00:03Z,pikalytics,gen9championsvgc2026regma,"Best Pokemon, teams, and builds in Pokemon Champions VGC 2026",https://pikalytics.com/pokedex/gen9championsvgc2026regma,4,Charizard-Mega-Y,31.81
2026-06-16,2026-06-16T12:00:03Z,pikalytics,gen9championsvgc2026regma,"Best Pokemon, teams, and builds in Pokemon Champions VGC 2026",https://pikalytics.com/pokedex/gen9championsvgc2026regma,5,Sneasler,28.58
2026-06-16,2026-06-16T12:00:03Z,pikalytics,gen9championsvgc2026regma,"Best Pokemon, teams, and builds in Pokemon Champions VGC 2026",https://pikalytics.com/pokedex/gen9championsvgc2026regma,6,Incineroar,25.93
2026-06-16,2026-06-16T12:00:03Z,pikalytics,gen9championsvgc2026regma,"Best Pokemon, teams, and builds in Pokemon Champions VGC 2026",https://pikalytics.com/pokedex/gen9championsvgc2026regma,7,Floette-Mega,23.92
2026-06-16,2026-06-16T12:00:03Z,pikalytics,gen9championsvgc2026regma,"Best Pokemon, teams, and builds in Pokemon Champions VGC 2026",https://pikalytics.com/pokedex/gen9championsvgc2026regma,8,Sinistcha,20.44
2026-06-16,2026-06-16T12:00:03Z,pikalytics,gen9championsvgc2026regma,"Best Pokemon, teams, and builds in Pokemon Champions VGC 2026",https://pikalytics.com/pokedex/gen9championsvgc2026regma,9,Sylveon,17.90
2026-06-16,2026-06-16T12:00:03Z,pikalytics,gen9championsvgc2026regma,"Best Pokemon, teams, and builds in Pokemon Champions VGC 2026",https://pikalytics.com/pokedex/gen9championsvgc2026regma,10,Whimsicott,17.65
2026-06-16,2026-06-16T12:00:03Z,pikalytics,gen9championsvgc2026regma,"Best Pokemon, teams, and builds in Pokemon Champions VGC 2026",https://pikalytics.com/pokedex/gen9championsvgc2026regma,11,Archaludon,17.43
2026-06-16,2026-06-16T12:00:03Z,pikalytics,gen9championsvgc2026regma,"Best Pokemon, teams, and builds in Pokemon Champions VGC 2026",https://pikalytics.com/pokedex/gen9championsvgc2026regma,12,Farigiraf,16.12
2026-06-16,2026-06-16T12:00:03Z,pikalytics,gen9championsvgc2026regma,"Best Pokemon, teams, and builds in Pokemon Champions VGC 2026",https://pikalytics.com/pokedex/gen9championsvgc2026regma,13,Aerodactyl-Mega,12.19
2026-06-16,2026-06-16T12:00:03Z,pikalytics,gen9championsvgc2026regma,"Best Pokemon, teams, and builds in Pokemon Champions VGC 2026",https://pikalytics.com/pokedex/gen9championsvgc2026regma,14,Pelipper,12.15
2026-06-16,2026-06-16T12:00:03Z,pikalytics,gen9championsvgc2026regma,"Best Pokemon, teams, and builds in Pokemon Champions VGC 2026",https://pikalytics.com/pokedex/gen9championsvgc2026regma,15,Sableye,8.84
2026-06-16,2026-06-16T12:00:03Z,pikalytics,gen9championsvgc2026regma,"Best Pokemon, teams, and builds in Pokemon Champions VGC 2026",https://pikalytics.com/pokedex/gen9championsvgc2026regma,16,Dragonite-Mega,7.92
2026-06-16,2026-06-16T12:00:03Z,pikalytics,gen9championsvgc2026regma,"Best Pokemon, teams, and builds in Pokemon Champions VGC 2026",https://pikalytics.com/pokedex/gen9championsvgc2026regma,17,Maushold,7.90
2026-06-16,2026-06-16T12:00:03Z,pikalytics,gen9championsvgc2026regma,"Best Pokemon, teams, and builds in Pokemon Champions VGC 2026",https://pikalytics.com/pokedex/gen9championsvgc2026regma,18,Aegislash,7.46
2026-06-16,2026-06-16T12:00:03Z,pikalytics,gen9championsvgc2026regma,"Best Pokemon, teams, and builds in Pokemon Champions VGC 2026",https://pikalytics.com/pokedex/gen9championsvgc2026regma,19,Blastoise-Mega,7.45
2026-06-16,2026-06-16T12:00:03Z,pikalytics,gen9championsvgc2026regma,"Best Pokemon, teams, and builds in Pokemon Champions VGC 2026",https://pikalytics.com/pokedex/gen9championsvgc2026regma,20,Rotom-Wash,7.43
2026-06-16,2026-06-16T12:00:03Z,pikalytics,gen9championsvgc2026regma,"Best Pokemon, teams, and builds in Pokemon Champions VGC 2026",https://pikalytics.com/pokedex/gen9championsvgc2026regma,21,Glimmora,6.80
2026-06-16,2026-06-16T12:00:03Z,pikalytics,gen9championsvgc2026regma,"Best Pokemon, teams, and builds in Pokemon Champions VGC 2026",https://pikalytics.com/pokedex/gen9championsvgc2026regma,22,Aerodactyl,6.72
2026-06-16,2026-06-16T12:00:03Z,pikalytics,gen9championsvgc2026regma,"Best Pokemon, teams, and builds in Pokemon Champions VGC 2026",https://pikalytics.com/pokedex/gen9championsvgc2026regma,23,Talonflame,6.19
2026-06-16,2026-06-16T12:00:03Z,pikalytics,gen9championsvgc2026regma,"Best Pokemon, teams, and builds in Pokemon Champions VGC 2026",https://pikalytics.com/pokedex/gen9championsvgc2026regma,24,Froslass-Mega,6.09
2026-06-16,2026-06-16T12:00:03Z,pikalytics,gen9championsvgc2026regma,"Best Pokemon, teams, and builds in Pokemon Champions VGC 2026",https://pikalytics.com/pokedex/gen9championsvgc2026regma,25,Scovillain-Mega,6.01
2026-06-17,2026-06-17T12:00:03Z,pikalytics,gen9championsvgc2026regma,"Best Pokemon, teams, and builds in Pokemon Champions VGC 2026",https://pikalytics.com/pokedex/gen9championsvgc2026regma,1,Basculegion,51.50
2026-06-17,2026-06-17T12:00:03Z,pikalytics,gen9championsvgc2026regma,"Best Pokemon, teams, and builds in Pokemon Champions VGC 2026",https://pikalytics.com/pokedex/gen9championsvgc2026regma,2,Kingambit,40.69
2026-06-17,2026-06-17T12:00:03Z,pikalytics,gen9championsvgc2026regma,"Best Pokemon, teams, and builds in Pokemon Champions VGC 2026",https://pikalytics.com/pokedex/gen9championsvgc2026regma,3,Garchomp,40.53
2026-06-17,2026-06-17T12:00:03Z,pikalytics,gen9championsvgc2026regma,"Best Pokemon, teams, and builds in Pokemon Champions VGC 2026",https://pikalytics.com/pokedex/gen9championsvgc2026regma,4,Charizard-Mega-Y,31.81
2026-06-17,2026-06-17T12:00:03Z,pikalytics,gen9championsvgc2026regma,"Best Pokemon, teams, and builds in Pokemon Champions VGC 2026",https://pikalytics.com/pokedex/gen9championsvgc2026regma,5,Sneasler,28.58
2026-06-17,2026-06-17T12:00:03Z,pikalytics,gen9championsvgc2026regma,"Best Pokemon, teams, and builds in Pokemon Champions VGC 2026",https://pikalytics.com/pokedex/gen9championsvgc2026regma,6,Incineroar,25.93
2026-06-17,2026-06-17T12:00:03Z,pikalytics,gen9championsvgc2026regma,"Best Pokemon, teams, and builds in Pokemon Champions VGC 2026",https://pikalytics.com/pokedex/gen9championsvgc2026regma,7,Floette-Mega,23.92
2026-06-17,2026-06-17T12:00:03Z,pikalytics,gen9championsvgc2026regma,"Best Pokemon, teams, and builds in Pokemon Champions VGC 2026",https://pikalytics.com/pokedex/gen9championsvgc2026regma,8,Sinistcha,20.44
2026-06-17,2026-06-17T12:00:03Z,pikalytics,gen9championsvgc2026regma,"Best Pokemon, teams, and builds in Pokemon Champions VGC 2026",https://pikalytics.com/pokedex/gen9championsvgc2026regma,9,Sylveon,17.90
2026-06-17,2026-06-17T12:00:03Z,pikalytics,gen9championsvgc2026regma,"Best Pokemon, teams, and builds in Pokemon Champions VGC 2026",https://pikalytics.com/pokedex/gen9championsvgc2026regma,10,Whimsicott,17.65
2026-06-17,2026-06-17T12:00:03Z,pikalytics,gen9championsvgc2026regma,"Best Pokemon, teams, and builds in Pokemon Champions VGC 2026",https://pikalytics.com/pokedex/gen9championsvgc2026regma,11,Archaludon,17.43
2026-06-17,2026-06-17T12:00:03Z,pikalytics,gen9championsvgc2026regma,"Best Pokemon, teams, and builds in Pokemon Champions VGC 2026",https://pikalytics.com/pokedex/gen9championsvgc2026regma,12,Farigiraf,16.12
2026-06-17,2026-06-17T12:00:03Z,pikalytics,gen9championsvgc2026regma,"Best Pokemon, teams, and builds in Pokemon Champions VGC 2026",https://pikalytics.com/pokedex/gen9championsvgc2026regma,13,Aerodactyl-Mega,12.19
2026-06-17,2026-06-17T12:00:03Z,pikalytics,gen9championsvgc2026regma,"Best Pokemon, teams, and builds in Pokemon Champions VGC 2026",https://pikalytics.com/pokedex/gen9championsvgc2026regma,14,Pelipper,12.15
2026-06-17,2026-06-17T12:00:03Z,pikalytics,gen9championsvgc2026regma,"Best Pokemon, teams, and builds in Pokemon Champions VGC 2026",https://pikalytics.com/pokedex/gen9championsvgc2026regma,15,Sableye,8.84
2026-06-17,2026-06-17T12:00:03Z,pikalytics,gen9championsvgc2026regma,"Best Pokemon, teams, and builds in Pokemon Champions VGC 2026",https://pikalytics.com/pokedex/gen9championsvgc2026regma,16,Dragonite-Mega,7.92
2026-06-17,2026-06-17T12:00:03Z,pikalytics,gen9championsvgc2026regma,"Best Pokemon, teams, and builds in Pokemon Champions VGC 2026",https://pikalytics.com/pokedex/gen9championsvgc2026regma,17,Maushold,7.90
2026-06-17,2026-06-17T12:00:03Z,pikalytics,gen9championsvgc2026regma,"Best Pokemon, teams, and builds in Pokemon Champions VGC 2026",https://pikalytics.com/pokedex/gen9championsvgc2026regma,18,Aegislash,7.46
2026-06-17,2026-06-17T12:00:03Z,pikalytics,gen9championsvgc2026regma,"Best Pokemon, teams, and builds in Pokemon Champions VGC 2026",https://pikalytics.com/pokedex/gen9championsvgc2026regma,19,Blastoise-Mega,7.45
2026-06-17,2026-06-17T12:00:03Z,pikalytics,gen9championsvgc2026regma,"Best Pokemon, teams, and builds in Pokemon Champions VGC 2026",https://pikalytics.com/pokedex/gen9championsvgc2026regma,20,Rotom-Wash,7.43
2026-06-17,2026-06-17T12:00:03Z,pikalytics,gen9championsvgc2026regma,"Best Pokemon, teams, and builds in Pokemon Champions VGC 2026",https://pikalytics.com/pokedex/gen9championsvgc2026regma,21,Glimmora,6.80
2026-06-17,2026-06-17T12:00:03Z,pikalytics,gen9championsvgc2026regma,"Best Pokemon, teams, and builds in Pokemon Champions VGC 2026",https://pikalytics.com/pokedex/gen9championsvgc2026regma,22,Aerodactyl,6.72
2026-06-17,2026-06-17T12:00:03Z,pikalytics,gen9championsvgc2026regma,"Best Pokemon, teams, and builds in Pokemon Champions VGC 2026",https://pikalytics.com/pokedex/gen9championsvgc2026regma,23,Talonflame,6.19
2026-06-17,2026-06-17T12:00:03Z,pikalytics,gen9championsvgc2026regma,"Best Pokemon, teams, and builds in Pokemon Champions VGC 2026",https://pikalytics.com/pokedex/gen9championsvgc2026regma,24,Froslass-Mega,6.09
2026-06-17,2026-06-17T12:00:03Z,pikalytics,gen9championsvgc2026regma,"Best Pokemon, teams, and builds in Pokemon Champions VGC 2026",https://pikalytics.com/pokedex/gen9championsvgc2026regma,25,Scovillain-Mega,6.01
2026-06-18,2026-06-18T12:00:03Z,pikalytics,gen9championsvgc2026regma,"Best Pokemon, teams, and builds in Pokemon Champions VGC 2026",https://pikalytics.com/pokedex/gen9championsvgc2026regma,1,Basculegion,51.50
2026-06-18,2026-06-18T12:00:03Z,pikalytics,gen9championsvgc2026regma,"Best Pokemon, teams, and builds in Pokemon Champions VGC 2026",https://pikalytics.com/pokedex/gen9championsvgc2026regma,2,Kingambit,40.69
2026-06-18,2026-06-18T12:00:03Z,pikalytics,gen9championsvgc2026regma,"Best Pokemon, teams, and builds in Pokemon Champions VGC 2026",https://pikalytics.com/pokedex/gen9championsvgc2026regma,3,Garchomp,40.53
2026-06-18,2026-06-18T12:00:03Z,pikalytics,gen9championsvgc2026regma,"Best Pokemon, teams, and builds in Pokemon Champions VGC 2026",https://pikalytics.com/pokedex/gen9championsvgc2026regma,4,Charizard-Mega-Y,31.81
2026-06-18,2026-06-18T12:00:03Z,pikalytics,gen9championsvgc2026regma,"Best Pokemon, teams, and builds in Pokemon Champions VGC 2026",https://pikalytics.com/pokedex/gen9championsvgc2026regma,5,Sneasler,28.58
2026-06-18,2026-06-18T12:00:03Z,pikalytics,gen9championsvgc2026regma,"Best Pokemon, teams, and builds in Pokemon Champions VGC 2026",https://pikalytics.com/pokedex/gen9championsvgc2026regma,6,Incineroar,25.93
2026-06-18,2026-06-18T12:00:03Z,pikalytics,gen9championsvgc2026regma,"Best Pokemon, teams, and builds in Pokemon Champions VGC 2026",https://pikalytics.com/pokedex/gen9championsvgc2026regma,7,Floette-Mega,23.92
2026-06-18,2026-06-18T12:00:03Z,pikalytics,gen9championsvgc2026regma,"Best Pokemon, teams, and builds in Pokemon Champions VGC 2026",https://pikalytics.com/pokedex/gen9championsvgc2026regma,8,Sinistcha,20.44
2026-06-18,2026-06-18T12:00:03Z,pikalytics,gen9championsvgc2026regma,"Best Pokemon, teams, and builds in Pokemon Champions VGC 2026",https://pikalytics.com/pokedex/gen9championsvgc2026regma,9,Sylveon,17.90
2026-06-18,2026-06-18T12:00:03Z,pikalytics,gen9championsvgc2026regma,"Best Pokemon, teams, and builds in Pokemon Champions VGC 2026",https://pikalytics.com/pokedex/gen9championsvgc2026regma,10,Whimsicott,17.65
2026-06-18,2026-06-18T12:00:03Z,pikalytics,gen9championsvgc2026regma,"Best Pokemon, teams, and builds in Pokemon Champions VGC 2026",https://pikalytics.com/pokedex/gen9championsvgc2026regma,11,Archaludon,17.43
2026-06-18,2026-06-18T12:00:03Z,pikalytics,gen9championsvgc2026regma,"Best Pokemon, teams, and builds in Pokemon Champions VGC 2026",https://pikalytics.com/pokedex/gen9championsvgc2026regma,12,Farigiraf,16.12
2026-06-18,2026-06-18T12:00:03Z,pikalytics,gen9championsvgc2026regma,"Best Pokemon, teams, and builds in Pokemon Champions VGC 2026",https://pikalytics.com/pokedex/gen9championsvgc2026regma,13,Aerodactyl-Mega,12.19
2026-06-18,2026-06-18T12:00:03Z,pikalytics,gen9championsvgc2026regma,"Best Pokemon, teams, and builds in Pokemon Champions VGC 2026",https://pikalytics.com/pokedex/gen9championsvgc2026regma,14,Pelipper,12.15
2026-06-18,2026-06-18T12:00:03Z,pikalytics,gen9championsvgc2026regma,"Best Pokemon, teams, and builds in Pokemon Champions VGC 2026",https://pikalytics.com/pokedex/gen9championsvgc2026regma,15,Sableye,8.84
2026-06-18,2026-06-18T12:00:03Z,pikalytics,gen9championsvgc2026regma,"Best Pokemon, teams, and builds in Pokemon Champions VGC 2026",https://pikalytics.com/pokedex/gen9championsvgc2026regma,16,Dragonite-Mega,7.92
2026-06-18,2026-06-18T12:00:03Z,pikalytics,gen9championsvgc2026regma,"Best Pokemon, teams, and builds in Pokemon Champions VGC 2026",https://pikalytics.com/pokedex/gen9championsvgc2026regma,17,Maushold,7.90
2026-06-18,2026-06-18T12:00:03Z,pikalytics,gen9championsvgc2026regma,"Best Pokemon, teams, and builds in Pokemon Champions VGC 2026",https://pikalytics.com/pokedex/gen9championsvgc2026regma,18,Aegislash,7.46
2026-06-18,2026-06-18T12:00:03Z,pikalytics,gen9championsvgc2026regma,"Best Pokemon, teams, and builds in Pokemon Champions VGC 2026",https://pikalytics.com/pokedex/gen9championsvgc2026regma,19,Blastoise-Mega,7.45
2026-06-18,2026-06-18T12:00:03Z,pikalytics,gen9championsvgc2026regma,"Best Pokemon, teams, and builds in Pokemon Champions VGC 2026",https://pikalytics.com/pokedex/gen9championsvgc2026regma,20,Rotom-Wash,7.43
2026-06-18,2026-06-18T12:00:03Z,pikalytics,gen9championsvgc2026regma,"Best Pokemon, teams, and builds in Pokemon Champions VGC 2026",https://pikalytics.com/pokedex/gen9championsvgc2026regma,21,Glimmora,6.80
2026-06-18,2026-06-18T12:00:03Z,pikalytics,gen9championsvgc2026regma,"Best Pokemon, teams, and builds in Pokemon Champions VGC 2026",https://pikalytics.com/pokedex/gen9championsvgc2026regma,22,Aerodactyl,6.72
2026-06-18,2026-06-18T12:00:03Z,pikalytics,gen9championsvgc2026regma,"Best Pokemon, teams, and builds in Pokemon Champions VGC 2026",https://pikalytics.com/pokedex/gen9championsvgc2026regma,23,Talonflame,6.19
2026-06-18,2026-06-18T12:00:03Z,pikalytics,gen9championsvgc2026regma,"Best Pokemon, teams, and builds in Pokemon Champions VGC 2026",https://pikalytics.com/pokedex/gen9championsvgc2026regma,24,Froslass-Mega,6.09
2026-06-18,2026-06-18T12:00:03Z,pikalytics,gen9championsvgc2026regma,"Best Pokemon, teams, and builds in Pokemon Champions VGC 2026",https://pikalytics.com/pokedex/gen9championsvgc2026regma,25,Scovillain-Mega,6.01
2026-06-19,2026-06-19T12:00:03Z,pikalytics,gen9championsvgc2026regma,"Best Pokemon, teams, and builds in Pokemon Champions VGC 2026",https://pikalytics.com/pokedex/gen9championsvgc2026regma,1,Basculegion,51.50
2026-06-19,2026-06-19T12:00:03Z,pikalytics,gen9championsvgc2026regma,"Best Pokemon, teams, and builds in Pokemon Champions VGC 2026",https://pikalytics.com/pokedex/gen9championsvgc2026regma,2,Kingambit,40.69
2026-06-19,2026-06-19T12:00:03Z,pikalytics,gen9championsvgc2026regma,"Best Pokemon, teams, and builds in Pokemon Champions VGC 2026",https://pikalytics.com/pokedex/gen9championsvgc2026regma,3,Garchomp,40.53
2026-06-19,2026-06-19T12:00:03Z,pikalytics,gen9championsvgc2026regma,"Best Pokemon, teams, and builds in Pokemon Champions VGC 2026",https://pikalytics.com/pokedex/gen9championsvgc2026regma,4,Charizard-Mega-Y,31.81
2026-06-19,2026-06-19T12:00:03Z,pikalytics,gen9championsvgc2026regma,"Best Pokemon, teams, and builds in Pokemon Champions VGC 2026",https://pikalytics.com/pokedex/gen9championsvgc2026regma,5,Sneasler,28.58
2026-06-19,2026-06-19T12:00:03Z,pikalytics,gen9championsvgc2026regma,"Best Pokemon, teams, and builds in Pokemon Champions VGC 2026",https://pikalytics.com/pokedex/gen9championsvgc2026regma,6,Incineroar,25.93
2026-06-19,2026-06-19T12:00:03Z,pikalytics,gen9championsvgc2026regma,"Best Pokemon, teams, and builds in Pokemon Champions VGC 2026",https://pikalytics.com/pokedex/gen9championsvgc2026regma,7,Floette-Mega,23.92
2026-06-19,2026-06-19T12:00:03Z,pikalytics,gen9championsvgc2026regma,"Best Pokemon, teams, and builds in Pokemon Champions VGC 2026",https://pikalytics.com/pokedex/gen9championsvgc2026regma,8,Sinistcha,20.44
2026-06-19,2026-06-19T12:00:03Z,pikalytics,gen9championsvgc2026regma,"Best Pokemon, teams, and builds in Pokemon Champions VGC 2026",https://pikalytics.com/pokedex/gen9championsvgc2026regma,9,Sylveon,17.90
2026-06-19,2026-06-19T12:00:03Z,pikalytics,gen9championsvgc2026regma,"Best Pokemon, teams, and builds in Pokemon Champions VGC 2026",https://pikalytics.com/pokedex/gen9championsvgc2026regma,10,Whimsicott,17.65
2026-06-19,2026-06-19T12:00:03Z,pikalytics,gen9championsvgc2026regma,"Best Pokemon, teams, and builds in Pokemon Champions VGC 2026",https://pikalytics.com/pokedex/gen9championsvgc2026regma,11,Archaludon,17.43
2026-06-19,2026-06-19T12:00:03Z,pikalytics,gen9championsvgc2026regma,"Best Pokemon, teams, and builds in Pokemon Champions VGC 2026",https://pikalytics.com/pokedex/gen9championsvgc2026regma,12,Farigiraf,16.12
2026-06-19,2026-06-19T12:00:03Z,pikalytics,gen9championsvgc2026regma,"Best Pokemon, teams, and builds in Pokemon Champions VGC 2026",https://pikalytics.com/pokedex/gen9championsvgc2026regma,13,Aerodactyl-Mega,12.19
2026-06-19,2026-06-19T12:00:03Z,pikalytics,gen9championsvgc2026regma,"Best Pokemon, teams, and builds in Pokemon Champions VGC 2026",https://pikalytics.com/pokedex/gen9championsvgc2026regma,14,Pelipper,12.15
2026-06-19,2026-06-19T12:00:03Z,pikalytics,gen9championsvgc2026regma,"Best Pokemon, teams, and builds in Pokemon Champions VGC 2026",https://pikalytics.com/pokedex/gen9championsvgc2026regma,15,Sableye,8.84
2026-06-19,2026-06-19T12:00:03Z,pikalytics,gen9championsvgc2026regma,"Best Pokemon, teams, and builds in Pokemon Champions VGC 2026",https://pikalytics.com/pokedex/gen9championsvgc2026regma,16,Dragonite-Mega,7.92
2026-06-19,2026-06-19T12:00:03Z,pikalytics,gen9championsvgc2026regma,"Best Pokemon, teams, and builds in Pokemon Champions VGC 2026",https://pikalytics.com/pokedex/gen9championsvgc2026regma,17,Maushold,7.90
2026-06-19,2026-06-19T12:00:03Z,pikalytics,gen9championsvgc2026regma,"Best Pokemon, teams, and builds in Pokemon Champions VGC 2026",https://pikalytics.com/pokedex/gen9championsvgc2026regma,18,Aegislash,7.46
2026-06-19,2026-06-19T12:00:03Z,pikalytics,gen9championsvgc2026regma,"Best Pokemon, teams, and builds in Pokemon Champions VGC 2026",https://pikalytics.com/pokedex/gen9championsvgc2026regma,19,Blastoise-Mega,7.45
2026-06-19,2026-06-19T12:00:03Z,pikalytics,gen9championsvgc2026regma,"Best Pokemon, teams, and builds in Pokemon Champions VGC 2026",https://pikalytics.com/pokedex/gen9championsvgc2026regma,20,Rotom-Wash,7.43
2026-06-19,2026-06-19T12:00:03Z,pikalytics,gen9championsvgc2026regma,"Best Pokemon, teams, and builds in Pokemon Champions VGC 2026",https://pikalytics.com/pokedex/gen9championsvgc2026regma,21,Glimmora,6.80
2026-06-19,2026-06-19T12:00:03Z,pikalytics,gen9championsvgc2026regma,"Best Pokemon, teams, and builds in Pokemon Champions VGC 2026",https://pikalytics.com/pokedex/gen9championsvgc2026regma,22,Aerodactyl,6.72
2026-06-19,2026-06-19T12:00:03Z,pikalytics,gen9championsvgc2026regma,"Best Pokemon, teams, and builds in Pokemon Champions VGC 2026",https://pikalytics.com/pokedex/gen9championsvgc2026regma,23,Talonflame,6.19
2026-06-19,2026-06-19T12:00:03Z,pikalytics,gen9championsvgc2026regma,"Best Pokemon, teams, and builds in Pokemon Champions VGC 2026",https://pikalytics.com/pokedex/gen9championsvgc2026regma,24,Froslass-Mega,6.09
2026-06-19,2026-06-19T12:00:03Z,pikalytics,gen9championsvgc2026regma,"Best Pokemon, teams, and builds in Pokemon Champions VGC 2026",https://pikalytics.com/pokedex/gen9championsvgc2026regma,25,Scovillain-Mega,6.01
2026-06-20,2026-06-20T12:00:03Z,pikalytics,gen9championsvgc2026regma,"Best Pokemon, teams, and builds in Pokemon Champions VGC 2026",https://pikalytics.com/pokedex/gen9championsvgc2026regma,1,Basculegion,51.50
2026-06-20,2026-06-20T12:00:03Z,pikalytics,gen9championsvgc2026regma,"Best Pokemon, teams, and builds in Pokemon Champions VGC 2026",https://pikalytics.com/pokedex/gen9championsvgc2026regma,2,Kingambit,40.69
2026-06-20,2026-06-20T12:00:03Z,pikalytics,gen9championsvgc2026regma,"Best Pokemon, teams, and builds in Pokemon Champions VGC 2026",https://pikalytics.com/pokedex/gen9championsvgc2026regma,3,Garchomp,40.53
2026-06-20,2026-06-20T12:00:03Z,pikalytics,gen9championsvgc2026regma,"Best Pokemon, teams, and builds in Pokemon Champions VGC 2026",https://pikalytics.com/pokedex/gen9championsvgc2026regma,4,Charizard-Mega-Y,31.81
2026-06-20,2026-06-20T12:00:03Z,pikalytics,gen9championsvgc2026regma,"Best Pokemon, teams, and builds in Pokemon Champions VGC 2026",https://pikalytics.com/pokedex/gen9championsvgc2026regma,5,Sneasler,28.58
2026-06-20,2026-06-20T12:00:03Z,pikalytics,gen9championsvgc2026regma,"Best Pokemon, teams, and builds in Pokemon Champions VGC 2026",https://pikalytics.com/pokedex/gen9championsvgc2026regma,6,Incineroar,25.93
2026-06-20,2026-06-20T12:00:03Z,pikalytics,gen9championsvgc2026regma,"Best Pokemon, teams, and builds in Pokemon Champions VGC 2026",https://pikalytics.com/pokedex/gen9championsvgc2026regma,7,Floette-Mega,23.92
2026-06-20,2026-06-20T12:00:03Z,pikalytics,gen9championsvgc2026regma,"Best Pokemon, teams, and builds in Pokemon Champions VGC 2026",https://pikalytics.com/pokedex/gen9championsvgc2026regma,8,Sinistcha,20.44
2026-06-20,2026-06-20T12:00:03Z,pikalytics,gen9championsvgc2026regma,"Best Pokemon, teams, and builds in Pokemon Champions VGC 2026",https://pikalytics.com/pokedex/gen9championsvgc2026regma,9,Sylveon,17.90
2026-06-20,2026-06-20T12:00:03Z,pikalytics,gen9championsvgc2026regma,"Best Pokemon, teams, and builds in Pokemon Champions VGC 2026",https://pikalytics.com/pokedex/gen9championsvgc2026regma,10,Whimsicott,17.65
2026-06-20,2026-06-20T12:00:03Z,pikalytics,gen9championsvgc2026regma,"Best Pokemon, teams, and builds in Pokemon Champions VGC 2026",https://pikalytics.com/pokedex/gen9championsvgc2026regma,11,Archaludon,17.43
2026-06-20,2026-06-20T12:00:03Z,pikalytics,gen9championsvgc2026regma,"Best Pokemon, teams, and builds in Pokemon Champions VGC 2026",https://pikalytics.com/pokedex/gen9championsvgc2026regma,12,Farigiraf,16.12
2026-06-20,2026-06-20T12:00:03Z,pikalytics,gen9championsvgc2026regma,"Best Pokemon, teams, and builds in Pokemon Champions VGC 2026",https://pikalytics.com/pokedex/gen9championsvgc2026regma,13,Aerodactyl-Mega,12.19
2026-06-20,2026-06-20T12:00:03Z,pikalytics,gen9championsvgc2026regma,"Best Pokemon, teams, and builds in Pokemon Champions VGC 2026",https://pikalytics.com/pokedex/gen9championsvgc2026regma,14,Pelipper,12.15
2026-06-20,2026-06-20T12:00:03Z,pikalytics,gen9championsvgc2026regma,"Best Pokemon, teams, and builds in Pokemon Champions VGC 2026",https://pikalytics.com/pokedex/gen9championsvgc2026regma,15,Sableye,8.84
2026-06-20,2026-06-20T12:00:03Z,pikalytics,gen9championsvgc2026regma,"Best Pokemon, teams, and builds in Pokemon Champions VGC 2026",https://pikalytics.com/pokedex/gen9championsvgc2026regma,16,Dragonite-Mega,7.92
2026-06-20,2026-06-20T12:00:03Z,pikalytics,gen9championsvgc2026regma,"Best Pokemon, teams, and builds in Pokemon Champions VGC 2026",https://pikalytics.com/pokedex/gen9championsvgc2026regma,17,Maushold,7.90
2026-06-20,2026-06-20T12:00:03Z,pikalytics,gen9championsvgc2026regma,"Best Pokemon, teams, and builds in Pokemon Champions VGC 2026",https://pikalytics.com/pokedex/gen9championsvgc2026regma,18,Aegislash,7.46
2026-06-20,2026-06-20T12:00:03Z,pikalytics,gen9championsvgc2026regma,"Best Pokemon, teams, and builds in Pokemon Champions VGC 2026",https://pikalytics.com/pokedex/gen9championsvgc2026regma,19,Blastoise-Mega,7.45
2026-06-20,2026-06-20T12:00:03Z,pikalytics,gen9championsvgc2026regma,"Best Pokemon, teams, and builds in Pokemon Champions VGC 2026",https://pikalytics.com/pokedex/gen9championsvgc2026regma,20,Rotom-Wash,7.43
2026-06-20,2026-06-20T12:00:03Z,pikalytics,gen9championsvgc2026regma,"Best Pokemon, teams, and builds in Pokemon Champions VGC 2026",https://pikalytics.com/pokedex/gen9championsvgc2026regma,21,Glimmora,6.80
2026-06-20,2026-06-20T12:00:03Z,pikalytics,gen9championsvgc2026regma,"Best Pokemon, teams, and builds in Pokemon Champions VGC 2026",https://pikalytics.com/pokedex/gen9championsvgc2026regma,22,Aerodactyl,6.72
2026-06-20,2026-06-20T12:00:03Z,pikalytics,gen9championsvgc2026regma,"Best Pokemon, teams, and builds in Pokemon Champions VGC 2026",https://pikalytics.com/pokedex/gen9championsvgc2026regma,23,Talonflame,6.19
2026-06-20,2026-06-20T12:00:03Z,pikalytics,gen9championsvgc2026regma,"Best Pokemon, teams, and builds in Pokemon Champions VGC 2026",https://pikalytics.com/pokedex/gen9championsvgc2026regma,24,Froslass-Mega,6.09
2026-06-20,2026-06-20T12:00:03Z,pikalytics,gen9championsvgc2026regma,"Best Pokemon, teams, and builds in Pokemon Champions VGC 2026",https://pikalytics.com/pokedex/gen9championsvgc2026regma,25,Scovillain-Mega,6.01
2026-06-21,2026-06-21T12:00:03Z,pikalytics,gen9championsvgc2026regma,"Best Pokemon, teams, and builds in Pokemon Champions VGC 2026",https://pikalytics.com/pokedex/gen9championsvgc2026regma,1,Basculegion,51.50
2026-06-21,2026-06-21T12:00:03Z,pikalytics,gen9championsvgc2026regma,"Best Pokemon, teams, and builds in Pokemon Champions VGC 2026",https://pikalytics.com/pokedex/gen9championsvgc2026regma,2,Kingambit,40.69
2026-06-21,2026-06-21T12:00:03Z,pikalytics,gen9championsvgc2026regma,"Best Pokemon, teams, and builds in Pokemon Champions VGC 2026",https://pikalytics.com/pokedex/gen9championsvgc2026regma,3,Garchomp,40.53
2026-06-21,2026-06-21T12:00:03Z,pikalytics,gen9championsvgc2026regma,"Best Pokemon, teams, and builds in Pokemon Champions VGC 2026",https://pikalytics.com/pokedex/gen9championsvgc2026regma,4,Charizard-Mega-Y,31.81
2026-06-21,2026-06-21T12:00:03Z,pikalytics,gen9championsvgc2026regma,"Best Pokemon, teams, and builds in Pokemon Champions VGC 2026",https://pikalytics.com/pokedex/gen9championsvgc2026regma,5,Sneasler,28.58
2026-06-21,2026-06-21T12:00:03Z,pikalytics,gen9championsvgc2026regma,"Best Pokemon, teams, and builds in Pokemon Champions VGC 2026",https://pikalytics.com/pokedex/gen9championsvgc2026regma,6,Incineroar,25.93
2026-06-21,2026-06-21T12:00:03Z,pikalytics,gen9championsvgc2026regma,"Best Pokemon, teams, and builds in Pokemon Champions VGC 2026",https://pikalytics.com/pokedex/gen9championsvgc2026regma,7,Floette-Mega,23.92
2026-06-21,2026-06-21T12:00:03Z,pikalytics,gen9championsvgc2026regma,"Best Pokemon, teams, and builds in Pokemon Champions VGC 2026",https://pikalytics.com/pokedex/gen9championsvgc2026regma,8,Sinistcha,20.44
2026-06-21,2026-06-21T12:00:03Z,pikalytics,gen9championsvgc2026regma,"Best Pokemon, teams, and builds in Pokemon Champions VGC 2026",https://pikalytics.com/pokedex/gen9championsvgc2026regma,9,Sylveon,17.90
2026-06-21,2026-06-21T12:00:03Z,pikalytics,gen9championsvgc2026regma,"Best Pokemon, teams, and builds in Pokemon Champions VGC 2026",https://pikalytics.com/pokedex/gen9championsvgc2026regma,10,Whimsicott,17.65
2026-06-21,2026-06-21T12:00:03Z,pikalytics,gen9championsvgc2026regma,"Best Pokemon, teams, and builds in Pokemon Champions VGC 2026",https://pikalytics.com/pokedex/gen9championsvgc2026regma,11,Archaludon,17.43
2026-06-21,2026-06-21T12:00:03Z,pikalytics,gen9championsvgc2026regma,"Best Pokemon, teams, and builds in Pokemon Champions VGC 2026",https://pikalytics.com/pokedex/gen9championsvgc2026regma,12,Farigiraf,16.12
2026-06-21,2026-06-21T12:00:03Z,pikalytics,gen9championsvgc2026regma,"Best Pokemon, teams, and builds in Pokemon Champions VGC 2026",https://pikalytics.com/pokedex/gen9championsvgc2026regma,13,Aerodactyl-Mega,12.19
2026-06-21,2026-06-21T12:00:03Z,pikalytics,gen9championsvgc2026regma,"Best Pokemon, teams, and builds in Pokemon Champions VGC 2026",https://pikalytics.com/pokedex/gen9championsvgc2026regma,14,Pelipper,12.15
2026-06-21,2026-06-21T12:00:03Z,pikalytics,gen9championsvgc2026regma,"Best Pokemon, teams, and builds in Pokemon Champions VGC 2026",https://pikalytics.com/pokedex/gen9championsvgc2026regma,15,Sableye,8.84
2026-06-21,2026-06-21T12:00:03Z,pikalytics,gen9championsvgc2026regma,"Best Pokemon, teams, and builds in Pokemon Champions VGC 2026",https://pikalytics.com/pokedex/gen9championsvgc2026regma,16,Dragonite-Mega,7.92
2026-06-21,2026-06-21T12:00:03Z,pikalytics,gen9championsvgc2026regma,"Best Pokemon, teams, and builds in Pokemon Champions VGC 2026",https://pikalytics.com/pokedex/gen9championsvgc2026regma,17,Maushold,7.90
2026-06-21,2026-06-21T12:00:03Z,pikalytics,gen9championsvgc2026regma,"Best Pokemon, teams, and builds in Pokemon Champions VGC 2026",https://pikalytics.com/pokedex/gen9championsvgc2026regma,18,Aegislash,7.46
2026-06-21,2026-06-21T12:00:03Z,pikalytics,gen9championsvgc2026regma,"Best Pokemon, teams, and builds in Pokemon Champions VGC 2026",https://pikalytics.com/pokedex/gen9championsvgc2026regma,19,Blastoise-Mega,7.45
2026-06-21,2026-06-21T12:00:03Z,pikalytics,gen9championsvgc2026regma,"Best Pokemon, teams, and builds in Pokemon Champions VGC 2026",https://pikalytics.com/pokedex/gen9championsvgc2026regma,20,Rotom-Wash,7.43
2026-06-21,2026-06-21T12:00:03Z,pikalytics,gen9championsvgc2026regma,"Best Pokemon, teams, and builds in Pokemon Champions VGC 2026",https://pikalytics.com/pokedex/gen9championsvgc2026regma,21,Glimmora,6.80
2026-06-21,2026-06-21T12:00:03Z,pikalytics,gen9championsvgc2026regma,"Best Pokemon, teams, and builds in Pokemon Champions VGC 2026",https://pikalytics.com/pokedex/gen9championsvgc2026regma,22,Aerodactyl,6.72
2026-06-21,2026-06-21T12:00:03Z,pikalytics,gen9championsvgc2026regma,"Best Pokemon, teams, and builds in Pokemon Champions VGC 2026",https://pikalytics.com/pokedex/gen9championsvgc2026regma,23,Talonflame,6.19
2026-06-21,2026-06-21T12:00:03Z,pikalytics,gen9championsvgc2026regma,"Best Pokemon, teams, and builds in Pokemon Champions VGC 2026",https://pikalytics.com/pokedex/gen9championsvgc2026regma,24,Froslass-Mega,6.09
2026-06-21,2026-06-21T12:00:03Z,pikalytics,gen9championsvgc2026regma,"Best Pokemon, teams, and builds in Pokemon Champions VGC 2026",https://pikalytics.com/pokedex/gen9championsvgc2026regma,25,Scovillain-Mega,6.01
2026-06-22,2026-06-22T12:00:03Z,pikalytics,gen9championsvgc2026regma,"Best Pokemon, teams, and builds in Pokemon Champions VGC 2026",https://pikalytics.com/pokedex/gen9championsvgc2026regma,1,Basculegion,51.50
2026-06-22,2026-06-22T12:00:03Z,pikalytics,gen9championsvgc2026regma,"Best Pokemon, teams, and builds in Pokemon Champions VGC 2026",https://pikalytics.com/pokedex/gen9championsvgc2026regma,2,Kingambit,40.69
2026-06-22,2026-06-22T12:00:03Z,pikalytics,gen9championsvgc2026regma,"Best Pokemon, teams, and builds in Pokemon Champions VGC 2026",https://pikalytics.com/pokedex/gen9championsvgc2026regma,3,Garchomp,40.53
2026-06-22,2026-06-22T12:00:03Z,pikalytics,gen9championsvgc2026regma,"Best Pokemon, teams, and builds in Pokemon Champions VGC 2026",https://pikalytics.com/pokedex/gen9championsvgc2026regma,4,Charizard-Mega-Y,31.81
2026-06-22,2026-06-22T12:00:03Z,pikalytics,gen9championsvgc2026regma,"Best Pokemon, teams, and builds in Pokemon Champions VGC 2026",https://pikalytics.com/pokedex/gen9championsvgc2026regma,5,Sneasler,28.58
2026-06-22,2026-06-22T12:00:03Z,pikalytics,gen9championsvgc2026regma,"Best Pokemon, teams, and builds in Pokemon Champions VGC 2026",https://pikalytics.com/pokedex/gen9championsvgc2026regma,6,Incineroar,25.93
2026-06-22,2026-06-22T12:00:03Z,pikalytics,gen9championsvgc2026regma,"Best Pokemon, teams, and builds in Pokemon Champions VGC 2026",https://pikalytics.com/pokedex/gen9championsvgc2026regma,7,Floette-Mega,23.92
2026-06-22,2026-06-22T12:00:03Z,pikalytics,gen9championsvgc2026regma,"Best Pokemon, teams, and builds in Pokemon Champions VGC 2026",https://pikalytics.com/pokedex/gen9championsvgc2026regma,8,Sinistcha,20.44
2026-06-22,2026-06-22T12:00:03Z,pikalytics,gen9championsvgc2026regma,"Best Pokemon, teams, and builds in Pokemon Champions VGC 2026",https://pikalytics.com/pokedex/gen9championsvgc2026regma,9,Sylveon,17.90
2026-06-22,2026-06-22T12:00:03Z,pikalytics,gen9championsvgc2026regma,"Best Pokemon, teams, and builds in Pokemon Champions VGC 2026",https://pikalytics.com/pokedex/gen9championsvgc2026regma,10,Whimsicott,17.65
2026-06-22,2026-06-22T12:00:03Z,pikalytics,gen9championsvgc2026regma,"Best Pokemon, teams, and builds in Pokemon Champions VGC 2026",https://pikalytics.com/pokedex/gen9championsvgc2026regma,11,Archaludon,17.43
2026-06-22,2026-06-22T12:00:03Z,pikalytics,gen9championsvgc2026regma,"Best Pokemon, teams, and builds in Pokemon Champions VGC 2026",https://pikalytics.com/pokedex/gen9championsvgc2026regma,12,Farigiraf,16.12
2026-06-22,2026-06-22T12:00:03Z,pikalytics,gen9championsvgc2026regma,"Best Pokemon, teams, and builds in Pokemon Champions VGC 2026",https://pikalytics.com/pokedex/gen9championsvgc2026regma,13,Aerodactyl-Mega,12.19
2026-06-22,2026-06-22T12:00:03Z,pikalytics,gen9championsvgc2026regma,"Best Pokemon, teams, and builds in Pokemon Champions VGC 2026",https://pikalytics.com/pokedex/gen9championsvgc2026regma,14,Pelipper,12.15
2026-06-22,2026-06-22T12:00:03Z,pikalytics,gen9championsvgc2026regma,"Best Pokemon, teams, and builds in Pokemon Champions VGC 2026",https://pikalytics.com/pokedex/gen9championsvgc2026regma,15,Sableye,8.84
2026-06-22,2026-06-22T12:00:03Z,pikalytics,gen9championsvgc2026regma,"Best Pokemon, teams, and builds in Pokemon Champions VGC 2026",https://pikalytics.com/pokedex/gen9championsvgc2026regma,16,Dragonite-Mega,7.92
2026-06-22,2026-06-22T12:00:03Z,pikalytics,gen9championsvgc2026regma,"Best Pokemon, teams, and builds in Pokemon Champions VGC 2026",https://pikalytics.com/pokedex/gen9championsvgc2026regma,17,Maushold,7.90
2026-06-22,2026-06-22T12:00:03Z,pikalytics,gen9championsvgc2026regma,"Best Pokemon, teams, and builds in Pokemon Champions VGC 2026",https://pikalytics.com/pokedex/gen9championsvgc2026regma,18,Aegislash,7.46
2026-06-22,2026-06-22T12:00:03Z,pikalytics,gen9championsvgc2026regma,"Best Pokemon, teams, and builds in Pokemon Champions VGC 2026",https://pikalytics.com/pokedex/gen9championsvgc2026regma,19,Blastoise-Mega,7.45
2026-06-22,2026-06-22T12:00:03Z,pikalytics,gen9championsvgc2026regma,"Best Pokemon, teams, and builds in Pokemon Champions VGC 2026",https://pikalytics.com/pokedex/gen9championsvgc2026regma,20,Rotom-Wash,7.43
2026-06-22,2026-06-22T12:00:03Z,pikalytics,gen9championsvgc2026regma,"Best Pokemon, teams, and builds in Pokemon Champions VGC 2026",https://pikalytics.com/pokedex/gen9championsvgc2026regma,21,Glimmora,6.80
2026-06-22,2026-06-22T12:00:03Z,pikalytics,gen9championsvgc2026regma,"Best Pokemon, teams, and builds in Pokemon Champions VGC 2026",https://pikalytics.com/pokedex/gen9championsvgc2026regma,22,Aerodactyl,6.72
2026-06-22,2026-06-22T12:00:03Z,pikalytics,gen9championsvgc2026regma,"Best Pokemon, teams, and builds in Pokemon Champions VGC 2026",https://pikalytics.com/pokedex/gen9championsvgc2026regma,23,Talonflame,6.19
2026-06-22,2026-06-22T12:00:03Z,pikalytics,gen9championsvgc2026regma,"Best Pokemon, teams, and builds in Pokemon Champions VGC 2026",https://pikalytics.com/pokedex/gen9championsvgc2026regma,24,Froslass-Mega,6.09
2026-06-22,2026-06-22T12:00:03Z,pikalytics,gen9championsvgc2026regma,"Best Pokemon, teams, and builds in Pokemon Champions VGC 2026",https://pikalytics.com/pokedex/gen9championsvgc2026regma,25,Scovillain-Mega,6.01
2026-06-23,2026-06-23T12:00:02Z,pikalytics,gen9championsvgc2026regma,"Best Pokemon, teams, and builds in Pokemon Champions VGC 2026",https://pikalytics.com/pokedex/gen9championsvgc2026regma,1,Basculegion,51.50
2026-06-23,2026-06-23T12:00:02Z,pikalytics,gen9championsvgc2026regma,"Best Pokemon, teams, and builds in Pokemon Champions VGC 2026",https://pikalytics.com/pokedex/gen9championsvgc2026regma,2,Kingambit,40.69
2026-06-23,2026-06-23T12:00:02Z,pikalytics,gen9championsvgc2026regma,"Best Pokemon, teams, and builds in Pokemon Champions VGC 2026",https://pikalytics.com/pokedex/gen9championsvgc2026regma,3,Garchomp,40.53
2026-06-23,2026-06-23T12:00:02Z,pikalytics,gen9championsvgc2026regma,"Best Pokemon, teams, and builds in Pokemon Champions VGC 2026",https://pikalytics.com/pokedex/gen9championsvgc2026regma,4,Charizard-Mega-Y,31.81
2026-06-23,2026-06-23T12:00:02Z,pikalytics,gen9championsvgc2026regma,"Best Pokemon, teams, and builds in Pokemon Champions VGC 2026",https://pikalytics.com/pokedex/gen9championsvgc2026regma,5,Sneasler,28.58
2026-06-23,2026-06-23T12:00:02Z,pikalytics,gen9championsvgc2026regma,"Best Pokemon, teams, and builds in Pokemon Champions VGC 2026",https://pikalytics.com/pokedex/gen9championsvgc2026regma,6,Incineroar,25.93
2026-06-23,2026-06-23T12:00:02Z,pikalytics,gen9championsvgc2026regma,"Best Pokemon, teams, and builds in Pokemon Champions VGC 2026",https://pikalytics.com/pokedex/gen9championsvgc2026regma,7,Floette-Mega,23.92
2026-06-23,2026-06-23T12:00:02Z,pikalytics,gen9championsvgc2026regma,"Best Pokemon, teams, and builds in Pokemon Champions VGC 2026",https://pikalytics.com/pokedex/gen9championsvgc2026regma,8,Sinistcha,20.44
2026-06-23,2026-06-23T12:00:02Z,pikalytics,gen9championsvgc2026regma,"Best Pokemon, teams, and builds in Pokemon Champions VGC 2026",https://pikalytics.com/pokedex/gen9championsvgc2026regma,9,Sylveon,17.90
2026-06-23,2026-06-23T12:00:02Z,pikalytics,gen9championsvgc2026regma,"Best Pokemon, teams, and builds in Pokemon Champions VGC 2026",https://pikalytics.com/pokedex/gen9championsvgc2026regma,10,Whimsicott,17.65
2026-06-23,2026-06-23T12:00:02Z,pikalytics,gen9championsvgc2026regma,"Best Pokemon, teams, and builds in Pokemon Champions VGC 2026",https://pikalytics.com/pokedex/gen9championsvgc2026regma,11,Archaludon,17.43
2026-06-23,2026-06-23T12:00:02Z,pikalytics,gen9championsvgc2026regma,"Best Pokemon, teams, and builds in Pokemon Champions VGC 2026",https://pikalytics.com/pokedex/gen9championsvgc2026regma,12,Farigiraf,16.12
2026-06-23,2026-06-23T12:00:02Z,pikalytics,gen9championsvgc2026regma,"Best Pokemon, teams, and builds in Pokemon Champions VGC 2026",https://pikalytics.com/pokedex/gen9championsvgc2026regma,13,Aerodactyl-Mega,12.19
2026-06-23,2026-06-23T12:00:02Z,pikalytics,gen9championsvgc2026regma,"Best Pokemon, teams, and builds in Pokemon Champions VGC 2026",https://pikalytics.com/pokedex/gen9championsvgc2026regma,14,Pelipper,12.15
2026-06-23,2026-06-23T12:00:02Z,pikalytics,gen9championsvgc2026regma,"Best Pokemon, teams, and builds in Pokemon Champions VGC 2026",https://pikalytics.com/pokedex/gen9championsvgc2026regma,15,Sableye,8.84
2026-06-23,2026-06-23T12:00:02Z,pikalytics,gen9championsvgc2026regma,"Best Pokemon, teams, and builds in Pokemon Champions VGC 2026",https://pikalytics.com/pokedex/gen9championsvgc2026regma,16,Dragonite-Mega,7.92
2026-06-23,2026-06-23T12:00:02Z,pikalytics,gen9championsvgc2026regma,"Best Pokemon, teams, and builds in Pokemon Champions VGC 2026",https://pikalytics.com/pokedex/gen9championsvgc2026regma,17,Maushold,7.90
2026-06-23,2026-06-23T12:00:02Z,pikalytics,gen9championsvgc2026regma,"Best Pokemon, teams, and builds in Pokemon Champions VGC 2026",https://pikalytics.com/pokedex/gen9championsvgc2026regma,18,Aegislash,7.46
2026-06-23,2026-06-23T12:00:02Z,pikalytics,gen9championsvgc2026regma,"Best Pokemon, teams, and builds in Pokemon Champions VGC 2026",https://pikalytics.com/pokedex/gen9championsvgc2026regma,19,Blastoise-Mega,7.45
2026-06-23,2026-06-23T12:00:02Z,pikalytics,gen9championsvgc2026regma,"Best Pokemon, teams, and builds in Pokemon Champions VGC 2026",https://pikalytics.com/pokedex/gen9championsvgc2026regma,20,Rotom-Wash,7.43
2026-06-23,2026-06-23T12:00:02Z,pikalytics,gen9championsvgc2026regma,"Best Pokemon, teams, and builds in Pokemon Champions VGC 2026",https://pikalytics.com/pokedex/gen9championsvgc2026regma,21,Glimmora,6.80
2026-06-23,2026-06-23T12:00:02Z,pikalytics,gen9championsvgc2026regma,"Best Pokemon, teams, and builds in Pokemon Champions VGC 2026",https://pikalytics.com/pokedex/gen9championsvgc2026regma,22,Aerodactyl,6.72
2026-06-23,2026-06-23T12:00:02Z,pikalytics,gen9championsvgc2026regma,"Best Pokemon, teams, and builds in Pokemon Champions VGC 2026",https://pikalytics.com/pokedex/gen9championsvgc2026regma,23,Talonflame,6.19
2026-06-23,2026-06-23T12:00:02Z,pikalytics,gen9championsvgc2026regma,"Best Pokemon, teams, and builds in Pokemon Champions VGC 2026",https://pikalytics.com/pokedex/gen9championsvgc2026regma,24,Froslass-Mega,6.09
2026-06-23,2026-06-23T12:00:02Z,pikalytics,gen9championsvgc2026regma,"Best Pokemon, teams, and builds in Pokemon Champions VGC 2026",https://pikalytics.com/pokedex/gen9championsvgc2026regma,25,Scovillain-Mega,6.01
2026-06-24,2026-06-24T12:00:03Z,pikalytics,gen9championsvgc2026regma,"Best Pokemon, teams, and builds in Pokemon Champions VGC 2026",https://pikalytics.com/pokedex/gen9championsvgc2026regma,1,Basculegion,51.50
2026-06-24,2026-06-24T12:00:03Z,pikalytics,gen9championsvgc2026regma,"Best Pokemon, teams, and builds in Pokemon Champions VGC 2026",https://pikalytics.com/pokedex/gen9championsvgc2026regma,2,Kingambit,40.69
2026-06-24,2026-06-24T12:00:03Z,pikalytics,gen9championsvgc2026regma,"Best Pokemon, teams, and builds in Pokemon Champions VGC 2026",https://pikalytics.com/pokedex/gen9championsvgc2026regma,3,Garchomp,40.53
2026-06-24,2026-06-24T12:00:03Z,pikalytics,gen9championsvgc2026regma,"Best Pokemon, teams, and builds in Pokemon Champions VGC 2026",https://pikalytics.com/pokedex/gen9championsvgc2026regma,4,Charizard-Mega-Y,31.81
2026-06-24,2026-06-24T12:00:03Z,pikalytics,gen9championsvgc2026regma,"Best Pokemon, teams, and builds in Pokemon Champions VGC 2026",https://pikalytics.com/pokedex/gen9championsvgc2026regma,5,Sneasler,28.58
2026-06-24,2026-06-24T12:00:03Z,pikalytics,gen9championsvgc2026regma,"Best Pokemon, teams, and builds in Pokemon Champions VGC 2026",https://pikalytics.com/pokedex/gen9championsvgc2026regma,6,Incineroar,25.93
2026-06-24,2026-06-24T12:00:03Z,pikalytics,gen9championsvgc2026regma,"Best Pokemon, teams, and builds in Pokemon Champions VGC 2026",https://pikalytics.com/pokedex/gen9championsvgc2026regma,7,Floette-Mega,23.92
2026-06-24,2026-06-24T12:00:03Z,pikalytics,gen9championsvgc2026regma,"Best Pokemon, teams, and builds in Pokemon Champions VGC 2026",https://pikalytics.com/pokedex/gen9championsvgc2026regma,8,Sinistcha,20.44
2026-06-24,2026-06-24T12:00:03Z,pikalytics,gen9championsvgc2026regma,"Best Pokemon, teams, and builds in Pokemon Champions VGC 2026",https://pikalytics.com/pokedex/gen9championsvgc2026regma,9,Sylveon,17.90
2026-06-24,2026-06-24T12:00:03Z,pikalytics,gen9championsvgc2026regma,"Best Pokemon, teams, and builds in Pokemon Champions VGC 2026",https://pikalytics.com/pokedex/gen9championsvgc2026regma,10,Whimsicott,17.65
2026-06-24,2026-06-24T12:00:03Z,pikalytics,gen9championsvgc2026regma,"Best Pokemon, teams, and builds in Pokemon Champions VGC 2026",https://pikalytics.com/pokedex/gen9championsvgc2026regma,11,Archaludon,17.43
2026-06-24,2026-06-24T12:00:03Z,pikalytics,gen9championsvgc2026regma,"Best Pokemon, teams, and builds in Pokemon Champions VGC 2026",https://pikalytics.com/pokedex/gen9championsvgc2026regma,12,Farigiraf,16.12
2026-06-24,2026-06-24T12:00:03Z,pikalytics,gen9championsvgc2026regma,"Best Pokemon, teams, and builds in Pokemon Champions VGC 2026",https://pikalytics.com/pokedex/gen9championsvgc2026regma,13,Aerodactyl-Mega,12.19
2026-06-24,2026-06-24T12:00:03Z,pikalytics,gen9championsvgc2026regma,"Best Pokemon, teams, and builds in Pokemon Champions VGC 2026",https://pikalytics.com/pokedex/gen9championsvgc2026regma,14,Pelipper,12.15
2026-06-24,2026-06-24T12:00:03Z,pikalytics,gen9championsvgc2026regma,"Best Pokemon, teams, and builds in Pokemon Champions VGC 2026",https://pikalytics.com/pokedex/gen9championsvgc2026regma,15,Sableye,8.84
2026-06-24,2026-06-24T12:00:03Z,pikalytics,gen9championsvgc2026regma,"Best Pokemon, teams, and builds in Pokemon Champions VGC 2026",https://pikalytics.com/pokedex/gen9championsvgc2026regma,16,Dragonite-Mega,7.92
2026-06-24,2026-06-24T12:00:03Z,pikalytics,gen9championsvgc2026regma,"Best Pokemon, teams, and builds in Pokemon Champions VGC 2026",https://pikalytics.com/pokedex/gen9championsvgc2026regma,17,Maushold,7.90
2026-06-24,2026-06-24T12:00:03Z,pikalytics,gen9championsvgc2026regma,"Best Pokemon, teams, and builds in Pokemon Champions VGC 2026",https://pikalytics.com/pokedex/gen9championsvgc2026regma,18,Aegislash,7.46
2026-06-24,2026-06-24T12:00:03Z,pikalytics,gen9championsvgc2026regma,"Best Pokemon, teams, and builds in Pokemon Champions VGC 2026",https://pikalytics.com/pokedex/gen9championsvgc2026regma,19,Blastoise-Mega,7.45
2026-06-24,2026-06-24T12:00:03Z,pikalytics,gen9championsvgc2026regma,"Best Pokemon, teams, and builds in Pokemon Champions VGC 2026",https://pikalytics.com/pokedex/gen9championsvgc2026regma,20,Rotom-Wash,7.43
2026-06-24,2026-06-24T12:00:03Z,pikalytics,gen9championsvgc2026regma,"Best Pokemon, teams, and builds in Pokemon Champions VGC 2026",https://pikalytics.com/pokedex/gen9championsvgc2026regma,21,Glimmora,6.80
2026-06-24,2026-06-24T12:00:03Z,pikalytics,gen9championsvgc2026regma,"Best Pokemon, teams, and builds in Pokemon Champions VGC 2026",https://pikalytics.com/pokedex/gen9championsvgc2026regma,22,Aerodactyl,6.72
2026-06-24,2026-06-24T12:00:03Z,pikalytics,gen9championsvgc2026regma,"Best Pokemon, teams, and builds in Pokemon Champions VGC 2026",https://pikalytics.com/pokedex/gen9championsvgc2026regma,23,Talonflame,6.19
2026-06-24,2026-06-24T12:00:03Z,pikalytics,gen9championsvgc2026regma,"Best Pokemon, teams, and builds in Pokemon Champions VGC 2026",https://pikalytics.com/pokedex/gen9championsvgc2026regma,24,Froslass-Mega,6.09
2026-06-24,2026-06-24T12:00:03Z,pikalytics,gen9championsvgc2026regma,"Best Pokemon, teams, and builds in Pokemon Champions VGC 2026",https://pikalytics.com/pokedex/gen9championsvgc2026regma,25,Scovillain-Mega,6.01
2026-06-25,2026-06-25T12:00:03Z,pikalytics,gen9championsvgc2026regma,"Best Pokemon, teams, and builds in Pokemon Champions VGC 2026",https://pikalytics.com/pokedex/gen9championsvgc2026regma,1,Basculegion,51.50
2026-06-25,2026-06-25T12:00:03Z,pikalytics,gen9championsvgc2026regma,"Best Pokemon, teams, and builds in Pokemon Champions VGC 2026",https://pikalytics.com/pokedex/gen9championsvgc2026regma,2,Kingambit,40.69
2026-06-25,2026-06-25T12:00:03Z,pikalytics,gen9championsvgc2026regma,"Best Pokemon, teams, and builds in Pokemon Champions VGC 2026",https://pikalytics.com/pokedex/gen9championsvgc2026regma,3,Garchomp,40.53
2026-06-25,2026-06-25T12:00:03Z,pikalytics,gen9championsvgc2026regma,"Best Pokemon, teams, and builds in Pokemon Champions VGC 2026",https://pikalytics.com/pokedex/gen9championsvgc2026regma,4,Charizard-Mega-Y,31.81
2026-06-25,2026-06-25T12:00:03Z,pikalytics,gen9championsvgc2026regma,"Best Pokemon, teams, and builds in Pokemon Champions VGC 2026",https://pikalytics.com/pokedex/gen9championsvgc2026regma,5,Sneasler,28.58
2026-06-25,2026-06-25T12:00:03Z,pikalytics,gen9championsvgc2026regma,"Best Pokemon, teams, and builds in Pokemon Champions VGC 2026",https://pikalytics.com/pokedex/gen9championsvgc2026regma,6,Incineroar,25.93
2026-06-25,2026-06-25T12:00:03Z,pikalytics,gen9championsvgc2026regma,"Best Pokemon, teams, and builds in Pokemon Champions VGC 2026",https://pikalytics.com/pokedex/gen9championsvgc2026regma,7,Floette-Mega,23.92
2026-06-25,2026-06-25T12:00:03Z,pikalytics,gen9championsvgc2026regma,"Best Pokemon, teams, and builds in Pokemon Champions VGC 2026",https://pikalytics.com/pokedex/gen9championsvgc2026regma,8,Sinistcha,20.44
2026-06-25,2026-06-25T12:00:03Z,pikalytics,gen9championsvgc2026regma,"Best Pokemon, teams, and builds in Pokemon Champions VGC 2026",https://pikalytics.com/pokedex/gen9championsvgc2026regma,9,Sylveon,17.90
2026-06-25,2026-06-25T12:00:03Z,pikalytics,gen9championsvgc2026regma,"Best Pokemon, teams, and builds in Pokemon Champions VGC 2026",https://pikalytics.com/pokedex/gen9championsvgc2026regma,10,Whimsicott,17.65
2026-06-25,2026-06-25T12:00:03Z,pikalytics,gen9championsvgc2026regma,"Best Pokemon, teams, and builds in Pokemon Champions VGC 2026",https://pikalytics.com/pokedex/gen9championsvgc2026regma,11,Archaludon,17.43
2026-06-25,2026-06-25T12:00:03Z,pikalytics,gen9championsvgc2026regma,"Best Pokemon, teams, and builds in Pokemon Champions VGC 2026",https://pikalytics.com/pokedex/gen9championsvgc2026regma,12,Farigiraf,16.12
2026-06-25,2026-06-25T12:00:03Z,pikalytics,gen9championsvgc2026regma,"Best Pokemon, teams, and builds in Pokemon Champions VGC 2026",https://pikalytics.com/pokedex/gen9championsvgc2026regma,13,Aerodactyl-Mega,12.19
2026-06-25,2026-06-25T12:00:03Z,pikalytics,gen9championsvgc2026regma,"Best Pokemon, teams, and builds in Pokemon Champions VGC 2026",https://pikalytics.com/pokedex/gen9championsvgc2026regma,14,Pelipper,12.15
2026-06-25,2026-06-25T12:00:03Z,pikalytics,gen9championsvgc2026regma,"Best Pokemon, teams, and builds in Pokemon Champions VGC 2026",https://pikalytics.com/pokedex/gen9championsvgc2026regma,15,Sableye,8.84
2026-06-25,2026-06-25T12:00:03Z,pikalytics,gen9championsvgc2026regma,"Best Pokemon, teams, and builds in Pokemon Champions VGC 2026",https://pikalytics.com/pokedex/gen9championsvgc2026regma,16,Dragonite-Mega,7.92
2026-06-25,2026-06-25T12:00:03Z,pikalytics,gen9championsvgc2026regma,"Best Pokemon, teams, and builds in Pokemon Champions VGC 2026",https://pikalytics.com/pokedex/gen9championsvgc2026regma,17,Maushold,7.90
2026-06-25,2026-06-25T12:00:03Z,pikalytics,gen9championsvgc2026regma,"Best Pokemon, teams, and builds in Pokemon Champions VGC 2026",https://pikalytics.com/pokedex/gen9championsvgc2026regma,18,Aegislash,7.46
2026-06-25,2026-06-25T12:00:03Z,pikalytics,gen9championsvgc2026regma,"Best Pokemon, teams, and builds in Pokemon Champions VGC 2026",https://pikalytics.com/pokedex/gen9championsvgc2026regma,19,Blastoise-Mega,7.45
2026-06-25,2026-06-25T12:00:03Z,pikalytics,gen9championsvgc2026regma,"Best Pokemon, teams, and builds in Pokemon Champions VGC 2026",https://pikalytics.com/pokedex/gen9championsvgc2026regma,20,Rotom-Wash,7.43
2026-06-25,2026-06-25T12:00:03Z,pikalytics,gen9championsvgc2026regma,"Best Pokemon, teams, and builds in Pokemon Champions VGC 2026",https://pikalytics.com/pokedex/gen9championsvgc2026regma,21,Glimmora,6.80
2026-06-25,2026-06-25T12:00:03Z,pikalytics,gen9championsvgc2026regma,"Best Pokemon, teams, and builds in Pokemon Champions VGC 2026",https://pikalytics.com/pokedex/gen9championsvgc2026regma,22,Aerodactyl,6.72
2026-06-25,2026-06-25T12:00:03Z,pikalytics,gen9championsvgc2026regma,"Best Pokemon, teams, and builds in Pokemon Champions VGC 2026",https://pikalytics.com/pokedex/gen9championsvgc2026regma,23,Talonflame,6.19
2026-06-25,2026-06-25T12:00:03Z,pikalytics,gen9championsvgc2026regma,"Best Pokemon, teams, and builds in Pokemon Champions VGC 2026",https://pikalytics.com/pokedex/gen9championsvgc2026regma,24,Froslass-Mega,6.09
2026-06-25,2026-06-25T12:00:03Z,pikalytics,gen9championsvgc2026regma,"Best Pokemon, teams, and builds in Pokemon Champions VGC 2026",https://pikalytics.com/pokedex/gen9championsvgc2026regma,25,Scovillain-Mega,6.01
2026-06-26,2026-06-26T12:00:03Z,pikalytics,gen9championsvgc2026regma,"Best Pokemon, teams, and builds in Pokemon Champions VGC 2026",https://pikalytics.com/pokedex/gen9championsvgc2026regma,1,Basculegion,51.50
2026-06-26,2026-06-26T12:00:03Z,pikalytics,gen9championsvgc2026regma,"Best Pokemon, teams, and builds in Pokemon Champions VGC 2026",https://pikalytics.com/pokedex/gen9championsvgc2026regma,2,Kingambit,40.69
2026-06-26,2026-06-26T12:00:03Z,pikalytics,gen9championsvgc2026regma,"Best Pokemon, teams, and builds in Pokemon Champions VGC 2026",https://pikalytics.com/pokedex/gen9championsvgc2026regma,3,Garchomp,40.53
2026-06-26,2026-06-26T12:00:03Z,pikalytics,gen9championsvgc2026regma,"Best Pokemon, teams, and builds in Pokemon Champions VGC 2026",https://pikalytics.com/pokedex/gen9championsvgc2026regma,4,Charizard-Mega-Y,31.81
2026-06-26,2026-06-26T12:00:03Z,pikalytics,gen9championsvgc2026regma,"Best Pokemon, teams, and builds in Pokemon Champions VGC 2026",https://pikalytics.com/pokedex/gen9championsvgc2026regma,5,Sneasler,28.58
2026-06-26,2026-06-26T12:00:03Z,pikalytics,gen9championsvgc2026regma,"Best Pokemon, teams, and builds in Pokemon Champions VGC 2026",https://pikalytics.com/pokedex/gen9championsvgc2026regma,6,Incineroar,25.93
2026-06-26,2026-06-26T12:00:03Z,pikalytics,gen9championsvgc2026regma,"Best Pokemon, teams, and builds in Pokemon Champions VGC 2026",https://pikalytics.com/pokedex/gen9championsvgc2026regma,7,Floette-Mega,23.92
2026-06-26,2026-06-26T12:00:03Z,pikalytics,gen9championsvgc2026regma,"Best Pokemon, teams, and builds in Pokemon Champions VGC 2026",https://pikalytics.com/pokedex/gen9championsvgc2026regma,8,Sinistcha,20.44
2026-06-26,2026-06-26T12:00:03Z,pikalytics,gen9championsvgc2026regma,"Best Pokemon, teams, and builds in Pokemon Champions VGC 2026",https://pikalytics.com/pokedex/gen9championsvgc2026regma,9,Sylveon,17.90
2026-06-26,2026-06-26T12:00:03Z,pikalytics,gen9championsvgc2026regma,"Best Pokemon, teams, and builds in Pokemon Champions VGC 2026",https://pikalytics.com/pokedex/gen9championsvgc2026regma,10,Whimsicott,17.65
2026-06-26,2026-06-26T12:00:03Z,pikalytics,gen9championsvgc2026regma,"Best Pokemon, teams, and builds in Pokemon Champions VGC 2026",https://pikalytics.com/pokedex/gen9championsvgc2026regma,11,Archaludon,17.43
2026-06-26,2026-06-26T12:00:03Z,pikalytics,gen9championsvgc2026regma,"Best Pokemon, teams, and builds in Pokemon Champions VGC 2026",https://pikalytics.com/pokedex/gen9championsvgc2026regma,12,Farigiraf,16.12
2026-06-26,2026-06-26T12:00:03Z,pikalytics,gen9championsvgc2026regma,"Best Pokemon, teams, and builds in Pokemon Champions VGC 2026",https://pikalytics.com/pokedex/gen9championsvgc2026regma,13,Aerodactyl-Mega,12.19
2026-06-26,2026-06-26T12:00:03Z,pikalytics,gen9championsvgc2026regma,"Best Pokemon, teams, and builds in Pokemon Champions VGC 2026",https://pikalytics.com/pokedex/gen9championsvgc2026regma,14,Pelipper,12.15
2026-06-26,2026-06-26T12:00:03Z,pikalytics,gen9championsvgc2026regma,"Best Pokemon, teams, and builds in Pokemon Champions VGC 2026",https://pikalytics.com/pokedex/gen9championsvgc2026regma,15,Sableye,8.84
2026-06-26,2026-06-26T12:00:03Z,pikalytics,gen9championsvgc2026regma,"Best Pokemon, teams, and builds in Pokemon Champions VGC 2026",https://pikalytics.com/pokedex/gen9championsvgc2026regma,16,Dragonite-Mega,7.92
2026-06-26,2026-06-26T12:00:03Z,pikalytics,gen9championsvgc2026regma,"Best Pokemon, teams, and builds in Pokemon Champions VGC 2026",https://pikalytics.com/pokedex/gen9championsvgc2026regma,17,Maushold,7.90
2026-06-26,2026-06-26T12:00:03Z,pikalytics,gen9championsvgc2026regma,"Best Pokemon, teams, and builds in Pokemon Champions VGC 2026",https://pikalytics.com/pokedex/gen9championsvgc2026regma,18,Aegislash,7.46
2026-06-26,2026-06-26T12:00:03Z,pikalytics,gen9championsvgc2026regma,"Best Pokemon, teams, and builds in Pokemon Champions VGC 2026",https://pikalytics.com/pokedex/gen9championsvgc2026regma,19,Blastoise-Mega,7.45
2026-06-26,2026-06-26T12:00:03Z,pikalytics,gen9championsvgc2026regma,"Best Pokemon, teams, and builds in Pokemon Champions VGC 2026",https://pikalytics.com/pokedex/gen9championsvgc2026regma,20,Rotom-Wash,7.43
2026-06-26,2026-06-26T12:00:03Z,pikalytics,gen9championsvgc2026regma,"Best Pokemon, teams, and builds in Pokemon Champions VGC 2026",https://pikalytics.com/pokedex/gen9championsvgc2026regma,21,Glimmora,6.80
2026-06-26,2026-06-26T12:00:03Z,pikalytics,gen9championsvgc2026regma,"Best Pokemon, teams, and builds in Pokemon Champions VGC 2026",https://pikalytics.com/pokedex/gen9championsvgc2026regma,22,Aerodactyl,6.72
2026-06-26,2026-06-26T12:00:03Z,pikalytics,gen9championsvgc2026regma,"Best Pokemon, teams, and builds in Pokemon Champions VGC 2026",https://pikalytics.com/pokedex/gen9championsvgc2026regma,23,Talonflame,6.19
2026-06-26,2026-06-26T12:00:03Z,pikalytics,gen9championsvgc2026regma,"Best Pokemon, teams, and builds in Pokemon Champions VGC 2026",https://pikalytics.com/pokedex/gen9championsvgc2026regma,24,Froslass-Mega,6.09
2026-06-26,2026-06-26T12:00:03Z,pikalytics,gen9championsvgc2026regma,"Best Pokemon, teams, and builds in Pokemon Champions VGC 2026",https://pikalytics.com/pokedex/gen9championsvgc2026regma,25,Scovillain-Mega,6.01
2026-06-27,2026-06-27T12:00:03Z,pikalytics,gen9championsvgc2026regma,"Best Pokemon, teams, and builds in Pokemon Champions VGC 2026",https://pikalytics.com/pokedex/gen9championsvgc2026regma,1,Basculegion,51.50
2026-06-27,2026-06-27T12:00:03Z,pikalytics,gen9championsvgc2026regma,"Best Pokemon, teams, and builds in Pokemon Champions VGC 2026",https://pikalytics.com/pokedex/gen9championsvgc2026regma,2,Kingambit,40.69
2026-06-27,2026-06-27T12:00:03Z,pikalytics,gen9championsvgc2026regma,"Best Pokemon, teams, and builds in Pokemon Champions VGC 2026",https://pikalytics.com/pokedex/gen9championsvgc2026regma,3,Garchomp,40.53
2026-06-27,2026-06-27T12:00:03Z,pikalytics,gen9championsvgc2026regma,"Best Pokemon, teams, and builds in Pokemon Champions VGC 2026",https://pikalytics.com/pokedex/gen9championsvgc2026regma,4,Charizard-Mega-Y,31.81
2026-06-27,2026-06-27T12:00:03Z,pikalytics,gen9championsvgc2026regma,"Best Pokemon, teams, and builds in Pokemon Champions VGC 2026",https://pikalytics.com/pokedex/gen9championsvgc2026regma,5,Sneasler,28.58
2026-06-27,2026-06-27T12:00:03Z,pikalytics,gen9championsvgc2026regma,"Best Pokemon, teams, and builds in Pokemon Champions VGC 2026",https://pikalytics.com/pokedex/gen9championsvgc2026regma,6,Incineroar,25.93
2026-06-27,2026-06-27T12:00:03Z,pikalytics,gen9championsvgc2026regma,"Best Pokemon, teams, and builds in Pokemon Champions VGC 2026",https://pikalytics.com/pokedex/gen9championsvgc2026regma,7,Floette-Mega,23.92
2026-06-27,2026-06-27T12:00:03Z,pikalytics,gen9championsvgc2026regma,"Best Pokemon, teams, and builds in Pokemon Champions VGC 2026",https://pikalytics.com/pokedex/gen9championsvgc2026regma,8,Sinistcha,20.44
2026-06-27,2026-06-27T12:00:03Z,pikalytics,gen9championsvgc2026regma,"Best Pokemon, teams, and builds in Pokemon Champions VGC 2026",https://pikalytics.com/pokedex/gen9championsvgc2026regma,9,Sylveon,17.90
2026-06-27,2026-06-27T12:00:03Z,pikalytics,gen9championsvgc2026regma,"Best Pokemon, teams, and builds in Pokemon Champions VGC 2026",https://pikalytics.com/pokedex/gen9championsvgc2026regma,10,Whimsicott,17.65
2026-06-27,2026-06-27T12:00:03Z,pikalytics,gen9championsvgc2026regma,"Best Pokemon, teams, and builds in Pokemon Champions VGC 2026",https://pikalytics.com/pokedex/gen9championsvgc2026regma,11,Archaludon,17.43
2026-06-27,2026-06-27T12:00:03Z,pikalytics,gen9championsvgc2026regma,"Best Pokemon, teams, and builds in Pokemon Champions VGC 2026",https://pikalytics.com/pokedex/gen9championsvgc2026regma,12,Farigiraf,16.12
2026-06-27,2026-06-27T12:00:03Z,pikalytics,gen9championsvgc2026regma,"Best Pokemon, teams, and builds in Pokemon Champions VGC 2026",https://pikalytics.com/pokedex/gen9championsvgc2026regma,13,Aerodactyl-Mega,12.19
2026-06-27,2026-06-27T12:00:03Z,pikalytics,gen9championsvgc2026regma,"Best Pokemon, teams, and builds in Pokemon Champions VGC 2026",https://pikalytics.com/pokedex/gen9championsvgc2026regma,14,Pelipper,12.15
2026-06-27,2026-06-27T12:00:03Z,pikalytics,gen9championsvgc2026regma,"Best Pokemon, teams, and builds in Pokemon Champions VGC 2026",https://pikalytics.com/pokedex/gen9championsvgc2026regma,15,Sableye,8.84
2026-06-27,2026-06-27T12:00:03Z,pikalytics,gen9championsvgc2026regma,"Best Pokemon, teams, and builds in Pokemon Champions VGC 2026",https://pikalytics.com/pokedex/gen9championsvgc2026regma,16,Dragonite-Mega,7.92
2026-06-27,2026-06-27T12:00:03Z,pikalytics,gen9championsvgc2026regma,"Best Pokemon, teams, and builds in Pokemon Champions VGC 2026",https://pikalytics.com/pokedex/gen9championsvgc2026regma,17,Maushold,7.90
2026-06-27,2026-06-27T12:00:03Z,pikalytics,gen9championsvgc2026regma,"Best Pokemon, teams, and builds in Pokemon Champions VGC 2026",https://pikalytics.com/pokedex/gen9championsvgc2026regma,18,Aegislash,7.46
2026-06-27,2026-06-27T12:00:03Z,pikalytics,gen9championsvgc2026regma,"Best Pokemon, teams, and builds in Pokemon Champions VGC 2026",https://pikalytics.com/pokedex/gen9championsvgc2026regma,19,Blastoise-Mega,7.45
2026-06-27,2026-06-27T12:00:03Z,pikalytics,gen9championsvgc2026regma,"Best Pokemon, teams, and builds in Pokemon Champions VGC 2026",https://pikalytics.com/pokedex/gen9championsvgc2026regma,20,Rotom-Wash,7.43
2026-06-27,2026-06-27T12:00:03Z,pikalytics,gen9championsvgc2026regma,"Best Pokemon, teams, and builds in Pokemon Champions VGC 2026",https://pikalytics.com/pokedex/gen9championsvgc2026regma,21,Glimmora,6.80
2026-06-27,2026-06-27T12:00:03Z,pikalytics,gen9championsvgc2026regma,"Best Pokemon, teams, and builds in Pokemon Champions VGC 2026",https://pikalytics.com/pokedex/gen9championsvgc2026regma,22,Aerodactyl,6.72
2026-06-27,2026-06-27T12:00:03Z,pikalytics,gen9championsvgc2026regma,"Best Pokemon, teams, and builds in Pokemon Champions VGC 2026",https://pikalytics.com/pokedex/gen9championsvgc2026regma,23,Talonflame,6.19
2026-06-27,2026-06-27T12:00:03Z,pikalytics,gen9championsvgc2026regma,"Best Pokemon, teams, and builds in Pokemon Champions VGC 2026",https://pikalytics.com/pokedex/gen9championsvgc2026regma,24,Froslass-Mega,6.09
2026-06-27,2026-06-27T12:00:03Z,pikalytics,gen9championsvgc2026regma,"Best Pokemon, teams, and builds in Pokemon Champions VGC 2026",https://pikalytics.com/pokedex/gen9championsvgc2026regma,25,Scovillain-Mega,6.01
2026-06-28,2026-06-28T12:00:04Z,pikalytics,gen9championsvgc2026regma,"Best Pokemon, teams, and builds in Pokemon Champions VGC 2026",https://pikalytics.com/pokedex/gen9championsvgc2026regma,1,Basculegion,51.50
2026-06-28,2026-06-28T12:00:04Z,pikalytics,gen9championsvgc2026regma,"Best Pokemon, teams, and builds in Pokemon Champions VGC 2026",https://pikalytics.com/pokedex/gen9championsvgc2026regma,2,Kingambit,40.69
2026-06-28,2026-06-28T12:00:04Z,pikalytics,gen9championsvgc2026regma,"Best Pokemon, teams, and builds in Pokemon Champions VGC 2026",https://pikalytics.com/pokedex/gen9championsvgc2026regma,3,Garchomp,40.53
2026-06-28,2026-06-28T12:00:04Z,pikalytics,gen9championsvgc2026regma,"Best Pokemon, teams, and builds in Pokemon Champions VGC 2026",https://pikalytics.com/pokedex/gen9championsvgc2026regma,4,Charizard-Mega-Y,31.81
2026-06-28,2026-06-28T12:00:04Z,pikalytics,gen9championsvgc2026regma,"Best Pokemon, teams, and builds in Pokemon Champions VGC 2026",https://pikalytics.com/pokedex/gen9championsvgc2026regma,5,Sneasler,28.58
2026-06-28,2026-06-28T12:00:04Z,pikalytics,gen9championsvgc2026regma,"Best Pokemon, teams, and builds in Pokemon Champions VGC 2026",https://pikalytics.com/pokedex/gen9championsvgc2026regma,6,Incineroar,25.93
2026-06-28,2026-06-28T12:00:04Z,pikalytics,gen9championsvgc2026regma,"Best Pokemon, teams, and builds in Pokemon Champions VGC 2026",https://pikalytics.com/pokedex/gen9championsvgc2026regma,7,Floette-Mega,23.92
2026-06-28,2026-06-28T12:00:04Z,pikalytics,gen9championsvgc2026regma,"Best Pokemon, teams, and builds in Pokemon Champions VGC 2026",https://pikalytics.com/pokedex/gen9championsvgc2026regma,8,Sinistcha,20.44
2026-06-28,2026-06-28T12:00:04Z,pikalytics,gen9championsvgc2026regma,"Best Pokemon, teams, and builds in Pokemon Champions VGC 2026",https://pikalytics.com/pokedex/gen9championsvgc2026regma,9,Sylveon,17.90
2026-06-28,2026-06-28T12:00:04Z,pikalytics,gen9championsvgc2026regma,"Best Pokemon, teams, and builds in Pokemon Champions VGC 2026",https://pikalytics.com/pokedex/gen9championsvgc2026regma,10,Whimsicott,17.65
2026-06-28,2026-06-28T12:00:04Z,pikalytics,gen9championsvgc2026regma,"Best Pokemon, teams, and builds in Pokemon Champions VGC 2026",https://pikalytics.com/pokedex/gen9championsvgc2026regma,11,Archaludon,17.43
2026-06-28,2026-06-28T12:00:04Z,pikalytics,gen9championsvgc2026regma,"Best Pokemon, teams, and builds in Pokemon Champions VGC 2026",https://pikalytics.com/pokedex/gen9championsvgc2026regma,12,Farigiraf,16.12
2026-06-28,2026-06-28T12:00:04Z,pikalytics,gen9championsvgc2026regma,"Best Pokemon, teams, and builds in Pokemon Champions VGC 2026",https://pikalytics.com/pokedex/gen9championsvgc2026regma,13,Aerodactyl-Mega,12.19
2026-06-28,2026-06-28T12:00:04Z,pikalytics,gen9championsvgc2026regma,"Best Pokemon, teams, and builds in Pokemon Champions VGC 2026",https://pikalytics.com/pokedex/gen9championsvgc2026regma,14,Pelipper,12.15
2026-06-28,2026-06-28T12:00:04Z,pikalytics,gen9championsvgc2026regma,"Best Pokemon, teams, and builds in Pokemon Champions VGC 2026",https://pikalytics.com/pokedex/gen9championsvgc2026regma,15,Sableye,8.84
2026-06-28,2026-06-28T12:00:04Z,pikalytics,gen9championsvgc2026regma,"Best Pokemon, teams, and builds in Pokemon Champions VGC 2026",https://pikalytics.com/pokedex/gen9championsvgc2026regma,16,Dragonite-Mega,7.92
2026-06-28,2026-06-28T12:00:04Z,pikalytics,gen9championsvgc2026regma,"Best Pokemon, teams, and builds in Pokemon Champions VGC 2026",https://pikalytics.com/pokedex/gen9championsvgc2026regma,17,Maushold,7.90
2026-06-28,2026-06-28T12:00:04Z,pikalytics,gen9championsvgc2026regma,"Best Pokemon, teams, and builds in Pokemon Champions VGC 2026",https://pikalytics.com/pokedex/gen9championsvgc2026regma,18,Aegislash,7.46
2026-06-28,2026-06-28T12:00:04Z,pikalytics,gen9championsvgc2026regma,"Best Pokemon, teams, and builds in Pokemon Champions VGC 2026",https://pikalytics.com/pokedex/gen9championsvgc2026regma,19,Blastoise-Mega,7.45
2026-06-28,2026-06-28T12:00:04Z,pikalytics,gen9championsvgc2026regma,"Best Pokemon, teams, and builds in Pokemon Champions VGC 2026",https://pikalytics.com/pokedex/gen9championsvgc2026regma,20,Rotom-Wash,7.43
2026-06-28,2026-06-28T12:00:04Z,pikalytics,gen9championsvgc2026regma,"Best Pokemon, teams, and builds in Pokemon Champions VGC 2026",https://pikalytics.com/pokedex/gen9championsvgc2026regma,21,Glimmora,6.80
2026-06-28,2026-06-28T12:00:04Z,pikalytics,gen9championsvgc2026regma,"Best Pokemon, teams, and builds in Pokemon Champions VGC 2026",https://pikalytics.com/pokedex/gen9championsvgc2026regma,22,Aerodactyl,6.72
2026-06-28,2026-06-28T12:00:04Z,pikalytics,gen9championsvgc2026regma,"Best Pokemon, teams, and builds in Pokemon Champions VGC 2026",https://pikalytics.com/pokedex/gen9championsvgc2026regma,23,Talonflame,6.19
2026-06-28,2026-06-28T12:00:04Z,pikalytics,gen9championsvgc2026regma,"Best Pokemon, teams, and builds in Pokemon Champions VGC 2026",https://pikalytics.com/pokedex/gen9championsvgc2026regma,24,Froslass-Mega,6.09
2026-06-28,2026-06-28T12:00:04Z,pikalytics,gen9championsvgc2026regma,"Best Pokemon, teams, and builds in Pokemon Champions VGC 2026",https://pikalytics.com/pokedex/gen9championsvgc2026regma,25,Scovillain-Mega,6.01
2026-06-29,2026-06-29T12:00:03Z,pikalytics,gen9championsvgc2026regma,"Best Pokemon, teams, and builds in Pokemon Champions VGC 2026",https://pikalytics.com/pokedex/gen9championsvgc2026regma,1,Basculegion,51.50
2026-06-29,2026-06-29T12:00:03Z,pikalytics,gen9championsvgc2026regma,"Best Pokemon, teams, and builds in Pokemon Champions VGC 2026",https://pikalytics.com/pokedex/gen9championsvgc2026regma,2,Kingambit,40.69
2026-06-29,2026-06-29T12:00:03Z,pikalytics,gen9championsvgc2026regma,"Best Pokemon, teams, and builds in Pokemon Champions VGC 2026",https://pikalytics.com/pokedex/gen9championsvgc2026regma,3,Garchomp,40.53
2026-06-29,2026-06-29T12:00:03Z,pikalytics,gen9championsvgc2026regma,"Best Pokemon, teams, and builds in Pokemon Champions VGC 2026",https://pikalytics.com/pokedex/gen9championsvgc2026regma,4,Charizard-Mega-Y,31.81
2026-06-29,2026-06-29T12:00:03Z,pikalytics,gen9championsvgc2026regma,"Best Pokemon, teams, and builds in Pokemon Champions VGC 2026",https://pikalytics.com/pokedex/gen9championsvgc2026regma,5,Sneasler,28.58
2026-06-29,2026-06-29T12:00:03Z,pikalytics,gen9championsvgc2026regma,"Best Pokemon, teams, and builds in Pokemon Champions VGC 2026",https://pikalytics.com/pokedex/gen9championsvgc2026regma,6,Incineroar,25.93
2026-06-29,2026-06-29T12:00:03Z,pikalytics,gen9championsvgc2026regma,"Best Pokemon, teams, and builds in Pokemon Champions VGC 2026",https://pikalytics.com/pokedex/gen9championsvgc2026regma,7,Floette-Mega,23.92
2026-06-29,2026-06-29T12:00:03Z,pikalytics,gen9championsvgc2026regma,"Best Pokemon, teams, and builds in Pokemon Champions VGC 2026",https://pikalytics.com/pokedex/gen9championsvgc2026regma,8,Sinistcha,20.44
2026-06-29,2026-06-29T12:00:03Z,pikalytics,gen9championsvgc2026regma,"Best Pokemon, teams, and builds in Pokemon Champions VGC 2026",https://pikalytics.com/pokedex/gen9championsvgc2026regma,9,Sylveon,17.90
2026-06-29,2026-06-29T12:00:03Z,pikalytics,gen9championsvgc2026regma,"Best Pokemon, teams, and builds in Pokemon Champions VGC 2026",https://pikalytics.com/pokedex/gen9championsvgc2026regma,10,Whimsicott,17.65
2026-06-29,2026-06-29T12:00:03Z,pikalytics,gen9championsvgc2026regma,"Best Pokemon, teams, and builds in Pokemon Champions VGC 2026",https://pikalytics.com/pokedex/gen9championsvgc2026regma,11,Archaludon,17.43
2026-06-29,2026-06-29T12:00:03Z,pikalytics,gen9championsvgc2026regma,"Best Pokemon, teams, and builds in Pokemon Champions VGC 2026",https://pikalytics.com/pokedex/gen9championsvgc2026regma,12,Farigiraf,16.12
2026-06-29,2026-06-29T12:00:03Z,pikalytics,gen9championsvgc2026regma,"Best Pokemon, teams, and builds in Pokemon Champions VGC 2026",https://pikalytics.com/pokedex/gen9championsvgc2026regma,13,Aerodactyl-Mega,12.19
2026-06-29,2026-06-29T12:00:03Z,pikalytics,gen9championsvgc2026regma,"Best Pokemon, teams, and builds in Pokemon Champions VGC 2026",https://pikalytics.com/pokedex/gen9championsvgc2026regma,14,Pelipper,12.15
2026-06-29,2026-06-29T12:00:03Z,pikalytics,gen9championsvgc2026regma,"Best Pokemon, teams, and builds in Pokemon Champions VGC 2026",https://pikalytics.com/pokedex/gen9championsvgc2026regma,15,Sableye,8.84
2026-06-29,2026-06-29T12:00:03Z,pikalytics,gen9championsvgc2026regma,"Best Pokemon, teams, and builds in Pokemon Champions VGC 2026",https://pikalytics.com/pokedex/gen9championsvgc2026regma,16,Dragonite-Mega,7.92
2026-06-29,2026-06-29T12:00:03Z,pikalytics,gen9championsvgc2026regma,"Best Pokemon, teams, and builds in Pokemon Champions VGC 2026",https://pikalytics.com/pokedex/gen9championsvgc2026regma,17,Maushold,7.90
2026-06-29,2026-06-29T12:00:03Z,pikalytics,gen9championsvgc2026regma,"Best Pokemon, teams, and builds in Pokemon Champions VGC 2026",https://pikalytics.com/pokedex/gen9championsvgc2026regma,18,Aegislash,7.46
2026-06-29,2026-06-29T12:00:03Z,pikalytics,gen9championsvgc2026regma,"Best Pokemon, teams, and builds in Pokemon Champions VGC 2026",https://pikalytics.com/pokedex/gen9championsvgc2026regma,19,Blastoise-Mega,7.45
2026-06-29,2026-06-29T12:00:03Z,pikalytics,gen9championsvgc2026regma,"Best Pokemon, teams, and builds in Pokemon Champions VGC 2026",https://pikalytics.com/pokedex/gen9championsvgc2026regma,20,Rotom-Wash,7.43
2026-06-29,2026-06-29T12:00:03Z,pikalytics,gen9championsvgc2026regma,"Best Pokemon, teams, and builds in Pokemon Champions VGC 2026",https://pikalytics.com/pokedex/gen9championsvgc2026regma,21,Glimmora,6.80
2026-06-29,2026-06-29T12:00:03Z,pikalytics,gen9championsvgc2026regma,"Best Pokemon, teams, and builds in Pokemon Champions VGC 2026",https://pikalytics.com/pokedex/gen9championsvgc2026regma,22,Aerodactyl,6.72
2026-06-29,2026-06-29T12:00:03Z,pikalytics,gen9championsvgc2026regma,"Best Pokemon, teams, and builds in Pokemon Champions VGC 2026",https://pikalytics.com/pokedex/gen9championsvgc2026regma,23,Talonflame,6.19
2026-06-29,2026-06-29T12:00:03Z,pikalytics,gen9championsvgc2026regma,"Best Pokemon, teams, and builds in Pokemon Champions VGC 2026",https://pikalytics.com/pokedex/gen9championsvgc2026regma,24,Froslass-Mega,6.09
2026-06-29,2026-06-29T12:00:03Z,pikalytics,gen9championsvgc2026regma,"Best Pokemon, teams, and builds in Pokemon Champions VGC 2026",https://pikalytics.com/pokedex/gen9championsvgc2026regma,25,Scovillain-Mega,6.01
2026-06-30,2026-06-30T12:00:03Z,pikalytics,gen9championsvgc2026regma,"Best Pokemon, teams, and builds in Pokemon Champions VGC 2026",https://pikalytics.com/pokedex/gen9championsvgc2026regma,1,Basculegion,51.50
2026-06-30,2026-06-30T12:00:03Z,pikalytics,gen9championsvgc2026regma,"Best Pokemon, teams, and builds in Pokemon Champions VGC 2026",https://pikalytics.com/pokedex/gen9championsvgc2026regma,2,Kingambit,40.69
2026-06-30,2026-06-30T12:00:03Z,pikalytics,gen9championsvgc2026regma,"Best Pokemon, teams, and builds in Pokemon Champions VGC 2026",https://pikalytics.com/pokedex/gen9championsvgc2026regma,3,Garchomp,40.53
2026-06-30,2026-06-30T12:00:03Z,pikalytics,gen9championsvgc2026regma,"Best Pokemon, teams, and builds in Pokemon Champions VGC 2026",https://pikalytics.com/pokedex/gen9championsvgc2026regma,4,Charizard-Mega-Y,31.81
2026-06-30,2026-06-30T12:00:03Z,pikalytics,gen9championsvgc2026regma,"Best Pokemon, teams, and builds in Pokemon Champions VGC 2026",https://pikalytics.com/pokedex/gen9championsvgc2026regma,5,Sneasler,28.58
2026-06-30,2026-06-30T12:00:03Z,pikalytics,gen9championsvgc2026regma,"Best Pokemon, teams, and builds in Pokemon Champions VGC 2026",https://pikalytics.com/pokedex/gen9championsvgc2026regma,6,Incineroar,25.93
2026-06-30,2026-06-30T12:00:03Z,pikalytics,gen9championsvgc2026regma,"Best Pokemon, teams, and builds in Pokemon Champions VGC 2026",https://pikalytics.com/pokedex/gen9championsvgc2026regma,7,Floette-Mega,23.92
2026-06-30,2026-06-30T12:00:03Z,pikalytics,gen9championsvgc2026regma,"Best Pokemon, teams, and builds in Pokemon Champions VGC 2026",https://pikalytics.com/pokedex/gen9championsvgc2026regma,8,Sinistcha,20.44
2026-06-30,2026-06-30T12:00:03Z,pikalytics,gen9championsvgc2026regma,"Best Pokemon, teams, and builds in Pokemon Champions VGC 2026",https://pikalytics.com/pokedex/gen9championsvgc2026regma,9,Sylveon,17.90
2026-06-30,2026-06-30T12:00:03Z,pikalytics,gen9championsvgc2026regma,"Best Pokemon, teams, and builds in Pokemon Champions VGC 2026",https://pikalytics.com/pokedex/gen9championsvgc2026regma,10,Whimsicott,17.65
2026-06-30,2026-06-30T12:00:03Z,pikalytics,gen9championsvgc2026regma,"Best Pokemon, teams, and builds in Pokemon Champions VGC 2026",https://pikalytics.com/pokedex/gen9championsvgc2026regma,11,Archaludon,17.43
2026-06-30,2026-06-30T12:00:03Z,pikalytics,gen9championsvgc2026regma,"Best Pokemon, teams, and builds in Pokemon Champions VGC 2026",https://pikalytics.com/pokedex/gen9championsvgc2026regma,12,Farigiraf,16.12
2026-06-30,2026-06-30T12:00:03Z,pikalytics,gen9championsvgc2026regma,"Best Pokemon, teams, and builds in Pokemon Champions VGC 2026",https://pikalytics.com/pokedex/gen9championsvgc2026regma,13,Aerodactyl-Mega,12.19
2026-06-30,2026-06-30T12:00:03Z,pikalytics,gen9championsvgc2026regma,"Best Pokemon, teams, and builds in Pokemon Champions VGC 2026",https://pikalytics.com/pokedex/gen9championsvgc2026regma,14,Pelipper,12.15
2026-06-30,2026-06-30T12:00:03Z,pikalytics,gen9championsvgc2026regma,"Best Pokemon, teams, and builds in Pokemon Champions VGC 2026",https://pikalytics.com/pokedex/gen9championsvgc2026regma,15,Sableye,8.84
2026-06-30,2026-06-30T12:00:03Z,pikalytics,gen9championsvgc2026regma,"Best Pokemon, teams, and builds in Pokemon Champions VGC 2026",https://pikalytics.com/pokedex/gen9championsvgc2026regma,16,Dragonite-Mega,7.92
2026-06-30,2026-06-30T12:00:03Z,pikalytics,gen9championsvgc2026regma,"Best Pokemon, teams, and builds in Pokemon Champions VGC 2026",https://pikalytics.com/pokedex/gen9championsvgc2026regma,17,Maushold,7.90
2026-06-30,2026-06-30T12:00:03Z,pikalytics,gen9championsvgc2026regma,"Best Pokemon, teams, and builds in Pokemon Champions VGC 2026",https://pikalytics.com/pokedex/gen9championsvgc2026regma,18,Aegislash,7.46
2026-06-30,2026-06-30T12:00:03Z,pikalytics,gen9championsvgc2026regma,"Best Pokemon, teams, and builds in Pokemon Champions VGC 2026",https://pikalytics.com/pokedex/gen9championsvgc2026regma,19,Blastoise-Mega,7.45
2026-06-30,2026-06-30T12:00:03Z,pikalytics,gen9championsvgc2026regma,"Best Pokemon, teams, and builds in Pokemon Champions VGC 2026",https://pikalytics.com/pokedex/gen9championsvgc2026regma,20,Rotom-Wash,7.43
2026-06-30,2026-06-30T12:00:03Z,pikalytics,gen9championsvgc2026regma,"Best Pokemon, teams, and builds in Pokemon Champions VGC 2026",https://pikalytics.com/pokedex/gen9championsvgc2026regma,21,Glimmora,6.80
2026-06-30,2026-06-30T12:00:03Z,pikalytics,gen9championsvgc2026regma,"Best Pokemon, teams, and builds in Pokemon Champions VGC 2026",https://pikalytics.com/pokedex/gen9championsvgc2026regma,22,Aerodactyl,6.72
2026-06-30,2026-06-30T12:00:03Z,pikalytics,gen9championsvgc2026regma,"Best Pokemon, teams, and builds in Pokemon Champions VGC 2026",https://pikalytics.com/pokedex/gen9championsvgc2026regma,23,Talonflame,6.19
2026-06-30,2026-06-30T12:00:03Z,pikalytics,gen9championsvgc2026regma,"Best Pokemon, teams, and builds in Pokemon Champions VGC 2026",https://pikalytics.com/pokedex/gen9championsvgc2026regma,24,Froslass-Mega,6.09
2026-06-30,2026-06-30T12:00:03Z,pikalytics,gen9championsvgc2026regma,"Best Pokemon, teams, and builds in Pokemon Champions VGC 2026",https://pikalytics.com/pokedex/gen9championsvgc2026regma,25,Scovillain-Mega,6.01
2026-07-01,2026-07-01T12:00:03Z,pikalytics,gen9championsvgc2026regma,"Best Pokemon, teams, and builds in Pokemon Champions VGC 2026",https://pikalytics.com/pokedex/gen9championsvgc2026regma,1,Basculegion,51.50
2026-07-01,2026-07-01T12:00:03Z,pikalytics,gen9championsvgc2026regma,"Best Pokemon, teams, and builds in Pokemon Champions VGC 2026",https://pikalytics.com/pokedex/gen9championsvgc2026regma,2,Kingambit,40.69
2026-07-01,2026-07-01T12:00:03Z,pikalytics,gen9championsvgc2026regma,"Best Pokemon, teams, and builds in Pokemon Champions VGC 2026",https://pikalytics.com/pokedex/gen9championsvgc2026regma,3,Garchomp,40.53
2026-07-01,2026-07-01T12:00:03Z,pikalytics,gen9championsvgc2026regma,"Best Pokemon, teams, and builds in Pokemon Champions VGC 2026",https://pikalytics.com/pokedex/gen9championsvgc2026regma,4,Charizard-Mega-Y,31.81
2026-07-01,2026-07-01T12:00:03Z,pikalytics,gen9championsvgc2026regma,"Best Pokemon, teams, and builds in Pokemon Champions VGC 2026",https://pikalytics.com/pokedex/gen9championsvgc2026regma,5,Sneasler,28.58
2026-07-01,2026-07-01T12:00:03Z,pikalytics,gen9championsvgc2026regma,"Best Pokemon, teams, and builds in Pokemon Champions VGC 2026",https://pikalytics.com/pokedex/gen9championsvgc2026regma,6,Incineroar,25.93
2026-07-01,2026-07-01T12:00:03Z,pikalytics,gen9championsvgc2026regma,"Best Pokemon, teams, and builds in Pokemon Champions VGC 2026",https://pikalytics.com/pokedex/gen9championsvgc2026regma,7,Floette-Mega,23.92
2026-07-01,2026-07-01T12:00:03Z,pikalytics,gen9championsvgc2026regma,"Best Pokemon, teams, and builds in Pokemon Champions VGC 2026",https://pikalytics.com/pokedex/gen9championsvgc2026regma,8,Sinistcha,20.44
2026-07-01,2026-07-01T12:00:03Z,pikalytics,gen9championsvgc2026regma,"Best Pokemon, teams, and builds in Pokemon Champions VGC 2026",https://pikalytics.com/pokedex/gen9championsvgc2026regma,9,Sylveon,17.90
2026-07-01,2026-07-01T12:00:03Z,pikalytics,gen9championsvgc2026regma,"Best Pokemon, teams, and builds in Pokemon Champions VGC 2026",https://pikalytics.com/pokedex/gen9championsvgc2026regma,10,Whimsicott,17.65
2026-07-01,2026-07-01T12:00:03Z,pikalytics,gen9championsvgc2026regma,"Best Pokemon, teams, and builds in Pokemon Champions VGC 2026",https://pikalytics.com/pokedex/gen9championsvgc2026regma,11,Archaludon,17.43
2026-07-01,2026-07-01T12:00:03Z,pikalytics,gen9championsvgc2026regma,"Best Pokemon, teams, and builds in Pokemon Champions VGC 2026",https://pikalytics.com/pokedex/gen9championsvgc2026regma,12,Farigiraf,16.12
2026-07-01,2026-07-01T12:00:03Z,pikalytics,gen9championsvgc2026regma,"Best Pokemon, teams, and builds in Pokemon Champions VGC 2026",https://pikalytics.com/pokedex/gen9championsvgc2026regma,13,Aerodactyl-Mega,12.19
2026-07-01,2026-07-01T12:00:03Z,pikalytics,gen9championsvgc2026regma,"Best Pokemon, teams, and builds in Pokemon Champions VGC 2026",https://pikalytics.com/pokedex/gen9championsvgc2026regma,14,Pelipper,12.15
2026-07-01,2026-07-01T12:00:03Z,pikalytics,gen9championsvgc2026regma,"Best Pokemon, teams, and builds in Pokemon Champions VGC 2026",https://pikalytics.com/pokedex/gen9championsvgc2026regma,15,Sableye,8.84
2026-07-01,2026-07-01T12:00:03Z,pikalytics,gen9championsvgc2026regma,"Best Pokemon, teams, and builds in Pokemon Champions VGC 2026",https://pikalytics.com/pokedex/gen9championsvgc2026regma,16,Dragonite-Mega,7.92
2026-07-01,2026-07-01T12:00:03Z,pikalytics,gen9championsvgc2026regma,"Best Pokemon, teams, and builds in Pokemon Champions VGC 2026",https://pikalytics.com/pokedex/gen9championsvgc2026regma,17,Maushold,7.90
2026-07-01,2026-07-01T12:00:03Z,pikalytics,gen9championsvgc2026regma,"Best Pokemon, teams, and builds in Pokemon Champions VGC 2026",https://pikalytics.com/pokedex/gen9championsvgc2026regma,18,Aegislash,7.46
2026-07-01,2026-07-01T12:00:03Z,pikalytics,gen9championsvgc2026regma,"Best Pokemon, teams, and builds in Pokemon Champions VGC 2026",https://pikalytics.com/pokedex/gen9championsvgc2026regma,19,Blastoise-Mega,7.45
2026-07-01,2026-07-01T12:00:03Z,pikalytics,gen9championsvgc2026regma,"Best Pokemon, teams, and builds in Pokemon Champions VGC 2026",https://pikalytics.com/pokedex/gen9championsvgc2026regma,20,Rotom-Wash,7.43
2026-07-01,2026-07-01T12:00:03Z,pikalytics,gen9championsvgc2026regma,"Best Pokemon, teams, and builds in Pokemon Champions VGC 2026",https://pikalytics.com/pokedex/gen9championsvgc2026regma,21,Glimmora,6.80
2026-07-01,2026-07-01T12:00:03Z,pikalytics,gen9championsvgc2026regma,"Best Pokemon, teams, and builds in Pokemon Champions VGC 2026",https://pikalytics.com/pokedex/gen9championsvgc2026regma,22,Aerodactyl,6.72
2026-07-01,2026-07-01T12:00:03Z,pikalytics,gen9championsvgc2026regma,"Best Pokemon, teams, and builds in Pokemon Champions VGC 2026",https://pikalytics.com/pokedex/gen9championsvgc2026regma,23,Talonflame,6.19
2026-07-01,2026-07-01T12:00:03Z,pikalytics,gen9championsvgc2026regma,"Best Pokemon, teams, and builds in Pokemon Champions VGC 2026",https://pikalytics.com/pokedex/gen9championsvgc2026regma,24,Froslass-Mega,6.09
2026-07-01,2026-07-01T12:00:03Z,pikalytics,gen9championsvgc2026regma,"Best Pokemon, teams, and builds in Pokemon Champions VGC 2026",https://pikalytics.com/pokedex/gen9championsvgc2026regma,25,Scovillain-Mega,6.01
2026-07-02,2026-07-02T12:00:03Z,pikalytics,gen9championsvgc2026regma,"Best Pokemon, teams, and builds in Pokemon Champions VGC 2026",https://pikalytics.com/pokedex/gen9championsvgc2026regma,1,Basculegion,51.50
2026-07-02,2026-07-02T12:00:03Z,pikalytics,gen9championsvgc2026regma,"Best Pokemon, teams, and builds in Pokemon Champions VGC 2026",https://pikalytics.com/pokedex/gen9championsvgc2026regma,2,Kingambit,40.69
2026-07-02,2026-07-02T12:00:03Z,pikalytics,gen9championsvgc2026regma,"Best Pokemon, teams, and builds in Pokemon Champions VGC 2026",https://pikalytics.com/pokedex/gen9championsvgc2026regma,3,Garchomp,40.53
2026-07-02,2026-07-02T12:00:03Z,pikalytics,gen9championsvgc2026regma,"Best Pokemon, teams, and builds in Pokemon Champions VGC 2026",https://pikalytics.com/pokedex/gen9championsvgc2026regma,4,Charizard-Mega-Y,31.81
2026-07-02,2026-07-02T12:00:03Z,pikalytics,gen9championsvgc2026regma,"Best Pokemon, teams, and builds in Pokemon Champions VGC 2026",https://pikalytics.com/pokedex/gen9championsvgc2026regma,5,Sneasler,28.58
2026-07-02,2026-07-02T12:00:03Z,pikalytics,gen9championsvgc2026regma,"Best Pokemon, teams, and builds in Pokemon Champions VGC 2026",https://pikalytics.com/pokedex/gen9championsvgc2026regma,6,Incineroar,25.93
2026-07-02,2026-07-02T12:00:03Z,pikalytics,gen9championsvgc2026regma,"Best Pokemon, teams, and builds in Pokemon Champions VGC 2026",https://pikalytics.com/pokedex/gen9championsvgc2026regma,7,Floette-Mega,23.92
2026-07-02,2026-07-02T12:00:03Z,pikalytics,gen9championsvgc2026regma,"Best Pokemon, teams, and builds in Pokemon Champions VGC 2026",https://pikalytics.com/pokedex/gen9championsvgc2026regma,8,Sinistcha,20.44
2026-07-02,2026-07-02T12:00:03Z,pikalytics,gen9championsvgc2026regma,"Best Pokemon, teams, and builds in Pokemon Champions VGC 2026",https://pikalytics.com/pokedex/gen9championsvgc2026regma,9,Sylveon,17.90
2026-07-02,2026-07-02T12:00:03Z,pikalytics,gen9championsvgc2026regma,"Best Pokemon, teams, and builds in Pokemon Champions VGC 2026",https://pikalytics.com/pokedex/gen9championsvgc2026regma,10,Whimsicott,17.65
2026-07-02,2026-07-02T12:00:03Z,pikalytics,gen9championsvgc2026regma,"Best Pokemon, teams, and builds in Pokemon Champions VGC 2026",https://pikalytics.com/pokedex/gen9championsvgc2026regma,11,Archaludon,17.43
2026-07-02,2026-07-02T12:00:03Z,pikalytics,gen9championsvgc2026regma,"Best Pokemon, teams, and builds in Pokemon Champions VGC 2026",https://pikalytics.com/pokedex/gen9championsvgc2026regma,12,Farigiraf,16.12
2026-07-02,2026-07-02T12:00:03Z,pikalytics,gen9championsvgc2026regma,"Best Pokemon, teams, and builds in Pokemon Champions VGC 2026",https://pikalytics.com/pokedex/gen9championsvgc2026regma,13,Aerodactyl-Mega,12.19
2026-07-02,2026-07-02T12:00:03Z,pikalytics,gen9championsvgc2026regma,"Best Pokemon, teams, and builds in Pokemon Champions VGC 2026",https://pikalytics.com/pokedex/gen9championsvgc2026regma,14,Pelipper,12.15
2026-07-02,2026-07-02T12:00:03Z,pikalytics,gen9championsvgc2026regma,"Best Pokemon, teams, and builds in Pokemon Champions VGC 2026",https://pikalytics.com/pokedex/gen9championsvgc2026regma,15,Sableye,8.84
2026-07-02,2026-07-02T12:00:03Z,pikalytics,gen9championsvgc2026regma,"Best Pokemon, teams, and builds in Pokemon Champions VGC 2026",https://pikalytics.com/pokedex/gen9championsvgc2026regma,16,Dragonite-Mega,7.92
2026-07-02,2026-07-02T12:00:03Z,pikalytics,gen9championsvgc2026regma,"Best Pokemon, teams, and builds in Pokemon Champions VGC 2026",https://pikalytics.com/pokedex/gen9championsvgc2026regma,17,Maushold,7.90
2026-07-02,2026-07-02T12:00:03Z,pikalytics,gen9championsvgc2026regma,"Best Pokemon, teams, and builds in Pokemon Champions VGC 2026",https://pikalytics.com/pokedex/gen9championsvgc2026regma,18,Aegislash,7.46
2026-07-02,2026-07-02T12:00:03Z,pikalytics,gen9championsvgc2026regma,"Best Pokemon, teams, and builds in Pokemon Champions VGC 2026",https://pikalytics.com/pokedex/gen9championsvgc2026regma,19,Blastoise-Mega,7.45
2026-07-02,2026-07-02T12:00:03Z,pikalytics,gen9championsvgc2026regma,"Best Pokemon, teams, and builds in Pokemon Champions VGC 2026",https://pikalytics.com/pokedex/gen9championsvgc2026regma,20,Rotom-Wash,7.43
2026-07-02,2026-07-02T12:00:03Z,pikalytics,gen9championsvgc2026regma,"Best Pokemon, teams, and builds in Pokemon Champions VGC 2026",https://pikalytics.com/pokedex/gen9championsvgc2026regma,21,Glimmora,6.80
2026-07-02,2026-07-02T12:00:03Z,pikalytics,gen9championsvgc2026regma,"Best Pokemon, teams, and builds in Pokemon Champions VGC 2026",https://pikalytics.com/pokedex/gen9championsvgc2026regma,22,Aerodactyl,6.72
2026-07-02,2026-07-02T12:00:03Z,pikalytics,gen9championsvgc2026regma,"Best Pokemon, teams, and builds in Pokemon Champions VGC 2026",https://pikalytics.com/pokedex/gen9championsvgc2026regma,23,Talonflame,6.19
2026-07-02,2026-07-02T12:00:03Z,pikalytics,gen9championsvgc2026regma,"Best Pokemon, teams, and builds in Pokemon Champions VGC 2026",https://pikalytics.com/pokedex/gen9championsvgc2026regma,24,Froslass-Mega,6.09
2026-07-02,2026-07-02T12:00:03Z,pikalytics,gen9championsvgc2026regma,"Best Pokemon, teams, and builds in Pokemon Champions VGC 2026",https://pikalytics.com/pokedex/gen9championsvgc2026regma,25,Scovillain-Mega,6.01
2026-07-03,2026-07-03T12:00:03Z,pikalytics,gen9championsvgc2026regma,"Best Pokemon, teams, and builds in Pokemon Champions VGC 2026",https://pikalytics.com/pokedex/gen9championsvgc2026regma,1,Basculegion,51.50
2026-07-03,2026-07-03T12:00:03Z,pikalytics,gen9championsvgc2026regma,"Best Pokemon, teams, and builds in Pokemon Champions VGC 2026",https://pikalytics.com/pokedex/gen9championsvgc2026regma,2,Kingambit,40.69
2026-07-03,2026-07-03T12:00:03Z,pikalytics,gen9championsvgc2026regma,"Best Pokemon, teams, and builds in Pokemon Champions VGC 2026",https://pikalytics.com/pokedex/gen9championsvgc2026regma,3,Garchomp,40.53
2026-07-03,2026-07-03T12:00:03Z,pikalytics,gen9championsvgc2026regma,"Best Pokemon, teams, and builds in Pokemon Champions VGC 2026",https://pikalytics.com/pokedex/gen9championsvgc2026regma,4,Charizard-Mega-Y,31.81
2026-07-03,2026-07-03T12:00:03Z,pikalytics,gen9championsvgc2026regma,"Best Pokemon, teams, and builds in Pokemon Champions VGC 2026",https://pikalytics.com/pokedex/gen9championsvgc2026regma,5,Sneasler,28.58
2026-07-03,2026-07-03T12:00:03Z,pikalytics,gen9championsvgc2026regma,"Best Pokemon, teams, and builds in Pokemon Champions VGC 2026",https://pikalytics.com/pokedex/gen9championsvgc2026regma,6,Incineroar,25.93
2026-07-03,2026-07-03T12:00:03Z,pikalytics,gen9championsvgc2026regma,"Best Pokemon, teams, and builds in Pokemon Champions VGC 2026",https://pikalytics.com/pokedex/gen9championsvgc2026regma,7,Floette-Mega,23.92
2026-07-03,2026-07-03T12:00:03Z,pikalytics,gen9championsvgc2026regma,"Best Pokemon, teams, and builds in Pokemon Champions VGC 2026",https://pikalytics.com/pokedex/gen9championsvgc2026regma,8,Sinistcha,20.44
2026-07-03,2026-07-03T12:00:03Z,pikalytics,gen9championsvgc2026regma,"Best Pokemon, teams, and builds in Pokemon Champions VGC 2026",https://pikalytics.com/pokedex/gen9championsvgc2026regma,9,Sylveon,17.90
2026-07-03,2026-07-03T12:00:03Z,pikalytics,gen9championsvgc2026regma,"Best Pokemon, teams, and builds in Pokemon Champions VGC 2026",https://pikalytics.com/pokedex/gen9championsvgc2026regma,10,Whimsicott,17.65
2026-07-03,2026-07-03T12:00:03Z,pikalytics,gen9championsvgc2026regma,"Best Pokemon, teams, and builds in Pokemon Champions VGC 2026",https://pikalytics.com/pokedex/gen9championsvgc2026regma,11,Archaludon,17.43
2026-07-03,2026-07-03T12:00:03Z,pikalytics,gen9championsvgc2026regma,"Best Pokemon, teams, and builds in Pokemon Champions VGC 2026",https://pikalytics.com/pokedex/gen9championsvgc2026regma,12,Farigiraf,16.12
2026-07-03,2026-07-03T12:00:03Z,pikalytics,gen9championsvgc2026regma,"Best Pokemon, teams, and builds in Pokemon Champions VGC 2026",https://pikalytics.com/pokedex/gen9championsvgc2026regma,13,Aerodactyl-Mega,12.19
2026-07-03,2026-07-03T12:00:03Z,pikalytics,gen9championsvgc2026regma,"Best Pokemon, teams, and builds in Pokemon Champions VGC 2026",https://pikalytics.com/pokedex/gen9championsvgc2026regma,14,Pelipper,12.15
2026-07-03,2026-07-03T12:00:03Z,pikalytics,gen9championsvgc2026regma,"Best Pokemon, teams, and builds in Pokemon Champions VGC 2026",https://pikalytics.com/pokedex/gen9championsvgc2026regma,15,Sableye,8.84
2026-07-03,2026-07-03T12:00:03Z,pikalytics,gen9championsvgc2026regma,"Best Pokemon, teams, and builds in Pokemon Champions VGC 2026",https://pikalytics.com/pokedex/gen9championsvgc2026regma,16,Dragonite-Mega,7.92
2026-07-03,2026-07-03T12:00:03Z,pikalytics,gen9championsvgc2026regma,"Best Pokemon, teams, and builds in Pokemon Champions VGC 2026",https://pikalytics.com/pokedex/gen9championsvgc2026regma,17,Maushold,7.90
2026-07-03,2026-07-03T12:00:03Z,pikalytics,gen9championsvgc2026regma,"Best Pokemon, teams, and builds in Pokemon Champions VGC 2026",https://pikalytics.com/pokedex/gen9championsvgc2026regma,18,Aegislash,7.46
2026-07-03,2026-07-03T12:00:03Z,pikalytics,gen9championsvgc2026regma,"Best Pokemon, teams, and builds in Pokemon Champions VGC 2026",https://pikalytics.com/pokedex/gen9championsvgc2026regma,19,Blastoise-Mega,7.45
2026-07-03,2026-07-03T12:00:03Z,pikalytics,gen9championsvgc2026regma,"Best Pokemon, teams, and builds in Pokemon Champions VGC 2026",https://pikalytics.com/pokedex/gen9championsvgc2026regma,20,Rotom-Wash,7.43
2026-07-03,2026-07-03T12:00:03Z,pikalytics,gen9championsvgc2026regma,"Best Pokemon, teams, and builds in Pokemon Champions VGC 2026",https://pikalytics.com/pokedex/gen9championsvgc2026regma,21,Glimmora,6.80
2026-07-03,2026-07-03T12:00:03Z,pikalytics,gen9championsvgc2026regma,"Best Pokemon, teams, and builds in Pokemon Champions VGC 2026",https://pikalytics.com/pokedex/gen9championsvgc2026regma,22,Aerodactyl,6.72
2026-07-03,2026-07-03T12:00:03Z,pikalytics,gen9championsvgc2026regma,"Best Pokemon, teams, and builds in Pokemon Champions VGC 2026",https://pikalytics.com/pokedex/gen9championsvgc2026regma,23,Talonflame,6.19
2026-07-03,2026-07-03T12:00:03Z,pikalytics,gen9championsvgc2026regma,"Best Pokemon, teams, and builds in Pokemon Champions VGC 2026",https://pikalytics.com/pokedex/gen9championsvgc2026regma,24,Froslass-Mega,6.09
2026-07-03,2026-07-03T12:00:03Z,pikalytics,gen9championsvgc2026regma,"Best Pokemon, teams, and builds in Pokemon Champions VGC 2026",https://pikalytics.com/pokedex/gen9championsvgc2026regma,25,Scovillain-Mega,6.01
2026-07-04,2026-07-04T12:00:03Z,pikalytics,gen9championsvgc2026regma,"Best Pokemon, teams, and builds in Pokemon Champions VGC 2026",https://pikalytics.com/pokedex/gen9championsvgc2026regma,1,Basculegion,51.50
2026-07-04,2026-07-04T12:00:03Z,pikalytics,gen9championsvgc2026regma,"Best Pokemon, teams, and builds in Pokemon Champions VGC 2026",https://pikalytics.com/pokedex/gen9championsvgc2026regma,2,Kingambit,40.69
2026-07-04,2026-07-04T12:00:03Z,pikalytics,gen9championsvgc2026regma,"Best Pokemon, teams, and builds in Pokemon Champions VGC 2026",https://pikalytics.com/pokedex/gen9championsvgc2026regma,3,Garchomp,40.53
2026-07-04,2026-07-04T12:00:03Z,pikalytics,gen9championsvgc2026regma,"Best Pokemon, teams, and builds in Pokemon Champions VGC 2026",https://pikalytics.com/pokedex/gen9championsvgc2026regma,4,Charizard-Mega-Y,31.81
2026-07-04,2026-07-04T12:00:03Z,pikalytics,gen9championsvgc2026regma,"Best Pokemon, teams, and builds in Pokemon Champions VGC 2026",https://pikalytics.com/pokedex/gen9championsvgc2026regma,5,Sneasler,28.58
2026-07-04,2026-07-04T12:00:03Z,pikalytics,gen9championsvgc2026regma,"Best Pokemon, teams, and builds in Pokemon Champions VGC 2026",https://pikalytics.com/pokedex/gen9championsvgc2026regma,6,Incineroar,25.93
2026-07-04,2026-07-04T12:00:03Z,pikalytics,gen9championsvgc2026regma,"Best Pokemon, teams, and builds in Pokemon Champions VGC 2026",https://pikalytics.com/pokedex/gen9championsvgc2026regma,7,Floette-Mega,23.92
2026-07-04,2026-07-04T12:00:03Z,pikalytics,gen9championsvgc2026regma,"Best Pokemon, teams, and builds in Pokemon Champions VGC 2026",https://pikalytics.com/pokedex/gen9championsvgc2026regma,8,Sinistcha,20.44
2026-07-04,2026-07-04T12:00:03Z,pikalytics,gen9championsvgc2026regma,"Best Pokemon, teams, and builds in Pokemon Champions VGC 2026",https://pikalytics.com/pokedex/gen9championsvgc2026regma,9,Sylveon,17.90
2026-07-04,2026-07-04T12:00:03Z,pikalytics,gen9championsvgc2026regma,"Best Pokemon, teams, and builds in Pokemon Champions VGC 2026",https://pikalytics.com/pokedex/gen9championsvgc2026regma,10,Whimsicott,17.65
2026-07-04,2026-07-04T12:00:03Z,pikalytics,gen9championsvgc2026regma,"Best Pokemon, teams, and builds in Pokemon Champions VGC 2026",https://pikalytics.com/pokedex/gen9championsvgc2026regma,11,Archaludon,17.43
2026-07-04,2026-07-04T12:00:03Z,pikalytics,gen9championsvgc2026regma,"Best Pokemon, teams, and builds in Pokemon Champions VGC 2026",https://pikalytics.com/pokedex/gen9championsvgc2026regma,12,Farigiraf,16.12
2026-07-04,2026-07-04T12:00:03Z,pikalytics,gen9championsvgc2026regma,"Best Pokemon, teams, and builds in Pokemon Champions VGC 2026",https://pikalytics.com/pokedex/gen9championsvgc2026regma,13,Aerodactyl-Mega,12.19
2026-07-04,2026-07-04T12:00:03Z,pikalytics,gen9championsvgc2026regma,"Best Pokemon, teams, and builds in Pokemon Champions VGC 2026",https://pikalytics.com/pokedex/gen9championsvgc2026regma,14,Pelipper,12.15
2026-07-04,2026-07-04T12:00:03Z,pikalytics,gen9championsvgc2026regma,"Best Pokemon, teams, and builds in Pokemon Champions VGC 2026",https://pikalytics.com/pokedex/gen9championsvgc2026regma,15,Sableye,8.84
2026-07-04,2026-07-04T12:00:03Z,pikalytics,gen9championsvgc2026regma,"Best Pokemon, teams, and builds in Pokemon Champions VGC 2026",https://pikalytics.com/pokedex/gen9championsvgc2026regma,16,Dragonite-Mega,7.92
2026-07-04,2026-07-04T12:00:03Z,pikalytics,gen9championsvgc2026regma,"Best Pokemon, teams, and builds in Pokemon Champions VGC 2026",https://pikalytics.com/pokedex/gen9championsvgc2026regma,17,Maushold,7.90
2026-07-04,2026-07-04T12:00:03Z,pikalytics,gen9championsvgc2026regma,"Best Pokemon, teams, and builds in Pokemon Champions VGC 2026",https://pikalytics.com/pokedex/gen9championsvgc2026regma,18,Aegislash,7.46
2026-07-04,2026-07-04T12:00:03Z,pikalytics,gen9championsvgc2026regma,"Best Pokemon, teams, and builds in Pokemon Champions VGC 2026",https://pikalytics.com/pokedex/gen9championsvgc2026regma,19,Blastoise-Mega,7.45
2026-07-04,2026-07-04T12:00:03Z,pikalytics,gen9championsvgc2026regma,"Best Pokemon, teams, and builds in Pokemon Champions VGC 2026",https://pikalytics.com/pokedex/gen9championsvgc2026regma,20,Rotom-Wash,7.43
2026-07-04,2026-07-04T12:00:03Z,pikalytics,gen9championsvgc2026regma,"Best Pokemon, teams, and builds in Pokemon Champions VGC 2026",https://pikalytics.com/pokedex/gen9championsvgc2026regma,21,Glimmora,6.80
2026-07-04,2026-07-04T12:00:03Z,pikalytics,gen9championsvgc2026regma,"Best Pokemon, teams, and builds in Pokemon Champions VGC 2026",https://pikalytics.com/pokedex/gen9championsvgc2026regma,22,Aerodactyl,6.72
2026-07-04,2026-07-04T12:00:03Z,pikalytics,gen9championsvgc2026regma,"Best Pokemon, teams, and builds in Pokemon Champions VGC 2026",https://pikalytics.com/pokedex/gen9championsvgc2026regma,23,Talonflame,6.19
2026-07-04,2026-07-04T12:00:03Z,pikalytics,gen9championsvgc2026regma,"Best Pokemon, teams, and builds in Pokemon Champions VGC 2026",https://pikalytics.com/pokedex/gen9championsvgc2026regma,24,Froslass-Mega,6.09
2026-07-04,2026-07-04T12:00:03Z,pikalytics,gen9championsvgc2026regma,"Best Pokemon, teams, and builds in Pokemon Champions VGC 2026",https://pikalytics.com/pokedex/gen9championsvgc2026regma,25,Scovillain-Mega,6.01
2026-07-05,2026-07-05T12:00:03Z,pikalytics,gen9championsvgc2026regma,"Best Pokemon, teams, and builds in Pokemon Champions VGC 2026",https://pikalytics.com/pokedex/gen9championsvgc2026regma,1,Basculegion,51.50
2026-07-05,2026-07-05T12:00:03Z,pikalytics,gen9championsvgc2026regma,"Best Pokemon, teams, and builds in Pokemon Champions VGC 2026",https://pikalytics.com/pokedex/gen9championsvgc2026regma,2,Kingambit,40.69
2026-07-05,2026-07-05T12:00:03Z,pikalytics,gen9championsvgc2026regma,"Best Pokemon, teams, and builds in Pokemon Champions VGC 2026",https://pikalytics.com/pokedex/gen9championsvgc2026regma,3,Garchomp,40.53
2026-07-05,2026-07-05T12:00:03Z,pikalytics,gen9championsvgc2026regma,"Best Pokemon, teams, and builds in Pokemon Champions VGC 2026",https://pikalytics.com/pokedex/gen9championsvgc2026regma,4,Charizard-Mega-Y,31.81
2026-07-05,2026-07-05T12:00:03Z,pikalytics,gen9championsvgc2026regma,"Best Pokemon, teams, and builds in Pokemon Champions VGC 2026",https://pikalytics.com/pokedex/gen9championsvgc2026regma,5,Sneasler,28.58
2026-07-05,2026-07-05T12:00:03Z,pikalytics,gen9championsvgc2026regma,"Best Pokemon, teams, and builds in Pokemon Champions VGC 2026",https://pikalytics.com/pokedex/gen9championsvgc2026regma,6,Incineroar,25.93
2026-07-05,2026-07-05T12:00:03Z,pikalytics,gen9championsvgc2026regma,"Best Pokemon, teams, and builds in Pokemon Champions VGC 2026",https://pikalytics.com/pokedex/gen9championsvgc2026regma,7,Floette-Mega,23.92
2026-07-05,2026-07-05T12:00:03Z,pikalytics,gen9championsvgc2026regma,"Best Pokemon, teams, and builds in Pokemon Champions VGC 2026",https://pikalytics.com/pokedex/gen9championsvgc2026regma,8,Sinistcha,20.44
2026-07-05,2026-07-05T12:00:03Z,pikalytics,gen9championsvgc2026regma,"Best Pokemon, teams, and builds in Pokemon Champions VGC 2026",https://pikalytics.com/pokedex/gen9championsvgc2026regma,9,Sylveon,17.90
2026-07-05,2026-07-05T12:00:03Z,pikalytics,gen9championsvgc2026regma,"Best Pokemon, teams, and builds in Pokemon Champions VGC 2026",https://pikalytics.com/pokedex/gen9championsvgc2026regma,10,Whimsicott,17.65
2026-07-05,2026-07-05T12:00:03Z,pikalytics,gen9championsvgc2026regma,"Best Pokemon, teams, and builds in Pokemon Champions VGC 2026",https://pikalytics.com/pokedex/gen9championsvgc2026regma,11,Archaludon,17.43
2026-07-05,2026-07-05T12:00:03Z,pikalytics,gen9championsvgc2026regma,"Best Pokemon, teams, and builds in Pokemon Champions VGC 2026",https://pikalytics.com/pokedex/gen9championsvgc2026regma,12,Farigiraf,16.12
2026-07-05,2026-07-05T12:00:03Z,pikalytics,gen9championsvgc2026regma,"Best Pokemon, teams, and builds in Pokemon Champions VGC 2026",https://pikalytics.com/pokedex/gen9championsvgc2026regma,13,Aerodactyl-Mega,12.19
2026-07-05,2026-07-05T12:00:03Z,pikalytics,gen9championsvgc2026regma,"Best Pokemon, teams, and builds in Pokemon Champions VGC 2026",https://pikalytics.com/pokedex/gen9championsvgc2026regma,14,Pelipper,12.15
2026-07-05,2026-07-05T12:00:03Z,pikalytics,gen9championsvgc2026regma,"Best Pokemon, teams, and builds in Pokemon Champions VGC 2026",https://pikalytics.com/pokedex/gen9championsvgc2026regma,15,Sableye,8.84
2026-07-05,2026-07-05T12:00:03Z,pikalytics,gen9championsvgc2026regma,"Best Pokemon, teams, and builds in Pokemon Champions VGC 2026",https://pikalytics.com/pokedex/gen9championsvgc2026regma,16,Dragonite-Mega,7.92
2026-07-05,2026-07-05T12:00:03Z,pikalytics,gen9championsvgc2026regma,"Best Pokemon, teams, and builds in Pokemon Champions VGC 2026",https://pikalytics.com/pokedex/gen9championsvgc2026regma,17,Maushold,7.90
2026-07-05,2026-07-05T12:00:03Z,pikalytics,gen9championsvgc2026regma,"Best Pokemon, teams, and builds in Pokemon Champions VGC 2026",https://pikalytics.com/pokedex/gen9championsvgc2026regma,18,Aegislash,7.46
2026-07-05,2026-07-05T12:00:03Z,pikalytics,gen9championsvgc2026regma,"Best Pokemon, teams, and builds in Pokemon Champions VGC 2026",https://pikalytics.com/pokedex/gen9championsvgc2026regma,19,Blastoise-Mega,7.45
2026-07-05,2026-07-05T12:00:03Z,pikalytics,gen9championsvgc2026regma,"Best Pokemon, teams, and builds in Pokemon Champions VGC 2026",https://pikalytics.com/pokedex/gen9championsvgc2026regma,20,Rotom-Wash,7.43
2026-07-05,2026-07-05T12:00:03Z,pikalytics,gen9championsvgc2026regma,"Best Pokemon, teams, and builds in Pokemon Champions VGC 2026",https://pikalytics.com/pokedex/gen9championsvgc2026regma,21,Glimmora,6.80
2026-07-05,2026-07-05T12:00:03Z,pikalytics,gen9championsvgc2026regma,"Best Pokemon, teams, and builds in Pokemon Champions VGC 2026",https://pikalytics.com/pokedex/gen9championsvgc2026regma,22,Aerodactyl,6.72
2026-07-05,2026-07-05T12:00:03Z,pikalytics,gen9championsvgc2026regma,"Best Pokemon, teams, and builds in Pokemon Champions VGC 2026",https://pikalytics.com/pokedex/gen9championsvgc2026regma,23,Talonflame,6.19
2026-07-05,2026-07-05T12:00:03Z,pikalytics,gen9championsvgc2026regma,"Best Pokemon, teams, and builds in Pokemon Champions VGC 2026",https://pikalytics.com/pokedex/gen9championsvgc2026regma,24,Froslass-Mega,6.09
2026-07-05,2026-07-05T12:00:03Z,pikalytics,gen9championsvgc2026regma,"Best Pokemon, teams, and builds in Pokemon Champions VGC 2026",https://pikalytics.com/pokedex/gen9championsvgc2026regma,25,Scovillain-Mega,6.01
2026-07-06,2026-07-06T12:00:03Z,pikalytics,gen9championsvgc2026regma,"Best Pokemon, teams, and builds in Pokemon Champions VGC 2026",https://pikalytics.com/pokedex/gen9championsvgc2026regma,1,Basculegion,51.50
2026-07-06,2026-07-06T12:00:03Z,pikalytics,gen9championsvgc2026regma,"Best Pokemon, teams, and builds in Pokemon Champions VGC 2026",https://pikalytics.com/pokedex/gen9championsvgc2026regma,2,Kingambit,40.69
2026-07-06,2026-07-06T12:00:03Z,pikalytics,gen9championsvgc2026regma,"Best Pokemon, teams, and builds in Pokemon Champions VGC 2026",https://pikalytics.com/pokedex/gen9championsvgc2026regma,3,Garchomp,40.53
2026-07-06,2026-07-06T12:00:03Z,pikalytics,gen9championsvgc2026regma,"Best Pokemon, teams, and builds in Pokemon Champions VGC 2026",https://pikalytics.com/pokedex/gen9championsvgc2026regma,4,Charizard-Mega-Y,31.81
2026-07-06,2026-07-06T12:00:03Z,pikalytics,gen9championsvgc2026regma,"Best Pokemon, teams, and builds in Pokemon Champions VGC 2026",https://pikalytics.com/pokedex/gen9championsvgc2026regma,5,Sneasler,28.58
2026-07-06,2026-07-06T12:00:03Z,pikalytics,gen9championsvgc2026regma,"Best Pokemon, teams, and builds in Pokemon Champions VGC 2026",https://pikalytics.com/pokedex/gen9championsvgc2026regma,6,Incineroar,25.93
2026-07-06,2026-07-06T12:00:03Z,pikalytics,gen9championsvgc2026regma,"Best Pokemon, teams, and builds in Pokemon Champions VGC 2026",https://pikalytics.com/pokedex/gen9championsvgc2026regma,7,Floette-Mega,23.92
2026-07-06,2026-07-06T12:00:03Z,pikalytics,gen9championsvgc2026regma,"Best Pokemon, teams, and builds in Pokemon Champions VGC 2026",https://pikalytics.com/pokedex/gen9championsvgc2026regma,8,Sinistcha,20.44
2026-07-06,2026-07-06T12:00:03Z,pikalytics,gen9championsvgc2026regma,"Best Pokemon, teams, and builds in Pokemon Champions VGC 2026",https://pikalytics.com/pokedex/gen9championsvgc2026regma,9,Sylveon,17.90
2026-07-06,2026-07-06T12:00:03Z,pikalytics,gen9championsvgc2026regma,"Best Pokemon, teams, and builds in Pokemon Champions VGC 2026",https://pikalytics.com/pokedex/gen9championsvgc2026regma,10,Whimsicott,17.65
2026-07-06,2026-07-06T12:00:03Z,pikalytics,gen9championsvgc2026regma,"Best Pokemon, teams, and builds in Pokemon Champions VGC 2026",https://pikalytics.com/pokedex/gen9championsvgc2026regma,11,Archaludon,17.43
2026-07-06,2026-07-06T12:00:03Z,pikalytics,gen9championsvgc2026regma,"Best Pokemon, teams, and builds in Pokemon Champions VGC 2026",https://pikalytics.com/pokedex/gen9championsvgc2026regma,12,Farigiraf,16.12
2026-07-06,2026-07-06T12:00:03Z,pikalytics,gen9championsvgc2026regma,"Best Pokemon, teams, and builds in Pokemon Champions VGC 2026",https://pikalytics.com/pokedex/gen9championsvgc2026regma,13,Aerodactyl-Mega,12.19
2026-07-06,2026-07-06T12:00:03Z,pikalytics,gen9championsvgc2026regma,"Best Pokemon, teams, and builds in Pokemon Champions VGC 2026",https://pikalytics.com/pokedex/gen9championsvgc2026regma,14,Pelipper,12.15
2026-07-06,2026-07-06T12:00:03Z,pikalytics,gen9championsvgc2026regma,"Best Pokemon, teams, and builds in Pokemon Champions VGC 2026",https://pikalytics.com/pokedex/gen9championsvgc2026regma,15,Sableye,8.84
2026-07-06,2026-07-06T12:00:03Z,pikalytics,gen9championsvgc2026regma,"Best Pokemon, teams, and builds in Pokemon Champions VGC 2026",https://pikalytics.com/pokedex/gen9championsvgc2026regma,16,Dragonite-Mega,7.92
2026-07-06,2026-07-06T12:00:03Z,pikalytics,gen9championsvgc2026regma,"Best Pokemon, teams, and builds in Pokemon Champions VGC 2026",https://pikalytics.com/pokedex/gen9championsvgc2026regma,17,Maushold,7.90
2026-07-06,2026-07-06T12:00:03Z,pikalytics,gen9championsvgc2026regma,"Best Pokemon, teams, and builds in Pokemon Champions VGC 2026",https://pikalytics.com/pokedex/gen9championsvgc2026regma,18,Aegislash,7.46
2026-07-06,2026-07-06T12:00:03Z,pikalytics,gen9championsvgc2026regma,"Best Pokemon, teams, and builds in Pokemon Champions VGC 2026",https://pikalytics.com/pokedex/gen9championsvgc2026regma,19,Blastoise-Mega,7.45
2026-07-06,2026-07-06T12:00:03Z,pikalytics,gen9championsvgc2026regma,"Best Pokemon, teams, and builds in Pokemon Champions VGC 2026",https://pikalytics.com/pokedex/gen9championsvgc2026regma,20,Rotom-Wash,7.43
2026-07-06,2026-07-06T12:00:03Z,pikalytics,gen9championsvgc2026regma,"Best Pokemon, teams, and builds in Pokemon Champions VGC 2026",https://pikalytics.com/pokedex/gen9championsvgc2026regma,21,Glimmora,6.80
2026-07-06,2026-07-06T12:00:03Z,pikalytics,gen9championsvgc2026regma,"Best Pokemon, teams, and builds in Pokemon Champions VGC 2026",https://pikalytics.com/pokedex/gen9championsvgc2026regma,22,Aerodactyl,6.72
2026-07-06,2026-07-06T12:00:03Z,pikalytics,gen9championsvgc2026regma,"Best Pokemon, teams, and builds in Pokemon Champions VGC 2026",https://pikalytics.com/pokedex/gen9championsvgc2026regma,23,Talonflame,6.19
2026-07-06,2026-07-06T12:00:03Z,pikalytics,gen9championsvgc2026regma,"Best Pokemon, teams, and builds in Pokemon Champions VGC 2026",https://pikalytics.com/pokedex/gen9championsvgc2026regma,24,Froslass-Mega,6.09
2026-07-06,2026-07-06T12:00:03Z,pikalytics,gen9championsvgc2026regma,"Best Pokemon, teams, and builds in Pokemon Champions VGC 2026",https://pikalytics.com/pokedex/gen9championsvgc2026regma,25,Scovillain-Mega,6.01
2026-07-08,2026-07-08T12:00:02Z,pikalytics,gen9championsvgc2026regma,"Best Pokemon, teams, and builds in Pokemon Champions VGC 2026",https://pikalytics.com/pokedex/gen9championsvgc2026regma,1,Basculegion,51.50
2026-07-08,2026-07-08T12:00:02Z,pikalytics,gen9championsvgc2026regma,"Best Pokemon, teams, and builds in Pokemon Champions VGC 2026",https://pikalytics.com/pokedex/gen9championsvgc2026regma,2,Kingambit,40.69
2026-07-08,2026-07-08T12:00:02Z,pikalytics,gen9championsvgc2026regma,"Best Pokemon, teams, and builds in Pokemon Champions VGC 2026",https://pikalytics.com/pokedex/gen9championsvgc2026regma,3,Garchomp,40.53
2026-07-08,2026-07-08T12:00:02Z,pikalytics,gen9championsvgc2026regma,"Best Pokemon, teams, and builds in Pokemon Champions VGC 2026",https://pikalytics.com/pokedex/gen9championsvgc2026regma,4,Charizard-Mega-Y,31.81
2026-07-08,2026-07-08T12:00:02Z,pikalytics,gen9championsvgc2026regma,"Best Pokemon, teams, and builds in Pokemon Champions VGC 2026",https://pikalytics.com/pokedex/gen9championsvgc2026regma,5,Sneasler,28.58
2026-07-08,2026-07-08T12:00:02Z,pikalytics,gen9championsvgc2026regma,"Best Pokemon, teams, and builds in Pokemon Champions VGC 2026",https://pikalytics.com/pokedex/gen9championsvgc2026regma,6,Incineroar,25.93
2026-07-08,2026-07-08T12:00:02Z,pikalytics,gen9championsvgc2026regma,"Best Pokemon, teams, and builds in Pokemon Champions VGC 2026",https://pikalytics.com/pokedex/gen9championsvgc2026regma,7,Floette-Mega,23.92
2026-07-08,2026-07-08T12:00:02Z,pikalytics,gen9championsvgc2026regma,"Best Pokemon, teams, and builds in Pokemon Champions VGC 2026",https://pikalytics.com/pokedex/gen9championsvgc2026regma,8,Sinistcha,20.44
2026-07-08,2026-07-08T12:00:02Z,pikalytics,gen9championsvgc2026regma,"Best Pokemon, teams, and builds in Pokemon Champions VGC 2026",https://pikalytics.com/pokedex/gen9championsvgc2026regma,9,Sylveon,17.90
2026-07-08,2026-07-08T12:00:02Z,pikalytics,gen9championsvgc2026regma,"Best Pokemon, teams, and builds in Pokemon Champions VGC 2026",https://pikalytics.com/pokedex/gen9championsvgc2026regma,10,Whimsicott,17.65
2026-07-08,2026-07-08T12:00:02Z,pikalytics,gen9championsvgc2026regma,"Best Pokemon, teams, and builds in Pokemon Champions VGC 2026",https://pikalytics.com/pokedex/gen9championsvgc2026regma,11,Archaludon,17.43
2026-07-08,2026-07-08T12:00:02Z,pikalytics,gen9championsvgc2026regma,"Best Pokemon, teams, and builds in Pokemon Champions VGC 2026",https://pikalytics.com/pokedex/gen9championsvgc2026regma,12,Farigiraf,16.12
2026-07-08,2026-07-08T12:00:02Z,pikalytics,gen9championsvgc2026regma,"Best Pokemon, teams, and builds in Pokemon Champions VGC 2026",https://pikalytics.com/pokedex/gen9championsvgc2026regma,13,Aerodactyl-Mega,12.19
2026-07-08,2026-07-08T12:00:02Z,pikalytics,gen9championsvgc2026regma,"Best Pokemon, teams, and builds in Pokemon Champions VGC 2026",https://pikalytics.com/pokedex/gen9championsvgc2026regma,14,Pelipper,12.15
2026-07-08,2026-07-08T12:00:02Z,pikalytics,gen9championsvgc2026regma,"Best Pokemon, teams, and builds in Pokemon Champions VGC 2026",https://pikalytics.com/pokedex/gen9championsvgc2026regma,15,Sableye,8.84
2026-07-08,2026-07-08T12:00:02Z,pikalytics,gen9championsvgc2026regma,"Best Pokemon, teams, and builds in Pokemon Champions VGC 2026",https://pikalytics.com/pokedex/gen9championsvgc2026regma,16,Dragonite-Mega,7.92
2026-07-08,2026-07-08T12:00:02Z,pikalytics,gen9championsvgc2026regma,"Best Pokemon, teams, and builds in Pokemon Champions VGC 2026",https://pikalytics.com/pokedex/gen9championsvgc2026regma,17,Maushold,7.90
2026-07-08,2026-07-08T12:00:02Z,pikalytics,gen9championsvgc2026regma,"Best Pokemon, teams, and builds in Pokemon Champions VGC 2026",https://pikalytics.com/pokedex/gen9championsvgc2026regma,18,Aegislash,7.46
2026-07-08,2026-07-08T12:00:02Z,pikalytics,gen9championsvgc2026regma,"Best Pokemon, teams, and builds in Pokemon Champions VGC 2026",https://pikalytics.com/pokedex/gen9championsvgc2026regma,19,Blastoise-Mega,7.45
2026-07-08,2026-07-08T12:00:02Z,pikalytics,gen9championsvgc2026regma,"Best Pokemon, teams, and builds in Pokemon Champions VGC 2026",https://pikalytics.com/pokedex/gen9championsvgc2026regma,20,Rotom-Wash,7.43
2026-07-08,2026-07-08T12:00:02Z,pikalytics,gen9championsvgc2026regma,"Best Pokemon, teams, and builds in Pokemon Champions VGC 2026",https://pikalytics.com/pokedex/gen9championsvgc2026regma,21,Glimmora,6.80
2026-07-08,2026-07-08T12:00:02Z,pikalytics,gen9championsvgc2026regma,"Best Pokemon, teams, and builds in Pokemon Champions VGC 2026",https://pikalytics.com/pokedex/gen9championsvgc2026regma,22,Aerodactyl,6.72
2026-07-08,2026-07-08T12:00:02Z,pikalytics,gen9championsvgc2026regma,"Best Pokemon, teams, and builds in Pokemon Champions VGC 2026",https://pikalytics.com/pokedex/gen9championsvgc2026regma,23,Talonflame,6.19
2026-07-08,2026-07-08T12:00:02Z,pikalytics,gen9championsvgc2026regma,"Best Pokemon, teams, and builds in Pokemon Champions VGC 2026",https://pikalytics.com/pokedex/gen9championsvgc2026regma,24,Froslass-Mega,6.09
2026-07-08,2026-07-08T12:00:02Z,pikalytics,gen9championsvgc2026regma,"Best Pokemon, teams, and builds in Pokemon Champions VGC 2026",https://pikalytics.com/pokedex/gen9championsvgc2026regma,25,Scovillain-Mega,6.01
2026-07-09,2026-07-09T12:00:02Z,pikalytics,gen9championsvgc2026regma,"Best Pokemon, teams, and builds in Pokemon Champions VGC 2026",https://pikalytics.com/pokedex/gen9championsvgc2026regma,1,Basculegion,51.50
2026-07-09,2026-07-09T12:00:02Z,pikalytics,gen9championsvgc2026regma,"Best Pokemon, teams, and builds in Pokemon Champions VGC 2026",https://pikalytics.com/pokedex/gen9championsvgc2026regma,2,Kingambit,40.69
2026-07-09,2026-07-09T12:00:02Z,pikalytics,gen9championsvgc2026regma,"Best Pokemon, teams, and builds in Pokemon Champions VGC 2026",https://pikalytics.com/pokedex/gen9championsvgc2026regma,3,Garchomp,40.53
2026-07-09,2026-07-09T12:00:02Z,pikalytics,gen9championsvgc2026regma,"Best Pokemon, teams, and builds in Pokemon Champions VGC 2026",https://pikalytics.com/pokedex/gen9championsvgc2026regma,4,Charizard-Mega-Y,31.81
2026-07-09,2026-07-09T12:00:02Z,pikalytics,gen9championsvgc2026regma,"Best Pokemon, teams, and builds in Pokemon Champions VGC 2026",https://pikalytics.com/pokedex/gen9championsvgc2026regma,5,Sneasler,28.58
2026-07-09,2026-07-09T12:00:02Z,pikalytics,gen9championsvgc2026regma,"Best Pokemon, teams, and builds in Pokemon Champions VGC 2026",https://pikalytics.com/pokedex/gen9championsvgc2026regma,6,Incineroar,25.93
2026-07-09,2026-07-09T12:00:02Z,pikalytics,gen9championsvgc2026regma,"Best Pokemon, teams, and builds in Pokemon Champions VGC 2026",https://pikalytics.com/pokedex/gen9championsvgc2026regma,7,Floette-Mega,23.92
2026-07-09,2026-07-09T12:00:02Z,pikalytics,gen9championsvgc2026regma,"Best Pokemon, teams, and builds in Pokemon Champions VGC 2026",https://pikalytics.com/pokedex/gen9championsvgc2026regma,8,Sinistcha,20.44
2026-07-09,2026-07-09T12:00:02Z,pikalytics,gen9championsvgc2026regma,"Best Pokemon, teams, and builds in Pokemon Champions VGC 2026",https://pikalytics.com/pokedex/gen9championsvgc2026regma,9,Sylveon,17.90
2026-07-09,2026-07-09T12:00:02Z,pikalytics,gen9championsvgc2026regma,"Best Pokemon, teams, and builds in Pokemon Champions VGC 2026",https://pikalytics.com/pokedex/gen9championsvgc2026regma,10,Whimsicott,17.65
2026-07-09,2026-07-09T12:00:02Z,pikalytics,gen9championsvgc2026regma,"Best Pokemon, teams, and builds in Pokemon Champions VGC 2026",https://pikalytics.com/pokedex/gen9championsvgc2026regma,11,Archaludon,17.43
2026-07-09,2026-07-09T12:00:02Z,pikalytics,gen9championsvgc2026regma,"Best Pokemon, teams, and builds in Pokemon Champions VGC 2026",https://pikalytics.com/pokedex/gen9championsvgc2026regma,12,Farigiraf,16.12
2026-07-09,2026-07-09T12:00:02Z,pikalytics,gen9championsvgc2026regma,"Best Pokemon, teams, and builds in Pokemon Champions VGC 2026",https://pikalytics.com/pokedex/gen9championsvgc2026regma,13,Aerodactyl-Mega,12.19
2026-07-09,2026-07-09T12:00:02Z,pikalytics,gen9championsvgc2026regma,"Best Pokemon, teams, and builds in Pokemon Champions VGC 2026",https://pikalytics.com/pokedex/gen9championsvgc2026regma,14,Pelipper,12.15
2026-07-09,2026-07-09T12:00:02Z,pikalytics,gen9championsvgc2026regma,"Best Pokemon, teams, and builds in Pokemon Champions VGC 2026",https://pikalytics.com/pokedex/gen9championsvgc2026regma,15,Sableye,8.84
2026-07-09,2026-07-09T12:00:02Z,pikalytics,gen9championsvgc2026regma,"Best Pokemon, teams, and builds in Pokemon Champions VGC 2026",https://pikalytics.com/pokedex/gen9championsvgc2026regma,16,Dragonite-Mega,7.92
2026-07-09,2026-07-09T12:00:02Z,pikalytics,gen9championsvgc2026regma,"Best Pokemon, teams, and builds in Pokemon Champions VGC 2026",https://pikalytics.com/pokedex/gen9championsvgc2026regma,17,Maushold,7.90
2026-07-09,2026-07-09T12:00:02Z,pikalytics,gen9championsvgc2026regma,"Best Pokemon, teams, and builds in Pokemon Champions VGC 2026",https://pikalytics.com/pokedex/gen9championsvgc2026regma,18,Aegislash,7.46
2026-07-09,2026-07-09T12:00:02Z,pikalytics,gen9championsvgc2026regma,"Best Pokemon, teams, and builds in Pokemon Champions VGC 2026",https://pikalytics.com/pokedex/gen9championsvgc2026regma,19,Blastoise-Mega,7.45
2026-07-09,2026-07-09T12:00:02Z,pikalytics,gen9championsvgc2026regma,"Best Pokemon, teams, and builds in Pokemon Champions VGC 2026",https://pikalytics.com/pokedex/gen9championsvgc2026regma,20,Rotom-Wash,7.43
2026-07-09,2026-07-09T12:00:02Z,pikalytics,gen9championsvgc2026regma,"Best Pokemon, teams, and builds in Pokemon Champions VGC 2026",https://pikalytics.com/pokedex/gen9championsvgc2026regma,21,Glimmora,6.80
2026-07-09,2026-07-09T12:00:02Z,pikalytics,gen9championsvgc2026regma,"Best Pokemon, teams, and builds in Pokemon Champions VGC 2026",https://pikalytics.com/pokedex/gen9championsvgc2026regma,22,Aerodactyl,6.72
2026-07-09,2026-07-09T12:00:02Z,pikalytics,gen9championsvgc2026regma,"Best Pokemon, teams, and builds in Pokemon Champions VGC 2026",https://pikalytics.com/pokedex/gen9championsvgc2026regma,23,Talonflame,6.19
2026-07-09,2026-07-09T12:00:02Z,pikalytics,gen9championsvgc2026regma,"Best Pokemon, teams, and builds in Pokemon Champions VGC 2026",https://pikalytics.com/pokedex/gen9championsvgc2026regma,24,Froslass-Mega,6.09
2026-07-09,2026-07-09T12:00:02Z,pikalytics,gen9championsvgc2026regma,"Best Pokemon, teams, and builds in Pokemon Champions VGC 2026",https://pikalytics.com/pokedex/gen9championsvgc2026regma,25,Scovillain-Mega,6.01
2026-07-10,2026-07-10T12:00:02Z,pikalytics,gen9championsvgc2026regma,"Best Pokemon, teams, and builds in Pokemon Champions VGC 2026",https://pikalytics.com/pokedex/gen9championsvgc2026regma,1,Basculegion,51.50
2026-07-10,2026-07-10T12:00:02Z,pikalytics,gen9championsvgc2026regma,"Best Pokemon, teams, and builds in Pokemon Champions VGC 2026",https://pikalytics.com/pokedex/gen9championsvgc2026regma,2,Kingambit,40.69
2026-07-10,2026-07-10T12:00:02Z,pikalytics,gen9championsvgc2026regma,"Best Pokemon, teams, and builds in Pokemon Champions VGC 2026",https://pikalytics.com/pokedex/gen9championsvgc2026regma,3,Garchomp,40.53
2026-07-10,2026-07-10T12:00:02Z,pikalytics,gen9championsvgc2026regma,"Best Pokemon, teams, and builds in Pokemon Champions VGC 2026",https://pikalytics.com/pokedex/gen9championsvgc2026regma,4,Charizard-Mega-Y,31.81
2026-07-10,2026-07-10T12:00:02Z,pikalytics,gen9championsvgc2026regma,"Best Pokemon, teams, and builds in Pokemon Champions VGC 2026",https://pikalytics.com/pokedex/gen9championsvgc2026regma,5,Sneasler,28.58
2026-07-10,2026-07-10T12:00:02Z,pikalytics,gen9championsvgc2026regma,"Best Pokemon, teams, and builds in Pokemon Champions VGC 2026",https://pikalytics.com/pokedex/gen9championsvgc2026regma,6,Incineroar,25.93
2026-07-10,2026-07-10T12:00:02Z,pikalytics,gen9championsvgc2026regma,"Best Pokemon, teams, and builds in Pokemon Champions VGC 2026",https://pikalytics.com/pokedex/gen9championsvgc2026regma,7,Floette-Mega,23.92
2026-07-10,2026-07-10T12:00:02Z,pikalytics,gen9championsvgc2026regma,"Best Pokemon, teams, and builds in Pokemon Champions VGC 2026",https://pikalytics.com/pokedex/gen9championsvgc2026regma,8,Sinistcha,20.44
2026-07-10,2026-07-10T12:00:02Z,pikalytics,gen9championsvgc2026regma,"Best Pokemon, teams, and builds in Pokemon Champions VGC 2026",https://pikalytics.com/pokedex/gen9championsvgc2026regma,9,Sylveon,17.90
2026-07-10,2026-07-10T12:00:02Z,pikalytics,gen9championsvgc2026regma,"Best Pokemon, teams, and builds in Pokemon Champions VGC 2026",https://pikalytics.com/pokedex/gen9championsvgc2026regma,10,Whimsicott,17.65
2026-07-10,2026-07-10T12:00:02Z,pikalytics,gen9championsvgc2026regma,"Best Pokemon, teams, and builds in Pokemon Champions VGC 2026",https://pikalytics.com/pokedex/gen9championsvgc2026regma,11,Archaludon,17.43
2026-07-10,2026-07-10T12:00:02Z,pikalytics,gen9championsvgc2026regma,"Best Pokemon, teams, and builds in Pokemon Champions VGC 2026",https://pikalytics.com/pokedex/gen9championsvgc2026regma,12,Farigiraf,16.12
2026-07-10,2026-07-10T12:00:02Z,pikalytics,gen9championsvgc2026regma,"Best Pokemon, teams, and builds in Pokemon Champions VGC 2026",https://pikalytics.com/pokedex/gen9championsvgc2026regma,13,Aerodactyl-Mega,12.19
2026-07-10,2026-07-10T12:00:02Z,pikalytics,gen9championsvgc2026regma,"Best Pokemon, teams, and builds in Pokemon Champions VGC 2026",https://pikalytics.com/pokedex/gen9championsvgc2026regma,14,Pelipper,12.15
2026-07-10,2026-07-10T12:00:02Z,pikalytics,gen9championsvgc2026regma,"Best Pokemon, teams, and builds in Pokemon Champions VGC 2026",https://pikalytics.com/pokedex/gen9championsvgc2026regma,15,Sableye,8.84
2026-07-10,2026-07-10T12:00:02Z,pikalytics,gen9championsvgc2026regma,"Best Pokemon, teams, and builds in Pokemon Champions VGC 2026",https://pikalytics.com/pokedex/gen9championsvgc2026regma,16,Dragonite-Mega,7.92
2026-07-10,2026-07-10T12:00:02Z,pikalytics,gen9championsvgc2026regma,"Best Pokemon, teams, and builds in Pokemon Champions VGC 2026",https://pikalytics.com/pokedex/gen9championsvgc2026regma,17,Maushold,7.90
2026-07-10,2026-07-10T12:00:02Z,pikalytics,gen9championsvgc2026regma,"Best Pokemon, teams, and builds in Pokemon Champions VGC 2026",https://pikalytics.com/pokedex/gen9championsvgc2026regma,18,Aegislash,7.46
2026-07-10,2026-07-10T12:00:02Z,pikalytics,gen9championsvgc2026regma,"Best Pokemon, teams, and builds in Pokemon Champions VGC 2026",https://pikalytics.com/pokedex/gen9championsvgc2026regma,19,Blastoise-Mega,7.45
2026-07-10,2026-07-10T12:00:02Z,pikalytics,gen9championsvgc2026regma,"Best Pokemon, teams, and builds in Pokemon Champions VGC 2026",https://pikalytics.com/pokedex/gen9championsvgc2026regma,20,Rotom-Wash,7.43
2026-07-10,2026-07-10T12:00:02Z,pikalytics,gen9championsvgc2026regma,"Best Pokemon, teams, and builds in Pokemon Champions VGC 2026",https://pikalytics.com/pokedex/gen9championsvgc2026regma,21,Glimmora,6.80
2026-07-10,2026-07-10T12:00:02Z,pikalytics,gen9championsvgc2026regma,"Best Pokemon, teams, and builds in Pokemon Champions VGC 2026",https://pikalytics.com/pokedex/gen9championsvgc2026regma,22,Aerodactyl,6.72
2026-07-10,2026-07-10T12:00:02Z,pikalytics,gen9championsvgc2026regma,"Best Pokemon, teams, and builds in Pokemon Champions VGC 2026",https://pikalytics.com/pokedex/gen9championsvgc2026regma,23,Talonflame,6.19
2026-07-10,2026-07-10T12:00:02Z,pikalytics,gen9championsvgc2026regma,"Best Pokemon, teams, and builds in Pokemon Champions VGC 2026",https://pikalytics.com/pokedex/gen9championsvgc2026regma,24,Froslass-Mega,6.09
2026-07-10,2026-07-10T12:00:02Z,pikalytics,gen9championsvgc2026regma,"Best Pokemon, teams, and builds in Pokemon Champions VGC 2026",https://pikalytics.com/pokedex/gen9championsvgc2026regma,25,Scovillain-Mega,6.01
2026-07-11,2026-07-11T12:00:02Z,pikalytics,gen9championsvgc2026regma,"Best Pokemon, teams, and builds in Pokemon Champions VGC 2026",https://pikalytics.com/pokedex/gen9championsvgc2026regma,1,Basculegion,51.50
2026-07-11,2026-07-11T12:00:02Z,pikalytics,gen9championsvgc2026regma,"Best Pokemon, teams, and builds in Pokemon Champions VGC 2026",https://pikalytics.com/pokedex/gen9championsvgc2026regma,2,Kingambit,40.69
2026-07-11,2026-07-11T12:00:02Z,pikalytics,gen9championsvgc2026regma,"Best Pokemon, teams, and builds in Pokemon Champions VGC 2026",https://pikalytics.com/pokedex/gen9championsvgc2026regma,3,Garchomp,40.53
2026-07-11,2026-07-11T12:00:02Z,pikalytics,gen9championsvgc2026regma,"Best Pokemon, teams, and builds in Pokemon Champions VGC 2026",https://pikalytics.com/pokedex/gen9championsvgc2026regma,4,Charizard-Mega-Y,31.81
2026-07-11,2026-07-11T12:00:02Z,pikalytics,gen9championsvgc2026regma,"Best Pokemon, teams, and builds in Pokemon Champions VGC 2026",https://pikalytics.com/pokedex/gen9championsvgc2026regma,5,Sneasler,28.58
2026-07-11,2026-07-11T12:00:02Z,pikalytics,gen9championsvgc2026regma,"Best Pokemon, teams, and builds in Pokemon Champions VGC 2026",https://pikalytics.com/pokedex/gen9championsvgc2026regma,6,Incineroar,25.93
2026-07-11,2026-07-11T12:00:02Z,pikalytics,gen9championsvgc2026regma,"Best Pokemon, teams, and builds in Pokemon Champions VGC 2026",https://pikalytics.com/pokedex/gen9championsvgc2026regma,7,Floette-Mega,23.92
2026-07-11,2026-07-11T12:00:02Z,pikalytics,gen9championsvgc2026regma,"Best Pokemon, teams, and builds in Pokemon Champions VGC 2026",https://pikalytics.com/pokedex/gen9championsvgc2026regma,8,Sinistcha,20.44
2026-07-11,2026-07-11T12:00:02Z,pikalytics,gen9championsvgc2026regma,"Best Pokemon, teams, and builds in Pokemon Champions VGC 2026",https://pikalytics.com/pokedex/gen9championsvgc2026regma,9,Sylveon,17.90
2026-07-11,2026-07-11T12:00:02Z,pikalytics,gen9championsvgc2026regma,"Best Pokemon, teams, and builds in Pokemon Champions VGC 2026",https://pikalytics.com/pokedex/gen9championsvgc2026regma,10,Whimsicott,17.65
2026-07-11,2026-07-11T12:00:02Z,pikalytics,gen9championsvgc2026regma,"Best Pokemon, teams, and builds in Pokemon Champions VGC 2026",https://pikalytics.com/pokedex/gen9championsvgc2026regma,11,Archaludon,17.43
2026-07-11,2026-07-11T12:00:02Z,pikalytics,gen9championsvgc2026regma,"Best Pokemon, teams, and builds in Pokemon Champions VGC 2026",https://pikalytics.com/pokedex/gen9championsvgc2026regma,12,Farigiraf,16.12
2026-07-11,2026-07-11T12:00:02Z,pikalytics,gen9championsvgc2026regma,"Best Pokemon, teams, and builds in Pokemon Champions VGC 2026",https://pikalytics.com/pokedex/gen9championsvgc2026regma,13,Aerodactyl-Mega,12.19
2026-07-11,2026-07-11T12:00:02Z,pikalytics,gen9championsvgc2026regma,"Best Pokemon, teams, and builds in Pokemon Champions VGC 2026",https://pikalytics.com/pokedex/gen9championsvgc2026regma,14,Pelipper,12.15
2026-07-11,2026-07-11T12:00:02Z,pikalytics,gen9championsvgc2026regma,"Best Pokemon, teams, and builds in Pokemon Champions VGC 2026",https://pikalytics.com/pokedex/gen9championsvgc2026regma,15,Sableye,8.84
2026-07-11,2026-07-11T12:00:02Z,pikalytics,gen9championsvgc2026regma,"Best Pokemon, teams, and builds in Pokemon Champions VGC 2026",https://pikalytics.com/pokedex/gen9championsvgc2026regma,16,Dragonite-Mega,7.92
2026-07-11,2026-07-11T12:00:02Z,pikalytics,gen9championsvgc2026regma,"Best Pokemon, teams, and builds in Pokemon Champions VGC 2026",https://pikalytics.com/pokedex/gen9championsvgc2026regma,17,Maushold,7.90
2026-07-11,2026-07-11T12:00:02Z,pikalytics,gen9championsvgc2026regma,"Best Pokemon, teams, and builds in Pokemon Champions VGC 2026",https://pikalytics.com/pokedex/gen9championsvgc2026regma,18,Aegislash,7.46
2026-07-11,2026-07-11T12:00:02Z,pikalytics,gen9championsvgc2026regma,"Best Pokemon, teams, and builds in Pokemon Champions VGC 2026",https://pikalytics.com/pokedex/gen9championsvgc2026regma,19,Blastoise-Mega,7.45
2026-07-11,2026-07-11T12:00:02Z,pikalytics,gen9championsvgc2026regma,"Best Pokemon, teams, and builds in Pokemon Champions VGC 2026",https://pikalytics.com/pokedex/gen9championsvgc2026regma,20,Rotom-Wash,7.43
2026-07-11,2026-07-11T12:00:02Z,pikalytics,gen9championsvgc2026regma,"Best Pokemon, teams, and builds in Pokemon Champions VGC 2026",https://pikalytics.com/pokedex/gen9championsvgc2026regma,21,Glimmora,6.80
2026-07-11,2026-07-11T12:00:02Z,pikalytics,gen9championsvgc2026regma,"Best Pokemon, teams, and builds in Pokemon Champions VGC 2026",https://pikalytics.com/pokedex/gen9championsvgc2026regma,22,Aerodactyl,6.72
2026-07-11,2026-07-11T12:00:02Z,pikalytics,gen9championsvgc2026regma,"Best Pokemon, teams, and builds in Pokemon Champions VGC 2026",https://pikalytics.com/pokedex/gen9championsvgc2026regma,23,Talonflame,6.19
2026-07-11,2026-07-11T12:00:02Z,pikalytics,gen9championsvgc2026regma,"Best Pokemon, teams, and builds in Pokemon Champions VGC 2026",https://pikalytics.com/pokedex/gen9championsvgc2026regma,24,Froslass-Mega,6.09
2026-07-11,2026-07-11T12:00:02Z,pikalytics,gen9championsvgc2026regma,"Best Pokemon, teams, and builds in Pokemon Champions VGC 2026",https://pikalytics.com/pokedex/gen9championsvgc2026regma,25,Scovillain-Mega,6.01
2026-07-12,2026-07-12T12:00:02Z,pikalytics,gen9championsvgc2026regma,"Best Pokemon, teams, and builds in Pokemon Champions VGC 2026",https://pikalytics.com/pokedex/gen9championsvgc2026regma,1,Basculegion,51.50
2026-07-12,2026-07-12T12:00:02Z,pikalytics,gen9championsvgc2026regma,"Best Pokemon, teams, and builds in Pokemon Champions VGC 2026",https://pikalytics.com/pokedex/gen9championsvgc2026regma,2,Kingambit,40.69
2026-07-12,2026-07-12T12:00:02Z,pikalytics,gen9championsvgc2026regma,"Best Pokemon, teams, and builds in Pokemon Champions VGC 2026",https://pikalytics.com/pokedex/gen9championsvgc2026regma,3,Garchomp,40.53
2026-07-12,2026-07-12T12:00:02Z,pikalytics,gen9championsvgc2026regma,"Best Pokemon, teams, and builds in Pokemon Champions VGC 2026",https://pikalytics.com/pokedex/gen9championsvgc2026regma,4,Charizard-Mega-Y,31.81
2026-07-12,2026-07-12T12:00:02Z,pikalytics,gen9championsvgc2026regma,"Best Pokemon, teams, and builds in Pokemon Champions VGC 2026",https://pikalytics.com/pokedex/gen9championsvgc2026regma,5,Sneasler,28.58
2026-07-12,2026-07-12T12:00:02Z,pikalytics,gen9championsvgc2026regma,"Best Pokemon, teams, and builds in Pokemon Champions VGC 2026",https://pikalytics.com/pokedex/gen9championsvgc2026regma,6,Incineroar,25.93
2026-07-12,2026-07-12T12:00:02Z,pikalytics,gen9championsvgc2026regma,"Best Pokemon, teams, and builds in Pokemon Champions VGC 2026",https://pikalytics.com/pokedex/gen9championsvgc2026regma,7,Floette-Mega,23.92
2026-07-12,2026-07-12T12:00:02Z,pikalytics,gen9championsvgc2026regma,"Best Pokemon, teams, and builds in Pokemon Champions VGC 2026",https://pikalytics.com/pokedex/gen9championsvgc2026regma,8,Sinistcha,20.44
2026-07-12,2026-07-12T12:00:02Z,pikalytics,gen9championsvgc2026regma,"Best Pokemon, teams, and builds in Pokemon Champions VGC 2026",https://pikalytics.com/pokedex/gen9championsvgc2026regma,9,Sylveon,17.90
2026-07-12,2026-07-12T12:00:02Z,pikalytics,gen9championsvgc2026regma,"Best Pokemon, teams, and builds in Pokemon Champions VGC 2026",https://pikalytics.com/pokedex/gen9championsvgc2026regma,10,Whimsicott,17.65
2026-07-12,2026-07-12T12:00:02Z,pikalytics,gen9championsvgc2026regma,"Best Pokemon, teams, and builds in Pokemon Champions VGC 2026",https://pikalytics.com/pokedex/gen9championsvgc2026regma,11,Archaludon,17.43
2026-07-12,2026-07-12T12:00:02Z,pikalytics,gen9championsvgc2026regma,"Best Pokemon, teams, and builds in Pokemon Champions VGC 2026",https://pikalytics.com/pokedex/gen9championsvgc2026regma,12,Farigiraf,16.12
2026-07-12,2026-07-12T12:00:02Z,pikalytics,gen9championsvgc2026regma,"Best Pokemon, teams, and builds in Pokemon Champions VGC 2026",https://pikalytics.com/pokedex/gen9championsvgc2026regma,13,Aerodactyl-Mega,12.19
2026-07-12,2026-07-12T12:00:02Z,pikalytics,gen9championsvgc2026regma,"Best Pokemon, teams, and builds in Pokemon Champions VGC 2026",https://pikalytics.com/pokedex/gen9championsvgc2026regma,14,Pelipper,12.15
2026-07-12,2026-07-12T12:00:02Z,pikalytics,gen9championsvgc2026regma,"Best Pokemon, teams, and builds in Pokemon Champions VGC 2026",https://pikalytics.com/pokedex/gen9championsvgc2026regma,15,Sableye,8.84
2026-07-12,2026-07-12T12:00:02Z,pikalytics,gen9championsvgc2026regma,"Best Pokemon, teams, and builds in Pokemon Champions VGC 2026",https://pikalytics.com/pokedex/gen9championsvgc2026regma,16,Dragonite-Mega,7.92
2026-07-12,2026-07-12T12:00:02Z,pikalytics,gen9championsvgc2026regma,"Best Pokemon, teams, and builds in Pokemon Champions VGC 2026",https://pikalytics.com/pokedex/gen9championsvgc2026regma,17,Maushold,7.90
2026-07-12,2026-07-12T12:00:02Z,pikalytics,gen9championsvgc2026regma,"Best Pokemon, teams, and builds in Pokemon Champions VGC 2026",https://pikalytics.com/pokedex/gen9championsvgc2026regma,18,Aegislash,7.46
2026-07-12,2026-07-12T12:00:02Z,pikalytics,gen9championsvgc2026regma,"Best Pokemon, teams, and builds in Pokemon Champions VGC 2026",https://pikalytics.com/pokedex/gen9championsvgc2026regma,19,Blastoise-Mega,7.45
2026-07-12,2026-07-12T12:00:02Z,pikalytics,gen9championsvgc2026regma,"Best Pokemon, teams, and builds in Pokemon Champions VGC 2026",https://pikalytics.com/pokedex/gen9championsvgc2026regma,20,Rotom-Wash,7.43
2026-07-12,2026-07-12T12:00:02Z,pikalytics,gen9championsvgc2026regma,"Best Pokemon, teams, and builds in Pokemon Champions VGC 2026",https://pikalytics.com/pokedex/gen9championsvgc2026regma,21,Glimmora,6.80
2026-07-12,2026-07-12T12:00:02Z,pikalytics,gen9championsvgc2026regma,"Best Pokemon, teams, and builds in Pokemon Champions VGC 2026",https://pikalytics.com/pokedex/gen9championsvgc2026regma,22,Aerodactyl,6.72
2026-07-12,2026-07-12T12:00:02Z,pikalytics,gen9championsvgc2026regma,"Best Pokemon, teams, and builds in Pokemon Champions VGC 2026",https://pikalytics.com/pokedex/gen9championsvgc2026regma,23,Talonflame,6.19
2026-07-12,2026-07-12T12:00:02Z,pikalytics,gen9championsvgc2026regma,"Best Pokemon, teams, and builds in Pokemon Champions VGC 2026",https://pikalytics.com/pokedex/gen9championsvgc2026regma,24,Froslass-Mega,6.09
2026-07-12,2026-07-12T12:00:02Z,pikalytics,gen9championsvgc2026regma,"Best Pokemon, teams, and builds in Pokemon Champions VGC 2026",https://pikalytics.com/pokedex/gen9championsvgc2026regma,25,Scovillain-Mega,6.01
2026-07-13,2026-07-13T12:00:02Z,pikalytics,gen9championsvgc2026regma,"Best Pokemon, teams, and builds in Pokemon Champions VGC 2026",https://pikalytics.com/pokedex/gen9championsvgc2026regma,1,Basculegion,51.50
2026-07-13,2026-07-13T12:00:02Z,pikalytics,gen9championsvgc2026regma,"Best Pokemon, teams, and builds in Pokemon Champions VGC 2026",https://pikalytics.com/pokedex/gen9championsvgc2026regma,2,Kingambit,40.69
2026-07-13,2026-07-13T12:00:02Z,pikalytics,gen9championsvgc2026regma,"Best Pokemon, teams, and builds in Pokemon Champions VGC 2026",https://pikalytics.com/pokedex/gen9championsvgc2026regma,3,Garchomp,40.53
2026-07-13,2026-07-13T12:00:02Z,pikalytics,gen9championsvgc2026regma,"Best Pokemon, teams, and builds in Pokemon Champions VGC 2026",https://pikalytics.com/pokedex/gen9championsvgc2026regma,4,Charizard-Mega-Y,31.81
2026-07-13,2026-07-13T12:00:02Z,pikalytics,gen9championsvgc2026regma,"Best Pokemon, teams, and builds in Pokemon Champions VGC 2026",https://pikalytics.com/pokedex/gen9championsvgc2026regma,5,Sneasler,28.58
2026-07-13,2026-07-13T12:00:02Z,pikalytics,gen9championsvgc2026regma,"Best Pokemon, teams, and builds in Pokemon Champions VGC 2026",https://pikalytics.com/pokedex/gen9championsvgc2026regma,6,Incineroar,25.93
2026-07-13,2026-07-13T12:00:02Z,pikalytics,gen9championsvgc2026regma,"Best Pokemon, teams, and builds in Pokemon Champions VGC 2026",https://pikalytics.com/pokedex/gen9championsvgc2026regma,7,Floette-Mega,23.92
2026-07-13,2026-07-13T12:00:02Z,pikalytics,gen9championsvgc2026regma,"Best Pokemon, teams, and builds in Pokemon Champions VGC 2026",https://pikalytics.com/pokedex/gen9championsvgc2026regma,8,Sinistcha,20.44
2026-07-13,2026-07-13T12:00:02Z,pikalytics,gen9championsvgc2026regma,"Best Pokemon, teams, and builds in Pokemon Champions VGC 2026",https://pikalytics.com/pokedex/gen9championsvgc2026regma,9,Sylveon,17.90
2026-07-13,2026-07-13T12:00:02Z,pikalytics,gen9championsvgc2026regma,"Best Pokemon, teams, and builds in Pokemon Champions VGC 2026",https://pikalytics.com/pokedex/gen9championsvgc2026regma,10,Whimsicott,17.65
2026-07-13,2026-07-13T12:00:02Z,pikalytics,gen9championsvgc2026regma,"Best Pokemon, teams, and builds in Pokemon Champions VGC 2026",https://pikalytics.com/pokedex/gen9championsvgc2026regma,11,Archaludon,17.43
2026-07-13,2026-07-13T12:00:02Z,pikalytics,gen9championsvgc2026regma,"Best Pokemon, teams, and builds in Pokemon Champions VGC 2026",https://pikalytics.com/pokedex/gen9championsvgc2026regma,12,Farigiraf,16.12
2026-07-13,2026-07-13T12:00:02Z,pikalytics,gen9championsvgc2026regma,"Best Pokemon, teams, and builds in Pokemon Champions VGC 2026",https://pikalytics.com/pokedex/gen9championsvgc2026regma,13,Aerodactyl-Mega,12.19
2026-07-13,2026-07-13T12:00:02Z,pikalytics,gen9championsvgc2026regma,"Best Pokemon, teams, and builds in Pokemon Champions VGC 2026",https://pikalytics.com/pokedex/gen9championsvgc2026regma,14,Pelipper,12.15
2026-07-13,2026-07-13T12:00:02Z,pikalytics,gen9championsvgc2026regma,"Best Pokemon, teams, and builds in Pokemon Champions VGC 2026",https://pikalytics.com/pokedex/gen9championsvgc2026regma,15,Sableye,8.84
2026-07-13,2026-07-13T12:00:02Z,pikalytics,gen9championsvgc2026regma,"Best Pokemon, teams, and builds in Pokemon Champions VGC 2026",https://pikalytics.com/pokedex/gen9championsvgc2026regma,16,Dragonite-Mega,7.92
2026-07-13,2026-07-13T12:00:02Z,pikalytics,gen9championsvgc2026regma,"Best Pokemon, teams, and builds in Pokemon Champions VGC 2026",https://pikalytics.com/pokedex/gen9championsvgc2026regma,17,Maushold,7.90
2026-07-13,2026-07-13T12:00:02Z,pikalytics,gen9championsvgc2026regma,"Best Pokemon, teams, and builds in Pokemon Champions VGC 2026",https://pikalytics.com/pokedex/gen9championsvgc2026regma,18,Aegislash,7.46
2026-07-13,2026-07-13T12:00:02Z,pikalytics,gen9championsvgc2026regma,"Best Pokemon, teams, and builds in Pokemon Champions VGC 2026",https://pikalytics.com/pokedex/gen9championsvgc2026regma,19,Blastoise-Mega,7.45
2026-07-13,2026-07-13T12:00:02Z,pikalytics,gen9championsvgc2026regma,"Best Pokemon, teams, and builds in Pokemon Champions VGC 2026",https://pikalytics.com/pokedex/gen9championsvgc2026regma,20,Rotom-Wash,7.43
2026-07-13,2026-07-13T12:00:02Z,pikalytics,gen9championsvgc2026regma,"Best Pokemon, teams, and builds in Pokemon Champions VGC 2026",https://pikalytics.com/pokedex/gen9championsvgc2026regma,21,Glimmora,6.80
2026-07-13,2026-07-13T12:00:02Z,pikalytics,gen9championsvgc2026regma,"Best Pokemon, teams, and builds in Pokemon Champions VGC 2026",https://pikalytics.com/pokedex/gen9championsvgc2026regma,22,Aerodactyl,6.72
2026-07-13,2026-07-13T12:00:02Z,pikalytics,gen9championsvgc2026regma,"Best Pokemon, teams, and builds in Pokemon Champions VGC 2026",https://pikalytics.com/pokedex/gen9championsvgc2026regma,23,Talonflame,6.19
2026-07-13,2026-07-13T12:00:02Z,pikalytics,gen9championsvgc2026regma,"Best Pokemon, teams, and builds in Pokemon Champions VGC 2026",https://pikalytics.com/pokedex/gen9championsvgc2026regma,24,Froslass-Mega,6.09
2026-07-13,2026-07-13T12:00:02Z,pikalytics,gen9championsvgc2026regma,"Best Pokemon, teams, and builds in Pokemon Champions VGC 2026",https://pikalytics.com/pokedex/gen9championsvgc2026regma,25,Scovillain-Mega,6.01
2026-07-14,2026-07-14T12:00:04Z,pikalytics,gen9championsvgc2026regma,"Best Pokemon, teams, and builds in Pokemon Champions VGC 2026",https://pikalytics.com/pokedex/gen9championsvgc2026regma,1,Basculegion,51.50
2026-07-14,2026-07-14T12:00:04Z,pikalytics,gen9championsvgc2026regma,"Best Pokemon, teams, and builds in Pokemon Champions VGC 2026",https://pikalytics.com/pokedex/gen9championsvgc2026regma,2,Kingambit,40.69
2026-07-14,2026-07-14T12:00:04Z,pikalytics,gen9championsvgc2026regma,"Best Pokemon, teams, and builds in Pokemon Champions VGC 2026",https://pikalytics.com/pokedex/gen9championsvgc2026regma,3,Garchomp,40.53
2026-07-14,2026-07-14T12:00:04Z,pikalytics,gen9championsvgc2026regma,"Best Pokemon, teams, and builds in Pokemon Champions VGC 2026",https://pikalytics.com/pokedex/gen9championsvgc2026regma,4,Charizard-Mega-Y,31.81
2026-07-14,2026-07-14T12:00:04Z,pikalytics,gen9championsvgc2026regma,"Best Pokemon, teams, and builds in Pokemon Champions VGC 2026",https://pikalytics.com/pokedex/gen9championsvgc2026regma,5,Sneasler,28.58
2026-07-14,2026-07-14T12:00:04Z,pikalytics,gen9championsvgc2026regma,"Best Pokemon, teams, and builds in Pokemon Champions VGC 2026",https://pikalytics.com/pokedex/gen9championsvgc2026regma,6,Incineroar,25.93
2026-07-14,2026-07-14T12:00:04Z,pikalytics,gen9championsvgc2026regma,"Best Pokemon, teams, and builds in Pokemon Champions VGC 2026",https://pikalytics.com/pokedex/gen9championsvgc2026regma,7,Floette-Mega,23.92
2026-07-14,2026-07-14T12:00:04Z,pikalytics,gen9championsvgc2026regma,"Best Pokemon, teams, and builds in Pokemon Champions VGC 2026",https://pikalytics.com/pokedex/gen9championsvgc2026regma,8,Sinistcha,20.44
2026-07-14,2026-07-14T12:00:04Z,pikalytics,gen9championsvgc2026regma,"Best Pokemon, teams, and builds in Pokemon Champions VGC 2026",https://pikalytics.com/pokedex/gen9championsvgc2026regma,9,Sylveon,17.90
2026-07-14,2026-07-14T12:00:04Z,pikalytics,gen9championsvgc2026regma,"Best Pokemon, teams, and builds in Pokemon Champions VGC 2026",https://pikalytics.com/pokedex/gen9championsvgc2026regma,10,Whimsicott,17.65
2026-07-14,2026-07-14T12:00:04Z,pikalytics,gen9championsvgc2026regma,"Best Pokemon, teams, and builds in Pokemon Champions VGC 2026",https://pikalytics.com/pokedex/gen9championsvgc2026regma,11,Archaludon,17.43
2026-07-14,2026-07-14T12:00:04Z,pikalytics,gen9championsvgc2026regma,"Best Pokemon, teams, and builds in Pokemon Champions VGC 2026",https://pikalytics.com/pokedex/gen9championsvgc2026regma,12,Farigiraf,16.12
2026-07-14,2026-07-14T12:00:04Z,pikalytics,gen9championsvgc2026regma,"Best Pokemon, teams, and builds in Pokemon Champions VGC 2026",https://pikalytics.com/pokedex/gen9championsvgc2026regma,13,Aerodactyl-Mega,12.19
2026-07-14,2026-07-14T12:00:04Z,pikalytics,gen9championsvgc2026regma,"Best Pokemon, teams, and builds in Pokemon Champions VGC 2026",https://pikalytics.com/pokedex/gen9championsvgc2026regma,14,Pelipper,12.15
2026-07-14,2026-07-14T12:00:04Z,pikalytics,gen9championsvgc2026regma,"Best Pokemon, teams, and builds in Pokemon Champions VGC 2026",https://pikalytics.com/pokedex/gen9championsvgc2026regma,15,Sableye,8.84
2026-07-14,2026-07-14T12:00:04Z,pikalytics,gen9championsvgc2026regma,"Best Pokemon, teams, and builds in Pokemon Champions VGC 2026",https://pikalytics.com/pokedex/gen9championsvgc2026regma,16,Dragonite-Mega,7.92
2026-07-14,2026-07-14T12:00:04Z,pikalytics,gen9championsvgc2026regma,"Best Pokemon, teams, and builds in Pokemon Champions VGC 2026",https://pikalytics.com/pokedex/gen9championsvgc2026regma,17,Maushold,7.90
2026-07-14,2026-07-14T12:00:04Z,pikalytics,gen9championsvgc2026regma,"Best Pokemon, teams, and builds in Pokemon Champions VGC 2026",https://pikalytics.com/pokedex/gen9championsvgc2026regma,18,Aegislash,7.46
2026-07-14,2026-07-14T12:00:04Z,pikalytics,gen9championsvgc2026regma,"Best Pokemon, teams, and builds in Pokemon Champions VGC 2026",https://pikalytics.com/pokedex/gen9championsvgc2026regma,19,Blastoise-Mega,7.45
2026-07-14,2026-07-14T12:00:04Z,pikalytics,gen9championsvgc2026regma,"Best Pokemon, teams, and builds in Pokemon Champions VGC 2026",https://pikalytics.com/pokedex/gen9championsvgc2026regma,20,Rotom-Wash,7.43
2026-07-14,2026-07-14T12:00:04Z,pikalytics,gen9championsvgc2026regma,"Best Pokemon, teams, and builds in Pokemon Champions VGC 2026",https://pikalytics.com/pokedex/gen9championsvgc2026regma,21,Glimmora,6.80
2026-07-14,2026-07-14T12:00:04Z,pikalytics,gen9championsvgc2026regma,"Best Pokemon, teams, and builds in Pokemon Champions VGC 2026",https://pikalytics.com/pokedex/gen9championsvgc2026regma,22,Aerodactyl,6.72
2026-07-14,2026-07-14T12:00:04Z,pikalytics,gen9championsvgc2026regma,"Best Pokemon, teams, and builds in Pokemon Champions VGC 2026",https://pikalytics.com/pokedex/gen9championsvgc2026regma,23,Talonflame,6.19
2026-07-14,2026-07-14T12:00:04Z,pikalytics,gen9championsvgc2026regma,"Best Pokemon, teams, and builds in Pokemon Champions VGC 2026",https://pikalytics.com/pokedex/gen9championsvgc2026regma,24,Froslass-Mega,6.09
2026-07-14,2026-07-14T12:00:04Z,pikalytics,gen9championsvgc2026regma,"Best Pokemon, teams, and builds in Pokemon Champions VGC 2026",https://pikalytics.com/pokedex/gen9championsvgc2026regma,25,Scovillain-Mega,6.01
2026-07-15,2026-07-15T12:00:06Z,pikalytics,gen9championsvgc2026regma,"Best Pokemon, teams, and builds in Pokemon Champions VGC 2026",https://pikalytics.com/pokedex/gen9championsvgc2026regma,1,Basculegion,51.50
2026-07-15,2026-07-15T12:00:06Z,pikalytics,gen9championsvgc2026regma,"Best Pokemon, teams, and builds in Pokemon Champions VGC 2026",https://pikalytics.com/pokedex/gen9championsvgc2026regma,2,Kingambit,40.69
2026-07-15,2026-07-15T12:00:06Z,pikalytics,gen9championsvgc2026regma,"Best Pokemon, teams, and builds in Pokemon Champions VGC 2026",https://pikalytics.com/pokedex/gen9championsvgc2026regma,3,Garchomp,40.53
2026-07-15,2026-07-15T12:00:06Z,pikalytics,gen9championsvgc2026regma,"Best Pokemon, teams, and builds in Pokemon Champions VGC 2026",https://pikalytics.com/pokedex/gen9championsvgc2026regma,4,Charizard-Mega-Y,31.81
2026-07-15,2026-07-15T12:00:06Z,pikalytics,gen9championsvgc2026regma,"Best Pokemon, teams, and builds in Pokemon Champions VGC 2026",https://pikalytics.com/pokedex/gen9championsvgc2026regma,5,Sneasler,28.58
2026-07-15,2026-07-15T12:00:06Z,pikalytics,gen9championsvgc2026regma,"Best Pokemon, teams, and builds in Pokemon Champions VGC 2026",https://pikalytics.com/pokedex/gen9championsvgc2026regma,6,Incineroar,25.93
2026-07-15,2026-07-15T12:00:06Z,pikalytics,gen9championsvgc2026regma,"Best Pokemon, teams, and builds in Pokemon Champions VGC 2026",https://pikalytics.com/pokedex/gen9championsvgc2026regma,7,Floette-Mega,23.92
2026-07-15,2026-07-15T12:00:06Z,pikalytics,gen9championsvgc2026regma,"Best Pokemon, teams, and builds in Pokemon Champions VGC 2026",https://pikalytics.com/pokedex/gen9championsvgc2026regma,8,Sinistcha,20.44
2026-07-15,2026-07-15T12:00:06Z,pikalytics,gen9championsvgc2026regma,"Best Pokemon, teams, and builds in Pokemon Champions VGC 2026",https://pikalytics.com/pokedex/gen9championsvgc2026regma,9,Sylveon,17.90
2026-07-15,2026-07-15T12:00:06Z,pikalytics,gen9championsvgc2026regma,"Best Pokemon, teams, and builds in Pokemon Champions VGC 2026",https://pikalytics.com/pokedex/gen9championsvgc2026regma,10,Whimsicott,17.65
2026-07-15,2026-07-15T12:00:06Z,pikalytics,gen9championsvgc2026regma,"Best Pokemon, teams, and builds in Pokemon Champions VGC 2026",https://pikalytics.com/pokedex/gen9championsvgc2026regma,11,Archaludon,17.43
2026-07-15,2026-07-15T12:00:06Z,pikalytics,gen9championsvgc2026regma,"Best Pokemon, teams, and builds in Pokemon Champions VGC 2026",https://pikalytics.com/pokedex/gen9championsvgc2026regma,12,Farigiraf,16.12
2026-07-15,2026-07-15T12:00:06Z,pikalytics,gen9championsvgc2026regma,"Best Pokemon, teams, and builds in Pokemon Champions VGC 2026",https://pikalytics.com/pokedex/gen9championsvgc2026regma,13,Aerodactyl-Mega,12.19
2026-07-15,2026-07-15T12:00:06Z,pikalytics,gen9championsvgc2026regma,"Best Pokemon, teams, and builds in Pokemon Champions VGC 2026",https://pikalytics.com/pokedex/gen9championsvgc2026regma,14,Pelipper,12.15
2026-07-15,2026-07-15T12:00:06Z,pikalytics,gen9championsvgc2026regma,"Best Pokemon, teams, and builds in Pokemon Champions VGC 2026",https://pikalytics.com/pokedex/gen9championsvgc2026regma,15,Sableye,8.84
2026-07-15,2026-07-15T12:00:06Z,pikalytics,gen9championsvgc2026regma,"Best Pokemon, teams, and builds in Pokemon Champions VGC 2026",https://pikalytics.com/pokedex/gen9championsvgc2026regma,16,Dragonite-Mega,7.92
2026-07-15,2026-07-15T12:00:06Z,pikalytics,gen9championsvgc2026regma,"Best Pokemon, teams, and builds in Pokemon Champions VGC 2026",https://pikalytics.com/pokedex/gen9championsvgc2026regma,17,Maushold,7.90
2026-07-15,2026-07-15T12:00:06Z,pikalytics,gen9championsvgc2026regma,"Best Pokemon, teams, and builds in Pokemon Champions VGC 2026",https://pikalytics.com/pokedex/gen9championsvgc2026regma,18,Aegislash,7.46
2026-07-15,2026-07-15T12:00:06Z,pikalytics,gen9championsvgc2026regma,"Best Pokemon, teams, and builds in Pokemon Champions VGC 2026",https://pikalytics.com/pokedex/gen9championsvgc2026regma,19,Blastoise-Mega,7.45
2026-07-15,2026-07-15T12:00:06Z,pikalytics,gen9championsvgc2026regma,"Best Pokemon, teams, and builds in Pokemon Champions VGC 2026",https://pikalytics.com/pokedex/gen9championsvgc2026regma,20,Rotom-Wash,7.43
2026-07-15,2026-07-15T12:00:06Z,pikalytics,gen9championsvgc2026regma,"Best Pokemon, teams, and builds in Pokemon Champions VGC 2026",https://pikalytics.com/pokedex/gen9championsvgc2026regma,21,Glimmora,6.80
2026-07-15,2026-07-15T12:00:06Z,pikalytics,gen9championsvgc2026regma,"Best Pokemon, teams, and builds in Pokemon Champions VGC 2026",https://pikalytics.com/pokedex/gen9championsvgc2026regma,22,Aerodactyl,6.72
2026-07-15,2026-07-15T12:00:06Z,pikalytics,gen9championsvgc2026regma,"Best Pokemon, teams, and builds in Pokemon Champions VGC 2026",https://pikalytics.com/pokedex/gen9championsvgc2026regma,23,Talonflame,6.19
2026-07-15,2026-07-15T12:00:06Z,pikalytics,gen9championsvgc2026regma,"Best Pokemon, teams, and builds in Pokemon Champions VGC 2026",https://pikalytics.com/pokedex/gen9championsvgc2026regma,24,Froslass-Mega,6.09
2026-07-15,2026-07-15T12:00:06Z,pikalytics,gen9championsvgc2026regma,"Best Pokemon, teams, and builds in Pokemon Champions VGC 2026",https://pikalytics.com/pokedex/gen9championsvgc2026regma,25,Scovillain-Mega,6.01
2026-07-16,2026-07-16T12:00:02Z,pikalytics,gen9championsvgc2026regma,"Best Pokemon, teams, and builds in Pokemon Champions VGC 2026",https://pikalytics.com/pokedex/gen9championsvgc2026regma,1,Basculegion,51.50
2026-07-16,2026-07-16T12:00:02Z,pikalytics,gen9championsvgc2026regma,"Best Pokemon, teams, and builds in Pokemon Champions VGC 2026",https://pikalytics.com/pokedex/gen9championsvgc2026regma,2,Kingambit,40.69
2026-07-16,2026-07-16T12:00:02Z,pikalytics,gen9championsvgc2026regma,"Best Pokemon, teams, and builds in Pokemon Champions VGC 2026",https://pikalytics.com/pokedex/gen9championsvgc2026regma,3,Garchomp,40.53
2026-07-16,2026-07-16T12:00:02Z,pikalytics,gen9championsvgc2026regma,"Best Pokemon, teams, and builds in Pokemon Champions VGC 2026",https://pikalytics.com/pokedex/gen9championsvgc2026regma,4,Charizard-Mega-Y,31.81
2026-07-16,2026-07-16T12:00:02Z,pikalytics,gen9championsvgc2026regma,"Best Pokemon, teams, and builds in Pokemon Champions VGC 2026",https://pikalytics.com/pokedex/gen9championsvgc2026regma,5,Sneasler,28.58
2026-07-16,2026-07-16T12:00:02Z,pikalytics,gen9championsvgc2026regma,"Best Pokemon, teams, and builds in Pokemon Champions VGC 2026",https://pikalytics.com/pokedex/gen9championsvgc2026regma,6,Incineroar,25.93
2026-07-16,2026-07-16T12:00:02Z,pikalytics,gen9championsvgc2026regma,"Best Pokemon, teams, and builds in Pokemon Champions VGC 2026",https://pikalytics.com/pokedex/gen9championsvgc2026regma,7,Floette-Mega,23.92
2026-07-16,2026-07-16T12:00:02Z,pikalytics,gen9championsvgc2026regma,"Best Pokemon, teams, and builds in Pokemon Champions VGC 2026",https://pikalytics.com/pokedex/gen9championsvgc2026regma,8,Sinistcha,20.44
2026-07-16,2026-07-16T12:00:02Z,pikalytics,gen9championsvgc2026regma,"Best Pokemon, teams, and builds in Pokemon Champions VGC 2026",https://pikalytics.com/pokedex/gen9championsvgc2026regma,9,Sylveon,17.90
2026-07-16,2026-07-16T12:00:02Z,pikalytics,gen9championsvgc2026regma,"Best Pokemon, teams, and builds in Pokemon Champions VGC 2026",https://pikalytics.com/pokedex/gen9championsvgc2026regma,10,Whimsicott,17.65
2026-07-16,2026-07-16T12:00:02Z,pikalytics,gen9championsvgc2026regma,"Best Pokemon, teams, and builds in Pokemon Champions VGC 2026",https://pikalytics.com/pokedex/gen9championsvgc2026regma,11,Archaludon,17.43
2026-07-16,2026-07-16T12:00:02Z,pikalytics,gen9championsvgc2026regma,"Best Pokemon, teams, and builds in Pokemon Champions VGC 2026",https://pikalytics.com/pokedex/gen9championsvgc2026regma,12,Farigiraf,16.12
2026-07-16,2026-07-16T12:00:02Z,pikalytics,gen9championsvgc2026regma,"Best Pokemon, teams, and builds in Pokemon Champions VGC 2026",https://pikalytics.com/pokedex/gen9championsvgc2026regma,13,Aerodactyl-Mega,12.19
2026-07-16,2026-07-16T12:00:02Z,pikalytics,gen9championsvgc2026regma,"Best Pokemon, teams, and builds in Pokemon Champions VGC 2026",https://pikalytics.com/pokedex/gen9championsvgc2026regma,14,Pelipper,12.15
2026-07-16,2026-07-16T12:00:02Z,pikalytics,gen9championsvgc2026regma,"Best Pokemon, teams, and builds in Pokemon Champions VGC 2026",https://pikalytics.com/pokedex/gen9championsvgc2026regma,15,Sableye,8.84
2026-07-16,2026-07-16T12:00:02Z,pikalytics,gen9championsvgc2026regma,"Best Pokemon, teams, and builds in Pokemon Champions VGC 2026",https://pikalytics.com/pokedex/gen9championsvgc2026regma,16,Dragonite-Mega,7.92
2026-07-16,2026-07-16T12:00:02Z,pikalytics,gen9championsvgc2026regma,"Best Pokemon, teams, and builds in Pokemon Champions VGC 2026",https://pikalytics.com/pokedex/gen9championsvgc2026regma,17,Maushold,7.90
2026-07-16,2026-07-16T12:00:02Z,pikalytics,gen9championsvgc2026regma,"Best Pokemon, teams, and builds in Pokemon Champions VGC 2026",https://pikalytics.com/pokedex/gen9championsvgc2026regma,18,Aegislash,7.46
2026-07-16,2026-07-16T12:00:02Z,pikalytics,gen9championsvgc2026regma,"Best Pokemon, teams, and builds in Pokemon Champions VGC 2026",https://pikalytics.com/pokedex/gen9championsvgc2026regma,19,Blastoise-Mega,7.45
2026-07-16,2026-07-16T12:00:02Z,pikalytics,gen9championsvgc2026regma,"Best Pokemon, teams, and builds in Pokemon Champions VGC 2026",https://pikalytics.com/pokedex/gen9championsvgc2026regma,20,Rotom-Wash,7.43
2026-07-16,2026-07-16T12:00:02Z,pikalytics,gen9championsvgc2026regma,"Best Pokemon, teams, and builds in Pokemon Champions VGC 2026",https://pikalytics.com/pokedex/gen9championsvgc2026regma,21,Glimmora,6.80
2026-07-16,2026-07-16T12:00:02Z,pikalytics,gen9championsvgc2026regma,"Best Pokemon, teams, and builds in Pokemon Champions VGC 2026",https://pikalytics.com/pokedex/gen9championsvgc2026regma,22,Aerodactyl,6.72
2026-07-16,2026-07-16T12:00:02Z,pikalytics,gen9championsvgc2026regma,"Best Pokemon, teams, and builds in Pokemon Champions VGC 2026",https://pikalytics.com/pokedex/gen9championsvgc2026regma,23,Talonflame,6.19
2026-07-16,2026-07-16T12:00:02Z,pikalytics,gen9championsvgc2026regma,"Best Pokemon, teams, and builds in Pokemon Champions VGC 2026",https://pikalytics.com/pokedex/gen9championsvgc2026regma,24,Froslass-Mega,6.09
2026-07-16,2026-07-16T12:00:02Z,pikalytics,gen9championsvgc2026regma,"Best Pokemon, teams, and builds in Pokemon Champions VGC 2026",https://pikalytics.com/pokedex/gen9championsvgc2026regma,25,Scovillain-Mega,6.01
2026-07-17,2026-07-17T12:00:04Z,pikalytics,gen9championsvgc2026regma,"Best Pokemon, teams, and builds in Pokemon Champions VGC 2026",https://pikalytics.com/pokedex/gen9championsvgc2026regma,1,Basculegion,51.50
2026-07-17,2026-07-17T12:00:04Z,pikalytics,gen9championsvgc2026regma,"Best Pokemon, teams, and builds in Pokemon Champions VGC 2026",https://pikalytics.com/pokedex/gen9championsvgc2026regma,2,Kingambit,40.69
2026-07-17,2026-07-17T12:00:04Z,pikalytics,gen9championsvgc2026regma,"Best Pokemon, teams, and builds in Pokemon Champions VGC 2026",https://pikalytics.com/pokedex/gen9championsvgc2026regma,3,Garchomp,40.53
2026-07-17,2026-07-17T12:00:04Z,pikalytics,gen9championsvgc2026regma,"Best Pokemon, teams, and builds in Pokemon Champions VGC 2026",https://pikalytics.com/pokedex/gen9championsvgc2026regma,4,Charizard-Mega-Y,31.81
2026-07-17,2026-07-17T12:00:04Z,pikalytics,gen9championsvgc2026regma,"Best Pokemon, teams, and builds in Pokemon Champions VGC 2026",https://pikalytics.com/pokedex/gen9championsvgc2026regma,5,Sneasler,28.58
2026-07-17,2026-07-17T12:00:04Z,pikalytics,gen9championsvgc2026regma,"Best Pokemon, teams, and builds in Pokemon Champions VGC 2026",https://pikalytics.com/pokedex/gen9championsvgc2026regma,6,Incineroar,25.93
2026-07-17,2026-07-17T12:00:04Z,pikalytics,gen9championsvgc2026regma,"Best Pokemon, teams, and builds in Pokemon Champions VGC 2026",https://pikalytics.com/pokedex/gen9championsvgc2026regma,7,Floette-Mega,23.92
2026-07-17,2026-07-17T12:00:04Z,pikalytics,gen9championsvgc2026regma,"Best Pokemon, teams, and builds in Pokemon Champions VGC 2026",https://pikalytics.com/pokedex/gen9championsvgc2026regma,8,Sinistcha,20.44
2026-07-17,2026-07-17T12:00:04Z,pikalytics,gen9championsvgc2026regma,"Best Pokemon, teams, and builds in Pokemon Champions VGC 2026",https://pikalytics.com/pokedex/gen9championsvgc2026regma,9,Sylveon,17.90
2026-07-17,2026-07-17T12:00:04Z,pikalytics,gen9championsvgc2026regma,"Best Pokemon, teams, and builds in Pokemon Champions VGC 2026",https://pikalytics.com/pokedex/gen9championsvgc2026regma,10,Whimsicott,17.65
2026-07-17,2026-07-17T12:00:04Z,pikalytics,gen9championsvgc2026regma,"Best Pokemon, teams, and builds in Pokemon Champions VGC 2026",https://pikalytics.com/pokedex/gen9championsvgc2026regma,11,Archaludon,17.43
2026-07-17,2026-07-17T12:00:04Z,pikalytics,gen9championsvgc2026regma,"Best Pokemon, teams, and builds in Pokemon Champions VGC 2026",https://pikalytics.com/pokedex/gen9championsvgc2026regma,12,Farigiraf,16.12
2026-07-17,2026-07-17T12:00:04Z,pikalytics,gen9championsvgc2026regma,"Best Pokemon, teams, and builds in Pokemon Champions VGC 2026",https://pikalytics.com/pokedex/gen9championsvgc2026regma,13,Aerodactyl-Mega,12.19
2026-07-17,2026-07-17T12:00:04Z,pikalytics,gen9championsvgc2026regma,"Best Pokemon, teams, and builds in Pokemon Champions VGC 2026",https://pikalytics.com/pokedex/gen9championsvgc2026regma,14,Pelipper,12.15
2026-07-17,2026-07-17T12:00:04Z,pikalytics,gen9championsvgc2026regma,"Best Pokemon, teams, and builds in Pokemon Champions VGC 2026",https://pikalytics.com/pokedex/gen9championsvgc2026regma,15,Sableye,8.84
2026-07-17,2026-07-17T12:00:04Z,pikalytics,gen9championsvgc2026regma,"Best Pokemon, teams, and builds in Pokemon Champions VGC 2026",https://pikalytics.com/pokedex/gen9championsvgc2026regma,16,Dragonite-Mega,7.92
2026-07-17,2026-07-17T12:00:04Z,pikalytics,gen9championsvgc2026regma,"Best Pokemon, teams, and builds in Pokemon Champions VGC 2026",https://pikalytics.com/pokedex/gen9championsvgc2026regma,17,Maushold,7.90
2026-07-17,2026-07-17T12:00:04Z,pikalytics,gen9championsvgc2026regma,"Best Pokemon, teams, and builds in Pokemon Champions VGC 2026",https://pikalytics.com/pokedex/gen9championsvgc2026regma,18,Aegislash,7.46
2026-07-17,2026-07-17T12:00:04Z,pikalytics,gen9championsvgc2026regma,"Best Pokemon, teams, and builds in Pokemon Champions VGC 2026",https://pikalytics.com/pokedex/gen9championsvgc2026regma,19,Blastoise-Mega,7.45
2026-07-17,2026-07-17T12:00:04Z,pikalytics,gen9championsvgc2026regma,"Best Pokemon, teams, and builds in Pokemon Champions VGC 2026",https://pikalytics.com/pokedex/gen9championsvgc2026regma,20,Rotom-Wash,7.43
2026-07-17,2026-07-17T12:00:04Z,pikalytics,gen9championsvgc2026regma,"Best Pokemon, teams, and builds in Pokemon Champions VGC 2026",https://pikalytics.com/pokedex/gen9championsvgc2026regma,21,Glimmora,6.80
2026-07-17,2026-07-17T12:00:04Z,pikalytics,gen9championsvgc2026regma,"Best Pokemon, teams, and builds in Pokemon Champions VGC 2026",https://pikalytics.com/pokedex/gen9championsvgc2026regma,22,Aerodactyl,6.72
2026-07-17,2026-07-17T12:00:04Z,pikalytics,gen9championsvgc2026regma,"Best Pokemon, teams, and builds in Pokemon Champions VGC 2026",https://pikalytics.com/pokedex/gen9championsvgc2026regma,23,Talonflame,6.19
2026-07-17,2026-07-17T12:00:04Z,pikalytics,gen9championsvgc2026regma,"Best Pokemon, teams, and builds in Pokemon Champions VGC 2026",https://pikalytics.com/pokedex/gen9championsvgc2026regma,24,Froslass-Mega,6.09
2026-07-17,2026-07-17T12:00:04Z,pikalytics,gen9championsvgc2026regma,"Best Pokemon, teams, and builds in Pokemon Champions VGC 2026",https://pikalytics.com/pokedex/gen9championsvgc2026regma,25,Scovillain-Mega,6.01
2026-07-18,2026-07-18T12:00:02Z,pikalytics,gen9championsvgc2026regma,"Best Pokemon, teams, and builds in Pokemon Champions VGC 2026",https://pikalytics.com/pokedex/gen9championsvgc2026regma,1,Basculegion,51.50
2026-07-18,2026-07-18T12:00:02Z,pikalytics,gen9championsvgc2026regma,"Best Pokemon, teams, and builds in Pokemon Champions VGC 2026",https://pikalytics.com/pokedex/gen9championsvgc2026regma,2,Kingambit,40.69
2026-07-18,2026-07-18T12:00:02Z,pikalytics,gen9championsvgc2026regma,"Best Pokemon, teams, and builds in Pokemon Champions VGC 2026",https://pikalytics.com/pokedex/gen9championsvgc2026regma,3,Garchomp,40.53
2026-07-18,2026-07-18T12:00:02Z,pikalytics,gen9championsvgc2026regma,"Best Pokemon, teams, and builds in Pokemon Champions VGC 2026",https://pikalytics.com/pokedex/gen9championsvgc2026regma,4,Charizard-Mega-Y,31.81
2026-07-18,2026-07-18T12:00:02Z,pikalytics,gen9championsvgc2026regma,"Best Pokemon, teams, and builds in Pokemon Champions VGC 2026",https://pikalytics.com/pokedex/gen9championsvgc2026regma,5,Sneasler,28.58
2026-07-18,2026-07-18T12:00:02Z,pikalytics,gen9championsvgc2026regma,"Best Pokemon, teams, and builds in Pokemon Champions VGC 2026",https://pikalytics.com/pokedex/gen9championsvgc2026regma,6,Incineroar,25.93
2026-07-18,2026-07-18T12:00:02Z,pikalytics,gen9championsvgc2026regma,"Best Pokemon, teams, and builds in Pokemon Champions VGC 2026",https://pikalytics.com/pokedex/gen9championsvgc2026regma,7,Floette-Mega,23.92
2026-07-18,2026-07-18T12:00:02Z,pikalytics,gen9championsvgc2026regma,"Best Pokemon, teams, and builds in Pokemon Champions VGC 2026",https://pikalytics.com/pokedex/gen9championsvgc2026regma,8,Sinistcha,20.44
2026-07-18,2026-07-18T12:00:02Z,pikalytics,gen9championsvgc2026regma,"Best Pokemon, teams, and builds in Pokemon Champions VGC 2026",https://pikalytics.com/pokedex/gen9championsvgc2026regma,9,Sylveon,17.90
2026-07-18,2026-07-18T12:00:02Z,pikalytics,gen9championsvgc2026regma,"Best Pokemon, teams, and builds in Pokemon Champions VGC 2026",https://pikalytics.com/pokedex/gen9championsvgc2026regma,10,Whimsicott,17.65
2026-07-18,2026-07-18T12:00:02Z,pikalytics,gen9championsvgc2026regma,"Best Pokemon, teams, and builds in Pokemon Champions VGC 2026",https://pikalytics.com/pokedex/gen9championsvgc2026regma,11,Archaludon,17.43
2026-07-18,2026-07-18T12:00:02Z,pikalytics,gen9championsvgc2026regma,"Best Pokemon, teams, and builds in Pokemon Champions VGC 2026",https://pikalytics.com/pokedex/gen9championsvgc2026regma,12,Farigiraf,16.12
2026-07-18,2026-07-18T12:00:02Z,pikalytics,gen9championsvgc2026regma,"Best Pokemon, teams, and builds in Pokemon Champions VGC 2026",https://pikalytics.com/pokedex/gen9championsvgc2026regma,13,Aerodactyl-Mega,12.19
2026-07-18,2026-07-18T12:00:02Z,pikalytics,gen9championsvgc2026regma,"Best Pokemon, teams, and builds in Pokemon Champions VGC 2026",https://pikalytics.com/pokedex/gen9championsvgc2026regma,14,Pelipper,12.15
2026-07-18,2026-07-18T12:00:02Z,pikalytics,gen9championsvgc2026regma,"Best Pokemon, teams, and builds in Pokemon Champions VGC 2026",https://pikalytics.com/pokedex/gen9championsvgc2026regma,15,Sableye,8.84
2026-07-18,2026-07-18T12:00:02Z,pikalytics,gen9championsvgc2026regma,"Best Pokemon, teams, and builds in Pokemon Champions VGC 2026",https://pikalytics.com/pokedex/gen9championsvgc2026regma,16,Dragonite-Mega,7.92
2026-07-18,2026-07-18T12:00:02Z,pikalytics,gen9championsvgc2026regma,"Best Pokemon, teams, and builds in Pokemon Champions VGC 2026",https://pikalytics.com/pokedex/gen9championsvgc2026regma,17,Maushold,7.90
2026-07-18,2026-07-18T12:00:02Z,pikalytics,gen9championsvgc2026regma,"Best Pokemon, teams, and builds in Pokemon Champions VGC 2026",https://pikalytics.com/pokedex/gen9championsvgc2026regma,18,Aegislash,7.46
2026-07-18,2026-07-18T12:00:02Z,pikalytics,gen9championsvgc2026regma,"Best Pokemon, teams, and builds in Pokemon Champions VGC 2026",https://pikalytics.com/pokedex/gen9championsvgc2026regma,19,Blastoise-Mega,7.45
2026-07-18,2026-07-18T12:00:02Z,pikalytics,gen9championsvgc2026regma,"Best Pokemon, teams, and builds in Pokemon Champions VGC 2026",https://pikalytics.com/pokedex/gen9championsvgc2026regma,20,Rotom-Wash,7.43
2026-07-18,2026-07-18T12:00:02Z,pikalytics,gen9championsvgc2026regma,"Best Pokemon, teams, and builds in Pokemon Champions VGC 2026",https://pikalytics.com/pokedex/gen9championsvgc2026regma,21,Glimmora,6.80
2026-07-18,2026-07-18T12:00:02Z,pikalytics,gen9championsvgc2026regma,"Best Pokemon, teams, and builds in Pokemon Champions VGC 2026",https://pikalytics.com/pokedex/gen9championsvgc2026regma,22,Aerodactyl,6.72
2026-07-18,2026-07-18T12:00:02Z,pikalytics,gen9championsvgc2026regma,"Best Pokemon, teams, and builds in Pokemon Champions VGC 2026",https://pikalytics.com/pokedex/gen9championsvgc2026regma,23,Talonflame,6.19
2026-07-18,2026-07-18T12:00:02Z,pikalytics,gen9championsvgc2026regma,"Best Pokemon, teams, and builds in Pokemon Champions VGC 2026",https://pikalytics.com/pokedex/gen9championsvgc2026regma,24,Froslass-Mega,6.09
2026-07-18,2026-07-18T12:00:02Z,pikalytics,gen9championsvgc2026regma,"Best Pokemon, teams, and builds in Pokemon Champions VGC 2026",https://pikalytics.com/pokedex/gen9championsvgc2026regma,25,Scovillain-Mega,6.01
2026-07-19,2026-07-19T12:00:02Z,pikalytics,gen9championsvgc2026regma,"Best Pokemon, teams, and builds in Pokemon Champions VGC 2026",https://pikalytics.com/pokedex/gen9championsvgc2026regma,1,Basculegion,51.50
2026-07-19,2026-07-19T12:00:02Z,pikalytics,gen9championsvgc2026regma,"Best Pokemon, teams, and builds in Pokemon Champions VGC 2026",https://pikalytics.com/pokedex/gen9championsvgc2026regma,2,Kingambit,40.69
2026-07-19,2026-07-19T12:00:02Z,pikalytics,gen9championsvgc2026regma,"Best Pokemon, teams, and builds in Pokemon Champions VGC 2026",https://pikalytics.com/pokedex/gen9championsvgc2026regma,3,Garchomp,40.53
2026-07-19,2026-07-19T12:00:02Z,pikalytics,gen9championsvgc2026regma,"Best Pokemon, teams, and builds in Pokemon Champions VGC 2026",https://pikalytics.com/pokedex/gen9championsvgc2026regma,4,Charizard-Mega-Y,31.81
2026-07-19,2026-07-19T12:00:02Z,pikalytics,gen9championsvgc2026regma,"Best Pokemon, teams, and builds in Pokemon Champions VGC 2026",https://pikalytics.com/pokedex/gen9championsvgc2026regma,5,Sneasler,28.58
2026-07-19,2026-07-19T12:00:02Z,pikalytics,gen9championsvgc2026regma,"Best Pokemon, teams, and builds in Pokemon Champions VGC 2026",https://pikalytics.com/pokedex/gen9championsvgc2026regma,6,Incineroar,25.93
2026-07-19,2026-07-19T12:00:02Z,pikalytics,gen9championsvgc2026regma,"Best Pokemon, teams, and builds in Pokemon Champions VGC 2026",https://pikalytics.com/pokedex/gen9championsvgc2026regma,7,Floette-Mega,23.92
2026-07-19,2026-07-19T12:00:02Z,pikalytics,gen9championsvgc2026regma,"Best Pokemon, teams, and builds in Pokemon Champions VGC 2026",https://pikalytics.com/pokedex/gen9championsvgc2026regma,8,Sinistcha,20.44
2026-07-19,2026-07-19T12:00:02Z,pikalytics,gen9championsvgc2026regma,"Best Pokemon, teams, and builds in Pokemon Champions VGC 2026",https://pikalytics.com/pokedex/gen9championsvgc2026regma,9,Sylveon,17.90
2026-07-19,2026-07-19T12:00:02Z,pikalytics,gen9championsvgc2026regma,"Best Pokemon, teams, and builds in Pokemon Champions VGC 2026",https://pikalytics.com/pokedex/gen9championsvgc2026regma,10,Whimsicott,17.65
2026-07-19,2026-07-19T12:00:02Z,pikalytics,gen9championsvgc2026regma,"Best Pokemon, teams, and builds in Pokemon Champions VGC 2026",https://pikalytics.com/pokedex/gen9championsvgc2026regma,11,Archaludon,17.43
2026-07-19,2026-07-19T12:00:02Z,pikalytics,gen9championsvgc2026regma,"Best Pokemon, teams, and builds in Pokemon Champions VGC 2026",https://pikalytics.com/pokedex/gen9championsvgc2026regma,12,Farigiraf,16.12
2026-07-19,2026-07-19T12:00:02Z,pikalytics,gen9championsvgc2026regma,"Best Pokemon, teams, and builds in Pokemon Champions VGC 2026",https://pikalytics.com/pokedex/gen9championsvgc2026regma,13,Aerodactyl-Mega,12.19
2026-07-19,2026-07-19T12:00:02Z,pikalytics,gen9championsvgc2026regma,"Best Pokemon, teams, and builds in Pokemon Champions VGC 2026",https://pikalytics.com/pokedex/gen9championsvgc2026regma,14,Pelipper,12.15
2026-07-19,2026-07-19T12:00:02Z,pikalytics,gen9championsvgc2026regma,"Best Pokemon, teams, and builds in Pokemon Champions VGC 2026",https://pikalytics.com/pokedex/gen9championsvgc2026regma,15,Sableye,8.84
2026-07-19,2026-07-19T12:00:02Z,pikalytics,gen9championsvgc2026regma,"Best Pokemon, teams, and builds in Pokemon Champions VGC 2026",https://pikalytics.com/pokedex/gen9championsvgc2026regma,16,Dragonite-Mega,7.92
2026-07-19,2026-07-19T12:00:02Z,pikalytics,gen9championsvgc2026regma,"Best Pokemon, teams, and builds in Pokemon Champions VGC 2026",https://pikalytics.com/pokedex/gen9championsvgc2026regma,17,Maushold,7.90
2026-07-19,2026-07-19T12:00:02Z,pikalytics,gen9championsvgc2026regma,"Best Pokemon, teams, and builds in Pokemon Champions VGC 2026",https://pikalytics.com/pokedex/gen9championsvgc2026regma,18,Aegislash,7.46
2026-07-19,2026-07-19T12:00:02Z,pikalytics,gen9championsvgc2026regma,"Best Pokemon, teams, and builds in Pokemon Champions VGC 2026",https://pikalytics.com/pokedex/gen9championsvgc2026regma,19,Blastoise-Mega,7.45
2026-07-19,2026-07-19T12:00:02Z,pikalytics,gen9championsvgc2026regma,"Best Pokemon, teams, and builds in Pokemon Champions VGC 2026",https://pikalytics.com/pokedex/gen9championsvgc2026regma,20,Rotom-Wash,7.43
2026-07-19,2026-07-19T12:00:02Z,pikalytics,gen9championsvgc2026regma,"Best Pokemon, teams, and builds in Pokemon Champions VGC 2026",https://pikalytics.com/pokedex/gen9championsvgc2026regma,21,Glimmora,6.80
2026-07-19,2026-07-19T12:00:02Z,pikalytics,gen9championsvgc2026regma,"Best Pokemon, teams, and builds in Pokemon Champions VGC 2026",https://pikalytics.com/pokedex/gen9championsvgc2026regma,22,Aerodactyl,6.72
2026-07-19,2026-07-19T12:00:02Z,pikalytics,gen9championsvgc2026regma,"Best Pokemon, teams, and builds in Pokemon Champions VGC 2026",https://pikalytics.com/pokedex/gen9championsvgc2026regma,23,Talonflame,6.19
2026-07-19,2026-07-19T12:00:02Z,pikalytics,gen9championsvgc2026regma,"Best Pokemon, teams, and builds in Pokemon Champions VGC 2026",https://pikalytics.com/pokedex/gen9championsvgc2026regma,24,Froslass-Mega,6.09
2026-07-19,2026-07-19T12:00:02Z,pikalytics,gen9championsvgc2026regma,"Best Pokemon, teams, and builds in Pokemon Champions VGC 2026",https://pikalytics.com/pokedex/gen9championsvgc2026regma,25,Scovillain-Mega,6.01
2026-07-20,2026-07-20T12:00:02Z,pikalytics,gen9championsvgc2026regma,"Best Pokemon, teams, and builds in Pokemon Champions VGC 2026",https://pikalytics.com/pokedex/gen9championsvgc2026regma,1,Basculegion,51.50
2026-07-20,2026-07-20T12:00:02Z,pikalytics,gen9championsvgc2026regma,"Best Pokemon, teams, and builds in Pokemon Champions VGC 2026",https://pikalytics.com/pokedex/gen9championsvgc2026regma,2,Kingambit,40.69
2026-07-20,2026-07-20T12:00:02Z,pikalytics,gen9championsvgc2026regma,"Best Pokemon, teams, and builds in Pokemon Champions VGC 2026",https://pikalytics.com/pokedex/gen9championsvgc2026regma,3,Garchomp,40.53
2026-07-20,2026-07-20T12:00:02Z,pikalytics,gen9championsvgc2026regma,"Best Pokemon, teams, and builds in Pokemon Champions VGC 2026",https://pikalytics.com/pokedex/gen9championsvgc2026regma,4,Charizard-Mega-Y,31.81
2026-07-20,2026-07-20T12:00:02Z,pikalytics,gen9championsvgc2026regma,"Best Pokemon, teams, and builds in Pokemon Champions VGC 2026",https://pikalytics.com/pokedex/gen9championsvgc2026regma,5,Sneasler,28.58
2026-07-20,2026-07-20T12:00:02Z,pikalytics,gen9championsvgc2026regma,"Best Pokemon, teams, and builds in Pokemon Champions VGC 2026",https://pikalytics.com/pokedex/gen9championsvgc2026regma,6,Incineroar,25.93
2026-07-20,2026-07-20T12:00:02Z,pikalytics,gen9championsvgc2026regma,"Best Pokemon, teams, and builds in Pokemon Champions VGC 2026",https://pikalytics.com/pokedex/gen9championsvgc2026regma,7,Floette-Mega,23.92
2026-07-20,2026-07-20T12:00:02Z,pikalytics,gen9championsvgc2026regma,"Best Pokemon, teams, and builds in Pokemon Champions VGC 2026",https://pikalytics.com/pokedex/gen9championsvgc2026regma,8,Sinistcha,20.44
2026-07-20,2026-07-20T12:00:02Z,pikalytics,gen9championsvgc2026regma,"Best Pokemon, teams, and builds in Pokemon Champions VGC 2026",https://pikalytics.com/pokedex/gen9championsvgc2026regma,9,Sylveon,17.90
2026-07-20,2026-07-20T12:00:02Z,pikalytics,gen9championsvgc2026regma,"Best Pokemon, teams, and builds in Pokemon Champions VGC 2026",https://pikalytics.com/pokedex/gen9championsvgc2026regma,10,Whimsicott,17.65
2026-07-20,2026-07-20T12:00:02Z,pikalytics,gen9championsvgc2026regma,"Best Pokemon, teams, and builds in Pokemon Champions VGC 2026",https://pikalytics.com/pokedex/gen9championsvgc2026regma,11,Archaludon,17.43
2026-07-20,2026-07-20T12:00:02Z,pikalytics,gen9championsvgc2026regma,"Best Pokemon, teams, and builds in Pokemon Champions VGC 2026",https://pikalytics.com/pokedex/gen9championsvgc2026regma,12,Farigiraf,16.12
2026-07-20,2026-07-20T12:00:02Z,pikalytics,gen9championsvgc2026regma,"Best Pokemon, teams, and builds in Pokemon Champions VGC 2026",https://pikalytics.com/pokedex/gen9championsvgc2026regma,13,Aerodactyl-Mega,12.19
2026-07-20,2026-07-20T12:00:02Z,pikalytics,gen9championsvgc2026regma,"Best Pokemon, teams, and builds in Pokemon Champions VGC 2026",https://pikalytics.com/pokedex/gen9championsvgc2026regma,14,Pelipper,12.15
2026-07-20,2026-07-20T12:00:02Z,pikalytics,gen9championsvgc2026regma,"Best Pokemon, teams, and builds in Pokemon Champions VGC 2026",https://pikalytics.com/pokedex/gen9championsvgc2026regma,15,Sableye,8.84
2026-07-20,2026-07-20T12:00:02Z,pikalytics,gen9championsvgc2026regma,"Best Pokemon, teams, and builds in Pokemon Champions VGC 2026",https://pikalytics.com/pokedex/gen9championsvgc2026regma,16,Dragonite-Mega,7.92
2026-07-20,2026-07-20T12:00:02Z,pikalytics,gen9championsvgc2026regma,"Best Pokemon, teams, and builds in Pokemon Champions VGC 2026",https://pikalytics.com/pokedex/gen9championsvgc2026regma,17,Maushold,7.90
2026-07-20,2026-07-20T12:00:02Z,pikalytics,gen9championsvgc2026regma,"Best Pokemon, teams, and builds in Pokemon Champions VGC 2026",https://pikalytics.com/pokedex/gen9championsvgc2026regma,18,Aegislash,7.46
2026-07-20,2026-07-20T12:00:02Z,pikalytics,gen9championsvgc2026regma,"Best Pokemon, teams, and builds in Pokemon Champions VGC 2026",https://pikalytics.com/pokedex/gen9championsvgc2026regma,19,Blastoise-Mega,7.45
2026-07-20,2026-07-20T12:00:02Z,pikalytics,gen9championsvgc2026regma,"Best Pokemon, teams, and builds in Pokemon Champions VGC 2026",https://pikalytics.com/pokedex/gen9championsvgc2026regma,20,Rotom-Wash,7.43
2026-07-20,2026-07-20T12:00:02Z,pikalytics,gen9championsvgc2026regma,"Best Pokemon, teams, and builds in Pokemon Champions VGC 2026",https://pikalytics.com/pokedex/gen9championsvgc2026regma,21,Glimmora,6.80
2026-07-20,2026-07-20T12:00:02Z,pikalytics,gen9championsvgc2026regma,"Best Pokemon, teams, and builds in Pokemon Champions VGC 2026",https://pikalytics.com/pokedex/gen9championsvgc2026regma,22,Aerodactyl,6.72
2026-07-20,2026-07-20T12:00:02Z,pikalytics,gen9championsvgc2026regma,"Best Pokemon, teams, and builds in Pokemon Champions VGC 2026",https://pikalytics.com/pokedex/gen9championsvgc2026regma,23,Talonflame,6.19
2026-07-20,2026-07-20T12:00:02Z,pikalytics,gen9championsvgc2026regma,"Best Pokemon, teams, and builds in Pokemon Champions VGC 2026",https://pikalytics.com/pokedex/gen9championsvgc2026regma,24,Froslass-Mega,6.09
2026-07-20,2026-07-20T12:00:02Z,pikalytics,gen9championsvgc2026regma,"Best Pokemon, teams, and builds in Pokemon Champions VGC 2026",https://pikalytics.com/pokedex/gen9championsvgc2026regma,25,Scovillain-Mega,6.01
2026-07-21,2026-07-21T12:00:02Z,pikalytics,gen9championsvgc2026regma,"Best Pokemon, teams, and builds in Pokemon Champions VGC 2026",https://pikalytics.com/pokedex/gen9championsvgc2026regma,1,Basculegion,51.50
2026-07-21,2026-07-21T12:00:02Z,pikalytics,gen9championsvgc2026regma,"Best Pokemon, teams, and builds in Pokemon Champions VGC 2026",https://pikalytics.com/pokedex/gen9championsvgc2026regma,2,Kingambit,40.69
2026-07-21,2026-07-21T12:00:02Z,pikalytics,gen9championsvgc2026regma,"Best Pokemon, teams, and builds in Pokemon Champions VGC 2026",https://pikalytics.com/pokedex/gen9championsvgc2026regma,3,Garchomp,40.53
2026-07-21,2026-07-21T12:00:02Z,pikalytics,gen9championsvgc2026regma,"Best Pokemon, teams, and builds in Pokemon Champions VGC 2026",https://pikalytics.com/pokedex/gen9championsvgc2026regma,4,Charizard-Mega-Y,31.81
2026-07-21,2026-07-21T12:00:02Z,pikalytics,gen9championsvgc2026regma,"Best Pokemon, teams, and builds in Pokemon Champions VGC 2026",https://pikalytics.com/pokedex/gen9championsvgc2026regma,5,Sneasler,28.58
2026-07-21,2026-07-21T12:00:02Z,pikalytics,gen9championsvgc2026regma,"Best Pokemon, teams, and builds in Pokemon Champions VGC 2026",https://pikalytics.com/pokedex/gen9championsvgc2026regma,6,Incineroar,25.93
2026-07-21,2026-07-21T12:00:02Z,pikalytics,gen9championsvgc2026regma,"Best Pokemon, teams, and builds in Pokemon Champions VGC 2026",https://pikalytics.com/pokedex/gen9championsvgc2026regma,7,Floette-Mega,23.92
2026-07-21,2026-07-21T12:00:02Z,pikalytics,gen9championsvgc2026regma,"Best Pokemon, teams, and builds in Pokemon Champions VGC 2026",https://pikalytics.com/pokedex/gen9championsvgc2026regma,8,Sinistcha,20.44
2026-07-21,2026-07-21T12:00:02Z,pikalytics,gen9championsvgc2026regma,"Best Pokemon, teams, and builds in Pokemon Champions VGC 2026",https://pikalytics.com/pokedex/gen9championsvgc2026regma,9,Sylveon,17.90
2026-07-21,2026-07-21T12:00:02Z,pikalytics,gen9championsvgc2026regma,"Best Pokemon, teams, and builds in Pokemon Champions VGC 2026",https://pikalytics.com/pokedex/gen9championsvgc2026regma,10,Whimsicott,17.65
2026-07-21,2026-07-21T12:00:02Z,pikalytics,gen9championsvgc2026regma,"Best Pokemon, teams, and builds in Pokemon Champions VGC 2026",https://pikalytics.com/pokedex/gen9championsvgc2026regma,11,Archaludon,17.43
2026-07-21,2026-07-21T12:00:02Z,pikalytics,gen9championsvgc2026regma,"Best Pokemon, teams, and builds in Pokemon Champions VGC 2026",https://pikalytics.com/pokedex/gen9championsvgc2026regma,12,Farigiraf,16.12
2026-07-21,2026-07-21T12:00:02Z,pikalytics,gen9championsvgc2026regma,"Best Pokemon, teams, and builds in Pokemon Champions VGC 2026",https://pikalytics.com/pokedex/gen9championsvgc2026regma,13,Aerodactyl-Mega,12.19
2026-07-21,2026-07-21T12:00:02Z,pikalytics,gen9championsvgc2026regma,"Best Pokemon, teams, and builds in Pokemon Champions VGC 2026",https://pikalytics.com/pokedex/gen9championsvgc2026regma,14,Pelipper,12.15
2026-07-21,2026-07-21T12:00:02Z,pikalytics,gen9championsvgc2026regma,"Best Pokemon, teams, and builds in Pokemon Champions VGC 2026",https://pikalytics.com/pokedex/gen9championsvgc2026regma,15,Sableye,8.84
2026-07-21,2026-07-21T12:00:02Z,pikalytics,gen9championsvgc2026regma,"Best Pokemon, teams, and builds in Pokemon Champions VGC 2026",https://pikalytics.com/pokedex/gen9championsvgc2026regma,16,Dragonite-Mega,7.92
2026-07-21,2026-07-21T12:00:02Z,pikalytics,gen9championsvgc2026regma,"Best Pokemon, teams, and builds in Pokemon Champions VGC 2026",https://pikalytics.com/pokedex/gen9championsvgc2026regma,17,Maushold,7.90
2026-07-21,2026-07-21T12:00:02Z,pikalytics,gen9championsvgc2026regma,"Best Pokemon, teams, and builds in Pokemon Champions VGC 2026",https://pikalytics.com/pokedex/gen9championsvgc2026regma,18,Aegislash,7.46
2026-07-21,2026-07-21T12:00:02Z,pikalytics,gen9championsvgc2026regma,"Best Pokemon, teams, and builds in Pokemon Champions VGC 2026",https://pikalytics.com/pokedex/gen9championsvgc2026regma,19,Blastoise-Mega,7.45
2026-07-21,2026-07-21T12:00:02Z,pikalytics,gen9championsvgc2026regma,"Best Pokemon, teams, and builds in Pokemon Champions VGC 2026",https://pikalytics.com/pokedex/gen9championsvgc2026regma,20,Rotom-Wash,7.43
2026-07-21,2026-07-21T12:00:02Z,pikalytics,gen9championsvgc2026regma,"Best Pokemon, teams, and builds in Pokemon Champions VGC 2026",https://pikalytics.com/pokedex/gen9championsvgc2026regma,21,Glimmora,6.80
2026-07-21,2026-07-21T12:00:02Z,pikalytics,gen9championsvgc2026regma,"Best Pokemon, teams, and builds in Pokemon Champions VGC 2026",https://pikalytics.com/pokedex/gen9championsvgc2026regma,22,Aerodactyl,6.72
2026-07-21,2026-07-21T12:00:02Z,pikalytics,gen9championsvgc2026regma,"Best Pokemon, teams, and builds in Pokemon Champions VGC 2026",https://pikalytics.com/pokedex/gen9championsvgc2026regma,23,Talonflame,6.19
2026-07-21,2026-07-21T12:00:02Z,pikalytics,gen9championsvgc2026regma,"Best Pokemon, teams, and builds in Pokemon Champions VGC 2026",https://pikalytics.com/pokedex/gen9championsvgc2026regma,24,Froslass-Mega,6.09
2026-07-21,2026-07-21T12:00:02Z,pikalytics,gen9championsvgc2026regma,"Best Pokemon, teams, and builds in Pokemon Champions VGC 2026",https://pikalytics.com/pokedex/gen9championsvgc2026regma,25,Scovillain-Mega,6.01
2026-07-22,2026-07-22T12:00:07Z,pikalytics,gen9championsvgc2026regma,"Best Pokemon, teams, and builds in Pokemon Champions VGC 2026",https://pikalytics.com/pokedex/gen9championsvgc2026regma,1,Basculegion,51.50
2026-07-22,2026-07-22T12:00:07Z,pikalytics,gen9championsvgc2026regma,"Best Pokemon, teams, and builds in Pokemon Champions VGC 2026",https://pikalytics.com/pokedex/gen9championsvgc2026regma,2,Kingambit,40.69
2026-07-22,2026-07-22T12:00:07Z,pikalytics,gen9championsvgc2026regma,"Best Pokemon, teams, and builds in Pokemon Champions VGC 2026",https://pikalytics.com/pokedex/gen9championsvgc2026regma,3,Garchomp,40.53
2026-07-22,2026-07-22T12:00:07Z,pikalytics,gen9championsvgc2026regma,"Best Pokemon, teams, and builds in Pokemon Champions VGC 2026",https://pikalytics.com/pokedex/gen9championsvgc2026regma,4,Charizard-Mega-Y,31.81
2026-07-22,2026-07-22T12:00:07Z,pikalytics,gen9championsvgc2026regma,"Best Pokemon, teams, and builds in Pokemon Champions VGC 2026",https://pikalytics.com/pokedex/gen9championsvgc2026regma,5,Sneasler,28.58
2026-07-22,2026-07-22T12:00:07Z,pikalytics,gen9championsvgc2026regma,"Best Pokemon, teams, and builds in Pokemon Champions VGC 2026",https://pikalytics.com/pokedex/gen9championsvgc2026regma,6,Incineroar,25.93
2026-07-22,2026-07-22T12:00:07Z,pikalytics,gen9championsvgc2026regma,"Best Pokemon, teams, and builds in Pokemon Champions VGC 2026",https://pikalytics.com/pokedex/gen9championsvgc2026regma,7,Floette-Mega,23.92
2026-07-22,2026-07-22T12:00:07Z,pikalytics,gen9championsvgc2026regma,"Best Pokemon, teams, and builds in Pokemon Champions VGC 2026",https://pikalytics.com/pokedex/gen9championsvgc2026regma,8,Sinistcha,20.44
2026-07-22,2026-07-22T12:00:07Z,pikalytics,gen9championsvgc2026regma,"Best Pokemon, teams, and builds in Pokemon Champions VGC 2026",https://pikalytics.com/pokedex/gen9championsvgc2026regma,9,Sylveon,17.90
2026-07-22,2026-07-22T12:00:07Z,pikalytics,gen9championsvgc2026regma,"Best Pokemon, teams, and builds in Pokemon Champions VGC 2026",https://pikalytics.com/pokedex/gen9championsvgc2026regma,10,Whimsicott,17.65
2026-07-22,2026-07-22T12:00:07Z,pikalytics,gen9championsvgc2026regma,"Best Pokemon, teams, and builds in Pokemon Champions VGC 2026",https://pikalytics.com/pokedex/gen9championsvgc2026regma,11,Archaludon,17.43
2026-07-22,2026-07-22T12:00:07Z,pikalytics,gen9championsvgc2026regma,"Best Pokemon, teams, and builds in Pokemon Champions VGC 2026",https://pikalytics.com/pokedex/gen9championsvgc2026regma,12,Farigiraf,16.12
2026-07-22,2026-07-22T12:00:07Z,pikalytics,gen9championsvgc2026regma,"Best Pokemon, teams, and builds in Pokemon Champions VGC 2026",https://pikalytics.com/pokedex/gen9championsvgc2026regma,13,Aerodactyl-Mega,12.19
2026-07-22,2026-07-22T12:00:07Z,pikalytics,gen9championsvgc2026regma,"Best Pokemon, teams, and builds in Pokemon Champions VGC 2026",https://pikalytics.com/pokedex/gen9championsvgc2026regma,14,Pelipper,12.15
2026-07-22,2026-07-22T12:00:07Z,pikalytics,gen9championsvgc2026regma,"Best Pokemon, teams, and builds in Pokemon Champions VGC 2026",https://pikalytics.com/pokedex/gen9championsvgc2026regma,15,Sableye,8.84
2026-07-22,2026-07-22T12:00:07Z,pikalytics,gen9championsvgc2026regma,"Best Pokemon, teams, and builds in Pokemon Champions VGC 2026",https://pikalytics.com/pokedex/gen9championsvgc2026regma,16,Dragonite-Mega,7.92
2026-07-22,2026-07-22T12:00:07Z,pikalytics,gen9championsvgc2026regma,"Best Pokemon, teams, and builds in Pokemon Champions VGC 2026",https://pikalytics.com/pokedex/gen9championsvgc2026regma,17,Maushold,7.90
2026-07-22,2026-07-22T12:00:07Z,pikalytics,gen9championsvgc2026regma,"Best Pokemon, teams, and builds in Pokemon Champions VGC 2026",https://pikalytics.com/pokedex/gen9championsvgc2026regma,18,Aegislash,7.46
2026-07-22,2026-07-22T12:00:07Z,pikalytics,gen9championsvgc2026regma,"Best Pokemon, teams, and builds in Pokemon Champions VGC 2026",https://pikalytics.com/pokedex/gen9championsvgc2026regma,19,Blastoise-Mega,7.45
2026-07-22,2026-07-22T12:00:07Z,pikalytics,gen9championsvgc2026regma,"Best Pokemon, teams, and builds in Pokemon Champions VGC 2026",https://pikalytics.com/pokedex/gen9championsvgc2026regma,20,Rotom-Wash,7.43
2026-07-22,2026-07-22T12:00:07Z,pikalytics,gen9championsvgc2026regma,"Best Pokemon, teams, and builds in Pokemon Champions VGC 2026",https://pikalytics.com/pokedex/gen9championsvgc2026regma,21,Glimmora,6.80
2026-07-22,2026-07-22T12:00:07Z,pikalytics,gen9championsvgc2026regma,"Best Pokemon, teams, and builds in Pokemon Champions VGC 2026",https://pikalytics.com/pokedex/gen9championsvgc2026regma,22,Aerodactyl,6.72
2026-07-22,2026-07-22T12:00:07Z,pikalytics,gen9championsvgc2026regma,"Best Pokemon, teams, and builds in Pokemon Champions VGC 2026",https://pikalytics.com/pokedex/gen9championsvgc2026regma,23,Talonflame,6.19
2026-07-22,2026-07-22T12:00:07Z,pikalytics,gen9championsvgc2026regma,"Best Pokemon, teams, and builds in Pokemon Champions VGC 2026",https://pikalytics.com/pokedex/gen9championsvgc2026regma,24,Froslass-Mega,6.09
2026-07-22,2026-07-22T12:00:07Z,pikalytics,gen9championsvgc2026regma,"Best Pokemon, teams, and builds in Pokemon Champions VGC 2026",https://pikalytics.com/pokedex/gen9championsvgc2026regma,25,Scovillain-Mega,6.01
2026-07-23,2026-07-23T12:00:03Z,pikalytics,gen9championsvgc2026regma,"Best Pokemon, teams, and builds in Pokemon Champions VGC 2026",https://pikalytics.com/pokedex/gen9championsvgc2026regma,1,Basculegion,51.50
2026-07-23,2026-07-23T12:00:03Z,pikalytics,gen9championsvgc2026regma,"Best Pokemon, teams, and builds in Pokemon Champions VGC 2026",https://pikalytics.com/pokedex/gen9championsvgc2026regma,2,Kingambit,40.69
2026-07-23,2026-07-23T12:00:03Z,pikalytics,gen9championsvgc2026regma,"Best Pokemon, teams, and builds in Pokemon Champions VGC 2026",https://pikalytics.com/pokedex/gen9championsvgc2026regma,3,Garchomp,40.53
2026-07-23,2026-07-23T12:00:03Z,pikalytics,gen9championsvgc2026regma,"Best Pokemon, teams, and builds in Pokemon Champions VGC 2026",https://pikalytics.com/pokedex/gen9championsvgc2026regma,4,Charizard-Mega-Y,31.81
2026-07-23,2026-07-23T12:00:03Z,pikalytics,gen9championsvgc2026regma,"Best Pokemon, teams, and builds in Pokemon Champions VGC 2026",https://pikalytics.com/pokedex/gen9championsvgc2026regma,5,Sneasler,28.58
2026-07-23,2026-07-23T12:00:03Z,pikalytics,gen9championsvgc2026regma,"Best Pokemon, teams, and builds in Pokemon Champions VGC 2026",https://pikalytics.com/pokedex/gen9championsvgc2026regma,6,Incineroar,25.93
2026-07-23,2026-07-23T12:00:03Z,pikalytics,gen9championsvgc2026regma,"Best Pokemon, teams, and builds in Pokemon Champions VGC 2026",https://pikalytics.com/pokedex/gen9championsvgc2026regma,7,Floette-Mega,23.92
2026-07-23,2026-07-23T12:00:03Z,pikalytics,gen9championsvgc2026regma,"Best Pokemon, teams, and builds in Pokemon Champions VGC 2026",https://pikalytics.com/pokedex/gen9championsvgc2026regma,8,Sinistcha,20.44
2026-07-23,2026-07-23T12:00:03Z,pikalytics,gen9championsvgc2026regma,"Best Pokemon, teams, and builds in Pokemon Champions VGC 2026",https://pikalytics.com/pokedex/gen9championsvgc2026regma,9,Sylveon,17.90
2026-07-23,2026-07-23T12:00:03Z,pikalytics,gen9championsvgc2026regma,"Best Pokemon, teams, and builds in Pokemon Champions VGC 2026",https://pikalytics.com/pokedex/gen9championsvgc2026regma,10,Whimsicott,17.65
2026-07-23,2026-07-23T12:00:03Z,pikalytics,gen9championsvgc2026regma,"Best Pokemon, teams, and builds in Pokemon Champions VGC 2026",https://pikalytics.com/pokedex/gen9championsvgc2026regma,11,Archaludon,17.43
2026-07-23,2026-07-23T12:00:03Z,pikalytics,gen9championsvgc2026regma,"Best Pokemon, teams, and builds in Pokemon Champions VGC 2026",https://pikalytics.com/pokedex/gen9championsvgc2026regma,12,Farigiraf,16.12
2026-07-23,2026-07-23T12:00:03Z,pikalytics,gen9championsvgc2026regma,"Best Pokemon, teams, and builds in Pokemon Champions VGC 2026",https://pikalytics.com/pokedex/gen9championsvgc2026regma,13,Aerodactyl-Mega,12.19
2026-07-23,2026-07-23T12:00:03Z,pikalytics,gen9championsvgc2026regma,"Best Pokemon, teams, and builds in Pokemon Champions VGC 2026",https://pikalytics.com/pokedex/gen9championsvgc2026regma,14,Pelipper,12.15
2026-07-23,2026-07-23T12:00:03Z,pikalytics,gen9championsvgc2026regma,"Best Pokemon, teams, and builds in Pokemon Champions VGC 2026",https://pikalytics.com/pokedex/gen9championsvgc2026regma,15,Sableye,8.84
2026-07-23,2026-07-23T12:00:03Z,pikalytics,gen9championsvgc2026regma,"Best Pokemon, teams, and builds in Pokemon Champions VGC 2026",https://pikalytics.com/pokedex/gen9championsvgc2026regma,16,Dragonite-Mega,7.92
2026-07-23,2026-07-23T12:00:03Z,pikalytics,gen9championsvgc2026regma,"Best Pokemon, teams, and builds in Pokemon Champions VGC 2026",https://pikalytics.com/pokedex/gen9championsvgc2026regma,17,Maushold,7.90
2026-07-23,2026-07-23T12:00:03Z,pikalytics,gen9championsvgc2026regma,"Best Pokemon, teams, and builds in Pokemon Champions VGC 2026",https://pikalytics.com/pokedex/gen9championsvgc2026regma,18,Aegislash,7.46
2026-07-23,2026-07-23T12:00:03Z,pikalytics,gen9championsvgc2026regma,"Best Pokemon, teams, and builds in Pokemon Champions VGC 2026",https://pikalytics.com/pokedex/gen9championsvgc2026regma,19,Blastoise-Mega,7.45
2026-07-23,2026-07-23T12:00:03Z,pikalytics,gen9championsvgc2026regma,"Best Pokemon, teams, and builds in Pokemon Champions VGC 2026",https://pikalytics.com/pokedex/gen9championsvgc2026regma,20,Rotom-Wash,7.43
2026-07-23,2026-07-23T12:00:03Z,pikalytics,gen9championsvgc2026regma,"Best Pokemon, teams, and builds in Pokemon Champions VGC 2026",https://pikalytics.com/pokedex/gen9championsvgc2026regma,21,Glimmora,6.80
2026-07-23,2026-07-23T12:00:03Z,pikalytics,gen9championsvgc2026regma,"Best Pokemon, teams, and builds in Pokemon Champions VGC 2026",https://pikalytics.com/pokedex/gen9championsvgc2026regma,22,Aerodactyl,6.72
2026-07-23,2026-07-23T12:00:03Z,pikalytics,gen9championsvgc2026regma,"Best Pokemon, teams, and builds in Pokemon Champions VGC 2026",https://pikalytics.com/pokedex/gen9championsvgc2026regma,23,Talonflame,6.19
2026-07-23,2026-07-23T12:00:03Z,pikalytics,gen9championsvgc2026regma,"Best Pokemon, teams, and builds in Pokemon Champions VGC 2026",https://pikalytics.com/pokedex/gen9championsvgc2026regma,24,Froslass-Mega,6.09
2026-07-23,2026-07-23T12:00:03Z,pikalytics,gen9championsvgc2026regma,"Best Pokemon, teams, and builds in Pokemon Champions VGC 2026",https://pikalytics.com/pokedex/gen9championsvgc2026regma,25,Scovillain-Mega,6.01
2026-07-24,2026-07-24T12:00:03Z,pikalytics,gen9championsvgc2026regma,"Best Pokemon, teams, and builds in Pokemon Champions VGC 2026",https://pikalytics.com/pokedex/gen9championsvgc2026regma,1,Basculegion,51.50
2026-07-24,2026-07-24T12:00:03Z,pikalytics,gen9championsvgc2026regma,"Best Pokemon, teams, and builds in Pokemon Champions VGC 2026",https://pikalytics.com/pokedex/gen9championsvgc2026regma,2,Kingambit,40.69
2026-07-24,2026-07-24T12:00:03Z,pikalytics,gen9championsvgc2026regma,"Best Pokemon, teams, and builds in Pokemon Champions VGC 2026",https://pikalytics.com/pokedex/gen9championsvgc2026regma,3,Garchomp,40.53
2026-07-24,2026-07-24T12:00:03Z,pikalytics,gen9championsvgc2026regma,"Best Pokemon, teams, and builds in Pokemon Champions VGC 2026",https://pikalytics.com/pokedex/gen9championsvgc2026regma,4,Charizard-Mega-Y,31.81
2026-07-24,2026-07-24T12:00:03Z,pikalytics,gen9championsvgc2026regma,"Best Pokemon, teams, and builds in Pokemon Champions VGC 2026",https://pikalytics.com/pokedex/gen9championsvgc2026regma,5,Sneasler,28.58
2026-07-24,2026-07-24T12:00:03Z,pikalytics,gen9championsvgc2026regma,"Best Pokemon, teams, and builds in Pokemon Champions VGC 2026",https://pikalytics.com/pokedex/gen9championsvgc2026regma,6,Incineroar,25.93
2026-07-24,2026-07-24T12:00:03Z,pikalytics,gen9championsvgc2026regma,"Best Pokemon, teams, and builds in Pokemon Champions VGC 2026",https://pikalytics.com/pokedex/gen9championsvgc2026regma,7,Floette-Mega,23.92
2026-07-24,2026-07-24T12:00:03Z,pikalytics,gen9championsvgc2026regma,"Best Pokemon, teams, and builds in Pokemon Champions VGC 2026",https://pikalytics.com/pokedex/gen9championsvgc2026regma,8,Sinistcha,20.44
2026-07-24,2026-07-24T12:00:03Z,pikalytics,gen9championsvgc2026regma,"Best Pokemon, teams, and builds in Pokemon Champions VGC 2026",https://pikalytics.com/pokedex/gen9championsvgc2026regma,9,Sylveon,17.90
2026-07-24,2026-07-24T12:00:03Z,pikalytics,gen9championsvgc2026regma,"Best Pokemon, teams, and builds in Pokemon Champions VGC 2026",https://pikalytics.com/pokedex/gen9championsvgc2026regma,10,Whimsicott,17.65
2026-07-24,2026-07-24T12:00:03Z,pikalytics,gen9championsvgc2026regma,"Best Pokemon, teams, and builds in Pokemon Champions VGC 2026",https://pikalytics.com/pokedex/gen9championsvgc2026regma,11,Archaludon,17.43
2026-07-24,2026-07-24T12:00:03Z,pikalytics,gen9championsvgc2026regma,"Best Pokemon, teams, and builds in Pokemon Champions VGC 2026",https://pikalytics.com/pokedex/gen9championsvgc2026regma,12,Farigiraf,16.12
2026-07-24,2026-07-24T12:00:03Z,pikalytics,gen9championsvgc2026regma,"Best Pokemon, teams, and builds in Pokemon Champions VGC 2026",https://pikalytics.com/pokedex/gen9championsvgc2026regma,13,Aerodactyl-Mega,12.19
2026-07-24,2026-07-24T12:00:03Z,pikalytics,gen9championsvgc2026regma,"Best Pokemon, teams, and builds in Pokemon Champions VGC 2026",https://pikalytics.com/pokedex/gen9championsvgc2026regma,14,Pelipper,12.15
2026-07-24,2026-07-24T12:00:03Z,pikalytics,gen9championsvgc2026regma,"Best Pokemon, teams, and builds in Pokemon Champions VGC 2026",https://pikalytics.com/pokedex/gen9championsvgc2026regma,15,Sableye,8.84
2026-07-24,2026-07-24T12:00:03Z,pikalytics,gen9championsvgc2026regma,"Best Pokemon, teams, and builds in Pokemon Champions VGC 2026",https://pikalytics.com/pokedex/gen9championsvgc2026regma,16,Dragonite-Mega,7.92
2026-07-24,2026-07-24T12:00:03Z,pikalytics,gen9championsvgc2026regma,"Best Pokemon, teams, and builds in Pokemon Champions VGC 2026",https://pikalytics.com/pokedex/gen9championsvgc2026regma,17,Maushold,7.90
2026-07-24,2026-07-24T12:00:03Z,pikalytics,gen9championsvgc2026regma,"Best Pokemon, teams, and builds in Pokemon Champions VGC 2026",https://pikalytics.com/pokedex/gen9championsvgc2026regma,18,Aegislash,7.46
2026-07-24,2026-07-24T12:00:03Z,pikalytics,gen9championsvgc2026regma,"Best Pokemon, teams, and builds in Pokemon Champions VGC 2026",https://pikalytics.com/pokedex/gen9championsvgc2026regma,19,Blastoise-Mega,7.45
2026-07-24,2026-07-24T12:00:03Z,pikalytics,gen9championsvgc2026regma,"Best Pokemon, teams, and builds in Pokemon Champions VGC 2026",https://pikalytics.com/pokedex/gen9championsvgc2026regma,20,Rotom-Wash,7.43
2026-07-24,2026-07-24T12:00:03Z,pikalytics,gen9championsvgc2026regma,"Best Pokemon, teams, and builds in Pokemon Champions VGC 2026",https://pikalytics.com/pokedex/gen9championsvgc2026regma,21,Glimmora,6.80
2026-07-24,2026-07-24T12:00:03Z,pikalytics,gen9championsvgc2026regma,"Best Pokemon, teams, and builds in Pokemon Champions VGC 2026",https://pikalytics.com/pokedex/gen9championsvgc2026regma,22,Aerodactyl,6.72
2026-07-24,2026-07-24T12:00:03Z,pikalytics,gen9championsvgc2026regma,"Best Pokemon, teams, and builds in Pokemon Champions VGC 2026",https://pikalytics.com/pokedex/gen9championsvgc2026regma,23,Talonflame,6.19
2026-07-24,2026-07-24T12:00:03Z,pikalytics,gen9championsvgc2026regma,"Best Pokemon, teams, and builds in Pokemon Champions VGC 2026",https://pikalytics.com/pokedex/gen9championsvgc2026regma,24,Froslass-Mega,6.09
2026-07-24,2026-07-24T12:00:03Z,pikalytics,gen9championsvgc2026regma,"Best Pokemon, teams, and builds in Pokemon Champions VGC 2026",https://pikalytics.com/pokedex/gen9championsvgc2026regma,25,Scovillain-Mega,6.01
2026-07-25,2026-07-25T12:00:03Z,pikalytics,gen9championsvgc2026regma,"Best Pokemon, teams, and builds in Pokemon Champions VGC 2026",https://pikalytics.com/pokedex/gen9championsvgc2026regma,1,Basculegion,51.50
2026-07-25,2026-07-25T12:00:03Z,pikalytics,gen9championsvgc2026regma,"Best Pokemon, teams, and builds in Pokemon Champions VGC 2026",https://pikalytics.com/pokedex/gen9championsvgc2026regma,2,Kingambit,40.69
2026-07-25,2026-07-25T12:00:03Z,pikalytics,gen9championsvgc2026regma,"Best Pokemon, teams, and builds in Pokemon Champions VGC 2026",https://pikalytics.com/pokedex/gen9championsvgc2026regma,3,Garchomp,40.53
2026-07-25,2026-07-25T12:00:03Z,pikalytics,gen9championsvgc2026regma,"Best Pokemon, teams, and builds in Pokemon Champions VGC 2026",https://pikalytics.com/pokedex/gen9championsvgc2026regma,4,Charizard-Mega-Y,31.81
2026-07-25,2026-07-25T12:00:03Z,pikalytics,gen9championsvgc2026regma,"Best Pokemon, teams, and builds in Pokemon Champions VGC 2026",https://pikalytics.com/pokedex/gen9championsvgc2026regma,5,Sneasler,28.58
2026-07-25,2026-07-25T12:00:03Z,pikalytics,gen9championsvgc2026regma,"Best Pokemon, teams, and builds in Pokemon Champions VGC 2026",https://pikalytics.com/pokedex/gen9championsvgc2026regma,6,Incineroar,25.93
2026-07-25,2026-07-25T12:00:03Z,pikalytics,gen9championsvgc2026regma,"Best Pokemon, teams, and builds in Pokemon Champions VGC 2026",https://pikalytics.com/pokedex/gen9championsvgc2026regma,7,Floette-Mega,23.92
2026-07-25,2026-07-25T12:00:03Z,pikalytics,gen9championsvgc2026regma,"Best Pokemon, teams, and builds in Pokemon Champions VGC 2026",https://pikalytics.com/pokedex/gen9championsvgc2026regma,8,Sinistcha,20.44
2026-07-25,2026-07-25T12:00:03Z,pikalytics,gen9championsvgc2026regma,"Best Pokemon, teams, and builds in Pokemon Champions VGC 2026",https://pikalytics.com/pokedex/gen9championsvgc2026regma,9,Sylveon,17.90
2026-07-25,2026-07-25T12:00:03Z,pikalytics,gen9championsvgc2026regma,"Best Pokemon, teams, and builds in Pokemon Champions VGC 2026",https://pikalytics.com/pokedex/gen9championsvgc2026regma,10,Whimsicott,17.65
2026-07-25,2026-07-25T12:00:03Z,pikalytics,gen9championsvgc2026regma,"Best Pokemon, teams, and builds in Pokemon Champions VGC 2026",https://pikalytics.com/pokedex/gen9championsvgc2026regma,11,Archaludon,17.43
2026-07-25,2026-07-25T12:00:03Z,pikalytics,gen9championsvgc2026regma,"Best Pokemon, teams, and builds in Pokemon Champions VGC 2026",https://pikalytics.com/pokedex/gen9championsvgc2026regma,12,Farigiraf,16.12
2026-07-25,2026-07-25T12:00:03Z,pikalytics,gen9championsvgc2026regma,"Best Pokemon, teams, and builds in Pokemon Champions VGC 2026",https://pikalytics.com/pokedex/gen9championsvgc2026regma,13,Aerodactyl-Mega,12.19
2026-07-25,2026-07-25T12:00:03Z,pikalytics,gen9championsvgc2026regma,"Best Pokemon, teams, and builds in Pokemon Champions VGC 2026",https://pikalytics.com/pokedex/gen9championsvgc2026regma,14,Pelipper,12.15
2026-07-25,2026-07-25T12:00:03Z,pikalytics,gen9championsvgc2026regma,"Best Pokemon, teams, and builds in Pokemon Champions VGC 2026",https://pikalytics.com/pokedex/gen9championsvgc2026regma,15,Sableye,8.84
2026-07-25,2026-07-25T12:00:03Z,pikalytics,gen9championsvgc2026regma,"Best Pokemon, teams, and builds in Pokemon Champions VGC 2026",https://pikalytics.com/pokedex/gen9championsvgc2026regma,16,Dragonite-Mega,7.92
2026-07-25,2026-07-25T12:00:03Z,pikalytics,gen9championsvgc2026regma,"Best Pokemon, teams, and builds in Pokemon Champions VGC 2026",https://pikalytics.com/pokedex/gen9championsvgc2026regma,17,Maushold,7.90
2026-07-25,2026-07-25T12:00:03Z,pikalytics,gen9championsvgc2026regma,"Best Pokemon, teams, and builds in Pokemon Champions VGC 2026",https://pikalytics.com/pokedex/gen9championsvgc2026regma,18,Aegislash,7.46
2026-07-25,2026-07-25T12:00:03Z,pikalytics,gen9championsvgc2026regma,"Best Pokemon, teams, and builds in Pokemon Champions VGC 2026",https://pikalytics.com/pokedex/gen9championsvgc2026regma,19,Blastoise-Mega,7.45
2026-07-25,2026-07-25T12:00:03Z,pikalytics,gen9championsvgc2026regma,"Best Pokemon, teams, and builds in Pokemon Champions VGC 2026",https://pikalytics.com/pokedex/gen9championsvgc2026regma,20,Rotom-Wash,7.43
2026-07-25,2026-07-25T12:00:03Z,pikalytics,gen9championsvgc2026regma,"Best Pokemon, teams, and builds in Pokemon Champions VGC 2026",https://pikalytics.com/pokedex/gen9championsvgc2026regma,21,Glimmora,6.80
2026-07-25,2026-07-25T12:00:03Z,pikalytics,gen9championsvgc2026regma,"Best Pokemon, teams, and builds in Pokemon Champions VGC 2026",https://pikalytics.com/pokedex/gen9championsvgc2026regma,22,Aerodactyl,6.72
2026-07-25,2026-07-25T12:00:03Z,pikalytics,gen9championsvgc2026regma,"Best Pokemon, teams, and builds in Pokemon Champions VGC 2026",https://pikalytics.com/pokedex/gen9championsvgc2026regma,23,Talonflame,6.19
2026-07-25,2026-07-25T12:00:03Z,pikalytics,gen9championsvgc2026regma,"Best Pokemon, teams, and builds in Pokemon Champions VGC 2026",https://pikalytics.com/pokedex/gen9championsvgc2026regma,24,Froslass-Mega,6.09
2026-07-25,2026-07-25T12:00:03Z,pikalytics,gen9championsvgc2026regma,"Best Pokemon, teams, and builds in Pokemon Champions VGC 2026",https://pikalytics.com/pokedex/gen9championsvgc2026regma,25,Scovillain-Mega,6.01
2026-07-26,2026-07-26T12:00:02Z,pikalytics,gen9championsvgc2026regma,"Best Pokemon, teams, and builds in Pokemon Champions VGC 2026",https://pikalytics.com/pokedex/gen9championsvgc2026regma,1,Basculegion,51.50
2026-07-26,2026-07-26T12:00:02Z,pikalytics,gen9championsvgc2026regma,"Best Pokemon, teams, and builds in Pokemon Champions VGC 2026",https://pikalytics.com/pokedex/gen9championsvgc2026regma,2,Kingambit,40.69
2026-07-26,2026-07-26T12:00:02Z,pikalytics,gen9championsvgc2026regma,"Best Pokemon, teams, and builds in Pokemon Champions VGC 2026",https://pikalytics.com/pokedex/gen9championsvgc2026regma,3,Garchomp,40.53
2026-07-26,2026-07-26T12:00:02Z,pikalytics,gen9championsvgc2026regma,"Best Pokemon, teams, and builds in Pokemon Champions VGC 2026",https://pikalytics.com/pokedex/gen9championsvgc2026regma,4,Charizard-Mega-Y,31.81
2026-07-26,2026-07-26T12:00:02Z,pikalytics,gen9championsvgc2026regma,"Best Pokemon, teams, and builds in Pokemon Champions VGC 2026",https://pikalytics.com/pokedex/gen9championsvgc2026regma,5,Sneasler,28.58
2026-07-26,2026-07-26T12:00:02Z,pikalytics,gen9championsvgc2026regma,"Best Pokemon, teams, and builds in Pokemon Champions VGC 2026",https://pikalytics.com/pokedex/gen9championsvgc2026regma,6,Incineroar,25.93
2026-07-26,2026-07-26T12:00:02Z,pikalytics,gen9championsvgc2026regma,"Best Pokemon, teams, and builds in Pokemon Champions VGC 2026",https://pikalytics.com/pokedex/gen9championsvgc2026regma,7,Floette-Mega,23.92
2026-07-26,2026-07-26T12:00:02Z,pikalytics,gen9championsvgc2026regma,"Best Pokemon, teams, and builds in Pokemon Champions VGC 2026",https://pikalytics.com/pokedex/gen9championsvgc2026regma,8,Sinistcha,20.44
2026-07-26,2026-07-26T12:00:02Z,pikalytics,gen9championsvgc2026regma,"Best Pokemon, teams, and builds in Pokemon Champions VGC 2026",https://pikalytics.com/pokedex/gen9championsvgc2026regma,9,Sylveon,17.90
2026-07-26,2026-07-26T12:00:02Z,pikalytics,gen9championsvgc2026regma,"Best Pokemon, teams, and builds in Pokemon Champions VGC 2026",https://pikalytics.com/pokedex/gen9championsvgc2026regma,10,Whimsicott,17.65
2026-07-26,2026-07-26T12:00:02Z,pikalytics,gen9championsvgc2026regma,"Best Pokemon, teams, and builds in Pokemon Champions VGC 2026",https://pikalytics.com/pokedex/gen9championsvgc2026regma,11,Archaludon,17.43
2026-07-26,2026-07-26T12:00:02Z,pikalytics,gen9championsvgc2026regma,"Best Pokemon, teams, and builds in Pokemon Champions VGC 2026",https://pikalytics.com/pokedex/gen9championsvgc2026regma,12,Farigiraf,16.12
2026-07-26,2026-07-26T12:00:02Z,pikalytics,gen9championsvgc2026regma,"Best Pokemon, teams, and builds in Pokemon Champions VGC 2026",https://pikalytics.com/pokedex/gen9championsvgc2026regma,13,Aerodactyl-Mega,12.19
2026-07-26,2026-07-26T12:00:02Z,pikalytics,gen9championsvgc2026regma,"Best Pokemon, teams, and builds in Pokemon Champions VGC 2026",https://pikalytics.com/pokedex/gen9championsvgc2026regma,14,Pelipper,12.15
2026-07-26,2026-07-26T12:00:02Z,pikalytics,gen9championsvgc2026regma,"Best Pokemon, teams, and builds in Pokemon Champions VGC 2026",https://pikalytics.com/pokedex/gen9championsvgc2026regma,15,Sableye,8.84
2026-07-26,2026-07-26T12:00:02Z,pikalytics,gen9championsvgc2026regma,"Best Pokemon, teams, and builds in Pokemon Champions VGC 2026",https://pikalytics.com/pokedex/gen9championsvgc2026regma,16,Dragonite-Mega,7.92
2026-07-26,2026-07-26T12:00:02Z,pikalytics,gen9championsvgc2026regma,"Best Pokemon, teams, and builds in Pokemon Champions VGC 2026",https://pikalytics.com/pokedex/gen9championsvgc2026regma,17,Maushold,7.90
2026-07-26,2026-07-26T12:00:02Z,pikalytics,gen9championsvgc2026regma,"Best Pokemon, teams, and builds in Pokemon Champions VGC 2026",https://pikalytics.com/pokedex/gen9championsvgc2026regma,18,Aegislash,7.46
2026-07-26,2026-07-26T12:00:02Z,pikalytics,gen9championsvgc2026regma,"Best Pokemon, teams, and builds in Pokemon Champions VGC 2026",https://pikalytics.com/pokedex/gen9championsvgc2026regma,19,Blastoise-Mega,7.45
2026-07-26,2026-07-26T12:00:02Z,pikalytics,gen9championsvgc2026regma,"Best Pokemon, teams, and builds in Pokemon Champions VGC 2026",https://pikalytics.com/pokedex/gen9championsvgc2026regma,20,Rotom-Wash,7.43
2026-07-26,2026-07-26T12:00:02Z,pikalytics,gen9championsvgc2026regma,"Best Pokemon, teams, and builds in Pokemon Champions VGC 2026",https://pikalytics.com/pokedex/gen9championsvgc2026regma,21,Glimmora,6.80
2026-07-26,2026-07-26T12:00:02Z,pikalytics,gen9championsvgc2026regma,"Best Pokemon, teams, and builds in Pokemon Champions VGC 2026",https://pikalytics.com/pokedex/gen9championsvgc2026regma,22,Aerodactyl,6.72
2026-07-26,2026-07-26T12:00:02Z,pikalytics,gen9championsvgc2026regma,"Best Pokemon, teams, and builds in Pokemon Champions VGC 2026",https://pikalytics.com/pokedex/gen9championsvgc2026regma,23,Talonflame,6.19
2026-07-26,2026-07-26T12:00:02Z,pikalytics,gen9championsvgc2026regma,"Best Pokemon, teams, and builds in Pokemon Champions VGC 2026",https://pikalytics.com/pokedex/gen9championsvgc2026regma,24,Froslass-Mega,6.09
2026-07-26,2026-07-26T12:00:02Z,pikalytics,gen9championsvgc2026regma,"Best Pokemon, teams, and builds in Pokemon Champions VGC 2026",https://pikalytics.com/pokedex/gen9championsvgc2026regma,25,Scovillain-Mega,6.01
2026-07-27,2026-07-27T12:00:02Z,pikalytics,gen9championsvgc2026regma,"Best Pokemon, teams, and builds in Pokemon Champions VGC 2026",https://pikalytics.com/pokedex/gen9championsvgc2026regma,1,Basculegion,51.50
2026-07-27,2026-07-27T12:00:02Z,pikalytics,gen9championsvgc2026regma,"Best Pokemon, teams, and builds in Pokemon Champions VGC 2026",https://pikalytics.com/pokedex/gen9championsvgc2026regma,2,Kingambit,40.69
2026-07-27,2026-07-27T12:00:02Z,pikalytics,gen9championsvgc2026regma,"Best Pokemon, teams, and builds in Pokemon Champions VGC 2026",https://pikalytics.com/pokedex/gen9championsvgc2026regma,3,Garchomp,40.53
2026-07-27,2026-07-27T12:00:02Z,pikalytics,gen9championsvgc2026regma,"Best Pokemon, teams, and builds in Pokemon Champions VGC 2026",https://pikalytics.com/pokedex/gen9championsvgc2026regma,4,Charizard-Mega-Y,31.81
2026-07-27,2026-07-27T12:00:02Z,pikalytics,gen9championsvgc2026regma,"Best Pokemon, teams, and builds in Pokemon Champions VGC 2026",https://pikalytics.com/pokedex/gen9championsvgc2026regma,5,Sneasler,28.58
2026-07-27,2026-07-27T12:00:02Z,pikalytics,gen9championsvgc2026regma,"Best Pokemon, teams, and builds in Pokemon Champions VGC 2026",https://pikalytics.com/pokedex/gen9championsvgc2026regma,6,Incineroar,25.93
2026-07-27,2026-07-27T12:00:02Z,pikalytics,gen9championsvgc2026regma,"Best Pokemon, teams, and builds in Pokemon Champions VGC 2026",https://pikalytics.com/pokedex/gen9championsvgc2026regma,7,Floette-Mega,23.92
2026-07-27,2026-07-27T12:00:02Z,pikalytics,gen9championsvgc2026regma,"Best Pokemon, teams, and builds in Pokemon Champions VGC 2026",https://pikalytics.com/pokedex/gen9championsvgc2026regma,8,Sinistcha,20.44
2026-07-27,2026-07-27T12:00:02Z,pikalytics,gen9championsvgc2026regma,"Best Pokemon, teams, and builds in Pokemon Champions VGC 2026",https://pikalytics.com/pokedex/gen9championsvgc2026regma,9,Sylveon,17.90
2026-07-27,2026-07-27T12:00:02Z,pikalytics,gen9championsvgc2026regma,"Best Pokemon, teams, and builds in Pokemon Champions VGC 2026",https://pikalytics.com/pokedex/gen9championsvgc2026regma,10,Whimsicott,17.65
2026-07-27,2026-07-27T12:00:02Z,pikalytics,gen9championsvgc2026regma,"Best Pokemon, teams, and builds in Pokemon Champions VGC 2026",https://pikalytics.com/pokedex/gen9championsvgc2026regma,11,Archaludon,17.43
2026-07-27,2026-07-27T12:00:02Z,pikalytics,gen9championsvgc2026regma,"Best Pokemon, teams, and builds in Pokemon Champions VGC 2026",https://pikalytics.com/pokedex/gen9championsvgc2026regma,12,Farigiraf,16.12
2026-07-27,2026-07-27T12:00:02Z,pikalytics,gen9championsvgc2026regma,"Best Pokemon, teams, and builds in Pokemon Champions VGC 2026",https://pikalytics.com/pokedex/gen9championsvgc2026regma,13,Aerodactyl-Mega,12.19
2026-07-27,2026-07-27T12:00:02Z,pikalytics,gen9championsvgc2026regma,"Best Pokemon, teams, and builds in Pokemon Champions VGC 2026",https://pikalytics.com/pokedex/gen9championsvgc2026regma,14,Pelipper,12.15
2026-07-27,2026-07-27T12:00:02Z,pikalytics,gen9championsvgc2026regma,"Best Pokemon, teams, and builds in Pokemon Champions VGC 2026",https://pikalytics.com/pokedex/gen9championsvgc2026regma,15,Sableye,8.84
2026-07-27,2026-07-27T12:00:02Z,pikalytics,gen9championsvgc2026regma,"Best Pokemon, teams, and builds in Pokemon Champions VGC 2026",https://pikalytics.com/pokedex/gen9championsvgc2026regma,16,Dragonite-Mega,7.92
2026-07-27,2026-07-27T12:00:02Z,pikalytics,gen9championsvgc2026regma,"Best Pokemon, teams, and builds in Pokemon Champions VGC 2026",https://pikalytics.com/pokedex/gen9championsvgc2026regma,17,Maushold,7.90
2026-07-27,2026-07-27T12:00:02Z,pikalytics,gen9championsvgc2026regma,"Best Pokemon, teams, and builds in Pokemon Champions VGC 2026",https://pikalytics.com/pokedex/gen9championsvgc2026regma,18,Aegislash,7.46
2026-07-27,2026-07-27T12:00:02Z,pikalytics,gen9championsvgc2026regma,"Best Pokemon, teams, and builds in Pokemon Champions VGC 2026",https://pikalytics.com/pokedex/gen9championsvgc2026regma,19,Blastoise-Mega,7.45
2026-07-27,2026-07-27T12:00:02Z,pikalytics,gen9championsvgc2026regma,"Best Pokemon, teams, and builds in Pokemon Champions VGC 2026",https://pikalytics.com/pokedex/gen9championsvgc2026regma,20,Rotom-Wash,7.43
2026-07-27,2026-07-27T12:00:02Z,pikalytics,gen9championsvgc2026regma,"Best Pokemon, teams, and builds in Pokemon Champions VGC 2026",https://pikalytics.com/pokedex/gen9championsvgc2026regma,21,Glimmora,6.80
2026-07-27,2026-07-27T12:00:02Z,pikalytics,gen9championsvgc2026regma,"Best Pokemon, teams, and builds in Pokemon Champions VGC 2026",https://pikalytics.com/pokedex/gen9championsvgc2026regma,22,Aerodactyl,6.72
2026-07-27,2026-07-27T12:00:02Z,pikalytics,gen9championsvgc2026regma,"Best Pokemon, teams, and builds in Pokemon Champions VGC 2026",https://pikalytics.com/pokedex/gen9championsvgc2026regma,23,Talonflame,6.19
2026-07-27,2026-07-27T12:00:02Z,pikalytics,gen9championsvgc2026regma,"Best Pokemon, teams, and builds in Pokemon Champions VGC 2026",https://pikalytics.com/pokedex/gen9championsvgc2026regma,24,Froslass-Mega,6.09
2026-07-27,2026-07-27T12:00:02Z,pikalytics,gen9championsvgc2026regma,"Best Pokemon, teams, and builds in Pokemon Champions VGC 2026",https://pikalytics.com/pokedex/gen9championsvgc2026regma,25,Scovillain-Mega,6.01
2026-07-28,2026-07-28T12:00:02Z,pikalytics,gen9championsvgc2026regma,"Best Pokemon, teams, and builds in Pokemon Champions VGC 2026",https://pikalytics.com/pokedex/gen9championsvgc2026regma,1,Basculegion,51.50
2026-07-28,2026-07-28T12:00:02Z,pikalytics,gen9championsvgc2026regma,"Best Pokemon, teams, and builds in Pokemon Champions VGC 2026",https://pikalytics.com/pokedex/gen9championsvgc2026regma,2,Kingambit,40.69
2026-07-28,2026-07-28T12:00:02Z,pikalytics,gen9championsvgc2026regma,"Best Pokemon, teams, and builds in Pokemon Champions VGC 2026",https://pikalytics.com/pokedex/gen9championsvgc2026regma,3,Garchomp,40.53
2026-07-28,2026-07-28T12:00:02Z,pikalytics,gen9championsvgc2026regma,"Best Pokemon, teams, and builds in Pokemon Champions VGC 2026",https://pikalytics.com/pokedex/gen9championsvgc2026regma,4,Charizard-Mega-Y,31.81
2026-07-28,2026-07-28T12:00:02Z,pikalytics,gen9championsvgc2026regma,"Best Pokemon, teams, and builds in Pokemon Champions VGC 2026",https://pikalytics.com/pokedex/gen9championsvgc2026regma,5,Sneasler,28.58
2026-07-28,2026-07-28T12:00:02Z,pikalytics,gen9championsvgc2026regma,"Best Pokemon, teams, and builds in Pokemon Champions VGC 2026",https://pikalytics.com/pokedex/gen9championsvgc2026regma,6,Incineroar,25.93
2026-07-28,2026-07-28T12:00:02Z,pikalytics,gen9championsvgc2026regma,"Best Pokemon, teams, and builds in Pokemon Champions VGC 2026",https://pikalytics.com/pokedex/gen9championsvgc2026regma,7,Floette-Mega,23.92
2026-07-28,2026-07-28T12:00:02Z,pikalytics,gen9championsvgc2026regma,"Best Pokemon, teams, and builds in Pokemon Champions VGC 2026",https://pikalytics.com/pokedex/gen9championsvgc2026regma,8,Sinistcha,20.44
2026-07-28,2026-07-28T12:00:02Z,pikalytics,gen9championsvgc2026regma,"Best Pokemon, teams, and builds in Pokemon Champions VGC 2026",https://pikalytics.com/pokedex/gen9championsvgc2026regma,9,Sylveon,17.90
2026-07-28,2026-07-28T12:00:02Z,pikalytics,gen9championsvgc2026regma,"Best Pokemon, teams, and builds in Pokemon Champions VGC 2026",https://pikalytics.com/pokedex/gen9championsvgc2026regma,10,Whimsicott,17.65
2026-07-28,2026-07-28T12:00:02Z,pikalytics,gen9championsvgc2026regma,"Best Pokemon, teams, and builds in Pokemon Champions VGC 2026",https://pikalytics.com/pokedex/gen9championsvgc2026regma,11,Archaludon,17.43
2026-07-28,2026-07-28T12:00:02Z,pikalytics,gen9championsvgc2026regma,"Best Pokemon, teams, and builds in Pokemon Champions VGC 2026",https://pikalytics.com/pokedex/gen9championsvgc2026regma,12,Farigiraf,16.12
2026-07-28,2026-07-28T12:00:02Z,pikalytics,gen9championsvgc2026regma,"Best Pokemon, teams, and builds in Pokemon Champions VGC 2026",https://pikalytics.com/pokedex/gen9championsvgc2026regma,13,Aerodactyl-Mega,12.19
2026-07-28,2026-07-28T12:00:02Z,pikalytics,gen9championsvgc2026regma,"Best Pokemon, teams, and builds in Pokemon Champions VGC 2026",https://pikalytics.com/pokedex/gen9championsvgc2026regma,14,Pelipper,12.15
2026-07-28,2026-07-28T12:00:02Z,pikalytics,gen9championsvgc2026regma,"Best Pokemon, teams, and builds in Pokemon Champions VGC 2026",https://pikalytics.com/pokedex/gen9championsvgc2026regma,15,Sableye,8.84
2026-07-28,2026-07-28T12:00:02Z,pikalytics,gen9championsvgc2026regma,"Best Pokemon, teams, and builds in Pokemon Champions VGC 2026",https://pikalytics.com/pokedex/gen9championsvgc2026regma,16,Dragonite-Mega,7.92
2026-07-28,2026-07-28T12:00:02Z,pikalytics,gen9championsvgc2026regma,"Best Pokemon, teams, and builds in Pokemon Champions VGC 2026",https://pikalytics.com/pokedex/gen9championsvgc2026regma,17,Maushold,7.90
2026-07-28,2026-07-28T12:00:02Z,pikalytics,gen9championsvgc2026regma,"Best Pokemon, teams, and builds in Pokemon Champions VGC 2026",https://pikalytics.com/pokedex/gen9championsvgc2026regma,18,Aegislash,7.46
2026-07-28,2026-07-28T12:00:02Z,pikalytics,gen9championsvgc2026regma,"Best Pokemon, teams, and builds in Pokemon Champions VGC 2026",https://pikalytics.com/pokedex/gen9championsvgc2026regma,19,Blastoise-Mega,7.45
2026-07-28,2026-07-28T12:00:02Z,pikalytics,gen9championsvgc2026regma,"Best Pokemon, teams, and builds in Pokemon Champions VGC 2026",https://pikalytics.com/pokedex/gen9championsvgc2026regma,20,Rotom-Wash,7.43
2026-07-28,2026-07-28T12:00:02Z,pikalytics,gen9championsvgc2026regma,"Best Pokemon, teams, and builds in Pokemon Champions VGC 2026",https://pikalytics.com/pokedex/gen9championsvgc2026regma,21,Glimmora,6.80
2026-07-28,2026-07-28T12:00:02Z,pikalytics,gen9championsvgc2026regma,"Best Pokemon, teams, and builds in Pokemon Champions VGC 2026",https://pikalytics.com/pokedex/gen9championsvgc2026regma,22,Aerodactyl,6.72
2026-07-28,2026-07-28T12:00:02Z,pikalytics,gen9championsvgc2026regma,"Best Pokemon, teams, and builds in Pokemon Champions VGC 2026",https://pikalytics.com/pokedex/gen9championsvgc2026regma,23,Talonflame,6.19
2026-07-28,2026-07-28T12:00:02Z,pikalytics,gen9championsvgc2026regma,"Best Pokemon, teams, and builds in Pokemon Champions VGC 2026",https://pikalytics.com/pokedex/gen9championsvgc2026regma,24,Froslass-Mega,6.09
2026-07-28,2026-07-28T12:00:02Z,pikalytics,gen9championsvgc2026regma,"Best Pokemon, teams, and builds in Pokemon Champions VGC 2026",https://pikalytics.com/pokedex/gen9championsvgc2026regma,25,Scovillain-Mega,6.01
