snapshot_date,snapshot_at_utc,source,format_slug,format_name,source_url,team_rank,team_size,team_label,author,record,wins,losses,draws,matches_played,win_rate,event_name,event_date,event_rank,won_event,event_player_count,meta_text,team_source_url,event_standings_url,pokemon_names,pokemon_1,pokemon_2,pokemon_3,pokemon_4,pokemon_5,pokemon_6,pokemon_1_item,pokemon_2_item,pokemon_3_item,pokemon_4_item,pokemon_5_item,pokemon_6_item,pokemon_1_ability,pokemon_2_ability,pokemon_3_ability,pokemon_4_ability,pokemon_5_ability,pokemon_6_ability,pokemon_1_moves,pokemon_2_moves,pokemon_3_moves,pokemon_4_moves,pokemon_5_moves,pokemon_6_moves
2026-06-17,2026-06-17T12:00:03Z,pikalytics,gen9championsvgc2026regma,"Best Pokemon, teams, and builds in Pokemon Champions VGC 2026",https://pikalytics.com/pokedex/gen9championsvgc2026regma,1,6,Francesco Pio Pero,Francesco Pio Pero,15-2,15,2,0,17,88.24,2026 North America Pokémon VGC International Championships,,1,1,,2026 North America Pokémon VGC International Championships Rank #1,https://rk9.gg/teamlist/public/NA02wgUPFDXKmQmqILwS/9lrtxC7OBOtyLndEmmkX,,Charizard-Mega-Y:Sylveon:Kingambit:Basculegion:Garchomp:Aerodactyl-Mega,Charizard-Mega-Y,Sylveon,Kingambit,Basculegion,Garchomp,Aerodactyl-Mega,,,,,,,,,,,,,,,,,,
2026-06-17,2026-06-17T12:00:03Z,pikalytics,gen9championsvgc2026regma,"Best Pokemon, teams, and builds in Pokemon Champions VGC 2026",https://pikalytics.com/pokedex/gen9championsvgc2026regma,2,6,ARSAL PURI,ARSAL PURI,15-1,15,1,0,16,93.75,2026 Indianapolis Pokémon VGC Regional Championships,,1,1,,2026 Indianapolis Pokémon VGC Regional Championships Rank #1,https://rk9.gg/teamlist/public/IN02wbUMQOt2eNv12cgC/8VoM9hgsZ4lhRhaviG1m,,Venusaur:Charizard-Mega-Y:Garchomp:Incineroar:Floette-Eternal:Sinistcha,Venusaur,Charizard-Mega-Y,Garchomp,Incineroar,Floette-Eternal,Sinistcha,,,,,,,,,,,,,,,,,,
2026-06-17,2026-06-17T12:00:03Z,pikalytics,gen9championsvgc2026regma,"Best Pokemon, teams, and builds in Pokemon Champions VGC 2026",https://pikalytics.com/pokedex/gen9championsvgc2026regma,3,6,Marco Hemantha Kaludura Silva,Marco Hemantha Kaludura Silva,14-2,14,2,0,16,87.50,2026 Turin Pokémon VGC Special Championships,,1,1,,2026 Turin Pokémon VGC Special Championships Rank #1,https://rk9.gg/teamlist/public/TU02wKzv4cT2BBiI9dEg/dttO71MzkIQv2wFlO3ro,,Incineroar:Floette-Eternal:Sneasler:Kingambit:Gengar-Mega:Kommo-o,Incineroar,Floette-Eternal,Sneasler,Kingambit,Gengar-Mega,Kommo-o,,,,,,,,,,,,,,,,,,
2026-06-17,2026-06-17T12:00:03Z,pikalytics,gen9championsvgc2026regma,"Best Pokemon, teams, and builds in Pokemon Champions VGC 2026",https://pikalytics.com/pokedex/gen9championsvgc2026regma,4,6,Wolfe Glick,Wolfe Glick,14-2,14,2,0,16,87.50,2026 Indianapolis Pokémon VGC Regional Championships,,2,0,,2026 Indianapolis Pokémon VGC Regional Championships Rank #2,https://rk9.gg/teamlist/public/IN02wbUMQOt2eNv12cgC/MsT07hHqKtXSdPePxzOG,,Sneasler:Sinistcha:Talonflame:Steelix-Mega:Rotom-Wash:Tyranitar-Mega,Sneasler,Sinistcha,Talonflame,Steelix-Mega,Rotom-Wash,Tyranitar-Mega,,,,,,,,,,,,,,,,,,
2026-06-17,2026-06-17T12:00:03Z,pikalytics,gen9championsvgc2026regma,"Best Pokemon, teams, and builds in Pokemon Champions VGC 2026",https://pikalytics.com/pokedex/gen9championsvgc2026regma,5,6,Eric Rios,Eric Rios,14-3,14,3,0,17,82.35,2026 North America Pokémon VGC International Championships,,2,0,,2026 North America Pokémon VGC International Championships Rank #2,https://rk9.gg/teamlist/public/NA02wgUPFDXKmQmqILwS/U9XH14cwbKFeBoqmQZhy,,Charizard-Mega-Y:Garchomp:Sylveon:Farigiraf:Kingambit:Aerodactyl-Mega,Charizard-Mega-Y,Garchomp,Sylveon,Farigiraf,Kingambit,Aerodactyl-Mega,,,,,,,,,,,,,,,,,,
2026-06-17,2026-06-17T12:00:03Z,pikalytics,gen9championsvgc2026regma,"Best Pokemon, teams, and builds in Pokemon Champions VGC 2026",https://pikalytics.com/pokedex/gen9championsvgc2026regma,6,6,Wolfe Glick,Wolfe Glick,14-2,14,2,0,16,87.50,2026 North America Pokémon VGC International Championships,,3,0,,2026 North America Pokémon VGC International Championships Rank #3,https://rk9.gg/teamlist/public/NA02wgUPFDXKmQmqILwS/HPz4kk7PmSTYC90tokNC,,Mamoswine:Toxapex:Sneasler:Hydreigon:Charizard-Mega-Y:Incineroar,Mamoswine,Toxapex,Sneasler,Hydreigon,Charizard-Mega-Y,Incineroar,,,,,,,,,,,,,,,,,,
2026-06-15,2026-06-15T12:00:02Z,pikalytics,gen9championsvgc2026regma,"Best Pokemon, teams, and builds in Pokemon Champions VGC 2026",https://pikalytics.com/pokedex/gen9championsvgc2026regma,13,6,Michael Zhang,Michael Zhang,12-3,12,3,0,15,80.00,2026 Indianapolis Pokémon VGC Regional Championships,,3,0,,2026 Indianapolis Pokémon VGC Regional Championships Rank #3,https://rk9.gg/teamlist/public/IN02wbUMQOt2eNv12cgC/ByRb88oyZmnEyj1PEN23,,Corviknight:Tyranitar-Mega:Hydreigon:Froslass-Mega:Garchomp:Arcanine-Hisui,Corviknight,Tyranitar-Mega,Hydreigon,Froslass-Mega,Garchomp,Arcanine-Hisui,,,,,,,,,,,,,,,,,,
2026-05-23,2026-05-23T12:00:02Z,pikalytics,gen9championsvgc2026regma,Pokemon Champions VGC 2026 Regulation Set M-A,https://pikalytics.com/pokedex/gen9championsvgc2026regma,6,6,TheBardo,TheBardo,8-5,8,5,0,13,61.54,The Grand Champions Festival,2026-04-25,1,1,6100,The Grand Champions Festival Rank #1,https://play.limitlesstcg.com/tournament/69c30ae236f5b5c303dbce1c/player/thebardo/teamlist,https://play.limitlesstcg.com/tournament/69c30ae236f5b5c303dbce1c/standings,Charizard-Mega-Y:Aerodactyl:Sylveon:Garchomp:Incineroar:Farigiraf,Charizard-Mega-Y,Aerodactyl,Sylveon,Garchomp,Incineroar,Farigiraf,Charizardite Y,Focus Sash,Fairy Feather,Haban Berry,Chople Berry,Sitrus Berry,Blaze,Unnerve,Pixilate,Rough Skin,Intimidate,Armor Tail,Heat Wave:Weather Ball:Solar Beam:Protect,Rock Slide:Dual Wingbeat:Tailwind:Protect,Hyper Voice:Hyper Beam:Substitute:Detect,Earthquake:Dragon Claw:Stomping Tantrum:Protect,Flare Blitz:Darkest Lariat:Parting Shot:Fake Out,Twin Beam:Helping Hand:Trick Room:Protect
2026-05-23,2026-05-23T12:00:02Z,pikalytics,gen9championsvgc2026regma,Pokemon Champions VGC 2026 Regulation Set M-A,https://pikalytics.com/pokedex/gen9championsvgc2026regma,13,6,SilvioUeda,SilvioUeda,12-2,12,2,0,14,85.71,Tournament TBD,2026-04-25,1,1,221,Tournament TBD Rank #1,https://play.limitlesstcg.com/tournament/69dd6cef78b359b789d618c7/player/silvioueda/teamlist,https://play.limitlesstcg.com/tournament/69dd6cef78b359b789d618c7/standings,Floette-Eternal:Volcarona:Garchomp:Aerodactyl:Sneasler:Kingambit,Floette-Eternal,Volcarona,Garchomp,Aerodactyl,Sneasler,Kingambit,Floettite,Sitrus Berry,Soft Sand,Focus Sash,White Herb,Black Glasses,Flower Veil,Flame Body,Rough Skin,Unnerve,Unburden,Defiant,Moonblast:Dazzling Gleam:Calm Mind:Protect,Heat Wave:Struggle Bug:Rage Powder:Protect,Earthquake:Stomping Tantrum:Rock Slide:Protect,Rock Slide:Dual Wingbeat:Tailwind:Protect,Fake Out:Close Combat:Dire Claw:Protect,Kowtow Cleave:Sucker Punch:Swords Dance:Protect
2026-05-28,2026-05-28T12:00:02Z,pikalytics,gen9championsvgc2026regma,"Best Pokemon, Teams and Builds in Pokemon Champions",https://pikalytics.com/pokedex/gen9championsvgc2026regma,20,6,Murm,Murm,11-1,11,1,0,12,91.67,Talon's FIGHT CLUB #82 POKEMON CHAMPIONS,2026-04-30,1,1,89,Talon's FIGHT CLUB #82 POKEMON CHAMPIONS Rank #1,https://play.limitlesstcg.com/tournament/69c84b7236f5b5c303dc0601/player/murm/teamlist,https://play.limitlesstcg.com/tournament/69c84b7236f5b5c303dc0601/standings,Whimsicott:Basculegion:Sneasler:Floette-Eternal:Kingambit:Charizard-Mega-Y,Whimsicott,Basculegion,Sneasler,Floette-Eternal,Kingambit,Charizard-Mega-Y,Focus Sash,Sitrus Berry,White Herb,Floettite,Chople Berry,Charizardite Y,Prankster,Adaptability,Unburden,Symbiosis,Defiant,Blaze,Moonblast:Tailwind:Encore:Protect,Wave Crash:Last Respects:Aqua Jet:Protect,Fake Out:Dire Claw:Close Combat:Protect,Moonblast:Dazzling Gleam:Light of Ruin:Protect,Kowtow Cleave:Low Kick:Sucker Punch:Protect,Heat Wave:Solar Beam:Weather Ball:Protect
2026-05-30,2026-05-30T12:00:02Z,pikalytics,gen9championsvgc2026regma,"Best Pokemon, teams, and builds in Pokemon Champions VGC 2026",https://pikalytics.com/pokedex/gen9championsvgc2026regma,3,6,imstone,imstone,11-2,11,2,0,13,84.62,SpearPillar Champions Tour #2 | Reg M-A $100 Prize,2026-05-02,1,1,270,SpearPillar Champions Tour #2 | Reg M-A $100 Prize Rank #1,https://play.limitlesstcg.com/tournament/69cd686036f5b5c303dc45b1/player/imstone/teamlist,https://play.limitlesstcg.com/tournament/69cd686036f5b5c303dc45b1/standings,Tyranitar-Mega:Corviknight:Hydreigon:Mimikyu:Excadrill:Rotom-Wash,Tyranitar-Mega,Corviknight,Hydreigon,Mimikyu,Excadrill,Rotom-Wash,Tyranitarite,Leftovers,Choice Scarf,White Herb,Focus Sash,Sitrus Berry,Sand Stream,Mirror Armor,Levitate,Disguise,Sand Rush,Levitate,Rock Slide:Knock Off:Low Kick:Protect,Brave Bird:Bulk Up:Roost:Tailwind,Dark Pulse:Draco Meteor:Heat Wave:Snarl,Play Rough:Shadow Sneak:Will-O-Wisp:Protect,Iron Head:Earthquake:Rock Slide:Protect,Thunderbolt:Hydro Pump:Will-O-Wisp:Protect
2026-05-25,2026-05-25T12:00:02Z,pikalytics,gen9championsvgc2026regma,"Best Pokemon, Teams and Builds in Pokemon Champions",https://pikalytics.com/pokedex/gen9championsvgc2026regma,16,6,Evan_santos,Evan_santos,11-2,11,2,0,13,84.62,Tournament TBD,2026-05-02,1,1,177,Tournament TBD Rank #1,https://play.limitlesstcg.com/tournament/69dd6d2e48d465883f712e47/player/evan_santos/teamlist,https://play.limitlesstcg.com/tournament/69dd6d2e48d465883f712e47/standings,Kingambit:Kommo-o:Sneasler:Basculegion:Froslass-Mega:Tsareena,Kingambit,Kommo-o,Sneasler,Basculegion,Froslass-Mega,Tsareena,Chople Berry,Leftovers,White Herb,Choice Scarf,Froslassite,Miracle Seed,Defiant,Soundproof,Unburden,Adaptability,Cursed Body,Queenly Majesty,Iron Head:Low Kick:Kowtow Cleave:Sucker Punch,Clanging Scales:Aura Sphere:Clangorous Soul:Protect,Close Combat:Dire Claw:Fake Out:Protect,Wave Crash:Last Respects:Aqua Jet:Flip Turn,Blizzard:Shadow Ball:Aurora Veil:Protect,Trop Kick:Low Kick:Triple Axel:Protect
2026-05-29,2026-05-29T12:00:03Z,pikalytics,gen9championsvgc2026regma,"Best Pokemon, Teams and Builds in Pokemon Champions",https://pikalytics.com/pokedex/gen9championsvgc2026regma,18,6,Chuybreton,Chuybreton,9 - 0 - 0,9,0,0,9,100.00,Extreme Speed Pokémon Champions #4,2026-05-04,1,1,32,Extreme Speed Pokémon Champions #4 Rank #1,https://play.limitlesstcg.com/tournament/69f3dd0de23aab068aad66d6/player/chuybreton/teamlist,https://play.limitlesstcg.com/tournament/69f3dd0de23aab068aad66d6/standings,Meganium:Scizor:Pelipper:Archaludon:Sableye:Basculegion,Meganium,Scizor,Pelipper,Archaludon,Sableye,Basculegion,Meganiumite,Metal Coat,Sitrus Berry,Leftovers,Roseli Berry,Focus Sash,Leaf Guard,Technician,Drizzle,Stamina,Prankster,Adaptability,Weather Ball:Dazzling Gleam:Solar Beam:Protect,Bullet Punch:U-turn:Close Combat:Protect,Weather Ball:Hurricane:Tailwind:Wide Guard,Electro Shot:Dragon Pulse:Flash Cannon:Protect,Rain Dance:Light Screen:Reflect:Will-O-Wisp,Aqua Jet:Liquidation:Protect:Last Respects
2026-05-30,2026-05-30T12:00:02Z,pikalytics,gen9championsvgc2026regma,"Best Pokemon, teams, and builds in Pokemon Champions VGC 2026",https://pikalytics.com/pokedex/gen9championsvgc2026regma,19,6,Chuybreton,Chuybreton,9-0,9,0,0,9,100.00,Extreme Speed Pokémon Champions #4,2026-05-04,1,1,32,Extreme Speed Pokémon Champions #4 Rank #1,https://play.limitlesstcg.com/tournament/69f3dd0de23aab068aad66d6/player/chuybreton/teamlist,https://play.limitlesstcg.com/tournament/69f3dd0de23aab068aad66d6/standings,Meganium-Mega:Scizor:Pelipper:Archaludon:Sableye:Basculegion,Meganium-Mega,Scizor,Pelipper,Archaludon,Sableye,Basculegion,Meganiumite,Metal Coat,Sitrus Berry,Leftovers,Roseli Berry,Focus Sash,Leaf Guard,Technician,Drizzle,Stamina,Prankster,Adaptability,Weather Ball:Dazzling Gleam:Solar Beam:Protect,Bullet Punch:U-turn:Close Combat:Protect,Weather Ball:Hurricane:Tailwind:Wide Guard,Electro Shot:Dragon Pulse:Flash Cannon:Protect,Rain Dance:Light Screen:Reflect:Will-O-Wisp,Aqua Jet:Liquidation:Protect:Last Respects
2026-05-23,2026-05-23T12:00:02Z,pikalytics,gen9championsvgc2026regma,Pokemon Champions VGC 2026 Regulation Set M-A,https://pikalytics.com/pokedex/gen9championsvgc2026regma,20,6,Limitester,Limitester,9-1,9,1,0,10,90.00,Tenki's Cart - Champions M-A,2026-05-07,1,1,46,Tenki's Cart - Champions M-A Rank #1,https://play.limitlesstcg.com/tournament/69f8714be23aab068aada743/player/limitester/teamlist,https://play.limitlesstcg.com/tournament/69f8714be23aab068aada743/standings,Gengar-Mega:Incineroar:Kingambit:Blastoise:Ninetales-Alola:Dragonite,Gengar-Mega,Incineroar,Kingambit,Blastoise,Ninetales-Alola,Dragonite,Gengarite,Sitrus Berry,Chople Berry,Leftovers,Never-Melt Ice,Dragon Fang,Cursed Body,Intimidate,Defiant,Rain Dish,Snow Warning,Multiscale,Protect:Perish Song:Shadow Ball:Sludge Bomb,Protect:Fake Out:Flare Blitz:Parting Shot,Protect:Low Kick:Sucker Punch:Kowtow Cleave,Protect:Flip Turn:Fake Out:Body Press,Encore:Protect:Disable:Blizzard,Protect:Low Kick:Dragon Claw:Extreme Speed
2026-06-08,2026-06-08T12:00:02Z,pikalytics,gen9championsvgc2026regma,"Best Pokemon, teams, and builds in Pokemon Champions VGC 2026",https://pikalytics.com/pokedex/gen9championsvgc2026regma,11,6,TurboMatt,TurboMatt,11-1,11,1,0,12,91.67,Coupe Critique Champions VGC #2 - 200€ prize,2026-05-09,1,1,231,Coupe Critique Champions VGC #2 - 200€ prize Rank #1,https://play.limitlesstcg.com/tournament/69f0e7f6e23aab068aad44a1/player/turbomatt/teamlist,https://play.limitlesstcg.com/tournament/69f0e7f6e23aab068aad44a1/standings,Gengar-Mega:Sinistcha:Archaludon:Incineroar:Sableye:Politoed,Gengar-Mega,Sinistcha,Archaludon,Incineroar,Sableye,Politoed,Gengarite,Colbur Berry,Leftovers,Passho Berry,Roseli Berry,Sitrus Berry,Cursed Body,Hospitality,Stamina,Intimidate,Prankster,Drizzle,Shadow Ball:Perish Song:Disable:Protect,Matcha Gotcha:Rage Powder:Trick Room:Protect,Electro Shot:Dragon Pulse:Flash Cannon:Protect,Throat Chop:Fake Out:Parting Shot:Protect,Rain Dance:Light Screen:Will-O-Wisp:Encore,Weather Ball:Perish Song:Encore:Protect
2026-05-30,2026-05-30T12:00:02Z,pikalytics,gen9championsvgc2026regma,"Best Pokemon, teams, and builds in Pokemon Champions VGC 2026",https://pikalytics.com/pokedex/gen9championsvgc2026regma,20,6,ShrimpTheShrimp,ShrimpTheShrimp,11-2,11,2,0,13,84.62,SpearPillar Champions Tour #3 | Reg M-A $100 Prize,2026-05-09,1,1,237,SpearPillar Champions Tour #3 | Reg M-A $100 Prize Rank #1,https://play.limitlesstcg.com/tournament/69cd689636f5b5c303dc45b3/player/shrimptheshrimp/teamlist,https://play.limitlesstcg.com/tournament/69cd689636f5b5c303dc45b3/standings,Whimsicott:Incineroar:Floette-Eternal:Tyranitar:Garchomp:Charizard-Mega-Y,Whimsicott,Incineroar,Floette-Eternal,Tyranitar,Garchomp,Charizard-Mega-Y,Sitrus Berry,Chople Berry,Floettite,Focus Sash,White Herb,Charizardite Y,Prankster,Intimidate,Flower Veil,Sand Stream,Sand Veil,Solar Power,Tailwind:Encore:Moonblast:Protect,Throat Chop:Flare Blitz:Fake Out:Parting Shot,Light of Ruin:Protect:Moonblast:Dazzling Gleam,Rock Slide:Knock Off:Protect:High Horsepower,Protect:Earthquake:Outrage:Rock Slide,Heat Wave:Focus Blast:Protect:Air Slash
2026-05-25,2026-05-25T12:00:02Z,pikalytics,gen9championsvgc2026regma,"Best Pokemon, Teams and Builds in Pokemon Champions",https://pikalytics.com/pokedex/gen9championsvgc2026regma,20,6,mamaimchasinaghostt,mamaimchasinaghostt,9-1,9,1,0,10,90.00,Tournament TBD,2026-05-09,1,1,43,Tournament TBD Rank #1,https://play.limitlesstcg.com/tournament/69f854924f71d664893ec43b/player/mamaimchasinaghostt/teamlist,https://play.limitlesstcg.com/tournament/69f854924f71d664893ec43b/standings,Scovillain-Mega:Aerodactyl-Mega:Sneasler:Basculegion:Kingambit:Kommo-o,Scovillain-Mega,Aerodactyl-Mega,Sneasler,Basculegion,Kingambit,Kommo-o,Scovillainite,Aerodactylite,White Herb,Focus Sash,Chople Berry,Leftovers,Moody,Unnerve,Unburden,Adaptability,Defiant,Soundproof,Overheat:Energy Ball:Rage Powder:Protect,Rock Slide:Dual Wingbeat:Tailwind:Protect,Fake Out:Close Combat:Dire Claw:Protect,Liquidation:Aqua Jet:Last Respects:Protect,Kowtow Cleave:Sucker Punch:Iron Head:Protect,Clangorous Soul:Clanging Scales:Aura Sphere:Protect
2026-05-25,2026-05-25T12:00:02Z,pikalytics,gen9championsvgc2026regma,"Best Pokemon, Teams and Builds in Pokemon Champions",https://pikalytics.com/pokedex/gen9championsvgc2026regma,19,6,Duxlemon,Duxlemon,9-1,9,1,0,10,90.00,Mt. Moon Champions VGC Weekly #1 2026,2026-05-10,1,1,71,Mt. Moon Champions VGC Weekly #1 2026 Rank #1,https://play.limitlesstcg.com/tournament/69feb07edfbdf089cbbd5716/player/duxlemon/teamlist,https://play.limitlesstcg.com/tournament/69feb07edfbdf089cbbd5716/standings,Aerodactyl-Mega:Garchomp:Charizard-Mega-Y:Basculegion:Sylveon:Kingambit,Aerodactyl-Mega,Garchomp,Charizard-Mega-Y,Basculegion,Sylveon,Kingambit,Aerodactylite,Sitrus Berry,Charizardite Y,Focus Sash,Fairy Feather,Chople Berry,Unnerve,Rough Skin,Blaze,Adaptability,Pixilate,Defiant,Rock Slide:Dual Wingbeat:Tailwind:Protect,Earthquake:Dragon Claw:Rock Tomb:Protect,Heat Wave:Weather Ball:Solar Beam:Protect,Liquidation:Last Respects:Aqua Jet:Protect,Hyper Voice:Hyper Beam:Quick Attack:Detect,Kowtow Cleave:Sucker Punch:Protect:Iron Head
2026-05-29,2026-05-29T12:00:03Z,pikalytics,gen9championsvgc2026regma,"Best Pokemon, Teams and Builds in Pokemon Champions",https://pikalytics.com/pokedex/gen9championsvgc2026regma,2,6,Altkyle,Altkyle,12 - 0 - 0,12,0,0,12,100.00,*Sitrus-Series*|Champions|$50 to winner|#58,2026-05-13,1,1,95,*Sitrus-Series*|Champions|$50 to winner|#58 Rank #1,https://play.limitlesstcg.com/tournament/69fc7a39e23aab068aadd155/player/altkyle/teamlist,https://play.limitlesstcg.com/tournament/69fc7a39e23aab068aadd155/standings,Dragonite:Basculegion:Scizor-Mega:Archaludon:Pelipper:Incineroar,Dragonite,Basculegion,Scizor-Mega,Archaludon,Pelipper,Incineroar,Dragoninite,Choice Scarf,Scizorite,Chople Berry,Focus Sash,Sitrus Berry,Inner Focus,Adaptability,Technician,Stamina,Drizzle,Intimidate,Dragon Pulse:Hurricane:Tailwind:Protect,Wave Crash:Last Respects:Aqua Jet:Flip Turn,Bullet Punch:Close Combat:Swords Dance:Protect,Electro Shot:Dragon Pulse:Aura Sphere:Protect,Hurricane:Weather Ball:Tailwind:Protect,Fake Out:Flare Blitz:Throat Chop:Parting Shot
2026-06-15,2026-06-15T12:00:02Z,pikalytics,gen9championsvgc2026regma,"Best Pokemon, teams, and builds in Pokemon Champions VGC 2026",https://pikalytics.com/pokedex/gen9championsvgc2026regma,6,6,Altkyle,Altkyle,12-0,12,0,0,12,100.00,*Sitrus-Series*|Champions|$50 to winner|#58,2026-05-13,1,1,95,*Sitrus-Series*|Champions|$50 to winner|#58 Rank #1,https://play.limitlesstcg.com/tournament/69fc7a39e23aab068aadd155/player/altkyle/teamlist,https://play.limitlesstcg.com/tournament/69fc7a39e23aab068aadd155/standings,Dragonite-Mega:Basculegion:Scizor-Mega:Archaludon:Pelipper:Incineroar,Dragonite-Mega,Basculegion,Scizor-Mega,Archaludon,Pelipper,Incineroar,Dragoninite,Choice Scarf,Scizorite,Chople Berry,Focus Sash,Sitrus Berry,Inner Focus,Adaptability,Technician,Stamina,Drizzle,Intimidate,Dragon Pulse:Hurricane:Tailwind:Protect,Wave Crash:Last Respects:Aqua Jet:Flip Turn,Bullet Punch:Close Combat:Swords Dance:Protect,Electro Shot:Dragon Pulse:Aura Sphere:Protect,Hurricane:Weather Ball:Tailwind:Protect,Fake Out:Flare Blitz:Throat Chop:Parting Shot
2026-05-25,2026-05-25T12:00:02Z,pikalytics,gen9championsvgc2026regma,"Best Pokemon, Teams and Builds in Pokemon Champions",https://pikalytics.com/pokedex/gen9championsvgc2026regma,15,6,HeroicTitan,HeroicTitan,7-0,7,0,0,7,100.00,Tournament TBD,2026-05-13,1,1,14,Tournament TBD Rank #1,https://play.limitlesstcg.com/tournament/69fc336fe23aab068aadd055/player/heroictitan/teamlist,https://play.limitlesstcg.com/tournament/69fc336fe23aab068aadd055/standings,Gyarados-Mega:Glimmora-Mega:Ninetales-Alola:Sinistcha:Sableye:Rotom-Heat,Gyarados-Mega,Glimmora-Mega,Ninetales-Alola,Sinistcha,Sableye,Rotom-Heat,Gyaradosite,Glimmoranite,Choice Scarf,Sitrus Berry,Roseli Berry,Leftovers,Intimidate,Toxic Debris,Snow Warning,Hospitality,Prankster,Levitate,Waterfall:Crunch:Dragon Dance:Protect,Sludge Bomb:Power Gem:Earth Power:Spiky Shield,Blizzard:Freeze-Dry:Icy Wind:Psyshock,Matcha Gotcha:Strength Sap:Rage Powder:Trick Room,Foul Play:Fake Out:Quash:Will-O-Wisp,Overheat:Thunderbolt:Helping Hand:Protect
2026-05-29,2026-05-29T12:00:03Z,pikalytics,gen9championsvgc2026regma,"Best Pokemon, Teams and Builds in Pokemon Champions",https://pikalytics.com/pokedex/gen9championsvgc2026regma,7,6,BatCoach,BatCoach,10 - 0 - 0,10,0,0,10,100.00,Unova Champions League #5 / POKÉMON CHAMPIONS,2026-05-15,1,1,56,Unova Champions League #5 / POKÉMON CHAMPIONS Rank #1,https://play.limitlesstcg.com/tournament/6a0059b2dfbdf089cbbd6e9e/player/batcoach/teamlist,https://play.limitlesstcg.com/tournament/6a0059b2dfbdf089cbbd6e9e/standings,Froslass:Garchomp:Talonflame:Sneasler:Rotom-Wash:Kingambit,Froslass,Garchomp,Talonflame,Sneasler,Rotom-Wash,Kingambit,Froslassite,Sitrus Berry,No Item,White Herb,Leftovers,Black Glasses,Cursed Body,Rough Skin,Gale Wings,Unburden,Levitate,Defiant,Blizzard:Shadow Ball:Aurora Veil:Protect,Earthquake:Stomping Tantrum:Rock Slide:Protect,Acrobatics:Tailwind:Flare Blitz:Protect,Fake Out:Close Combat:Dire Claw:Protect,Hydro Pump:Thunderbolt:Will-O-Wisp:Protect,Kowtow Cleave:Sucker Punch:Iron Head:Protect
2026-05-25,2026-05-25T12:00:02Z,pikalytics,gen9championsvgc2026regma,"Best Pokemon, Teams and Builds in Pokemon Champions",https://pikalytics.com/pokedex/gen9championsvgc2026regma,17,6,merrypasta,merrypasta,6-0,6,0,0,6,100.00,VGC UU Champions (Regulation M-A) Weekly #2,2026-05-15,1,1,12,VGC UU Champions (Regulation M-A) Weekly #2 Rank #1,https://play.limitlesstcg.com/tournament/6a02c3b713f957d6d4b4673c/player/merrypasta/teamlist,https://play.limitlesstcg.com/tournament/6a02c3b713f957d6d4b4673c/standings,Lopunny-Mega:Volcarona:Primarina:Meowscarada:Dragonite:Orthworm,Lopunny-Mega,Volcarona,Primarina,Meowscarada,Dragonite,Orthworm,Lopunnite,Leftovers,Mystic Water,Focus Sash,Dragon Fang,Sitrus Berry,Limber,Flame Body,Liquid Voice,Overgrow,Multiscale,Earth Eater,Close Combat:Fake Out:Protect:Triple Axel,Heat Wave:Giga Drain:Protect:Quiver Dance,Hyper Voice:Moonblast:Protect:Hydro Pump,Flower Trick:Knock Off:Protect:Sucker Punch,Scale Shot:Stomping Tantrum:Protect:Tailwind,Body Press:Heavy Slam:Protect:Shed Tail
2026-06-15,2026-06-15T12:00:02Z,pikalytics,gen9championsvgc2026regma,"Best Pokemon, teams, and builds in Pokemon Champions VGC 2026",https://pikalytics.com/pokedex/gen9championsvgc2026regma,20,6,BatCoach,BatCoach,10-0,10,0,0,10,100.00,Unova Champions League #5 / POKÉMON CHAMPIONS,2026-05-15,1,1,56,Unova Champions League #5 / POKÉMON CHAMPIONS Rank #1,https://play.limitlesstcg.com/tournament/6a0059b2dfbdf089cbbd6e9e/player/batcoach/teamlist,https://play.limitlesstcg.com/tournament/6a0059b2dfbdf089cbbd6e9e/standings,Froslass-Mega:Garchomp:Talonflame:Sneasler:Rotom-Wash:Kingambit,Froslass-Mega,Garchomp,Talonflame,Sneasler,Rotom-Wash,Kingambit,Froslassite,Sitrus Berry,No Item,White Herb,Leftovers,Black Glasses,Cursed Body,Rough Skin,Gale Wings,Unburden,Levitate,Defiant,Blizzard:Shadow Ball:Aurora Veil:Protect,Earthquake:Stomping Tantrum:Rock Slide:Protect,Acrobatics:Tailwind:Flare Blitz:Protect,Fake Out:Close Combat:Dire Claw:Protect,Hydro Pump:Thunderbolt:Will-O-Wisp:Protect,Kowtow Cleave:Sucker Punch:Iron Head:Protect
2026-05-29,2026-05-29T12:00:03Z,pikalytics,gen9championsvgc2026regma,"Best Pokemon, Teams and Builds in Pokemon Champions",https://pikalytics.com/pokedex/gen9championsvgc2026regma,12,6,sword,sword,11 - 2 - 0,11,2,0,13,84.62,SpearPillar Champions Tour #4 | Reg M-A $100 Prize,2026-05-16,1,1,243,SpearPillar Champions Tour #4 | Reg M-A $100 Prize Rank #1,https://play.limitlesstcg.com/tournament/69cd6904d478313a15a39215/player/sword/teamlist,https://play.limitlesstcg.com/tournament/69cd6904d478313a15a39215/standings,Kingambit:Basculegion:Whimsicott:Garchomp:Skarmory:Charizard-Mega-Y,Kingambit,Basculegion,Whimsicott,Garchomp,Skarmory,Charizard-Mega-Y,Chople Berry,Mystic Water,Focus Sash,Sitrus Berry,Skarmorite,Charizardite Y,Defiant,Adaptability,Prankster,Sand Veil,Sturdy,Blaze,Kowtow Cleave:Sucker Punch:Iron Head:Low Kick,Wave Crash:Last Respects:Aqua Jet:Protect,Moonblast:Endeavor:Tailwind:Encore,Earthquake:Dragon Claw:Rock Tomb:Poison Jab,Brave Bird:Iron Head:Rock Slide:Protect,Heat Wave:Solar Beam:Weather Ball:Protect
2026-05-28,2026-05-28T12:00:02Z,pikalytics,gen9championsvgc2026regma,"Best Pokemon, Teams and Builds in Pokemon Champions",https://pikalytics.com/pokedex/gen9championsvgc2026regma,16,6,BadassFroslass,BadassFroslass,12-1,12,1,0,13,92.31,SpearPillar Champions Tour #4 | Reg M-A $100 Prize,2026-05-16,2,0,243,SpearPillar Champions Tour #4 | Reg M-A $100 Prize Rank #2,https://play.limitlesstcg.com/tournament/69cd6904d478313a15a39215/player/badassfroslass/teamlist,https://play.limitlesstcg.com/tournament/69cd6904d478313a15a39215/standings,Froslass-Mega:Milotic:Samurott-Hisui:Aerodactyl-Mega:Sneasler:Scizor,Froslass-Mega,Milotic,Samurott-Hisui,Aerodactyl-Mega,Sneasler,Scizor,Froslassite,Leftovers,Focus Sash,Aerodactylite,White Herb,Metal Coat,Cursed Body,Competitive,Sharpness,Unnerve,Unburden,Technician,Blizzard:Protect:Shadow Ball:Will-O-Wisp,Coil:Muddy Water:Hypnosis:Recover,Protect:Sucker Punch:Night Slash:Sacred Sword,Protect:Rock Slide:Dual Wingbeat:Tailwind,Dire Claw:Close Combat:Fake Out:Coaching,Bullet Punch:Protect:Bug Bite:Swords Dance
2026-06-01,2026-06-01T12:00:02Z,pikalytics,gen9championsvgc2026regma,"Best Pokemon, teams, and builds in Pokemon Champions VGC 2026",https://pikalytics.com/pokedex/gen9championsvgc2026regma,18,6,sword,sword,11-2,11,2,0,13,84.62,SpearPillar Champions Tour #4 | Reg M-A $100 Prize,2026-05-16,1,1,243,SpearPillar Champions Tour #4 | Reg M-A $100 Prize Rank #1,https://play.limitlesstcg.com/tournament/69cd6904d478313a15a39215/player/sword/teamlist,https://play.limitlesstcg.com/tournament/69cd6904d478313a15a39215/standings,Kingambit:Basculegion:Whimsicott:Garchomp:Skarmory-Mega:Charizard-Mega-Y,Kingambit,Basculegion,Whimsicott,Garchomp,Skarmory-Mega,Charizard-Mega-Y,Chople Berry,Mystic Water,Focus Sash,Sitrus Berry,Skarmorite,Charizardite Y,Defiant,Adaptability,Prankster,Sand Veil,Sturdy,Blaze,Kowtow Cleave:Sucker Punch:Iron Head:Low Kick,Wave Crash:Last Respects:Aqua Jet:Protect,Moonblast:Endeavor:Tailwind:Encore,Earthquake:Dragon Claw:Rock Tomb:Poison Jab,Brave Bird:Iron Head:Rock Slide:Protect,Heat Wave:Solar Beam:Weather Ball:Protect
2026-05-25,2026-05-25T12:00:02Z,pikalytics,gen9championsvgc2026regma,"Best Pokemon, Teams and Builds in Pokemon Champions",https://pikalytics.com/pokedex/gen9championsvgc2026regma,18,6,Faiyex,Faiyex,7-0,7,0,0,7,100.00,Tournament TBD,2026-05-17,1,1,11,Tournament TBD Rank #1,https://play.limitlesstcg.com/tournament/6a01525f13f957d6d4b458ae/player/faiyex/teamlist,https://play.limitlesstcg.com/tournament/6a01525f13f957d6d4b458ae/standings,Venusaur-Mega:Incineroar:Garchomp:Aegislash:Rotom-Wash:Hydreigon,Venusaur-Mega,Incineroar,Garchomp,Aegislash,Rotom-Wash,Hydreigon,Venusaurite,Sitrus Berry,Choice Scarf,Spell Tag,Leftovers,Haban Berry,Chlorophyll,Intimidate,Rough Skin,Stance Change,Levitate,Levitate,Giga Drain:Sludge Bomb:Earth Power:Protect,Flare Blitz:Throat Chop:Parting Shot:Fake Out,Earthquake:Stomping Tantrum:Dragon Claw:Rock Tomb,Poltergeist:Iron Head:Shadow Sneak:King's Shield,Hydro Pump:Volt Switch:Will-O-Wisp:Protect,Draco Meteor:Snarl:Tailwind:Protect
2026-05-29,2026-05-29T12:00:03Z,pikalytics,gen9championsvgc2026regma,"Best Pokemon, Teams and Builds in Pokemon Champions",https://pikalytics.com/pokedex/gen9championsvgc2026regma,20,6,Gioc1902,Gioc1902,9 - 1 - 0,9,1,0,10,90.00,Wolfey Patreon Tournament - Pokémon Champions #3,2026-05-17,1,1,73,Wolfey Patreon Tournament - Pokémon Champions #3 Rank #1,https://play.limitlesstcg.com/tournament/69f21d93e23aab068aad52b6/player/gioc1902/teamlist,https://play.limitlesstcg.com/tournament/69f21d93e23aab068aad52b6/standings,Garchomp:Glimmora:Charizard-Mega-Y:Basculegion:Whimsicott:Kingambit,Garchomp,Glimmora,Charizard-Mega-Y,Basculegion,Whimsicott,Kingambit,Sitrus Berry,Focus Sash,Charizardite Y,Choice Scarf,Fairy Feather,Chople Berry,Rough Skin,Toxic Debris,Blaze,Adaptability,Prankster,Defiant,Dragon Claw:Protect:Earthquake:Rock Slide,Spiky Shield:Power Gem:Sludge Bomb:Earth Power,Weather Ball:Heat Wave:Protect:Solar Beam,Aqua Jet:Flip Turn:Last Respects:Wave Crash,Moonblast:Encore:Tailwind:Protect,Kowtow Cleave:Sucker Punch:Iron Head:Protect
2026-06-08,2026-06-08T12:00:02Z,pikalytics,gen9championsvgc2026regma,"Best Pokemon, teams, and builds in Pokemon Champions VGC 2026",https://pikalytics.com/pokedex/gen9championsvgc2026regma,12,6,Ksomon,Ksomon,10-0,10,0,0,10,100.00,Champions Collective #9,2026-05-18,1,1,45,Champions Collective #9 Rank #1,https://play.limitlesstcg.com/tournament/69e3bf4078b359b789d65f50/player/ksomon/teamlist,https://play.limitlesstcg.com/tournament/69e3bf4078b359b789d65f50/standings,Charizard-Mega-Y:Aerodactyl-Mega:Sylveon:Kingambit:Basculegion:Garchomp,Charizard-Mega-Y,Aerodactyl-Mega,Sylveon,Kingambit,Basculegion,Garchomp,Charizardite Y,Aerodactylite,Fairy Feather,Chople Berry,Focus Sash,Choice Scarf,Blaze,Unnerve,Pixilate,Defiant,Adaptability,Rough Skin,Weather Ball:Heat Wave:Solar Beam:Protect,Rock Slide:Dual Wingbeat:Tailwind:Protect,Hyper Voice:Hyper Beam:Quick Attack:Protect,Kowtow Cleave:Sucker Punch:Low Kick:Protect,Last Respects:Liquidation:Aqua Jet:Protect,Earthquake:Dragon Claw:Rock Slide:Stomping Tantrum
2026-05-29,2026-05-29T12:00:03Z,pikalytics,gen9championsvgc2026regma,"Best Pokemon, Teams and Builds in Pokemon Champions",https://pikalytics.com/pokedex/gen9championsvgc2026regma,15,6,Gustav H,Gustav H,8 - 0 - 0,8,0,0,8,100.00,Champions Tour LEPE #5,2026-05-19,1,1,33,Champions Tour LEPE #5 Rank #1,https://play.limitlesstcg.com/tournament/6a05e7f713f957d6d4b47be8/player/mcminionulti/teamlist,https://play.limitlesstcg.com/tournament/6a05e7f713f957d6d4b47be8/standings,Froslass:Kingambit:Sneasler:Garchomp:Rotom-Wash:Talonflame,Froslass,Kingambit,Sneasler,Garchomp,Rotom-Wash,Talonflame,Froslassite,Black Glasses,White Herb,Sitrus Berry,Leftovers,Sharp Beak,Cursed Body,Defiant,Unburden,Rough Skin,Levitate,Gale Wings,Blizzard:Shadow Ball:Aurora Veil:Protect,Kowtow Cleave:Sucker Punch:Iron Head:Protect,Close Combat:Dire Claw:Fake Out:Protect,Earthquake:Stomping Tantrum:Rock Slide:Protect,Hydro Pump:Thunderbolt:Will-O-Wisp:Protect,Brave Bird:Flare Blitz:Tailwind:Protect
2026-05-30,2026-05-30T12:00:02Z,pikalytics,gen9championsvgc2026regma,"Best Pokemon, teams, and builds in Pokemon Champions VGC 2026",https://pikalytics.com/pokedex/gen9championsvgc2026regma,17,6,Paghy,Paghy,8-0,8,0,0,8,100.00,Pado's Dojo Reg M-A Pratice #1 🍥,2026-05-19,1,1,34,Pado's Dojo Reg M-A Pratice #1 🍥 Rank #1,https://play.limitlesstcg.com/tournament/6a0a405613f957d6d4b4a763/player/paghy/teamlist,https://play.limitlesstcg.com/tournament/6a0a405613f957d6d4b4a763/standings,Incineroar:Floette-Eternal:Sinistcha:Archaludon:Pelipper:Basculegion,Incineroar,Floette-Eternal,Sinistcha,Archaludon,Pelipper,Basculegion,Chople Berry,Floettite,Colbur Berry,Leftovers,Sitrus Berry,Choice Scarf,Intimidate,Flower Veil,Hospitality,Stamina,Drizzle,Adaptability,Fake Out:Flare Blitz:Parting Shot:Will-O-Wisp,Draining Kiss:Dazzling Gleam:Calm Mind:Protect,Matcha Gotcha:Rage Powder:Trick Room:Protect,Flash Cannon:Electro Shot:Aura Sphere:Protect,Tailwind:Weather Ball:Hurricane:Rain Dance,Wave Crash:Last Respects:Flip Turn:Aqua Jet
2026-05-30,2026-05-30T12:00:02Z,pikalytics,gen9championsvgc2026regma,"Best Pokemon, teams, and builds in Pokemon Champions VGC 2026",https://pikalytics.com/pokedex/gen9championsvgc2026regma,18,6,Gustav H,Gustav H,8-0,8,0,0,8,100.00,Champions Tour LEPE #5,2026-05-19,1,1,33,Champions Tour LEPE #5 Rank #1,https://play.limitlesstcg.com/tournament/6a05e7f713f957d6d4b47be8/player/mcminionulti/teamlist,https://play.limitlesstcg.com/tournament/6a05e7f713f957d6d4b47be8/standings,Froslass-Mega:Kingambit:Sneasler:Garchomp:Rotom-Wash:Talonflame,Froslass-Mega,Kingambit,Sneasler,Garchomp,Rotom-Wash,Talonflame,Froslassite,Black Glasses,White Herb,Sitrus Berry,Leftovers,Sharp Beak,Cursed Body,Defiant,Unburden,Rough Skin,Levitate,Gale Wings,Blizzard:Shadow Ball:Aurora Veil:Protect,Kowtow Cleave:Sucker Punch:Iron Head:Protect,Close Combat:Dire Claw:Fake Out:Protect,Earthquake:Stomping Tantrum:Rock Slide:Protect,Hydro Pump:Thunderbolt:Will-O-Wisp:Protect,Brave Bird:Flare Blitz:Tailwind:Protect
2026-05-29,2026-05-29T12:00:03Z,pikalytics,gen9championsvgc2026regma,"Best Pokemon, Teams and Builds in Pokemon Champions",https://pikalytics.com/pokedex/gen9championsvgc2026regma,4,6,Feis,Feis,11 - 0 - 0,11,0,0,11,100.00,Alpensee Tour (Reg M-A) #58,2026-05-20,1,1,74,Alpensee Tour (Reg M-A) #58 Rank #1,https://play.limitlesstcg.com/tournament/69f62816e23aab068aad8a2d/player/feis/teamlist,https://play.limitlesstcg.com/tournament/69f62816e23aab068aad8a2d/standings,Floette-Eternal:Basculegion:Whimsicott:Incineroar:Sneasler:Skarmory,Floette-Eternal,Basculegion,Whimsicott,Incineroar,Sneasler,Skarmory,Floettite,Focus Sash,Fairy Feather,Charcoal,White Herb,Skarmorite,Flower Veil,Adaptability,Prankster,Intimidate,Unburden,Sturdy,Light of Ruin:Moonblast:Dazzling Gleam:Protect,Aqua Jet:Liquidation:Last Respects:Protect,Protect:Encore:Moonblast:Tailwind,Fake Out:Flare Blitz:Throat Chop:Protect,Close Combat:Fake Out:Dire Claw:Protect,Iron Head:Brave Bird:Rock Tomb:Protect
2026-06-17,2026-06-17T12:00:03Z,pikalytics,gen9championsvgc2026regma,"Best Pokemon, teams, and builds in Pokemon Champions VGC 2026",https://pikalytics.com/pokedex/gen9championsvgc2026regma,15,6,Feis,Feis,11-0,11,0,0,11,100.00,Alpensee Tour (Reg M-A) #58,2026-05-20,1,1,74,Alpensee Tour (Reg M-A) #58 Rank #1,https://play.limitlesstcg.com/tournament/69f62816e23aab068aad8a2d/player/feis/teamlist,https://play.limitlesstcg.com/tournament/69f62816e23aab068aad8a2d/standings,Floette-Eternal:Basculegion:Whimsicott:Incineroar:Sneasler:Skarmory-Mega,Floette-Eternal,Basculegion,Whimsicott,Incineroar,Sneasler,Skarmory-Mega,Floettite,Focus Sash,Fairy Feather,Charcoal,White Herb,Skarmorite,Flower Veil,Adaptability,Prankster,Intimidate,Unburden,Sturdy,Light of Ruin:Moonblast:Dazzling Gleam:Protect,Aqua Jet:Liquidation:Last Respects:Protect,Protect:Encore:Moonblast:Tailwind,Fake Out:Flare Blitz:Throat Chop:Protect,Close Combat:Fake Out:Dire Claw:Protect,Iron Head:Brave Bird:Rock Tomb:Protect
2026-05-28,2026-05-28T12:00:02Z,pikalytics,gen9championsvgc2026regma,"Best Pokemon, Teams and Builds in Pokemon Champions",https://pikalytics.com/pokedex/gen9championsvgc2026regma,19,6,Altkyle,Altkyle,9-1,9,1,0,10,90.00,*Sitrus-Series*|Champions|#59,2026-05-20,1,1,51,*Sitrus-Series*|Champions|#59 Rank #1,https://play.limitlesstcg.com/tournament/6a072608dfbdf089cbbdaa89/player/altkyle/teamlist,https://play.limitlesstcg.com/tournament/6a072608dfbdf089cbbdaa89/standings,Dragonite-Mega:Basculegion:Scizor-Mega:Archaludon:Pelipper:Incineroar,Dragonite-Mega,Basculegion,Scizor-Mega,Archaludon,Pelipper,Incineroar,Dragoninite,Choice Scarf,Scizorite,Chople Berry,Focus Sash,Sitrus Berry,Inner Focus,Adaptability,Technician,Stamina,Drizzle,Intimidate,Dragon Pulse:Hurricane:Flamethrower:Tailwind,Wave Crash:Last Respects:Aqua Jet:Flip Turn,Bullet Punch:Close Combat:Swords Dance:Protect,Electro Shot:Dragon Pulse:Aura Sphere:Protect,Hurricane:Weather Ball:Tailwind:Protect,Fake Out:Flare Blitz:Throat Chop:Parting Shot
2026-06-01,2026-06-01T12:00:02Z,pikalytics,gen9championsvgc2026regma,"Best Pokemon, teams, and builds in Pokemon Champions VGC 2026",https://pikalytics.com/pokedex/gen9championsvgc2026regma,11,6,TypNull07,TypNull07,7-0,7,0,0,7,100.00,[REG M-A] LearningtoSam's Weekly,2026-05-21,1,1,22,[REG M-A] LearningtoSam's Weekly Rank #1,https://play.limitlesstcg.com/tournament/6a0b24c113f957d6d4b4ac3a/player/typnull07/teamlist,https://play.limitlesstcg.com/tournament/6a0b24c113f957d6d4b4ac3a/standings,Excadrill:Tyranitar-Mega:Corviknight:Hydreigon:Rotom-Wash:Mimikyu,Excadrill,Tyranitar-Mega,Corviknight,Hydreigon,Rotom-Wash,Mimikyu,Focus Sash,Tyranitarite,Leftovers,Choice Scarf,Sitrus Berry,Fairy Feather,Sand Rush,Sand Stream,Mirror Armor,Levitate,Levitate,Disguise,Iron Head:Earthquake:Rock Slide:Protect,Rock Slide:Knock Off:Low Kick:Protect,Brave Bird:Body Press:Bulk Up:Tailwind,Dark Pulse:Draco Meteor:Heat Wave:Snarl,Thunderbolt:Hydro Pump:Will-O-Wisp:Protect,Shadow Claw:Shadow Sneak:Play Rough:Protect
2026-05-29,2026-05-29T12:00:03Z,pikalytics,gen9championsvgc2026regma,"Best Pokemon, Teams and Builds in Pokemon Champions",https://pikalytics.com/pokedex/gen9championsvgc2026regma,14,6,Kotori,Kotori,8 - 0 - 0,8,0,0,8,100.00,WARTORTLE WEDNESDAYS #60 REG M-A BO3 SWISS,2026-05-21,1,1,15,WARTORTLE WEDNESDAYS #60 REG M-A BO3 SWISS Rank #1,https://play.limitlesstcg.com/tournament/6a0a8e49dfbdf089cbbdc825/player/kotori/teamlist,https://play.limitlesstcg.com/tournament/6a0a8e49dfbdf089cbbdc825/standings,Whimsicott:Incineroar:Garchomp:Maushold:Floette-Eternal:Basculegion,Whimsicott,Incineroar,Garchomp,Maushold,Floette-Eternal,Basculegion,Sitrus Berry,Passho Berry,White Herb,Chople Berry,Floettite,Focus Sash,Prankster,Intimidate,Rough Skin,Friend Guard,Flower Veil,Adaptability,Moonblast:Tailwind:Tickle:Light Screen,Darkest Lariat:Fake Out:Flare Blitz:Parting Shot,Dragon Claw:Stomping Tantrum:Rock Tomb:Protect,Super Fang:Feint:Follow Me:Protect,Moonblast:Dazzling Gleam:Calm Mind:Protect,Liquidation:Aqua Jet:Last Respects:Protect
2026-05-29,2026-05-29T12:00:03Z,pikalytics,gen9championsvgc2026regma,"Best Pokemon, Teams and Builds in Pokemon Champions",https://pikalytics.com/pokedex/gen9championsvgc2026regma,1,6,ARegularGuy,ARegularGuy,13 - 0 - 0,13,0,0,13,100.00,Maddo's Cup #8 | 100€ for the Winner | Reg M-A,2026-05-23,1,1,162,Maddo's Cup #8 | 100€ for the Winner | Reg M-A Rank #1,https://play.limitlesstcg.com/tournament/69d54e0c800d329be2e74f86/player/aregularguy/teamlist,https://play.limitlesstcg.com/tournament/69d54e0c800d329be2e74f86/standings,Sylveon:Garchomp:Charizard-Mega-Y:Whimsicott:Dragonite:Kingambit,Sylveon,Garchomp,Charizard-Mega-Y,Whimsicott,Dragonite,Kingambit,Fairy Feather,Roseli Berry,Charizardite Y,Focus Sash,Dragoninite,Chople Berry,Pixilate,Rough Skin,Blaze,Prankster,Multiscale,Defiant,Hyper Voice:Moonblast:Detect:Quick Attack,Earthquake:Dragon Claw:Rock Slide:Poison Jab,Heat Wave:Weather Ball:Solar Beam:Protect,Tailwind:Moonblast:Encore:Grass Knot,Dragon Pulse:Heat Wave:Thunderbolt:Protect,Kowtow Cleave:Sucker Punch:Iron Head:Low Kick
2026-06-17,2026-06-17T12:00:03Z,pikalytics,gen9championsvgc2026regma,"Best Pokemon, teams, and builds in Pokemon Champions VGC 2026",https://pikalytics.com/pokedex/gen9championsvgc2026regma,7,6,ARegularGuy,ARegularGuy,13-0,13,0,0,13,100.00,Maddo's Cup #8 | 100€ for the Winner | Reg M-A,2026-05-23,1,1,162,Maddo's Cup #8 | 100€ for the Winner | Reg M-A Rank #1,https://play.limitlesstcg.com/tournament/69d54e0c800d329be2e74f86/player/aregularguy/teamlist,https://play.limitlesstcg.com/tournament/69d54e0c800d329be2e74f86/standings,Sylveon:Garchomp:Charizard-Mega-Y:Whimsicott:Dragonite-Mega:Kingambit,Sylveon,Garchomp,Charizard-Mega-Y,Whimsicott,Dragonite-Mega,Kingambit,Fairy Feather,Roseli Berry,Charizardite Y,Focus Sash,Dragoninite,Chople Berry,Pixilate,Rough Skin,Blaze,Prankster,Multiscale,Defiant,Hyper Voice:Moonblast:Detect:Quick Attack,Earthquake:Dragon Claw:Rock Slide:Poison Jab,Heat Wave:Weather Ball:Solar Beam:Protect,Tailwind:Moonblast:Encore:Grass Knot,Dragon Pulse:Heat Wave:Thunderbolt:Protect,Kowtow Cleave:Sucker Punch:Iron Head:Low Kick
2026-06-15,2026-06-15T12:00:02Z,pikalytics,gen9championsvgc2026regma,"Best Pokemon, teams, and builds in Pokemon Champions VGC 2026",https://pikalytics.com/pokedex/gen9championsvgc2026regma,17,6,apfr,apfr,8-0,8,0,0,8,100.00,🟊 @AustinMcfraud's NICHE Showdown #1 🟊,2026-05-23,1,1,25,🟊 @AustinMcfraud's NICHE Showdown #1 🟊 Rank #1,https://play.limitlesstcg.com/tournament/6a035233dfbdf089cbbd8cf8/player/apfr/teamlist,https://play.limitlesstcg.com/tournament/6a035233dfbdf089cbbd8cf8/standings,Drampa:Camerupt-Mega:Gourgeist:Oranguru:Abomasnow-Mega:Araquanid,Drampa,Camerupt-Mega,Gourgeist,Oranguru,Abomasnow-Mega,Araquanid,Sitrus Berry,Cameruptite,Occa Berry,Colbur Berry,Abomasite,Mystic Water,Berserk,Solid Rock,Frisk,Inner Focus,Snow Warning,Water Bubble,Dragon Pulse:Hyper Voice:Calm Mind:Protect,Earth Power:Eruption:Protect:Heat Wave,Poltergeist:Trick Room:Protect:Power Whip,Psychic:Trick Room:Instruct:Protect,Aurora Veil:Blizzard:Energy Ball:Protect,Liquidation:Leech Life:Wide Guard:Protect
2026-06-17,2026-06-17T12:00:03Z,pikalytics,gen9championsvgc2026regma,"Best Pokemon, teams, and builds in Pokemon Champions VGC 2026",https://pikalytics.com/pokedex/gen9championsvgc2026regma,20,6,Gabuu,Gabuu,11-1,11,1,0,12,91.67,SpearPillar Champions Tour #5 | Reg M-A $100 Prize,2026-05-23,1,1,168,SpearPillar Champions Tour #5 | Reg M-A $100 Prize Rank #1,https://play.limitlesstcg.com/tournament/69cd696dd478313a15a3921b/player/gabuu/teamlist,https://play.limitlesstcg.com/tournament/69cd696dd478313a15a3921b/standings,Blastoise-Mega:Sinistcha:Incineroar:Vivillon:Garchomp:Floette-Eternal,Blastoise-Mega,Sinistcha,Incineroar,Vivillon,Garchomp,Floette-Eternal,Blastoisinite,Sitrus Berry,Leftovers,Focus Sash,Choice Scarf,Floettite,Torrent,Hospitality,Intimidate,Compound Eyes,Rough Skin,Flower Veil,Protect:Water Spout:Dark Pulse:Shell Smash,Protect:Matcha Gotcha:Rage Powder:Life Dew,Flare Blitz:Throat Chop:Parting Shot:Fake Out,Protect:Hurricane:Sleep Powder:Rage Powder,Dragon Claw:Earthquake:Stomping Tantrum:Rock Tomb,Protect:Draining Kiss:Dazzling Gleam:Calm Mind
2026-06-08,2026-06-08T12:00:02Z,pikalytics,gen9championsvgc2026regma,"Best Pokemon, teams, and builds in Pokemon Champions VGC 2026",https://pikalytics.com/pokedex/gen9championsvgc2026regma,17,6,57 62,57 62,10-1,10,1,0,11,90.91,VGCA Battle Hall: Academy Ace Edition #1,2026-05-24,1,1,31,VGCA Battle Hall: Academy Ace Edition #1 Rank #1,https://play.limitlesstcg.com/tournament/6a0de44013f957d6d4b4be7b/player/lily23/teamlist,https://play.limitlesstcg.com/tournament/6a0de44013f957d6d4b4be7b/standings,Floette-Eternal:Garchomp:Vivillon:Talonflame:Sneasler:Kingambit,Floette-Eternal,Garchomp,Vivillon,Talonflame,Sneasler,Kingambit,Floettite,Roseli Berry,Focus Sash,no item,White Herb,Black Glasses,Flower Veil,Rough Skin,Compound Eyes,Gale Wings,Unburden,Defiant,Light of Ruin:Moonblast:Dazzling Gleam:Protect,Poison Jab:Earthquake:Rock Tomb:Dragon Tail,Sleep Powder:Rage Powder:Hurricane:Protect,Tailwind:Acrobatics:Flare Blitz:Protect,Fake Out:Dire Claw:Close Combat:Rock Tomb,Iron Head:Kowtow Cleave:Sucker Punch:Protect
2026-06-08,2026-06-08T12:00:02Z,pikalytics,gen9championsvgc2026regma,"Best Pokemon, teams, and builds in Pokemon Champions VGC 2026",https://pikalytics.com/pokedex/gen9championsvgc2026regma,20,6,N8_dawgg,N8_dawgg,8-0,8,0,0,8,100.00,˗ˋˏ❤︎ˎˊ˗ Pomelo Late Night Tour,2026-05-24,1,1,9,˗ˋˏ❤︎ˎˊ˗ Pomelo Late Night Tour Rank #1,https://play.limitlesstcg.com/tournament/6a1203df0f6c1f089985f8ad/player/n8_dawgg/teamlist,https://play.limitlesstcg.com/tournament/6a1203df0f6c1f089985f8ad/standings,Froslass-Mega:Palafin:Sneasler:Kingambit:Rotom-Wash:Aerodactyl-Mega,Froslass-Mega,Palafin,Sneasler,Kingambit,Rotom-Wash,Aerodactyl-Mega,Froslassite,Mystic Water,Focus Sash,Black Glasses,Leftovers,Aerodactylite,Cursed Body,Zero to Hero,Unburden,Defiant,Levitate,Unnerve,Blizzard:Shadow Ball:Nasty Plot:Protect,Wave Crash:Jet Punch:Close Combat:Protect,Fake Out:Close Combat:Dire Claw:Coaching,Iron Head:Kowtow Cleave:Sucker Punch:Protect,Electroweb:Thunderbolt:Will-O-Wisp:Protect,Rock Slide:Dual Wingbeat:Tailwind:Protect
2026-06-01,2026-06-01T12:00:02Z,pikalytics,gen9championsvgc2026regma,"Best Pokemon, teams, and builds in Pokemon Champions VGC 2026",https://pikalytics.com/pokedex/gen9championsvgc2026regma,16,6,Sabo11,Sabo11,9-1,9,1,0,10,90.00,Sketch Academy Champions Regulation M-A Tournament,2026-05-25,1,1,23,Sketch Academy Champions Regulation M-A Tournament Rank #1,https://play.limitlesstcg.com/tournament/69eefa72f9b24b9bd5b02a26/player/sabo11/teamlist,https://play.limitlesstcg.com/tournament/69eefa72f9b24b9bd5b02a26/standings,Venusaur-Mega:Archaludon:Basculegion:Whimsicott:Pelipper:Arcanine-Hisui,Venusaur-Mega,Archaludon,Basculegion,Whimsicott,Pelipper,Arcanine-Hisui,Venusaurite,Leftovers,Choice Scarf,Focus Sash,Charti Berry,Sitrus Berry,Chlorophyll,Stamina,Adaptability,Prankster,Drizzle,Intimidate,Earth Power:Giga Drain:Sludge Bomb:Protect,Aura Sphere:Electro Shot:Flash Cannon:Protect,Aqua Jet:Flip Turn:Wave Crash:Last Respects,Encore:Tailwind:Endeavor:Moonblast,Weather Ball:Hurricane:Wide Guard:Tailwind,Extreme Speed:Flare Blitz:Rock Slide:Protect
2026-06-08,2026-06-08T12:00:02Z,pikalytics,gen9championsvgc2026regma,"Best Pokemon, teams, and builds in Pokemon Champions VGC 2026",https://pikalytics.com/pokedex/gen9championsvgc2026regma,15,6,Rururinillo,Rururinillo,8-0,8,0,0,8,100.00,[❄️lanakila.vg] First Ascent,2026-05-26,1,1,25,[❄️lanakila.vg] First Ascent Rank #1,https://play.limitlesstcg.com/tournament/6a05a50edfbdf089cbbd9f86/player/rururinillo/teamlist,https://play.limitlesstcg.com/tournament/6a05a50edfbdf089cbbd9f86/standings,Glimmora:Whimsicott:Basculegion:Kingambit:Charizard-Mega-Y:Garchomp,Glimmora,Whimsicott,Basculegion,Kingambit,Charizard-Mega-Y,Garchomp,Focus Sash,Fairy Feather,Choice Scarf,Chople Berry,Charizardite Y,Roseli Berry,Toxic Debris,Prankster,Adaptability,Defiant,Solar Power,Rough Skin,Sludge Bomb:Power Gem:Earth Power:Spiky Shield,Moonblast:Tailwind:Encore:Protect,Last Respects:Wave Crash:Aqua Jet:Flip Turn,Kowtow Cleave:Low Kick:Sucker Punch:Protect,Heat Wave:Weather Ball:Solar Beam:Protect,Earthquake:Dragon Claw:Rock Tomb:Poison Jab
2026-06-08,2026-06-08T12:00:02Z,pikalytics,gen9championsvgc2026regma,"Best Pokemon, teams, and builds in Pokemon Champions VGC 2026",https://pikalytics.com/pokedex/gen9championsvgc2026regma,19,6,Samuel T,Samuel T,9-1,9,1,0,10,90.00,The Drywalls Series #6 - Champions!,2026-05-26,1,1,73,The Drywalls Series #6 - Champions! Rank #1,https://play.limitlesstcg.com/tournament/6a131c910f6c1f0899860158/player/samuelthompson/teamlist,https://play.limitlesstcg.com/tournament/6a131c910f6c1f0899860158/standings,Aerodactyl:Garchomp:Aegislash:Floette-Eternal:Rotom-Wash:Incineroar,Aerodactyl,Garchomp,Aegislash,Floette-Eternal,Rotom-Wash,Incineroar,Focus Sash,White Herb,Spell Tag,Floettite,Sitrus Berry,Charcoal,Unnerve,Rough Skin,Stance Change,Flower Veil,Levitate,Intimidate,Rock Slide:Dual Wingbeat:Tailwind:Protect,Earthquake:Dragon Claw:Swords Dance:Protect,Poltergeist:Iron Head:King's Shield:Shadow Sneak,Light of Ruin:Moonblast:Dazzling Gleam:Protect,Thunderbolt:Hydro Pump:Will-O-Wisp:Protect,Flare Blitz:Darkest Lariat:Fake Out:Parting Shot
2026-06-15,2026-06-15T12:00:02Z,pikalytics,gen9championsvgc2026regma,"Best Pokemon, teams, and builds in Pokemon Champions VGC 2026",https://pikalytics.com/pokedex/gen9championsvgc2026regma,14,6,Rezeptritter,Rezeptritter,11-1,11,1,0,12,91.67,Alpensee Tour (Reg M-A) #59,2026-05-27,1,1,91,Alpensee Tour (Reg M-A) #59 Rank #1,https://play.limitlesstcg.com/tournament/69f628704f71d664893ea80a/player/rezeptritter/teamlist,https://play.limitlesstcg.com/tournament/69f628704f71d664893ea80a/standings,Aerodactyl-Mega:Kommo-o:Incineroar:Venusaur-Mega:Sylveon:Basculegion,Aerodactyl-Mega,Kommo-o,Incineroar,Venusaur-Mega,Sylveon,Basculegion,Aerodactylite,Leftovers,Sitrus Berry,Venusaurite,Fairy Feather,Focus Sash,Unnerve,Soundproof,Intimidate,Chlorophyll,Pixilate,Adaptability,Rock Slide:Dual Wingbeat:Tailwind:Protect,Clanging Scales:Aura Sphere:Clangorous Soul:Protect,Flare Blitz:Throat Chop:Fake Out:Parting Shot,Giga Drain:Sludge Bomb:Earth Power:Protect,Hyper Voice:Hyper Beam:Quick Attack:Protect,Liquidation:Last Respects:Aqua Jet:Protect
2026-05-29,2026-05-29T12:00:03Z,pikalytics,gen9championsvgc2026regma,"Best Pokemon, Teams and Builds in Pokemon Champions",https://pikalytics.com/pokedex/gen9championsvgc2026regma,13,6,CptAuroOG,CptAuroOG,7 - 0 - 0,7,0,0,7,100.00,[REG M-A] LearningtoSam's Weekly,2026-05-28,1,1,21,[REG M-A] LearningtoSam's Weekly Rank #1,https://play.limitlesstcg.com/tournament/6a13fc218c163b8097996c62/player/cptauroog/teamlist,https://play.limitlesstcg.com/tournament/6a13fc218c163b8097996c62/standings,Froslass:Aerodactyl-Mega:Garchomp:Kingambit:Sneasler:Basculegion,Froslass,Aerodactyl-Mega,Garchomp,Kingambit,Sneasler,Basculegion,Froslassite,Aerodactylite,Sitrus Berry,Chople Berry,White Herb,Focus Sash,Cursed Body,Unnerve,Rough Skin,Defiant,Unburden,Swift Swim,Blizzard:Shadow Ball:Aurora Veil:Protect,Rock Slide:Dual Wingbeat:Tailwind:Protect,Dragon Claw:Rock Slide:Earthquake:Protect,Kowtow Cleave:Sucker Punch:Iron Head:Protect,Dire Claw:Close Combat:Fake Out:Protect,Waterfall:Last Respects:Aqua Jet:Protect
2026-06-01,2026-06-01T12:00:02Z,pikalytics,gen9championsvgc2026regma,"Best Pokemon, teams, and builds in Pokemon Champions VGC 2026",https://pikalytics.com/pokedex/gen9championsvgc2026regma,19,6,Altkyle,Altkyle,9-1,9,1,0,10,90.00,Talon's FIGHT CLUB #86 POKEMON CHAMPIONS,2026-05-28,1,1,52,Talon's FIGHT CLUB #86 POKEMON CHAMPIONS Rank #1,https://play.limitlesstcg.com/tournament/69e2b31878b359b789d64d36/player/altkyle/teamlist,https://play.limitlesstcg.com/tournament/69e2b31878b359b789d64d36/standings,Dragonite-Mega:Basculegion:Scizor-Mega:Archaludon:Pelipper:Incineroar,Dragonite-Mega,Basculegion,Scizor-Mega,Archaludon,Pelipper,Incineroar,Dragoninite,Choice Scarf,Scizorite,Chople Berry,Focus Sash,Sitrus Berry,Inner Focus,Adaptability,Technician,Stamina,Drizzle,Intimidate,Dragon Pulse:Flamethrower:Tailwind:Protect,Wave Crash:Last Respects:Aqua Jet:Flip Turn,Bullet Punch:Close Combat:Swords Dance:Protect,Electro Shot:Dragon Pulse:Aura Sphere:Protect,Hurricane:Weather Ball:Tailwind:Protect,Fake Out:Flare Blitz:Throat Chop:Parting Shot
2026-06-01,2026-06-01T12:00:02Z,pikalytics,gen9championsvgc2026regma,"Best Pokemon, teams, and builds in Pokemon Champions VGC 2026",https://pikalytics.com/pokedex/gen9championsvgc2026regma,20,6,CptAuroOG,CptAuroOG,7-0,7,0,0,7,100.00,[REG M-A] LearningtoSam's Weekly,2026-05-28,1,1,21,[REG M-A] LearningtoSam's Weekly Rank #1,https://play.limitlesstcg.com/tournament/6a13fc218c163b8097996c62/player/cptauroog/teamlist,https://play.limitlesstcg.com/tournament/6a13fc218c163b8097996c62/standings,Froslass-Mega:Aerodactyl-Mega:Garchomp:Kingambit:Sneasler:Basculegion,Froslass-Mega,Aerodactyl-Mega,Garchomp,Kingambit,Sneasler,Basculegion,Froslassite,Aerodactylite,Sitrus Berry,Chople Berry,White Herb,Focus Sash,Cursed Body,Unnerve,Rough Skin,Defiant,Unburden,Swift Swim,Blizzard:Shadow Ball:Aurora Veil:Protect,Rock Slide:Dual Wingbeat:Tailwind:Protect,Dragon Claw:Rock Slide:Earthquake:Protect,Kowtow Cleave:Sucker Punch:Iron Head:Protect,Dire Claw:Close Combat:Fake Out:Protect,Waterfall:Last Respects:Aqua Jet:Protect
2026-06-17,2026-06-17T12:00:03Z,pikalytics,gen9championsvgc2026regma,"Best Pokemon, teams, and builds in Pokemon Champions VGC 2026",https://pikalytics.com/pokedex/gen9championsvgc2026regma,16,6,Snorlaxpikachu1,Snorlaxpikachu1,9-0,9,0,0,9,100.00,CHAMPIONS REG. M-A |👑CROWN FIGHT Bo3 TOUR #70👑,2026-05-29,1,1,16,CHAMPIONS REG. M-A |👑CROWN FIGHT Bo3 TOUR #70👑 Rank #1,https://play.limitlesstcg.com/tournament/69eb09bb78b359b789d6aa3d/player/snorlaxpikachu1/teamlist,https://play.limitlesstcg.com/tournament/69eb09bb78b359b789d6aa3d/standings,Gardevoir-Mega:Maushold:Pelipper:Archaludon:Basculegion:Kangaskhan-Mega,Gardevoir-Mega,Maushold,Pelipper,Archaludon,Basculegion,Kangaskhan-Mega,Gardevoirite,Focus Sash,Sitrus Berry,Leftovers,Choice Scarf,Kangaskhanite,Trace,Friend Guard,Drizzle,Stamina,Adaptability,Scrappy,Hyper Voice:Psyshock:Vacuum Wave:Protect,Follow Me:Super Fang:Rain Dance:Protect,Weather Ball:Hurricane:Tailwind:Protect,Electro Shot:Dragon Pulse:Flash Cannon:Protect,Wave Crash:Last Respects:Flip Turn:Aqua Jet,Fake Out:Double-Edge:Crunch:Drain Punch
2026-05-31,2026-05-31T12:00:02Z,pikalytics,gen9championsvgc2026regma,"Best Pokemon, teams, and builds in Pokemon Champions VGC 2026",https://pikalytics.com/pokedex/gen9championsvgc2026regma,18,6,SoulVGC,SoulVGC,9-1,9,1,0,10,90.00,Devils Den Tournaments #78,2026-05-29,1,1,33,Devils Den Tournaments #78 Rank #1,https://play.limitlesstcg.com/tournament/6a15fb678c163b8097997edd/player/soulvgc/teamlist,https://play.limitlesstcg.com/tournament/6a15fb678c163b8097997edd/standings,Charizard-Mega-Y:Aerodactyl-Mega:Sylveon:Garchomp:Farigiraf:Kingambit,Charizard-Mega-Y,Aerodactyl-Mega,Sylveon,Garchomp,Farigiraf,Kingambit,Charizardite Y,Aerodactylite,Fairy Feather,Focus Sash,Sitrus Berry,Chople Berry,Blaze,Unnerve,Pixilate,Rough Skin,Armor Tail,Defiant,Heat Wave:Weather Ball:Solar Beam:Protect,Rock Slide:Dual Wingbeat:Tailwind:Protect,Hyper Voice:Hyper Beam:Quick Attack:Protect,Earthquake:Dragon Claw:Stomping Tantrum:Protect,Twin Beam:Helping Hand:Trick Room:Protect,Kowtow Cleave:Iron Head:Sucker Punch:Protect
2026-06-08,2026-06-08T12:00:02Z,pikalytics,gen9championsvgc2026regma,"Best Pokemon, teams, and builds in Pokemon Champions VGC 2026",https://pikalytics.com/pokedex/gen9championsvgc2026regma,18,6,aerxdri,aerxdri,7-0,7,0,0,7,100.00,Thalera Champions Cheese #04 - Gerações,2026-05-29,1,1,12,Thalera Champions Cheese #04 - Gerações Rank #1,https://play.limitlesstcg.com/tournament/6a15cd8b0f6c1f08998617be/player/aerxdri/teamlist,https://play.limitlesstcg.com/tournament/6a15cd8b0f6c1f08998617be/standings,Chandelure-Mega:Sneasler:Basculegion:Whimsicott:Zoroark-Hisui:Hatterene,Chandelure-Mega,Sneasler,Basculegion,Whimsicott,Zoroark-Hisui,Hatterene,Chandelurite,White Herb,Choice Scarf,Focus Sash,Spell Tag,Fairy Feather,Flash Fire,Unburden,Adaptability,Prankster,Illusion,Magic Bounce,Heat Wave:Shadow Ball:Minimize:Protect,Close Combat:Dire Claw:Swords Dance:Protect,Last Respects:Wave Crash:Flip Turn:Aqua Jet,Moonblast:Tailwind:Encore:Protect,Bitter Malice:Icy Wind:Taunt:Protect,Psychic:Dazzling Gleam:Trick Room:Protect
2026-05-31,2026-05-31T12:00:02Z,pikalytics,gen9championsvgc2026regma,"Best Pokemon, teams, and builds in Pokemon Champions VGC 2026",https://pikalytics.com/pokedex/gen9championsvgc2026regma,20,6,Hyokami,Hyokami,6-0,6,0,0,6,100.00,PWC - Battle in the Colosseum #13 - Reg M-A,2026-05-30,1,1,6,PWC - Battle in the Colosseum #13 - Reg M-A Rank #1,https://play.limitlesstcg.com/tournament/6a186d77148dfa3544f3bbe4/player/hyokami/teamlist,https://play.limitlesstcg.com/tournament/6a186d77148dfa3544f3bbe4/standings,Tyranitar-Mega:Excadrill:Sylveon:Milotic:Sinistcha:Skarmory-Mega,Tyranitar-Mega,Excadrill,Sylveon,Milotic,Sinistcha,Skarmory-Mega,Tyranitarite,Focus Sash,Fairy Feather,Sitrus Berry,Kasib Berry,Skarmorite,Sand Stream,Sand Rush,Pixilate,Competitive,Hospitality,Sturdy,Rock Slide:Knock Off:Low Kick:Protect,Earthquake:Rock Slide:Iron Head:Protect,Hyper Voice:Hyper Beam:Yawn:Detect,Scald:Icy Wind:Life Dew:Protect,Matcha Gotcha:Strength Sap:Rage Powder:Trick Room,Brave Bird:Iron Head:Tailwind:Protect
2026-06-08,2026-06-08T12:00:02Z,pikalytics,gen9championsvgc2026regma,"Best Pokemon, teams, and builds in Pokemon Champions VGC 2026",https://pikalytics.com/pokedex/gen9championsvgc2026regma,16,6,katabo,katabo,8-0,8,0,0,8,100.00,VGCA Battle Hall: Academy Ace Edition #2,2026-05-31,1,1,13,VGCA Battle Hall: Academy Ace Edition #2 Rank #1,https://play.limitlesstcg.com/tournament/6a19947356b11a587a942a3a/player/katabo/teamlist,https://play.limitlesstcg.com/tournament/6a19947356b11a587a942a3a/standings,Floette-Eternal:Talonflame:Garchomp:Maushold:Kingambit:Basculegion,Floette-Eternal,Talonflame,Garchomp,Maushold,Kingambit,Basculegion,Floettite,Sharp Beak,Roseli Berry,Focus Sash,Chople Berry,Sitrus Berry,Flower Veil,Gale Wings,Rough Skin,Friend Guard,Defiant,Adaptability,Moonblast:Dazzling Gleam:Light of Ruin:Protect,Air Slash:Overheat:Tailwind:Protect,Dragon Claw:Earthquake:Rock Slide:Poison Jab,Super Fang:Follow Me:Encore:Protect,Kowtow Cleave:Sucker Punch:Iron Head:Low Kick,Wave Crash:Last Respects:Aqua Jet:Protect
2026-06-17,2026-06-17T12:00:03Z,pikalytics,gen9championsvgc2026regma,"Best Pokemon, teams, and builds in Pokemon Champions VGC 2026",https://pikalytics.com/pokedex/gen9championsvgc2026regma,9,6,PokeReplay,PokeReplay,11-0,11,0,0,11,100.00,Tenki's Cart - Road to Turin M-A,2026-06-01,1,1,81,Tenki's Cart - Road to Turin M-A Rank #1,https://play.limitlesstcg.com/tournament/6a196f5856b11a587a94281c/player/pokereplay/teamlist,https://play.limitlesstcg.com/tournament/6a196f5856b11a587a94281c/standings,Garchomp:Incineroar:Venusaur:Sinistcha:Charizard-Mega-Y:Floette-Eternal,Garchomp,Incineroar,Venusaur,Sinistcha,Charizard-Mega-Y,Floette-Eternal,Choice Scarf,Sitrus Berry,Focus Sash,Kasib Berry,Charizardite Y,Floettite,Rough Skin,Intimidate,Chlorophyll,Hospitality,Blaze,Flower Veil,Earthquake:Stomping Tantrum:Rock Slide:Dragon Claw,Flare Blitz:Throat Chop:Fake Out:Parting Shot,Sludge Bomb:Earth Power:Sleep Powder:Protect,Matcha Gotcha:Rage Powder:Trick Room:Protect,Heat Wave:Weather Ball:Solar Beam:Protect,Moonblast:Dazzling Gleam:Calm Mind:Protect
2026-06-08,2026-06-08T12:00:02Z,pikalytics,gen9championsvgc2026regma,"Best Pokemon, teams, and builds in Pokemon Champions VGC 2026",https://pikalytics.com/pokedex/gen9championsvgc2026regma,14,6,Altkyle,Altkyle,8-0,8,0,0,8,100.00,Sketch Academy Champions Regulation M-A Tournament,2026-06-01,1,1,34,Sketch Academy Champions Regulation M-A Tournament Rank #1,https://play.limitlesstcg.com/tournament/6a13fdd30f6c1f089986093b/player/altkyle/teamlist,https://play.limitlesstcg.com/tournament/6a13fdd30f6c1f089986093b/standings,Dragonite-Mega:Basculegion:Scizor-Mega:Archaludon:Pelipper:Incineroar,Dragonite-Mega,Basculegion,Scizor-Mega,Archaludon,Pelipper,Incineroar,Dragoninite,Choice Scarf,Scizorite,Chople Berry,Focus Sash,Sitrus Berry,Inner Focus,Adaptability,Technician,Stamina,Drizzle,Intimidate,Dragon Pulse:Flamethrower:Tailwind:Protect,Wave Crash:Last Respects:Aqua Jet:Flip Turn,Bullet Punch:Close Combat:Swords Dance:Protect,Electro Shot:Dragon Pulse:Aura Sphere:Protect,Hurricane:Weather Ball:Tailwind:Protect,Fake Out:Flare Blitz:Throat Chop:Parting Shot
2026-06-17,2026-06-17T12:00:03Z,pikalytics,gen9championsvgc2026regma,"Best Pokemon, teams, and builds in Pokemon Champions VGC 2026",https://pikalytics.com/pokedex/gen9championsvgc2026regma,18,6,GengarIsMad,GengarIsMad,10-1,10,1,0,11,90.91,*Sitrus-Series*|Champions|#61,2026-06-03,1,1,65,*Sitrus-Series*|Champions|#61 Rank #1,https://play.limitlesstcg.com/tournament/6a1843740f6c1f08998629ca/player/gengarismad/teamlist,https://play.limitlesstcg.com/tournament/6a1843740f6c1f08998629ca/standings,Farigiraf:Incineroar:Camerupt-Mega:Kingambit:Vivillon:Crabominable-Mega,Farigiraf,Incineroar,Camerupt-Mega,Kingambit,Vivillon,Crabominable-Mega,Sitrus Berry,Charcoal,Cameruptite,Black Glasses,Focus Sash,Crabominite,Armor Tail,Intimidate,Solid Rock,Defiant,Compound Eyes,Hyper Cutter,Protect:Psychic:Helping Hand:Trick Room,Flare Blitz:Darkest Lariat:Fake Out:Parting Shot,Protect:Heat Wave:Earth Power:Ancient Power,Swords Dance:Kowtow Cleave:Iron Head:Sucker Punch,Rage Powder:Protect:Sleep Powder:Hurricane,Protect:Close Combat:Ice Hammer:Mach Punch
2026-06-15,2026-06-15T12:00:02Z,pikalytics,gen9championsvgc2026regma,"Best Pokemon, teams, and builds in Pokemon Champions VGC 2026",https://pikalytics.com/pokedex/gen9championsvgc2026regma,16,6,SaviorofBiryani,SaviorofBiryani,10-1,10,1,0,11,90.91,Talon's FIGHT CLUB #87 POKEMON CHAMPIONS,2026-06-04,1,1,61,Talon's FIGHT CLUB #87 POKEMON CHAMPIONS Rank #1,https://play.limitlesstcg.com/tournament/6a14cc4c8c163b8097997614/player/saviorofbiryani/teamlist,https://play.limitlesstcg.com/tournament/6a14cc4c8c163b8097997614/standings,Kingambit:Garchomp:Sylveon:Basculegion:Scovillain-Mega:Aerodactyl-Mega,Kingambit,Garchomp,Sylveon,Basculegion,Scovillain-Mega,Aerodactyl-Mega,Focus Sash,Sitrus Berry,Fairy Feather,Choice Scarf,Scovillainite,Aerodactylite,Defiant,Rough Skin,Pixilate,Adaptability,Moody,Unnerve,Kowtow Cleave:Low Kick:Sucker Punch:Iron Head,Earthquake:Poison Jab:Dragon Claw:Protect,Calm Mind:Hyper Voice:Quick Attack:Protect,Wave Crash:Flip Turn:Aqua Jet:Last Respects,Leech Seed:Overheat:Rage Powder:Protect,Rock Slide:Dual Wingbeat:Tailwind:Protect
2026-06-17,2026-06-17T12:00:03Z,pikalytics,gen9championsvgc2026regma,"Best Pokemon, teams, and builds in Pokemon Champions VGC 2026",https://pikalytics.com/pokedex/gen9championsvgc2026regma,8,6,TingusThePingus,TingusThePingus,12-1,12,1,0,13,92.31,SpearPillar Champions Tour #6 | Reg M-A $100 Prize,2026-06-06,1,1,213,SpearPillar Champions Tour #6 | Reg M-A $100 Prize Rank #1,https://play.limitlesstcg.com/tournament/69cd69a336f5b5c303dc45bb/player/tingusthepingus/teamlist,https://play.limitlesstcg.com/tournament/69cd69a336f5b5c303dc45bb/standings,Aerodactyl-Mega:Garchomp:Froslass-Mega:Kingambit:Sneasler:Sylveon,Aerodactyl-Mega,Garchomp,Froslass-Mega,Kingambit,Sneasler,Sylveon,Aerodactylite,Choice Scarf,Froslassite,Focus Sash,White Herb,Fairy Feather,Unnerve,Rough Skin,Cursed Body,Defiant,Unburden,Pixilate,Rock Slide:Dual Wingbeat:Tailwind:Protect,Stomping Tantrum:Dragon Claw:Rock Slide:Iron Head,Blizzard:Shadow Ball:Aurora Veil:Protect,Kowtow Cleave:Sucker Punch:Low Kick:Protect,Close Combat:Dire Claw:Fake Out:Protect,Hyper Voice:Quick Attack:Hyper Beam:Detect
2026-06-17,2026-06-17T12:00:03Z,pikalytics,gen9championsvgc2026regma,"Best Pokemon, teams, and builds in Pokemon Champions VGC 2026",https://pikalytics.com/pokedex/gen9championsvgc2026regma,11,6,GielBakker,GielBakker,10-0,10,0,0,10,100.00,VGC Trainer school x MMHM x Pride month event! #1,2026-06-07,1,1,52,VGC Trainer school x MMHM x Pride month event! #1 Rank #1,https://play.limitlesstcg.com/tournament/6a157c210f6c1f089986159a/player/gielbakker/teamlist,https://play.limitlesstcg.com/tournament/6a157c210f6c1f089986159a/standings,Gengar-Mega:Floette-Eternal:Incineroar:Kingambit:Sneasler:Kommo-o,Gengar-Mega,Floette-Eternal,Incineroar,Kingambit,Sneasler,Kommo-o,Gengarite,Floettite,Passho Berry,Black Glasses,White Herb,Leftovers,Cursed Body,Flower Veil,Intimidate,Defiant,Unburden,Soundproof,Protect:Shadow Ball:Perish Song:Disable,Dazzling Gleam:Moonblast:Light of Ruin:Protect,Protect:Flare Blitz:Fake Out:Parting Shot,Sucker Punch:Kowtow Cleave:Swords Dance:Protect,Fake Out:Dire Claw:Close Combat:Protect,Clanging Scales:Aura Sphere:Clangorous Soul:Protect
2026-06-15,2026-06-15T12:00:02Z,pikalytics,gen9championsvgc2026regma,"Best Pokemon, teams, and builds in Pokemon Champions VGC 2026",https://pikalytics.com/pokedex/gen9championsvgc2026regma,15,6,UsagiFoo,UsagiFoo,8-0,8,0,0,8,100.00,MMHM X CHAOS LEAGUE QUALIFIER #1,2026-06-07,1,1,27,MMHM X CHAOS LEAGUE QUALIFIER #1 Rank #1,https://play.limitlesstcg.com/tournament/6a21bb1847f3797bf6babaf5/player/usagifoo/teamlist,https://play.limitlesstcg.com/tournament/6a21bb1847f3797bf6babaf5/standings,Gengar-Mega:Sinistcha:Archaludon:Politoed:Incineroar:Froslass-Mega,Gengar-Mega,Sinistcha,Archaludon,Politoed,Incineroar,Froslass-Mega,Gengarite,Colbur Berry,Leftovers,Sitrus Berry,Chople Berry,Froslassite,Cursed Body,Hospitality,Stamina,Drizzle,Intimidate,Cursed Body,Shadow Ball:Sludge Bomb:Perish Song:Protect,Matcha Gotcha:Trick Room:Rage Powder:Protect,Electro Shot:Dragon Pulse:Flash Cannon:Protect,Weather Ball:Hypnosis:Perish Song:Protect,Flare Blitz:Fake Out:Parting Shot:Protect,Blizzard:Aurora Veil:Rain Dance:Protect
2026-06-15,2026-06-15T12:00:02Z,pikalytics,gen9championsvgc2026regma,"Best Pokemon, teams, and builds in Pokemon Champions VGC 2026",https://pikalytics.com/pokedex/gen9championsvgc2026regma,18,6,Hrishi,Hrishi,8-0,8,0,0,8,100.00,Mudkip's Marsh Pit #0,2026-06-07,1,1,27,Mudkip's Marsh Pit #0 Rank #1,https://play.limitlesstcg.com/tournament/6a19fe8d47f3797bf6ba6bca/player/hrishi/teamlist,https://play.limitlesstcg.com/tournament/6a19fe8d47f3797bf6ba6bca/standings,Scovillain-Mega:Aerodactyl-Mega:Garchomp:Basculegion:Kingambit:Sylveon,Scovillain-Mega,Aerodactyl-Mega,Garchomp,Basculegion,Kingambit,Sylveon,Scovillainite,Aerodactylite,Sitrus Berry,Choice Scarf,Focus Sash,Fairy Feather,Moody,Unnerve,Rough Skin,Adaptability,Defiant,Pixilate,Overheat:Protect:Leech Seed:Rage Powder,Rock Slide:Protect:Dual Wingbeat:Tailwind,Dragon Claw:Earthquake:Protect:Poison Jab,Last Respects:Wave Crash:Aqua Jet:Flip Turn,Kowtow Cleave:Iron Head:Low Kick:Sucker Punch,Hyper Voice:Quick Attack:Calm Mind:Detect
2026-06-15,2026-06-15T12:00:02Z,pikalytics,gen9championsvgc2026regma,"Best Pokemon, teams, and builds in Pokemon Champions VGC 2026",https://pikalytics.com/pokedex/gen9championsvgc2026regma,19,6,QueerCrocodile,QueerCrocodile,8-0,8,0,0,8,100.00,Mt. Moon Champions VGC Weekly #5 2026,2026-06-07,1,1,16,Mt. Moon Champions VGC Weekly #5 2026 Rank #1,https://play.limitlesstcg.com/tournament/6a1e65ed47f3797bf6ba9b6b/player/queercrocodile/teamlist,https://play.limitlesstcg.com/tournament/6a1e65ed47f3797bf6ba9b6b/standings,Floette-Eternal:Whimsicott:Arcanine-Hisui:Basculegion:Kingambit:Archaludon,Floette-Eternal,Whimsicott,Arcanine-Hisui,Basculegion,Kingambit,Archaludon,Floettite,Focus Sash,Sitrus Berry,Choice Scarf,Black Glasses,White Herb,Flower Veil,Prankster,Rock Head,Adaptability,Defiant,Sturdy,Moonblast:Dazzling Gleam:Light of Ruin:Protect,Tailwind:Moonblast:Encore:Protect,Rock Slide:Flare Blitz:Extreme Speed:Protect,Wave Crash:Last Respects:Aqua Jet:Flip Turn,Kowtow Cleave:Sucker Punch:Iron Head:Protect,Draco Meteor:Flash Cannon:Aura Sphere:Protect
2026-06-17,2026-06-17T12:00:03Z,pikalytics,gen9championsvgc2026regma,"Best Pokemon, teams, and builds in Pokemon Champions VGC 2026",https://pikalytics.com/pokedex/gen9championsvgc2026regma,12,6,JOAO,JOAO,9-0,9,0,0,9,100.00,Intimidators Champions Challenge #16 REG M-A,2026-06-08,1,1,27,Intimidators Champions Challenge #16 REG M-A Rank #1,https://play.limitlesstcg.com/tournament/6a26baf056b11a587a94c139/player/joao/teamlist,https://play.limitlesstcg.com/tournament/6a26baf056b11a587a94c139/standings,Lycanroc:Sneasler:Scovillain-Mega:Basculegion:Froslass-Mega:Kingambit,Lycanroc,Sneasler,Scovillain-Mega,Basculegion,Froslass-Mega,Kingambit,Focus Sash,White Herb,Scovillainite,Sitrus Berry,Froslassite,Black Glasses,Tough Claws,Unburden,Moody,Adaptability,Cursed Body,Defiant,Rock Slide:Close Combat:Accelerock:Protect,Close Combat:Dire Claw:Fake Out:Protect,Overheat:Giga Drain:Rage Powder:Protect,Wave Crash:Last Respects:Aqua Jet:Protect,Blizzard:Shadow Ball:Aurora Veil:Protect,Kowtow Cleave:Sucker Punch:Swords Dance:Protect
2026-06-17,2026-06-17T12:00:03Z,pikalytics,gen9championsvgc2026regma,"Best Pokemon, teams, and builds in Pokemon Champions VGC 2026",https://pikalytics.com/pokedex/gen9championsvgc2026regma,19,6,MrPokEnjoy,MrPokEnjoy,9-0,9,0,0,9,100.00,Hunter's Howl Pokémon Champions M-A Tournament #2,2026-06-11,1,1,19,Hunter's Howl Pokémon Champions M-A Tournament #2 Rank #1,https://play.limitlesstcg.com/tournament/6a1cbef447f3797bf6ba8a30/player/mrpokenjoy/teamlist,https://play.limitlesstcg.com/tournament/6a1cbef447f3797bf6ba8a30/standings,Charizard-Mega-Y:Hydreigon:Gengar:Kingambit:Garchomp:Whimsicott,Charizard-Mega-Y,Hydreigon,Gengar,Kingambit,Garchomp,Whimsicott,Charizardite Y,Choice Scarf,Focus Sash,Chople Berry,Roseli Berry,Fairy Feather,Blaze,Levitate,Cursed Body,Defiant,Rough Skin,Prankster,Heat Wave:Weather Ball:Solar Beam:Protect,Draco Meteor:Earth Power:Snarl:Dark Pulse,Shadow Ball:Sludge Bomb:Icy Wind:Destiny Bond,Kowtow Cleave:Iron Head:Sucker Punch:Protect,Earthquake:Rock Slide:Poison Jab:Dragon Claw,Moonblast:Protect:Tailwind:Encore
2026-06-17,2026-06-17T12:00:03Z,pikalytics,gen9championsvgc2026regma,"Best Pokemon, teams, and builds in Pokemon Champions VGC 2026",https://pikalytics.com/pokedex/gen9championsvgc2026regma,10,6,PikaTROD,PikaTROD,10-1,10,1,0,11,90.91,SpearPillar Champions Tour #7 | Reg M-A,2026-06-13,1,1,97,SpearPillar Champions Tour #7 | Reg M-A Rank #1,https://play.limitlesstcg.com/tournament/6a1dfa3856b11a587a945dde/player/pikatrod/teamlist,https://play.limitlesstcg.com/tournament/6a1dfa3856b11a587a945dde/standings,Gardevoir-Mega:Aerodactyl-Mega:Maushold:Torkoal:Basculegion:Sneasler,Gardevoir-Mega,Aerodactyl-Mega,Maushold,Torkoal,Basculegion,Sneasler,Gardevoirite,Aerodactylite,Chople Berry,Charcoal,Focus Sash,White Herb,Trace,Unnerve,Friend Guard,Drought,Adaptability,Unburden,Hyper Voice:Psyshock:Trick Room:Protect,Rock Slide:Ice Fang:Protect:Tailwind,Follow Me:Protect:Super Fang:Feint,Eruption:Weather Ball:Solar Beam:Protect,Last Respects:Liquidation:Aqua Jet:Protect,Close Combat:Dire Claw:Fake Out:Protect
2026-06-17,2026-06-17T12:00:03Z,pikalytics,gen9championsvgc2026regma,"Best Pokemon, teams, and builds in Pokemon Champions VGC 2026",https://pikalytics.com/pokedex/gen9championsvgc2026regma,17,6,root2iris,root2iris,8-0,8,0,0,8,100.00,Pokemon Champions UA League #2,2026-06-13,1,1,12,Pokemon Champions UA League #2 Rank #1,https://play.limitlesstcg.com/tournament/6a0f503613f957d6d4b4c8cd/player/root2iris/teamlist,https://play.limitlesstcg.com/tournament/6a0f503613f957d6d4b4c8cd/standings,Samurott-Hisui:Incineroar:Snorlax:Dragonite:Gengar-Mega:Ninetales-Alola,Samurott-Hisui,Incineroar,Snorlax,Dragonite,Gengar-Mega,Ninetales-Alola,Chople Berry,Sitrus Berry,Leftovers,Dragon Fang,Gengarite,Focus Sash,Sharpness,Intimidate,Thick Fat,Multiscale,Cursed Body,Snow Warning,Night Slash:Sacred Sword:Sucker Punch:Detect,Overheat:Parting Shot:Fake Out:Protect,Yawn:Encore:Fissure:Protect,Dragon Claw:Low Kick:Extreme Speed:Protect,Sludge Bomb:Shadow Ball:Perish Song:Protect,Blizzard:Disable:Encore:Protect
2026-06-17,2026-06-17T12:00:03Z,pikalytics,gen9championsvgc2026regma,"Best Pokemon, teams, and builds in Pokemon Champions VGC 2026",https://pikalytics.com/pokedex/gen9championsvgc2026regma,13,6,John Cornelio Bandilla,John Cornelio Bandilla,9-0,9,0,0,9,100.00,King of Champions II,2026-06-14,1,1,53,King of Champions II Rank #1,https://play.limitlesstcg.com/tournament/6a1543d40f6c1f089986151f/player/quantumslack/teamlist,https://play.limitlesstcg.com/tournament/6a1543d40f6c1f089986151f/standings,Floette-Eternal:Charizard-Mega-Y:Aerodactyl:Sneasler:Kingambit:Incineroar,Floette-Eternal,Charizard-Mega-Y,Aerodactyl,Sneasler,Kingambit,Incineroar,Floettite,Charizardite Y,Focus Sash,White Herb,Black Glasses,Shuca Berry,Flower Veil,Solar Power,Unnerve,Unburden,Defiant,Intimidate,Draining Kiss:Dazzling Gleam:Calm Mind:Protect,Heat Wave:Weather Ball:Solar Beam:Protect,Rock Slide:Dual Wingbeat:Tailwind:Protect,Fake Out:Dire Claw:Close Combat:Protect,Kowtow Cleave:Iron Head:Sucker Punch:Protect,Fake Out:Flare Blitz:Throat Chop:Parting Shot
2026-06-17,2026-06-17T12:00:03Z,pikalytics,gen9championsvgc2026regma,"Best Pokemon, teams, and builds in Pokemon Champions VGC 2026",https://pikalytics.com/pokedex/gen9championsvgc2026regma,14,6,vedantff12345,vedantff12345,9-0-1,9,0,1,10,90.00,NOVA's SUPER LEAGUE,2026-06-14,1,1,82,NOVA's SUPER LEAGUE Rank #1,https://play.limitlesstcg.com/tournament/6a2a6d37e334c3c9befd3b00/player/vedantff12345/teamlist,https://play.limitlesstcg.com/tournament/6a2a6d37e334c3c9befd3b00/standings,Dragonite-Mega:Basculegion:Kingambit:Incineroar:Sneasler:Sinistcha,Dragonite-Mega,Basculegion,Kingambit,Incineroar,Sneasler,Sinistcha,Dragoninite,Choice Scarf,Black Glasses,Sitrus Berry,White Herb,Leftovers,Multiscale,Adaptability,Defiant,Intimidate,Unburden,Hospitality,Dragon Pulse:Heat Wave:Tailwind:Protect,Wave Crash:Flip Turn:Aqua Jet:Last Respects,Kowtow Cleave:Sucker Punch:Swords Dance:Protect,Fake Out:Flare Blitz:Throat Chop:Parting Shot,Fake Out:Close Combat:Dire Claw:Protect,Matcha Gotcha:Rage Powder:Trick Room:Protect
2026-06-23,2026-06-23T12:00:02Z,pikalytics,gen9championsvgc2026regma,"Best Pokemon, teams, and builds in Pokemon Champions VGC 2026",https://pikalytics.com/pokedex/gen9championsvgc2026regma,9,6,Soosendosen,Soosendosen,4-0,4,0,0,4,100.00,Último Torneo Ranking PokéchampionsDestiny #9,2026-06-17,1,1,12,Último Torneo Ranking PokéchampionsDestiny #9 Rank #1,https://play.limitlesstcg.com/tournament/6a205d3d56b11a587a94768c/player/soosendosen/teamlist,https://play.limitlesstcg.com/tournament/6a205d3d56b11a587a94768c/standings,Charizard-Mega-X:Incineroar:Sneasler:Kingambit:Floette-Eternal-Mega:Sinistcha,Charizard-Mega-X,Incineroar,Sneasler,Kingambit,Floette-Eternal-Mega,Sinistcha,Charizardite X,Leftovers,Focus Sash,Chople Berry,Floettite,Sitrus Berry,Blaze,Intimidate,Unburden,Defiant,Flower Veil,Hospitality,Protect:Temper Flare:Dragon Claw:Dragon Dance,Fake Out:Parting Shot:Flare Blitz:Helping Hand,Fake Out:Coaching:Close Combat:Dire Claw,Protect:Kowtow Cleave:Sucker Punch:Iron Head,Protect:Dazzling Gleam:Draining Kiss:Calm Mind,Matcha Gotcha:Rage Powder:Protect:Trick Room
2026-06-18,2026-06-18T12:00:03Z,pikalytics,gen9championsvgc2026regma,"Best Pokemon, teams, and builds in Pokemon Champions VGC 2026",https://pikalytics.com/pokedex/gen9championsvgc2026regma,9,6,tpgamer007,tpgamer007,3-1,3,1,0,4,75.00,Último Torneo Ranking PokéchampionsDestiny #9,2026-06-17,2,0,12,Último Torneo Ranking PokéchampionsDestiny #9 Rank #2,https://play.limitlesstcg.com/tournament/6a205d3d56b11a587a94768c/player/tpgamer007/teamlist,https://play.limitlesstcg.com/tournament/6a205d3d56b11a587a94768c/standings,Kingambit:Farigiraf:Vivillon:Sylveon:Tyranitar:Raichu,Kingambit,Farigiraf,Vivillon,Sylveon,Tyranitar,Raichu,Choice Scarf,Sitrus Berry,Choice Scarf,Life Orb,Chople Berry,Raichunite Y,Defiant,Armor Tail,Compound Eyes,Pixilate,Sand stream,Lightning Rod,Iron Head:Low Kick:Kowtow Cleave:Sucker Punch,Roar:Trick Room:Twin Beam:Thunderbolt,Hurricane:Energy Ball:Rage Powder:Sleep Powder,Hyper Beam:Hyper Voice:Quick Attack:Detect,High horsepower:knock off:protect:Rock Slide,Zap Cannon:Volt Switch:Focus Blast:Fake out
2026-06-19,2026-06-19T12:00:03Z,pikalytics,gen9championsvgc2026regma,"Best Pokemon, teams, and builds in Pokemon Champions VGC 2026",https://pikalytics.com/pokedex/gen9championsvgc2026regma,11,6,Gothicrose,Gothicrose,4-1,4,1,0,5,80.00,Hatterene Series W25/2026 - Champions M-B,2026-06-17,3,0,10,Hatterene Series W25/2026 - Champions M-B Rank #3,https://play.limitlesstcg.com/tournament/6a205e6747f3797bf6baad73/player/gothicrose/teamlist,https://play.limitlesstcg.com/tournament/6a205e6747f3797bf6baad73/standings,Sinistcha:Grimmsnarl:Basculegion:Staraptor-Mega:Metagross-Mega:Sylveon,Sinistcha,Grimmsnarl,Basculegion,Staraptor-Mega,Metagross-Mega,Sylveon,Bright Powder,Light Clay,Focus Sash,Staraptite,Metagrossite,Fairy Feather,Hospitality,Prankster,Adaptability,Intimidate,Clear Body,Pixilate,Trick Room:Life Dew:Matcha Gotcha:Rage Powder,Parting Shot:Scary Face:Light Screen:Reflect,Protect:Liquidation:Aqua Jet:Last Respects,Protect:Brave Bird:Close Combat:Roost,Protect:Bullet Punch:Meteor Assault:Stomping Tantrum,Protect:Quick Attack:Hyper Voice:Moonblast
2026-06-23,2026-06-23T12:00:02Z,pikalytics,gen9championsvgc2026regma,"Best Pokemon, teams, and builds in Pokemon Champions VGC 2026",https://pikalytics.com/pokedex/gen9championsvgc2026regma,12,6,Finalbelle,Finalbelle,5-1,5,1,0,6,83.33,Hatterene Series W25/2026 - Champions M-B,2026-06-17,1,1,10,Hatterene Series W25/2026 - Champions M-B Rank #1,https://play.limitlesstcg.com/tournament/6a205e6747f3797bf6baad73/player/finalbelle/teamlist,https://play.limitlesstcg.com/tournament/6a205e6747f3797bf6baad73/standings,Froslass-Mega:Sneasler:Volcarona:Farigiraf:Quaquaval:Meowscarada,Froslass-Mega,Sneasler,Volcarona,Farigiraf,Quaquaval,Meowscarada,Froslassite,White Herb,Focus Sash,Leftovers,Quick Claw,Choice Scarf,Cursed Body,Unburden,Flame Body,Armor Tail,Moxie,Protean,Aurora Veil:Blizzard:Shadow Ball:Protect,Close Combat:Dire Claw:Rock Slide:Fake Out,Heat Wave:Giga Drain:Quiver Dance:Protect,Psychic Noise:Hyper Voice:Helping Hand:Trick Room,Wave Crash:Knock Off:Close Combat:Aqua Jet,Flower Trick:Thunder Punch:Knock Off:Triple Axel
2026-06-19,2026-06-19T12:00:03Z,pikalytics,gen9championsvgc2026regma,"Best Pokemon, teams, and builds in Pokemon Champions VGC 2026",https://pikalytics.com/pokedex/gen9championsvgc2026regma,12,6,quivern,quivern,7-3,7,3,0,10,70.00,*Sitrus-Series*|Champions-MB|#63,2026-06-17,3,0,100,*Sitrus-Series*|Champions-MB|#63 Rank #3,https://play.limitlesstcg.com/tournament/6a2c0161e334c3c9befd473b/player/quivern/teamlist,https://play.limitlesstcg.com/tournament/6a2c0161e334c3c9befd473b/standings,Gardevoir-Mega:Mudsdale:Farigiraf:Vivillon:Torkoal:Sceptile-Mega,Gardevoir-Mega,Mudsdale,Farigiraf,Vivillon,Torkoal,Sceptile-Mega,Gardevoirite,Life Orb,Colbur Berry,Focus Sash,Charcoal,Sceptilite,Telepathy,Inner Focus,Armor Tail,Compound Eyes,Drought,Overgrow,Psychic:Hyper Voice:Trick Room:Protect,Rock Slide:High Horsepower:Heavy Slam:Earthquake,Protect:Trick Room:Thunderbolt:Helping Hand,Hurricane:Protect:Rage Powder:Sleep Powder,Eruption:Flamethrower:Earth Power:Protect,Leaf Storm:Dragon Pulse:Protect:Shed Tail
2026-06-23,2026-06-23T12:00:02Z,pikalytics,gen9championsvgc2026regma,"Best Pokemon, teams, and builds in Pokemon Champions VGC 2026",https://pikalytics.com/pokedex/gen9championsvgc2026regma,13,6,AndreVGC,AndreVGC,9-2,9,2,0,11,81.82,*Sitrus-Series*|Champions-MB|#63,2026-06-17,2,0,100,*Sitrus-Series*|Champions-MB|#63 Rank #2,https://play.limitlesstcg.com/tournament/6a2c0161e334c3c9befd473b/player/andrevgc/teamlist,https://play.limitlesstcg.com/tournament/6a2c0161e334c3c9befd473b/standings,Metagross-Mega:Kommo-o:Sylveon:Aerodactyl-Mega:Incineroar:Milotic,Metagross-Mega,Kommo-o,Sylveon,Aerodactyl-Mega,Incineroar,Milotic,Metagrossite,Leftovers,Fairy Feather,Aerodactylite,Passho Berry,Sitrus Berry,Clear Body,Soundproof,Pixilate,Unnerve,Intimidate,Competitive,Iron Head:Psychic Fangs:Stomping Tantrum:Protect,Clanging Scales:Aura Sphere:Clangorous Soul:Protect,Hyper Voice:Hyper Beam:Quick Attack:Detect,Rock Slide:Dual Wingbeat:Tailwind:Protect,Flare Blitz:Throat Chop:Parting Shot:Fake Out,Scald:Icy Wind:Life Dew:Protect
2026-06-18,2026-06-18T12:00:03Z,pikalytics,gen9championsvgc2026regma,"Best Pokemon, teams, and builds in Pokemon Champions VGC 2026",https://pikalytics.com/pokedex/gen9championsvgc2026regma,15,6,Fr33z,Fr33z,3-0,3,0,0,3,100.00,Alpensee Tour (Reg M-B) #62 - ✨🐢 for #1! IN-GAME!,2026-06-17,14,0,54,Alpensee Tour (Reg M-B) #62 - ✨🐢 for #1! IN-GAME! Rank #14,https://play.limitlesstcg.com/tournament/6a14208e0f6c1f08998609b4/player/fr33z/teamlist,https://play.limitlesstcg.com/tournament/6a14208e0f6c1f08998609b4/standings,Staraptor:Incineroar:Farigiraf:Mawile-Mega:Kingambit:Torkoal,Staraptor,Incineroar,Farigiraf,Mawile-Mega,Kingambit,Torkoal,Choice Scarf,Sitrus Berry,Colbur Berry,Mawilite,Life Orb,Charcoal,Intimidate,Intimidate,Armor Tail,Hyper Cutter,Defiant,Drought,Final Gambit:Brave Bird:Close Combat:U-turn,Flare Blitz:Throat Chop:Parting Shot:Fake Out,Psychic:Helping Hand:Trick Room:Protect,Play Rough:Sucker Punch:Rock Slide:Protect,Kowtow Cleave:Sucker Punch:Iron Head:Low Kick,Eruption:Weather Ball:Solar Beam:Protect
2026-06-19,2026-06-19T12:00:03Z,pikalytics,gen9championsvgc2026regma,"Best Pokemon, teams, and builds in Pokemon Champions VGC 2026",https://pikalytics.com/pokedex/gen9championsvgc2026regma,15,6,tpgamer007,tpgamer007,3-1,3,1,0,4,75.00,Último Torneo Ranking PokéchampionsDestiny #9,2026-06-17,2,0,12,Último Torneo Ranking PokéchampionsDestiny #9 Rank #2,https://play.limitlesstcg.com/tournament/6a205d3d56b11a587a94768c/player/tpgamer007/teamlist,https://play.limitlesstcg.com/tournament/6a205d3d56b11a587a94768c/standings,Kingambit:Farigiraf:Vivillon:Sylveon:Tyranitar:Raichu-Mega-Y,Kingambit,Farigiraf,Vivillon,Sylveon,Tyranitar,Raichu-Mega-Y,Choice Scarf,Sitrus Berry,Choice Scarf,Life Orb,Chople Berry,Raichunite Y,Defiant,Armor Tail,Compound Eyes,Pixilate,Sand stream,Lightning Rod,Iron Head:Low Kick:Kowtow Cleave:Sucker Punch,Roar:Trick Room:Twin Beam:Thunderbolt,Hurricane:Energy Ball:Rage Powder:Sleep Powder,Hyper Beam:Hyper Voice:Quick Attack:Detect,High horsepower:knock off:protect:Rock Slide,Zap Cannon:Volt Switch:Focus Blast:Fake out
2026-06-25,2026-06-25T12:00:03Z,pikalytics,gen9championsvgc2026regma,"Best Pokemon, teams, and builds in Pokemon Champions VGC 2026",https://pikalytics.com/pokedex/gen9championsvgc2026regma,16,6,BHelixB,BHelixB,9-2,9,2,0,11,81.82,*Sitrus-Series*|Champions-MB|#63,2026-06-17,1,1,100,*Sitrus-Series*|Champions-MB|#63 Rank #1,https://play.limitlesstcg.com/tournament/6a2c0161e334c3c9befd473b/player/bhelixb/teamlist,https://play.limitlesstcg.com/tournament/6a2c0161e334c3c9befd473b/standings,Arcanine-Hisui:Whimsicott:Sneasler:Garchomp:Kingambit:Froslass-Mega,Arcanine-Hisui,Whimsicott,Sneasler,Garchomp,Kingambit,Froslass-Mega,Focus Sash,Occa Berry,White Herb,Life Orb,Black Glasses,Froslassite,Rock Head,Prankster,Unburden,Rough Skin,Defiant,Snow Cloak,Flare Blitz:Rock Slide:Extreme Speed:Protect,Protect:Encore:Tailwind:Moonblast,Fake Out:Dire Claw:Close Combat:Protect,Dragon Claw:Earthquake:Rock Slide:Protect,Kowtow Cleave:Iron Head:Sucker Punch:Protect,Blizzard:Shadow Ball:Aurora Veil:Protect
2026-06-18,2026-06-18T12:00:03Z,pikalytics,gen9championsvgc2026regma,"Best Pokemon, teams, and builds in Pokemon Champions VGC 2026",https://pikalytics.com/pokedex/gen9championsvgc2026regma,16,6,shabarai,shabarai,4-1,4,1,0,5,80.00,Alpensee Tour (Reg M-B) #62 - ✨🐢 for #1! IN-GAME!,2026-06-17,4,0,54,Alpensee Tour (Reg M-B) #62 - ✨🐢 for #1! IN-GAME! Rank #4,https://play.limitlesstcg.com/tournament/6a14208e0f6c1f08998609b4/player/shabarai/teamlist,https://play.limitlesstcg.com/tournament/6a14208e0f6c1f08998609b4/standings,Whimsicott:Charizard-Mega-Y:Kingambit:Basculegion:Sinistcha:Staraptor-Mega,Whimsicott,Charizard-Mega-Y,Kingambit,Basculegion,Sinistcha,Staraptor-Mega,Focus Sash,Charizardite Y,Chople Berry,Focus Sash,Sitrus Berry,Staraptite,Prankster,Blaze,Defiant,Adaptability,Hospitality,Intimidate,Tailwind:Moonblast:Charm:Protect,Heat Wave:Weather Ball:Solar Beam:Protect,Kowtow Cleave:Sucker Punch:Iron Head:Low Kick,Liquidation:Last Respects:Aqua Jet:Protect,Rage Powder:Matcha Gotcha:Trick Room:Life Dew,Brave Bird:Close Combat:Roost:Protect
2026-06-19,2026-06-19T12:00:03Z,pikalytics,gen9championsvgc2026regma,"Best Pokemon, teams, and builds in Pokemon Champions VGC 2026",https://pikalytics.com/pokedex/gen9championsvgc2026regma,17,6,Frytki,Frytki,4-1,4,1,0,5,80.00,Alpensee Tour (Reg M-B) #62 - ✨🐢 for #1! IN-GAME!,2026-06-17,3,0,54,Alpensee Tour (Reg M-B) #62 - ✨🐢 for #1! IN-GAME! Rank #3,https://play.limitlesstcg.com/tournament/6a14208e0f6c1f08998609b4/player/frytki/teamlist,https://play.limitlesstcg.com/tournament/6a14208e0f6c1f08998609b4/standings,Dragonite-Mega:Maushold:Archaludon:Pelipper:Basculegion:Mawile-Mega,Dragonite-Mega,Maushold,Archaludon,Pelipper,Basculegion,Mawile-Mega,Dragoninite,Wide Lens,Leftovers,Life Orb,Choice Scarf,Mawilite,Multiscale,Technician,Stamina,Drizzle,Adaptability,Intimidate,Dragon Pulse:Hurricane:Weather Ball:Protect,Protect:Population Bomb:Rain Dance:Follow Me,Dragon Pulse:Flash Cannon:Electro Shot:Protect,Hurricane:Weather Ball:Wide Guard:Tailwind,Wave Crash:Last Respects:Aqua Jet:Flip Turn,Play Rough:Iron Head:Sucker Punch:Protect
2026-06-19,2026-06-19T12:00:03Z,pikalytics,gen9championsvgc2026regma,"Best Pokemon, teams, and builds in Pokemon Champions VGC 2026",https://pikalytics.com/pokedex/gen9championsvgc2026regma,18,6,jazzcatte,jazzcatte,4-2,4,2,0,6,66.67,Hatterene Series W25/2026 - Champions M-B,2026-06-17,2,0,10,Hatterene Series W25/2026 - Champions M-B Rank #2,https://play.limitlesstcg.com/tournament/6a205e6747f3797bf6baad73/player/jazzcatte/teamlist,https://play.limitlesstcg.com/tournament/6a205e6747f3797bf6baad73/standings,Malamar-Mega:Incineroar:Sinistcha:Glimmora:Whimsicott:Garchomp,Malamar-Mega,Incineroar,Sinistcha,Glimmora,Whimsicott,Garchomp,Malamarite,Chople Berry,Sitrus Berry,Focus Sash,Mental Herb,Life Orb,Contrary,Intimidate,Hospitality,Toxic Debris,Prankster,Rough Skin,Knock Off:Superpower:Zen Headbutt:Protect,Fake Out:Parting Shot:Flare Blitz:Throat Chop,Matcha Gotcha:Trick Room:Rage Powder:Shadow Ball,Power Gem:Sludge Bomb:Earth Power:Spiky Shield,Moonblast:Tailwind:Encore:Protect,Dragon Claw:Stomping Tantrum:Rock Slide:Protect
2026-06-18,2026-06-18T12:00:03Z,pikalytics,gen9championsvgc2026regma,"Best Pokemon, teams, and builds in Pokemon Champions VGC 2026",https://pikalytics.com/pokedex/gen9championsvgc2026regma,19,6,MeganVGC,MeganVGC,3-2,3,2,0,5,60.00,Hatterene Series W25/2026 - Champions M-B,2026-06-17,4,0,10,Hatterene Series W25/2026 - Champions M-B Rank #4,https://play.limitlesstcg.com/tournament/6a205e6747f3797bf6baad73/player/meganvgc/teamlist,https://play.limitlesstcg.com/tournament/6a205e6747f3797bf6baad73/standings,Glimmora-Mega:Whimsicott:Gholdengo:Annihilape:Hydreigon:Maushold,Glimmora-Mega,Whimsicott,Gholdengo,Annihilape,Hydreigon,Maushold,Glimmoranite,Focus Sash,Life Orb,Leftovers,Wise Glasses,Wide Lens,Toxic Debris,Prankster,Good as Gold,Defiant,Levitate,Friend Guard,Sludge Bomb:Power Gem:Earth Power:Spiky Shield,Moonblast:Tailwind:Encore:Protect,Flash Cannon:Shadow Ball:Recover:Protect,Drain Punch:Rage Fist:Bulk Up:Protect,Dragon Pulse:Dark Pulse:Earth Power:Protect,Population Bomb:Beat Up:Follow Me:Protect
2026-06-19,2026-06-19T12:00:03Z,pikalytics,gen9championsvgc2026regma,"Best Pokemon, teams, and builds in Pokemon Champions VGC 2026",https://pikalytics.com/pokedex/gen9championsvgc2026regma,19,6,Royal_Rebel_Prince21,Royal_Rebel_Prince21,3-1,3,1,0,4,75.00,Último Torneo Ranking PokéchampionsDestiny #9,2026-06-17,3,0,12,Último Torneo Ranking PokéchampionsDestiny #9 Rank #3,https://play.limitlesstcg.com/tournament/6a205d3d56b11a587a94768c/player/royal_rebel_prince21/teamlist,https://play.limitlesstcg.com/tournament/6a205d3d56b11a587a94768c/standings,Whimsicott:Sneasler:Archaludon:Gyarados-Mega:Pyroar-Mega:Eelektross-Mega,Whimsicott,Sneasler,Archaludon,Gyarados-Mega,Pyroar-Mega,Eelektross-Mega,Focus Sash,White Herb,Leftovers,Gyaradosite,Pyroarite,Eelektrossite,Prankster,Unburden,Stamina,Intimidate,Rivalry,Levitate,Moonblast:Tailwind:Protect:Encore,Close Combat:Dire Claw:Fake Out:Protect,Dragon Pulse:Aura Sphere:Flash Cannon:Protect,Crunch:Waterfall:Dragon Dance:Protect,Flamethrower:Heat Wave:Hyper Voice:Protect,Flamethrower:Thunderbolt:Giga Drain:Protect
2026-06-25,2026-06-25T12:00:03Z,pikalytics,gen9championsvgc2026regma,"Best Pokemon, teams, and builds in Pokemon Champions VGC 2026",https://pikalytics.com/pokedex/gen9championsvgc2026regma,19,6,Testing444,Testing444,5-0,5,0,0,5,100.00,Alpensee Tour (Reg M-B) #62 - ✨🐢 for #1! IN-GAME!,2026-06-17,1,1,54,Alpensee Tour (Reg M-B) #62 - ✨🐢 for #1! IN-GAME! Rank #1,https://play.limitlesstcg.com/tournament/6a14208e0f6c1f08998609b4/player/testing444/teamlist,https://play.limitlesstcg.com/tournament/6a14208e0f6c1f08998609b4/standings,Pelipper:Sneasler:Basculegion:Dragonite-Mega:Archaludon:Swampert-Mega,Pelipper,Sneasler,Basculegion,Dragonite-Mega,Archaludon,Swampert-Mega,Sitrus Berry,White Herb,Choice Scarf,Dragoninite,Leftovers,Swampertite,Drizzle,Unburden,Adaptability,Inner Focus,Stamina,Torrent,Wide Guard:Tailwind:Weather Ball:Hurricane,Close Combat:Dire Claw:Fake Out:Protect,Wave Crash:Last Respects:Flip Turn:Aqua Jet,Dragon Pulse:Heat Wave:Tailwind:Protect,Electro Shot:Dragon Pulse:Flash Cannon:Protect,Wave Crash:Earthquake:High Horsepower:Protect
2026-06-19,2026-06-19T12:00:03Z,pikalytics,gen9championsvgc2026regma,"Best Pokemon, teams, and builds in Pokemon Champions VGC 2026",https://pikalytics.com/pokedex/gen9championsvgc2026regma,20,6,AlexShyness,AlexShyness,7-2,7,2,0,9,77.78,*Sitrus-Series*|Champions-MB|#63,2026-06-17,6,0,100,*Sitrus-Series*|Champions-MB|#63 Rank #6,https://play.limitlesstcg.com/tournament/6a2c0161e334c3c9befd473b/player/alexshyness/teamlist,https://play.limitlesstcg.com/tournament/6a2c0161e334c3c9befd473b/standings,Charizard-Mega-Y:Venusaur:Torkoal:Mawile-Mega:Farigiraf:Incineroar,Charizard-Mega-Y,Venusaur,Torkoal,Mawile-Mega,Farigiraf,Incineroar,Charizardite Y,Focus Sash,Charcoal,Mawilite,Sitrus Berry,Passho Berry,Blaze,Chlorophyll,Drought,Hyper Cutter,Armor Tail,Intimidate,Protect:Heat Wave:Solar Beam:Weather Ball,Protect:Sleep Powder:Sludge Bomb:Energy Ball,Protect:Eruption:Heat Wave:Weather Ball,Protect:Play Rough:Sucker Punch:Iron Head,Psychic:Helping Hand:Trick Room:Hyper Voice,Fake Out:Flare Blitz:Throat Chop:Parting Shot
2026-06-23,2026-06-23T12:00:02Z,pikalytics,gen9championsvgc2026regma,"Best Pokemon, teams, and builds in Pokemon Champions VGC 2026",https://pikalytics.com/pokedex/gen9championsvgc2026regma,20,6,ImTengenUzui,ImTengenUzui,4-1,4,1,0,5,80.00,Alpensee Tour (Reg M-B) #62 - ✨🐢 for #1! IN-GAME!,2026-06-17,2,0,54,Alpensee Tour (Reg M-B) #62 - ✨🐢 for #1! IN-GAME! Rank #2,https://play.limitlesstcg.com/tournament/6a14208e0f6c1f08998609b4/player/imtengenuzui/teamlist,https://play.limitlesstcg.com/tournament/6a14208e0f6c1f08998609b4/standings,Incineroar:Floette-Eternal-Mega:Sinistcha:Delphox-Mega:Kingambit:Sneasler,Incineroar,Floette-Eternal-Mega,Sinistcha,Delphox-Mega,Kingambit,Sneasler,Sitrus Berry,Floettite,Occa Berry,Delphoxite,Black Glasses,White Herb,Intimidate,Flower Veil,Hospitality,Blaze,Defiant,Unburden,Throat Chop:Fake Out:Flare Blitz:Parting Shot,Moonblast:Dazzling Gleam:Calm Mind:Protect,Matcha Gotcha:Rage Powder:Life Dew:Trick Room,Heat Wave:Psychic:Nasty Plot:Protect,Kowtow Cleave:Sucker Punch:Iron Head:Protect,Close Combat:Dire Claw:Fake Out:Protect
2026-06-18,2026-06-18T12:00:03Z,pikalytics,gen9championsvgc2026regma,"Best Pokemon, teams, and builds in Pokemon Champions VGC 2026",https://pikalytics.com/pokedex/gen9championsvgc2026regma,20,6,Jayisdecent,Jayisdecent,4-1,4,1,0,5,80.00,Alpensee Tour (Reg M-B) #62 - ✨🐢 for #1! IN-GAME!,2026-06-17,6,0,54,Alpensee Tour (Reg M-B) #62 - ✨🐢 for #1! IN-GAME! Rank #6,https://play.limitlesstcg.com/tournament/6a14208e0f6c1f08998609b4/player/jayisdecent/teamlist,https://play.limitlesstcg.com/tournament/6a14208e0f6c1f08998609b4/standings,Blaziken-Mega:Hydreigon:Incineroar:Sinistcha:Milotic:Floette-Eternal-Mega,Blaziken-Mega,Hydreigon,Incineroar,Sinistcha,Milotic,Floette-Eternal-Mega,Blazikenite,Choice Scarf,Sitrus Berry,Occa Berry,Leftovers,Floettite,Speed Boost,Levitate,Intimidate,Hospitality,Competitive,Fairy Aura,Flare Blitz:Close Combat:Swords Dance:Detect,Draco Meteor:Heat Wave:Dark Pulse:Snarl,Fake Out:Flare Blitz:Throat Chop:Parting Shot,Matcha Gotcha:Rage Powder:Life Dew:Protect,Muddy Water:Coil:Hypnosis:Recover,Moonblast:Dazzling Gleam:Calm Mind:Protect
2026-06-23,2026-06-23T12:00:02Z,pikalytics,gen9championsvgc2026regma,"Best Pokemon, teams, and builds in Pokemon Champions VGC 2026",https://pikalytics.com/pokedex/gen9championsvgc2026regma,4,6,Altkyle,Altkyle,6-0,6,0,0,6,100.00,VGC Gemeinde Showdown #9,2026-06-18,1,1,9,VGC Gemeinde Showdown #9 Rank #1,https://play.limitlesstcg.com/tournament/6a32c5642d97f3b0c2618782/player/altkyle/teamlist,https://play.limitlesstcg.com/tournament/6a32c5642d97f3b0c2618782/standings,Dragonite-Mega:Basculegion:Scizor-Mega:Archaludon:Pelipper:Incineroar,Dragonite-Mega,Basculegion,Scizor-Mega,Archaludon,Pelipper,Incineroar,Dragoninite,Choice Scarf,Scizorite,Chople Berry,Focus Sash,Sitrus Berry,Inner Focus,Adaptability,Technician,Stamina,Drizzle,Intimidate,Dragon Pulse:Flamethrower:Tailwind:Protect,Wave Crash:Last Respects:Aqua Jet:Flip Turn,Bullet Punch:Close Combat:Swords Dance:Protect,Electro Shot:Dragon Pulse:Aura Sphere:Protect,Hurricane:Weather Ball:Tailwind:Protect,Fake Out:Flare Blitz:Throat Chop:Parting Shot
2026-06-18,2026-06-18T12:00:03Z,pikalytics,gen9championsvgc2026regma,"Best Pokemon, teams, and builds in Pokemon Champions VGC 2026",https://pikalytics.com/pokedex/gen9championsvgc2026regma,7,6,seafoamshores,seafoamshores,5-2,5,2,0,7,71.43,REG B DAY 1 THROWDOWN BABYYYYYYYYYYY,2026-06-18,1,1,14,REG B DAY 1 THROWDOWN BABYYYYYYYYYYY Rank #1,https://play.limitlesstcg.com/tournament/6a3228dee334c3c9befd8572/player/seafoamshores/teamlist,https://play.limitlesstcg.com/tournament/6a3228dee334c3c9befd8572/standings,Swampert-Mega:Pelipper:Archaludon:Raichu:Sableye:Sinistcha,Swampert-Mega,Pelipper,Archaludon,Raichu,Sableye,Sinistcha,Swampertite,Focus Sash,Leftovers,Raichunite X,Light Clay,Sitrus Berry,Torrent,Drizzle,Stamina,Lightning Rod,Prankster,Hospitality,Wave Crash:Earthquake:Ice Punch:Protect,Tailwind:Hurricane:Weather Ball:Wide Guard,Electro Shot:Dragon Pulse:Flash Cannon:Protect,Protect:Encore:Volt Switch:Volt Tackle,Foul Play:Reflect:Light Screen:Rain Dance,Rage Powder:Protect:Matcha Gotcha:Life Dew
2026-06-19,2026-06-19T12:00:03Z,pikalytics,gen9championsvgc2026regma,"Best Pokemon, teams, and builds in Pokemon Champions VGC 2026",https://pikalytics.com/pokedex/gen9championsvgc2026regma,8,6,Ntavi,Ntavi,2-0,2,0,0,2,100.00,Tenki's x MMHM - Champions M-B,2026-06-18,1,1,49,Tenki's x MMHM - Champions M-B Rank #1,https://play.limitlesstcg.com/tournament/6a04baa9dfbdf089cbbd9917/player/ntavi/teamlist,https://play.limitlesstcg.com/tournament/6a04baa9dfbdf089cbbd9917/standings,Swampert-Mega:Pelipper:Archaludon:Sinistcha:Maushold:Gholdengo,Swampert-Mega,Pelipper,Archaludon,Sinistcha,Maushold,Gholdengo,Swampertite,Sitrus Berry,Leftovers,Kasib Berry,Focus Sash,Life Orb,Torrent,Drizzle,Stamina,Hospitality,Friend Guard,Good as Gold,Wave Crash:High Horsepower:Ice Punch:Protect,Weather Ball:Hurricane:Tailwind:Wide Guard,Electro Shot:Dragon Pulse:Flash Cannon:Protect,Rage Powder:Matcha Gotcha:Trick Room:Protect,Follow Me:Super Fang:Rain Dance:Protect,Make It Rain:Shadow Ball:Nasty Plot:Protect
2026-06-23,2026-06-23T12:00:02Z,pikalytics,gen9championsvgc2026regma,"Best Pokemon, teams, and builds in Pokemon Champions VGC 2026",https://pikalytics.com/pokedex/gen9championsvgc2026regma,8,6,Testing444,Testing444,8-2,8,2,0,10,80.00,Tenki's x MMHM - Champions M-B,2026-06-18,1,1,49,Tenki's x MMHM - Champions M-B Rank #1,https://play.limitlesstcg.com/tournament/6a04baa9dfbdf089cbbd9917/player/testing444/teamlist,https://play.limitlesstcg.com/tournament/6a04baa9dfbdf089cbbd9917/standings,Pelipper:Sneasler:Basculegion:Dragonite-Mega:Archaludon:Gholdengo,Pelipper,Sneasler,Basculegion,Dragonite-Mega,Archaludon,Gholdengo,Sitrus Berry,White Herb,Choice Scarf,Dragoninite,Leftovers,Focus Sash,Drizzle,Unburden,Adaptability,Inner Focus,Stamina,Good as Gold,Wide Guard:Tailwind:Weather Ball:Hurricane,Close Combat:Dire Claw:Fake Out:Protect,Wave Crash:Last Respects:Flip Turn:Aqua Jet,Dragon Pulse:Heat Wave:Tailwind:Protect,Electro Shot:Dragon Pulse:Flash Cannon:Protect,Make It Rain:Shadow Ball:Nasty Plot:Protect
2026-06-29,2026-06-29T12:00:03Z,pikalytics,gen9championsvgc2026regma,"Best Pokemon, teams, and builds in Pokemon Champions VGC 2026",https://pikalytics.com/pokedex/gen9championsvgc2026regma,9,6,Chinese Spy,Chinese Spy,8-1,8,1,0,9,88.89,Intimidators Champions Challenge #19 REG M-B,2026-06-18,1,1,41,Intimidators Champions Challenge #19 REG M-B Rank #1,https://play.limitlesstcg.com/tournament/6a2fe50b2d97f3b0c261746a/player/wochienreaction/teamlist,https://play.limitlesstcg.com/tournament/6a2fe50b2d97f3b0c261746a/standings,Charizard-Mega-Y:Metagross-Mega:Samurott-Hisui:Sylveon:Garchomp:Aerodactyl,Charizard-Mega-Y,Metagross-Mega,Samurott-Hisui,Sylveon,Garchomp,Aerodactyl,Charizardite Y,Metagrossite,Black Glasses,Fairy Feather,Life Orb,Focus Sash,Blaze,Clear Body,Sharpness,Pixilate,Rough Skin,Unnerve,Heat Wave:Solar Beam:Protect:Weather Ball,Protect:Iron Head:Body Press:Ice Punch,Ceaseless Edge:Sucker Punch:Sacred Sword:Protect,Hyper Beam:Hyper Voice:Quick Attack:Protect,Dragon Claw:Protect:Earthquake:Rock Tomb,Tailwind:Rock Slide:Wide Guard:Protect
2026-06-23,2026-06-23T12:00:02Z,pikalytics,gen9championsvgc2026regma,"Best Pokemon, teams, and builds in Pokemon Champions VGC 2026",https://pikalytics.com/pokedex/gen9championsvgc2026regma,10,6,CptAuroOG,CptAuroOG,4-0,4,0,0,4,100.00,London Corviknight VGC Weekly tour!,2026-06-18,1,1,5,London Corviknight VGC Weekly tour! Rank #1,https://play.limitlesstcg.com/tournament/6a29aa50e334c3c9befd3385/player/cptauroog/teamlist,https://play.limitlesstcg.com/tournament/6a29aa50e334c3c9befd3385/standings,Archaludon:Pelipper:Raichu-Mega-X:Swampert-Mega:Annihilape:Maushold,Archaludon,Pelipper,Raichu-Mega-X,Swampert-Mega,Annihilape,Maushold,Leftovers,Damp Rock,Raichunite X,Swampertite,Sitrus Berry,Focus Sash,Stamina,Drizzle,Lightning Rod,Swift Swim,Defiant,Friend Guard,Flash Cannon:Dragon Pulse:Electro Shot:Protect,Weather Ball:Hurricane:Wide Guard:Tailwind,Rising Voltage:Rain Dance:Volt Switch:Fake Out,Wave Crash:Earthquake:Ice Punch:Protect,Drain Punch:Rage Fist:Bulk Up:Protect,Super Fang:Beat Up:Follow Me:Protect
2026-06-18,2026-06-18T12:00:03Z,pikalytics,gen9championsvgc2026regma,"Best Pokemon, teams, and builds in Pokemon Champions VGC 2026",https://pikalytics.com/pokedex/gen9championsvgc2026regma,10,6,Fluffy_m1n,Fluffy_m1n,6-1,6,1,0,7,85.71,REG B DAY 1 THROWDOWN BABYYYYYYYYYYY,2026-06-18,2,0,14,REG B DAY 1 THROWDOWN BABYYYYYYYYYYY Rank #2,https://play.limitlesstcg.com/tournament/6a3228dee334c3c9befd8572/player/fluffy_m1n/teamlist,https://play.limitlesstcg.com/tournament/6a3228dee334c3c9befd8572/standings,Whimsicott:Ninetales-Alola:Raichu:Metagross-Mega:Kingambit:Basculegion,Whimsicott,Ninetales-Alola,Raichu,Metagross-Mega,Kingambit,Basculegion,Focus Sash,Life Orb,Raichunite Y,Metagrossite,Chople Berry,Mystic Water,Prankster,Snow Warning,Lightning Rod,Clear Body,Defiant,Adaptability,Protect:Moonblast:Tailwind:Encore,Protect:Blizzard:Moonblast:Freeze-Dry,Protect:Fake Out:Zap Cannon:Focus Blast,Protect:Bullet Punch:Iron Head:Psychic Fangs,Protect:Kowtow Cleave:Sucker Punch:Low Kick,Protect:Wave Crash:Last Respects:Aqua Jet
2026-06-19,2026-06-19T12:00:03Z,pikalytics,gen9championsvgc2026regma,"Best Pokemon, teams, and builds in Pokemon Champions VGC 2026",https://pikalytics.com/pokedex/gen9championsvgc2026regma,10,6,seafoamshores,seafoamshores,5-2,5,2,0,7,71.43,REG B DAY 1 THROWDOWN BABYYYYYYYYYYY,2026-06-18,1,1,14,REG B DAY 1 THROWDOWN BABYYYYYYYYYYY Rank #1,https://play.limitlesstcg.com/tournament/6a3228dee334c3c9befd8572/player/seafoamshores/teamlist,https://play.limitlesstcg.com/tournament/6a3228dee334c3c9befd8572/standings,Swampert-Mega:Pelipper:Archaludon:Raichu-Mega-X:Sableye:Sinistcha,Swampert-Mega,Pelipper,Archaludon,Raichu-Mega-X,Sableye,Sinistcha,Swampertite,Focus Sash,Leftovers,Raichunite X,Light Clay,Sitrus Berry,Torrent,Drizzle,Stamina,Lightning Rod,Prankster,Hospitality,Wave Crash:Earthquake:Ice Punch:Protect,Tailwind:Hurricane:Weather Ball:Wide Guard,Electro Shot:Dragon Pulse:Flash Cannon:Protect,Protect:Encore:Volt Switch:Volt Tackle,Foul Play:Reflect:Light Screen:Rain Dance,Rage Powder:Protect:Matcha Gotcha:Life Dew
2026-06-23,2026-06-23T12:00:02Z,pikalytics,gen9championsvgc2026regma,"Best Pokemon, teams, and builds in Pokemon Champions VGC 2026",https://pikalytics.com/pokedex/gen9championsvgc2026regma,11,6,Lukitax,Lukitax,7-2,7,2,0,9,77.78,Ratorneo #3 Champions 2026 | Reg MB | APTO CELUS,2026-06-18,1,1,24,Ratorneo #3 Champions 2026 | Reg MB | APTO CELUS Rank #1,https://play.limitlesstcg.com/tournament/6a32d1922d97f3b0c261884e/player/lukitax/teamlist,https://play.limitlesstcg.com/tournament/6a32d1922d97f3b0c261884e/standings,Pelipper:Swampert-Mega:Archaludon:Sinistcha:Floette-Eternal-Mega:Incineroar,Pelipper,Swampert-Mega,Archaludon,Sinistcha,Floette-Eternal-Mega,Incineroar,Focus Sash,Swampertite,Leftovers,Kasib Berry,Floettite,Sitrus Berry,Drizzle,Damp,Stamina,Hospitality,Flower Veil,Intimidate,Weather Ball:Hurricane:Tailwind:Protect,Wave Crash:Earthquake:Ice Punch:Protect,Dragon Pulse:Flash Cannon:Electro Shot:Protect,Matcha Gotcha:Rage Powder:Trick Room:Protect,Moonblast:Dazzling Gleam:Protect:Calm Mind,Flare Blitz:Throat Chop:Parting Shot:Fake Out
2026-06-19,2026-06-19T12:00:03Z,pikalytics,gen9championsvgc2026regma,"Best Pokemon, teams, and builds in Pokemon Champions VGC 2026",https://pikalytics.com/pokedex/gen9championsvgc2026regma,13,6,Fluffy_m1n,Fluffy_m1n,6-1,6,1,0,7,85.71,REG B DAY 1 THROWDOWN BABYYYYYYYYYYY,2026-06-18,2,0,14,REG B DAY 1 THROWDOWN BABYYYYYYYYYYY Rank #2,https://play.limitlesstcg.com/tournament/6a3228dee334c3c9befd8572/player/fluffy_m1n/teamlist,https://play.limitlesstcg.com/tournament/6a3228dee334c3c9befd8572/standings,Whimsicott:Ninetales-Alola:Raichu-Mega-Y:Metagross-Mega:Kingambit:Basculegion,Whimsicott,Ninetales-Alola,Raichu-Mega-Y,Metagross-Mega,Kingambit,Basculegion,Focus Sash,Life Orb,Raichunite Y,Metagrossite,Chople Berry,Mystic Water,Prankster,Snow Warning,Lightning Rod,Clear Body,Defiant,Adaptability,Protect:Moonblast:Tailwind:Encore,Protect:Blizzard:Moonblast:Freeze-Dry,Protect:Fake Out:Zap Cannon:Focus Blast,Protect:Bullet Punch:Iron Head:Psychic Fangs,Protect:Kowtow Cleave:Sucker Punch:Low Kick,Protect:Wave Crash:Last Respects:Aqua Jet
2026-06-23,2026-06-23T12:00:02Z,pikalytics,gen9championsvgc2026regma,"Best Pokemon, teams, and builds in Pokemon Champions VGC 2026",https://pikalytics.com/pokedex/gen9championsvgc2026regma,14,6,Hirseknabe,Hirseknabe,8-2,8,2,0,10,80.00,r/VGC Regulation M-B Kickoff Cup,2026-06-18,2,0,231,r/VGC Regulation M-B Kickoff Cup Rank #2,https://play.limitlesstcg.com/tournament/6a32a5ae2d97f3b0c2618621/player/hirseknabe/teamlist,https://play.limitlesstcg.com/tournament/6a32a5ae2d97f3b0c2618621/standings,Kangaskhan-Mega:Farigiraf:Torkoal:Basculegion:Vileplume:Kommo-o,Kangaskhan-Mega,Farigiraf,Torkoal,Basculegion,Vileplume,Kommo-o,Kangaskhanite,Colbur Berry,Charcoal,Choice Scarf,Focus Sash,Haban Berry,Scrappy,Armor Tail,Drought,Adaptability,Chlorophyll,Overcoat,Double-Edge:Fake Out:Low Kick:Sucker Punch,Hyper Voice:Psychic:Protect:Trick Room,Eruption:Weather Ball:Earth Power:Protect,Aqua Jet:Wave Crash:Last Respects:Flip Turn,Sludge Bomb:Energy Ball:Sleep Powder:After You,Clanging Scales:Aura Sphere:Protect:Clangorous Soul
2026-06-19,2026-06-19T12:00:03Z,pikalytics,gen9championsvgc2026regma,"Best Pokemon, teams, and builds in Pokemon Champions VGC 2026",https://pikalytics.com/pokedex/gen9championsvgc2026regma,14,6,Yoshi1267,Yoshi1267,2-0,2,0,0,2,100.00,Tenki's x MMHM - Champions M-B,2026-06-18,2,0,49,Tenki's x MMHM - Champions M-B Rank #2,https://play.limitlesstcg.com/tournament/6a04baa9dfbdf089cbbd9917/player/yoshi1267/teamlist,https://play.limitlesstcg.com/tournament/6a04baa9dfbdf089cbbd9917/standings,Delphox-Mega:Primarina:Sneasler:Kingambit:Sinistcha:Incineroar,Delphox-Mega,Primarina,Sneasler,Kingambit,Sinistcha,Incineroar,Delphoxite,Life Orb,Focus Sash,Black Glasses,Kasib Berry,Sitrus Berry,Blaze,Liquid Voice,Poison Touch,Defiant,Hospitality,Intimidate,Heat Wave:Psyshock:Nasty Plot:Protect,Hyper Voice:Draining Kiss:Moonblast:Protect,Dire Claw:Close Combat:Quick Guard:Fake Out,Sucker Punch:Kowtow Cleave:Swords Dance:Protect,Matcha Gotcha:Rage Powder:Trick Room:Protect,Fake Out:Flare Blitz:Parting Shot:Throat Chop
2026-06-25,2026-06-25T12:00:03Z,pikalytics,gen9championsvgc2026regma,"Best Pokemon, teams, and builds in Pokemon Champions VGC 2026",https://pikalytics.com/pokedex/gen9championsvgc2026regma,15,6,Josh Lao,Josh Lao,5-0,5,0,0,5,100.00,Tyrant Thursdays #1,2026-06-18,1,1,27,Tyrant Thursdays #1 Rank #1,https://play.limitlesstcg.com/tournament/6a0f033edfbdf089cbbde57a/player/caterqu/teamlist,https://play.limitlesstcg.com/tournament/6a0f033edfbdf089cbbde57a/standings,Annihilape:Kingambit:Sylveon:Farigiraf:Charizard-Mega-Y:Garchomp,Annihilape,Kingambit,Sylveon,Farigiraf,Charizard-Mega-Y,Garchomp,Roseli Berry,Expert Belt,Fairy Feather,Sitrus Berry,Charizardite Y,Life Orb,Defiant,Supreme Overlord,Pixilate,Armor Tail,Blaze,Rough Skin,Rage Fist:Drain Punch:Bulk Up:Protect,Kowtow Cleave:Iron Head:Sucker Punch:Protect,Hyper Voice:Hyper Beam:Quick Attack:Detect,Psychic:Beat Up:Trick Room:Protect,Heat Wave:Weather Ball:Solar Beam:Protect,Dragon Claw:Earthquake:Rock Slide:Protect
2026-06-23,2026-06-23T12:00:02Z,pikalytics,gen9championsvgc2026regma,"Best Pokemon, teams, and builds in Pokemon Champions VGC 2026",https://pikalytics.com/pokedex/gen9championsvgc2026regma,15,6,Ryan Pareja,Ryan Pareja,5-0,5,0,0,5,100.00,Tyrant Thursdays #1,2026-06-18,2,0,27,Tyrant Thursdays #1 Rank #2,https://play.limitlesstcg.com/tournament/6a0f033edfbdf089cbbde57a/player/ryanpogi68/teamlist,https://play.limitlesstcg.com/tournament/6a0f033edfbdf089cbbde57a/standings,Dragonite-Mega:Gholdengo:Maushold:Annihilape:Froslass-Mega:Arcanine-Hisui,Dragonite-Mega,Gholdengo,Maushold,Annihilape,Froslass-Mega,Arcanine-Hisui,Dragoninite,Life Orb,Focus Sash,Sitrus Berry,Froslassite,Choice Scarf,Multiscale,Good as Gold,Friend Guard,Defiant,Cursed Body,Rock Head,Scale Shot:Tailwind:Haze:Protect,Make It Rain:Shadow Ball:Nasty Plot:Protect,Super Fang:Beat Up:Follow Me:Protect,Rage Fist:Drain Punch:Bulk Up:Protect,Blizzard:Aurora Veil:Haze:Protect,Head Smash:Flare Blitz:Rock Slide:Psychic Fangs
2026-06-19,2026-06-19T12:00:03Z,pikalytics,gen9championsvgc2026regma,"Best Pokemon, teams, and builds in Pokemon Champions VGC 2026",https://pikalytics.com/pokedex/gen9championsvgc2026regma,16,6,Ronald Cariño,Ronald Cariño,4-1,4,1,0,5,80.00,Tyrant Thursdays #1,2026-06-18,3,0,27,Tyrant Thursdays #1 Rank #3,https://play.limitlesstcg.com/tournament/6a0f033edfbdf089cbbde57a/player/ronron/teamlist,https://play.limitlesstcg.com/tournament/6a0f033edfbdf089cbbde57a/standings,Pyroar-Mega:Sneasler:Whimsicott:Dragonite:Sinistcha:Zoroark-Hisui,Pyroar-Mega,Sneasler,Whimsicott,Dragonite,Sinistcha,Zoroark-Hisui,Pyroarite,White Herb,Focus Sash,Lum Berry,Sitrus Berry,Silk Scarf,Unnerve,Unburden,Prankster,Multiscale,Hospitality,Illusion,Protect:Heat Wave:Overheat:Hyper Voice,Protect:Close Combat:Dire Claw:Fake Out,Moonblast:Protect:Tailwind:Sunny Day,Protect:Dragon Dance:Dragon Claw:Extreme Speed,Protect:Matcha Gotcha:Rage Powder:Trick Room,Protect:Icy Wind:Hyper Voice:Bitter Malice
2026-06-23,2026-06-23T12:00:02Z,pikalytics,gen9championsvgc2026regma,"Best Pokemon, teams, and builds in Pokemon Champions VGC 2026",https://pikalytics.com/pokedex/gen9championsvgc2026regma,17,6,KoelSaul,KoelSaul,8-1,8,1,0,9,88.89,r/VGC Regulation M-B Kickoff Cup,2026-06-18,3,0,231,r/VGC Regulation M-B Kickoff Cup Rank #3,https://play.limitlesstcg.com/tournament/6a32a5ae2d97f3b0c2618621/player/koelsaul/teamlist,https://play.limitlesstcg.com/tournament/6a32a5ae2d97f3b0c2618621/standings,Maushold:Annihilape:Sylveon:Aegislash:Hydreigon:Aerodactyl-Mega,Maushold,Annihilape,Sylveon,Aegislash,Hydreigon,Aerodactyl-Mega,Chople Berry,Leftovers,Fairy Feather,Spell Tag,Choice Scarf,Aerodactylite,Friend Guard,Defiant,Pixilate,Stance Change,Levitate,Unnerve,Protect:Beat Up:Super Fang:Follow Me,Protect:Bulk Up:Drain Punch:Rage Fist,Protect:Hyper Voice:Hyper Beam:Quick Attack,King's Shield:Poltergeist:Shadow Sneak:Iron Head,Dark Pulse:Snarl:Draco Meteor:Earth Power,Wide Guard:Rock Slide:Dual Wingbeat:Tailwind
2026-06-23,2026-06-23T12:00:02Z,pikalytics,gen9championsvgc2026regma,"Best Pokemon, teams, and builds in Pokemon Champions VGC 2026",https://pikalytics.com/pokedex/gen9championsvgc2026regma,18,6,lucardrgs,lucardrgs,7-1,7,1,0,8,87.50,Intimidators Champions Challenge #19 REG M-B,2026-06-18,3,0,41,Intimidators Champions Challenge #19 REG M-B Rank #3,https://play.limitlesstcg.com/tournament/6a2fe50b2d97f3b0c261746a/player/lucardrgs/teamlist,https://play.limitlesstcg.com/tournament/6a2fe50b2d97f3b0c261746a/standings,Staraptor-Mega:Floette-Eternal-Mega:Basculegion:Garchomp:Grimmsnarl:Sinistcha,Staraptor-Mega,Floette-Eternal-Mega,Basculegion,Garchomp,Grimmsnarl,Sinistcha,Staraptite,Floettite,Sitrus Berry,Life Orb,Light Clay,Kasib Berry,Intimidate,Flower Veil,Adaptability,Rough Skin,Prankster,Hospitality,Close Combat:Brave Bird:Roost:Protect,Dazzling Gleam:Moonblast:Light of Ruin:Protect,Wave Crash:Last Respects:Aqua Jet:Protect,Earthquake:Dragon Claw:Stomping Tantrum:Protect,Reflect:Light Screen:Spirit Break:Scary Face,Matcha Gotcha:Strength Sap:Rage Powder:Trick Room
2026-06-18,2026-06-18T12:00:03Z,pikalytics,gen9championsvgc2026regma,"Best Pokemon, teams, and builds in Pokemon Champions VGC 2026",https://pikalytics.com/pokedex/gen9championsvgc2026regma,18,6,ngerber,ngerber,4-2,4,2,0,6,66.67,REG B DAY 1 THROWDOWN BABYYYYYYYYYYY,2026-06-18,3,0,14,REG B DAY 1 THROWDOWN BABYYYYYYYYYYY Rank #3,https://play.limitlesstcg.com/tournament/6a3228dee334c3c9befd8572/player/ngerber/teamlist,https://play.limitlesstcg.com/tournament/6a3228dee334c3c9befd8572/standings,Sableye:Swampert-Mega:Pelipper:Archaludon:Overqwil:Sinistcha,Sableye,Swampert-Mega,Pelipper,Archaludon,Overqwil,Sinistcha,Light Clay,Swampertite,Focus Sash,Leftovers,Life Orb,Coba Berry,Prankster,Torrent,Drizzle,Stamina,Swift Swim,Hospitality,Rain Dance:Reflect:Light Screen:Foul Play,High Horsepower:Wave Crash:Knock Off:Protect,Weather Ball:Hurricane:Protect:Wide Guard,Electro Shot:Flash Cannon:Protect:Dragon Pulse,Poison Jab:Protect:Crunch:Aqua Jet,Matcha Gotcha:Rage Powder:Life Dew:Trick Room
2026-07-15,2026-07-15T12:00:06Z,pikalytics,gen9championsvgc2026regma,"Best Pokemon, teams, and builds in Pokemon Champions VGC 2026",https://pikalytics.com/pokedex/gen9championsvgc2026regma,19,6,Snorlaxpikachu1,Snorlaxpikachu1,9-1,9,1,0,10,90.00,r/VGC Regulation M-B Kickoff Cup,2026-06-18,1,1,231,r/VGC Regulation M-B Kickoff Cup Rank #1,https://play.limitlesstcg.com/tournament/6a32a5ae2d97f3b0c2618621/player/snorlaxpikachu1/teamlist,https://play.limitlesstcg.com/tournament/6a32a5ae2d97f3b0c2618621/standings,Pyroar-Mega:Whimsicott:Ninetales:Farigiraf:Basculegion:Floette-Eternal-Mega,Pyroar-Mega,Whimsicott,Ninetales,Farigiraf,Basculegion,Floette-Eternal-Mega,Pyroarite,Focus Sash,Choice Scarf,Sitrus Berry,Life Orb,Floettite,Unnerve,Prankster,Drought,Armor Tail,Adaptability,Flower Veil,Heat Wave:Overheat:Solar Beam:Protect,Moonblast:Tailwind:Sunny Day:Protect,Overheat:Heat Wave:Solar Beam:Fake Tears,Thunderbolt:Twin Beam:Trick Room:Helping Hand,Wave Crash:Last Respects:Aqua Jet:Protect,Moonblast:Dazzling Gleam:Light of Ruin:Protect
2026-06-23,2026-06-23T12:00:02Z,pikalytics,gen9championsvgc2026regma,"Best Pokemon, teams, and builds in Pokemon Champions VGC 2026",https://pikalytics.com/pokedex/gen9championsvgc2026regma,19,6,henryguapo,henryguapo,8-3,8,3,0,11,72.73,Talon's FIGHT CLUB #89 POKEMON CHAMPIONS,2026-06-18,2,0,73,Talon's FIGHT CLUB #89 POKEMON CHAMPIONS Rank #2,https://play.limitlesstcg.com/tournament/6a14cc888c163b8097997616/player/henryguapo/teamlist,https://play.limitlesstcg.com/tournament/6a14cc888c163b8097997616/standings,Farigiraf:Ampharos-Mega:Torkoal:Vileplume:Lopunny-Mega:Sinistcha,Farigiraf,Ampharos-Mega,Torkoal,Vileplume,Lopunny-Mega,Sinistcha,Mental Herb,Ampharosite,Charcoal,Focus Sash,Lopunnite,Sitrus Berry,Armor Tail,Static,Drought,Chlorophyll,Limber,Hospitality,Twin Beam:Trick Room:Helping Hand:Protect,Dragon Pulse:Thunderbolt:Power Gem:Protect,Eruption:Heat Wave:Earth Power:Protect,Sludge Bomb:Sleep Powder:After You:Protect,Fake Out:Close Combat:Triple Axel:After You,Matcha Gotcha:Trick Room:Rage Powder:Protect
2026-07-15,2026-07-15T12:00:06Z,pikalytics,gen9championsvgc2026regma,"Best Pokemon, teams, and builds in Pokemon Champions VGC 2026",https://pikalytics.com/pokedex/gen9championsvgc2026regma,20,6,MysticRy,MysticRy,10-1,10,1,0,11,90.91,Talon's FIGHT CLUB #89 POKEMON CHAMPIONS,2026-06-18,1,1,73,Talon's FIGHT CLUB #89 POKEMON CHAMPIONS Rank #1,https://play.limitlesstcg.com/tournament/6a14cc888c163b8097997616/player/mysticry/teamlist,https://play.limitlesstcg.com/tournament/6a14cc888c163b8097997616/standings,Froslass-Mega:Kingambit:Primarina:Sneasler:Arcanine-Hisui:Pelipper,Froslass-Mega,Kingambit,Primarina,Sneasler,Arcanine-Hisui,Pelipper,Froslassite,Chople Berry,Life Orb,White Herb,Focus Sash,Sitrus Berry,Cursed Body,Defiant,Liquid Voice,Unburden,Rock Head,Drizzle,Blizzard:Shadow Ball:Protect:Aurora Veil,Iron Head:Sucker Punch:Protect:Low Kick,Hyper Voice:Moonblast:Protect:Calm Mind,Fake Out:Close Combat:Dire Claw:Protect,Flare Blitz:Extreme Speed:Head Smash:Protect,Hydro Pump:Hurricane:Tailwind:Wide Guard
2026-06-29,2026-06-29T12:00:03Z,pikalytics,gen9championsvgc2026regma,"Best Pokemon, teams, and builds in Pokemon Champions VGC 2026",https://pikalytics.com/pokedex/gen9championsvgc2026regma,11,6,Gotou,Gotou,9-2,9,2,0,11,81.82,CHAMPIONS REG. M-B |👑CROWN FIGHT Bo3 TOUR #73👑,2026-06-19,1,1,39,CHAMPIONS REG. M-B |👑CROWN FIGHT Bo3 TOUR #73👑 Rank #1,https://play.limitlesstcg.com/tournament/6a1f922947f3797bf6baa810/player/gotou/teamlist,https://play.limitlesstcg.com/tournament/6a1f922947f3797bf6baa810/standings,Metagross-Mega:Floette-Eternal-Mega:Talonflame:Garchomp:Ceruledge:Ninetales-Alola,Metagross-Mega,Floette-Eternal-Mega,Talonflame,Garchomp,Ceruledge,Ninetales-Alola,Metagrossite,Floettite,Sharp Beak,Life Orb,Sitrus Berry,Never-Melt Ice,Clear Body,Flower Veil,Gale Wings,Rough Skin,Flash Fire,Snow Warning,Iron Head:Thunder Punch:Psychic Fangs:Protect,Moonblast:Dazzling Gleam:Light of Ruin:Protect,Tailwind:Dual Wingbeat:Flare Blitz:Protect,Dragon Claw:Rock Slide:Earthquake:Protect,Bitter Blade:Bulk Up:Shadow Sneak:Protect,Blizzard:Freeze-Dry:Encore:Protect
2026-06-23,2026-06-23T12:00:02Z,pikalytics,gen9championsvgc2026regma,"Best Pokemon, teams, and builds in Pokemon Champions VGC 2026",https://pikalytics.com/pokedex/gen9championsvgc2026regma,16,6,Dr_Bejan,Dr_Bejan,2-0,2,0,0,2,100.00,CHAMPIONS REG. M-B |👑CROWN FIGHT Bo3 TOUR #73👑,2026-06-19,1,1,39,CHAMPIONS REG. M-B |👑CROWN FIGHT Bo3 TOUR #73👑 Rank #1,https://play.limitlesstcg.com/tournament/6a1f922947f3797bf6baa810/player/dr_bejan/teamlist,https://play.limitlesstcg.com/tournament/6a1f922947f3797bf6baa810/standings,Grimmsnarl:Swampert-Mega:Pelipper:Archaludon:Venusaur-Mega:Sneasler,Grimmsnarl,Swampert-Mega,Pelipper,Archaludon,Venusaur-Mega,Sneasler,Light Clay,Swampertite,Sitrus Berry,Chople Berry,Venusaurite,Focus Sash,Prankster,Torrent,Drizzle,Stamina,Chlorophyll,Unburden,Reflect:Light Screen:Spirit Break:Parting Shot,Ice Punch:Earthquake:Wave Crash:Protect,Hurricane:Weather Ball:Wide Guard:Tailwind,Electro Shot:Flash Cannon:Aura Sphere:Protect,Sludge Bomb:Earth Power:Giga Drain:Protect,Close Combat:Fake Out:Dire Claw:Coaching
2026-07-15,2026-07-15T12:00:06Z,pikalytics,gen9championsvgc2026regma,"Best Pokemon, teams, and builds in Pokemon Champions VGC 2026",https://pikalytics.com/pokedex/gen9championsvgc2026regma,3,6,burningblazer,burningblazer,14-2,14,2,0,16,87.50,Smogon VGC Major Live 2026 - 1500$ Prize - Reg M-B,2026-06-20,1,1,898,Smogon VGC Major Live 2026 - 1500$ Prize - Reg M-B Rank #1,https://play.limitlesstcg.com/tournament/6a131fa78c163b8097996550/player/burningblazer/teamlist,https://play.limitlesstcg.com/tournament/6a131fa78c163b8097996550/standings,Floette-Eternal-Mega:Charizard-Mega-Y:Kingambit:Whimsicott:Basculegion:Garchomp,Floette-Eternal-Mega,Charizard-Mega-Y,Kingambit,Whimsicott,Basculegion,Garchomp,Floettite,Charizardite Y,black glasses,Focus Sash,Mystic Water,Life Orb,Flower Veil,Blaze,Defiant,Prankster,Adaptability,Rough Skin,Light of Ruin:Moonblast:Dazzling Gleam:Protect,Solar Beam:Heat Wave:Weather Ball:Protect,Iron Head:Protect:Kowtow Cleave:Sucker Punch,Moonblast:Tailwind:Encore:Protect,Wave Crash:Protect:Last Respects:Aqua Jet,Earthquake:Rock Slide:Protect:Dragon Claw
2026-07-15,2026-07-15T12:00:06Z,pikalytics,gen9championsvgc2026regma,"Best Pokemon, teams, and builds in Pokemon Champions VGC 2026",https://pikalytics.com/pokedex/gen9championsvgc2026regma,7,6,DaniVGC03,DaniVGC03,13-1,13,1,0,14,92.86,Maddo's Cup #9 | 100€ for the Winner | Reg M-B,2026-06-20,1,1,234,Maddo's Cup #9 | 100€ for the Winner | Reg M-B Rank #1,https://play.limitlesstcg.com/tournament/6a274add56b11a587a94c886/player/danivgc03/teamlist,https://play.limitlesstcg.com/tournament/6a274add56b11a587a94c886/standings,Swampert-Mega:Pelipper:Archaludon:Sinistcha:Maushold:Gholdengo,Swampert-Mega,Pelipper,Archaludon,Sinistcha,Maushold,Gholdengo,Swampertite,Sitrus Berry,Leftovers,Kasib Berry,Focus Sash,Life Orb,Torrent,Drizzle,Stamina,Hospitality,Friend Guard,Good as Gold,Wave Crash:High Horsepower:Ice Punch:Protect,Weather Ball:Hurricane:Tailwind:Wide Guard,Electro Shot:Dragon Pulse:Flash Cannon:Protect,Rage Powder:Matcha Gotcha:Trick Room:Protect,Follow Me:Super Fang:Rain Dance:Protect,Make It Rain:Shadow Ball:Nasty Plot:Protect
2026-06-29,2026-06-29T12:00:03Z,pikalytics,gen9championsvgc2026regma,"Best Pokemon, teams, and builds in Pokemon Champions VGC 2026",https://pikalytics.com/pokedex/gen9championsvgc2026regma,14,6,Silo,Silo,10-0,10,0,0,10,100.00,PASE GRATUITO NINTENDO SWITCH 2 reg MB,2026-06-20,1,1,17,PASE GRATUITO NINTENDO SWITCH 2 reg MB Rank #1,https://play.limitlesstcg.com/tournament/69c5805ad478313a15a335af/player/silo/teamlist,https://play.limitlesstcg.com/tournament/69c5805ad478313a15a335af/standings,Gholdengo:Garchomp:Whimsicott:Incineroar:Sylveon:Staraptor-Mega,Gholdengo,Garchomp,Whimsicott,Incineroar,Sylveon,Staraptor-Mega,Colbur Berry,Life Orb,Focus Sash,Chople Berry,Fairy Feather,Staraptite,Good as Gold,Rough Skin,Prankster,Intimidate,Pixilate,Intimidate,Make It Rain:Shadow Ball:Nasty Plot:Protect,Earthquake:Rock Slide:Dragon Claw:Protect,Tailwind:Moonblast:Charm:Protect,Fake Out:Flare Blitz:Darkest Lariat:Parting Shot,Hyper Voice:Hyper Beam:Quick Attack:Detect,Close Combat:Brave Bird:Roost:Protect
2026-06-29,2026-06-29T12:00:03Z,pikalytics,gen9championsvgc2026regma,"Best Pokemon, teams, and builds in Pokemon Champions VGC 2026",https://pikalytics.com/pokedex/gen9championsvgc2026regma,16,6,jiholee32,jiholee32,6-0,6,0,0,6,100.00,Champions Double Weekend Prep IV,2026-06-20,1,1,14,Champions Double Weekend Prep IV Rank #1,https://play.limitlesstcg.com/tournament/6a322c8a2d97f3b0c26183b9/player/jiholee32/teamlist,https://play.limitlesstcg.com/tournament/6a322c8a2d97f3b0c26183b9/standings,Floette-Eternal-Mega:Incineroar:Garchomp:Charizard-Mega-Y:Sinistcha:Venusaur,Floette-Eternal-Mega,Incineroar,Garchomp,Charizard-Mega-Y,Sinistcha,Venusaur,Floettite,Sitrus Berry,Life Orb,Charizardite Y,Kasib Berry,Focus Sash,Flower Veil,Intimidate,Rough Skin,Blaze,Hospitality,Chlorophyll,Protect:Calm Mind:Moonblast:Dazzling Gleam,Fake Out:Throat Chop:Flare Blitz:Parting Shot,Protect:Dragon Claw:Rock Slide:Stomping Tantrum,Protect:Weather Ball:Heat Wave:Solar Beam,Protect:Trick Room:Matcha Gotcha:Rage Powder,Giga Drain:Sleep Powder:Sludge Bomb:Protect
2026-06-25,2026-06-25T12:00:03Z,pikalytics,gen9championsvgc2026regma,"Best Pokemon, teams, and builds in Pokemon Champions VGC 2026",https://pikalytics.com/pokedex/gen9championsvgc2026regma,17,6,Losandy,Losandy,5-0,5,0,0,5,100.00,"Pokemon Champions ""Drizzle Training Arc""",2026-06-20,1,1,6,"Pokemon Champions ""Drizzle Training Arc"" Rank #1",https://play.limitlesstcg.com/tournament/6a3464d42d97f3b0c26197e8/player/losandy/teamlist,https://play.limitlesstcg.com/tournament/6a3464d42d97f3b0c26197e8/standings,Raichu-Mega-Y:Dragonite:Pelipper:Basculegion:Beartic:Overqwil,Raichu-Mega-Y,Dragonite,Pelipper,Basculegion,Beartic,Overqwil,Raichunite Y,Dragalgite,Sitrus Berry,Choice Scarf,Focus Sash,Life Orb,Lightning Rod,Multiscale,Drizzle,Adaptability,Swift Swim,Swift Swim,Zap Cannon:Focus Blast:Fake Out:Volt Switch,Draco Meteor:Ice Beam:Hurricane:Protect,Hurricane:Weather Ball:Wide Guard:Icy Wind,Wave Crash:Last Respects:Flip Turn:Aqua Jet,Icicle Crash:Rock Tomb:Close Combat:Protect,Poison Jab:Crunch:Waterfall:Protect
2026-06-30,2026-06-30T12:00:03Z,pikalytics,gen9championsvgc2026regma,"Best Pokemon, teams, and builds in Pokemon Champions VGC 2026",https://pikalytics.com/pokedex/gen9championsvgc2026regma,20,6,2cake,2cake,6-0,6,0,0,6,100.00,INGAGE FRONTIER SERIES #1 - $50 PRIZE (Reg M-B),2026-06-20,1,1,62,INGAGE FRONTIER SERIES #1 - $50 PRIZE (Reg M-B) Rank #1,https://play.limitlesstcg.com/tournament/6a2f143fe334c3c9befd6e8e/player/2cake/teamlist,https://play.limitlesstcg.com/tournament/6a2f143fe334c3c9befd6e8e/standings,Pelipper:Archaludon:Sinistcha:Swampert-Mega:Maushold:Overqwil,Pelipper,Archaludon,Sinistcha,Swampert-Mega,Maushold,Overqwil,Focus Sash,Leftovers,Sitrus Berry,Swampertite,Wide Lens,Life Orb,Drizzle,Stamina,Hospitality,Damp,Technician,Swift Swim,Weather Ball:Hurricane:Tailwind:Protect,Electro Shot:Flash Cannon:Dragon Pulse:Protect,Matcha Gotcha:Rage Powder:Life Dew:Protect,Wave Crash:High Horsepower:Ice Punch:Protect,Population Bomb:Follow Me:Rain Dance:Protect,Gunk Shot:Throat Chop:Icy Wind:Protect
2026-06-25,2026-06-25T12:00:03Z,pikalytics,gen9championsvgc2026regma,"Best Pokemon, teams, and builds in Pokemon Champions VGC 2026",https://pikalytics.com/pokedex/gen9championsvgc2026regma,20,6,Lorenzaooo,Lorenzaooo,12-1,12,1,0,13,92.31,Maddo's Cup #9 | 100€ for the Winner | Reg M-B,2026-06-20,3,0,234,Maddo's Cup #9 | 100€ for the Winner | Reg M-B Rank #3,https://play.limitlesstcg.com/tournament/6a274add56b11a587a94c886/player/lorenzaooo/teamlist,https://play.limitlesstcg.com/tournament/6a274add56b11a587a94c886/standings,Froslass-Mega:Basculegion:Kingambit:Sneasler:Lycanroc:Scovillain-Mega,Froslass-Mega,Basculegion,Kingambit,Sneasler,Lycanroc,Scovillain-Mega,Froslassite,Sitrus Berry,Black Glasses,White Herb,Focus Sash,Scovillainite,Snow Cloak,Adaptability,Defiant,Unburden,Tough Claws,Moody,Blizzard:Shadow Ball:Aurora Veil:Protect,Wave Crash:Last Respects:Aqua Jet:Protect,Kowtow Cleave:Sucker Punch:Swords Dance:Protect,Close Combat:Gunk Shot:Protect:Fake Out,Close Combat:Accelerock:Rock Slide:Protect,Giga Drain:Overheat:Rage Powder:Protect
2026-06-29,2026-06-29T12:00:03Z,pikalytics,gen9championsvgc2026regma,"Best Pokemon, teams, and builds in Pokemon Champions VGC 2026",https://pikalytics.com/pokedex/gen9championsvgc2026regma,17,6,TenkiPK,TenkiPK,8-1,8,1,0,9,88.89,KIng's Gambit #6 | Reg M-B,2026-06-21,1,1,60,KIng's Gambit #6 | Reg M-B Rank #1,https://play.limitlesstcg.com/tournament/6a29ab02e334c3c9befd3389/player/tenkipk/teamlist,https://play.limitlesstcg.com/tournament/6a29ab02e334c3c9befd3389/standings,Charizard-Mega-Y:Floette-Eternal-Mega:Garchomp:Whimsicott:Basculegion:Kingambit,Charizard-Mega-Y,Floette-Eternal-Mega,Garchomp,Whimsicott,Basculegion,Kingambit,Charizardite Y,Floettite,Sitrus Berry,Focus Sash,Mystic Water,Black Glasses,Blaze,Flower Veil,Rough Skin,Prankster,Adaptability,Defiant,Heat Wave:Weather Ball:Solar Beam:Protect,Moonblast:Dazzling Gleam:Light of Ruin:Protect,Dragon Claw:Earthquake:Rock Slide:Protect,Moonblast:Tailwind:Encore:Protect,Wave Crash:Last Respects:Aqua Jet:Protect,Kowtow Cleave:Protect:Sucker Punch:Iron Head
2026-06-29,2026-06-29T12:00:03Z,pikalytics,gen9championsvgc2026regma,"Best Pokemon, teams, and builds in Pokemon Champions VGC 2026",https://pikalytics.com/pokedex/gen9championsvgc2026regma,18,6,Altkyle,Altkyle,11-1,11,1,0,12,91.67,The Wide League Saturday Night Rumble #86 REG M-B,2026-06-21,1,1,39,The Wide League Saturday Night Rumble #86 REG M-B Rank #1,https://play.limitlesstcg.com/tournament/6a31ea742d97f3b0c2618221/player/altkyle/teamlist,https://play.limitlesstcg.com/tournament/6a31ea742d97f3b0c2618221/standings,Dragonite-Mega:Basculegion:Scizor-Mega:Archaludon:Pelipper:Incineroar,Dragonite-Mega,Basculegion,Scizor-Mega,Archaludon,Pelipper,Incineroar,Dragoninite,Choice Scarf,Scizorite,Chople Berry,Focus Sash,Sitrus Berry,Inner Focus,Adaptability,Technician,Stamina,Drizzle,Intimidate,Dragon Pulse:Flamethrower:Tailwind:Protect,Wave Crash:Last Respects:Aqua Jet:Flip Turn,Bullet Punch:Close Combat:Swords Dance:Protect,Electro Shot:Dragon Pulse:Aura Sphere:Protect,Hurricane:Weather Ball:Tailwind:Protect,Fake Out:Flare Blitz:Throat Chop:Parting Shot
2026-06-25,2026-06-25T12:00:03Z,pikalytics,gen9championsvgc2026regma,"Best Pokemon, teams, and builds in Pokemon Champions VGC 2026",https://pikalytics.com/pokedex/gen9championsvgc2026regma,18,6,Louie John Valencia,Louie John Valencia,6-0,6,0,0,6,100.00,Sunday Sabong | This lizard again!?,2026-06-21,1,1,12,Sunday Sabong | This lizard again!? Rank #1,https://play.limitlesstcg.com/tournament/6a32946c2d97f3b0c261854e/player/lojica1/teamlist,https://play.limitlesstcg.com/tournament/6a32946c2d97f3b0c261854e/standings,Floette-Eternal-Mega:Charizard-Mega-Y:Whimsicott:Garchomp:Basculegion:Kingambit,Floette-Eternal-Mega,Charizard-Mega-Y,Whimsicott,Garchomp,Basculegion,Kingambit,Floettite,Charizardite Y,Focus Sash,Life Orb,Mystic Water,Occa Berry,Flower Veil,Blaze,Prankster,Rough Skin,Adaptability,Defiant,Moonblast:Dazzling Gleam:Light of Ruin:Protect,Heat Wave:Weather Ball:Solar Beam:Protect,Moonblast:Tailwind:Encore:Protect,Dragon Claw:Stomping Tantrum:Protect:Rock Slide,Wave Crash:Last Respects:Aqua Jet:Protect,Kowtow Cleave:Iron Head:Sucker Punch:Protect
2026-07-15,2026-07-15T12:00:06Z,pikalytics,gen9championsvgc2026regma,"Best Pokemon, teams, and builds in Pokemon Champions VGC 2026",https://pikalytics.com/pokedex/gen9championsvgc2026regma,11,6,ege,ege,9-0,9,0,0,9,100.00,Palafin Pals Jet Punch Series 🌊✊Reg M-B #2,2026-06-22,1,1,26,Palafin Pals Jet Punch Series 🌊✊Reg M-B #2 Rank #1,https://play.limitlesstcg.com/tournament/6a390b81c87cd9ff0a30cfc3/player/ege/teamlist,https://play.limitlesstcg.com/tournament/6a390b81c87cd9ff0a30cfc3/standings,Froslass-Mega:Scovillain-Mega:Lycanroc:Kingambit:Basculegion:Sneasler,Froslass-Mega,Scovillain-Mega,Lycanroc,Kingambit,Basculegion,Sneasler,Froslassite,Scovillainite,Focus Sash,Black Glasses,Sitrus Berry,White Herb,Cursed Body,Moody,Tough Claws,Defiant,Adaptability,Unburden,Blizzard:Shadow Ball:Aurora Veil:Protect,Overheat:Giga Drain:Rage Powder:Protect,Rock Slide:Close Combat:Accelerock:Protect,Kowtow Cleave:Sucker Punch:Swords Dance:Protect,Wave Crash:Last Respects:Aqua Jet:Protect,Close Combat:Gunk Shot:Fake Out:Protect
2026-06-29,2026-06-29T12:00:03Z,pikalytics,gen9championsvgc2026regma,"Best Pokemon, teams, and builds in Pokemon Champions VGC 2026",https://pikalytics.com/pokedex/gen9championsvgc2026regma,12,6,MrAwesome,MrAwesome,5-0,5,0,0,5,100.00,Pokepal Smackdown #146 (Champions) (Reg M-B),2026-06-22,1,1,48,Pokepal Smackdown #146 (Champions) (Reg M-B) Rank #1,https://play.limitlesstcg.com/tournament/6a15ac1d0f6c1f089986169f/player/mrawesome/teamlist,https://play.limitlesstcg.com/tournament/6a15ac1d0f6c1f089986169f/standings,Rotom-Wash:Vanilluxe:Whimsicott:Floette-Eternal-Mega:Incineroar:Ceruledge,Rotom-Wash,Vanilluxe,Whimsicott,Floette-Eternal-Mega,Incineroar,Ceruledge,Sitrus Berry,Choice Scarf,Focus Sash,Floettite,Passho Berry,Colbur Berry,Levitate,Snow Warning,Prankster,Flower Veil,Intimidate,Flash Fire,Hydro Pump:Thunderbolt:Protect:Will-O-Wisp,Frost Breath:Blizzard:Freeze-Dry:Icy Wind,Moonblast:Protect:Encore:Tailwind,Light of Ruin:Moonblast:Dazzling Gleam:Protect,Flare Blitz:Fake Out:Parting Shot:Taunt,Bitter Blade:Shadow Sneak:Protect:Bulk Up
2026-06-29,2026-06-29T12:00:03Z,pikalytics,gen9championsvgc2026regma,"Best Pokemon, teams, and builds in Pokemon Champions VGC 2026",https://pikalytics.com/pokedex/gen9championsvgc2026regma,19,6,naibot2814,naibot2814,7-1,7,1,0,8,87.50,The Drywalls Series #8 - M-B,2026-06-22,1,1,78,The Drywalls Series #8 - M-B Rank #1,https://play.limitlesstcg.com/tournament/6a37eb4faf50e12308407acc/player/naibot2814/teamlist,https://play.limitlesstcg.com/tournament/6a37eb4faf50e12308407acc/standings,Metagross-Mega:Sneasler:Incineroar:Hydreigon:Aerodactyl:Floette-Eternal-Mega,Metagross-Mega,Sneasler,Incineroar,Hydreigon,Aerodactyl,Floette-Eternal-Mega,Metagrossite,White Herb,Passho Berry,Choice Scarf,Focus Sash,Floettite,Clear Body,Unburden,Intimidate,Levitate,Unnerve,Flower Veil,Iron Head:Psychic Fangs:Body Press:Protect,Dire Claw:Fake Out:Close Combat:Coaching,Fake Out:Flare Blitz:Darkest Lariat:Parting Shot,Draco Meteor:Dark Pulse:Flamethrower:Snarl,Rock Slide:Dual Wingbeat:Tailwind:Wide Guard,Draining Kiss:Dazzling Gleam:Calm Mind:Protect
2026-06-29,2026-06-29T12:00:03Z,pikalytics,gen9championsvgc2026regma,"Best Pokemon, teams, and builds in Pokemon Champions VGC 2026",https://pikalytics.com/pokedex/gen9championsvgc2026regma,20,6,GielBakker,GielBakker,8-2,8,2,0,10,80.00,TARTAN TAKEDOWN #29 - [CHAMPIONS REG M-B],2026-06-23,1,1,32,TARTAN TAKEDOWN #29 - [CHAMPIONS REG M-B] Rank #1,https://play.limitlesstcg.com/tournament/6a31aa6fe334c3c9befd80f9/player/gielbakker/teamlist,https://play.limitlesstcg.com/tournament/6a31aa6fe334c3c9befd80f9/standings,Gengar-Mega:Incineroar:Sneasler:Kommo-o:Swampert-Mega:Politoed,Gengar-Mega,Incineroar,Sneasler,Kommo-o,Swampert-Mega,Politoed,Gengarite,Passho Berry,White Herb,Leftovers,Swampertite,Sitrus Berry,Cursed Body,Intimidate,Unburden,Overcoat,Damp,Drizzle,Protect:Shadow Ball:Perish Song:Disable,Protect:Throat Chop:Fake Out:Parting Shot,Protect:Dire Claw:Close Combat:Fake Out,Protect:Aura Sphere:Clangorous Soul:Clanging Scales,Protect:High Horsepower:Wave Crash:Ice Punch,Protect:Encore:Perish Song:Weather Ball
2026-06-29,2026-06-29T12:00:03Z,pikalytics,gen9championsvgc2026regma,"Best Pokemon, teams, and builds in Pokemon Champions VGC 2026",https://pikalytics.com/pokedex/gen9championsvgc2026regma,13,6,averagememer57,averagememer57,9-2,9,2,0,11,81.82,*Sitrus-Series*|Champions-MB|#64,2026-06-24,1,1,92,*Sitrus-Series*|Champions-MB|#64 Rank #1,https://play.limitlesstcg.com/tournament/6a356985af50e12308405587/player/averagememer57/teamlist,https://play.limitlesstcg.com/tournament/6a356985af50e12308405587/standings,Charizard-Mega-Y:Aerodactyl-Mega:Farigiraf:Garchomp:Sylveon:Kingambit,Charizard-Mega-Y,Aerodactyl-Mega,Farigiraf,Garchomp,Sylveon,Kingambit,Charizardite Y,Aerodactylite,Sitrus Berry,Life Orb,Fairy Feather,Focus Sash,Blaze,Unnerve,Armor Tail,Rough Skin,Pixilate,Defiant,Heat Wave:Weather Ball:Solar Beam:Protect,Rock Slide:Dual Wingbeat:Ice Fang:Tailwind,Psychic:Trick Room:Roar:Thunderbolt,Earthquake:Stomping Tantrum:Dragon Claw:Protect,Hyper Voice:Hyper Beam:Quick Attack:Detect,Kowtow Cleave:Sucker Punch:Iron Head:Low Kick
2026-07-15,2026-07-15T12:00:06Z,pikalytics,gen9championsvgc2026regma,"Best Pokemon, teams, and builds in Pokemon Champions VGC 2026",https://pikalytics.com/pokedex/gen9championsvgc2026regma,14,6,DonVGC,DonVGC,7-0,7,0,0,7,100.00,INGAGE FRONTIER SERIES #2 - $80 PRIZE (Reg M-B),2026-06-24,1,1,199,INGAGE FRONTIER SERIES #2 - $80 PRIZE (Reg M-B) Rank #1,https://play.limitlesstcg.com/tournament/6a38f19b83fd320299bcdb33/player/donvgc/teamlist,https://play.limitlesstcg.com/tournament/6a38f19b83fd320299bcdb33/standings,Basculegion:Aerodactyl:Sinistcha:Kangaskhan-Mega:Floette-Eternal-Mega:Incineroar,Basculegion,Aerodactyl,Sinistcha,Kangaskhan-Mega,Floette-Eternal-Mega,Incineroar,Choice Scarf,Focus Sash,Kasib Berry,Kangaskhanite,Floettite,Sitrus Berry,Adaptability,Unnerve,Hospitality,Scrappy,Flower Veil,Intimidate,Last Respects:Flip Turn:Wave Crash:Aqua Jet,Protect:Tailwind:Rock Slide:Dual Wingbeat,Trick Room:Rage Powder:Matcha Gotcha:Life Dew,Protect:Crunch:Double-Edge:Drain Punch,Draining Kiss:Dazzling Gleam:Calm Mind:Protect,Fake Out:Flare Blitz:Darkest Lariat:Parting Shot
2026-07-08,2026-07-08T12:00:02Z,pikalytics,gen9championsvgc2026regma,"Best Pokemon, teams, and builds in Pokemon Champions VGC 2026",https://pikalytics.com/pokedex/gen9championsvgc2026regma,18,6,Joshua De Jose,Joshua De Jose,8-1,8,1,0,9,88.89,Mid-Week Smoke #5,2026-06-24,1,1,37,Mid-Week Smoke #5 Rank #1,https://play.limitlesstcg.com/tournament/6a38cfeeceacae7d6441c5bd/player/magnus309/teamlist,https://play.limitlesstcg.com/tournament/6a38cfeeceacae7d6441c5bd/standings,Raichu-Mega-Y:Mawile-Mega:Sinistcha:Ceruledge:Milotic:Incineroar,Raichu-Mega-Y,Mawile-Mega,Sinistcha,Ceruledge,Milotic,Incineroar,Raichunite Y,Mawilite,Kasib Berry,Colbur Berry,Leftovers,Sitrus Berry,Lightning Rod,Hyper Cutter,Hospitality,Flash Fire,Competitive,Intimidate,Zap Cannon:Focus Blast:Fake Out:Protect,Play Rough:Sucker Punch:Swords Dance:Protect,Matcha Gotcha:Life Dew:Rage Powder:Protect,Bitter Blade:Shadow Sneak:Bulk Up:Protect,Muddy Water:Coil:Hypnosis:Protect,Flare Blitz:Throat Chop:Fake Out:Parting Shot
2026-07-15,2026-07-15T12:00:06Z,pikalytics,gen9championsvgc2026regma,"Best Pokemon, teams, and builds in Pokemon Champions VGC 2026",https://pikalytics.com/pokedex/gen9championsvgc2026regma,8,6,root2iris,root2iris,11-0,11,0,0,11,100.00,Tenki's x MMHM - Champions M-B,2026-06-25,1,1,139,Tenki's x MMHM - Champions M-B Rank #1,https://play.limitlesstcg.com/tournament/6a04bb7e13f957d6d4b4758c/player/root2iris/teamlist,https://play.limitlesstcg.com/tournament/6a04bb7e13f957d6d4b4758c/standings,Scrafty-Mega:Incineroar:Snorlax:Dragonite:Gengar-Mega:Ninetales-Alola,Scrafty-Mega,Incineroar,Snorlax,Dragonite,Gengar-Mega,Ninetales-Alola,Scraftinite,Sitrus Berry,Leftovers,Dragon Fang,Gengarite,Focus Sash,Intimidate,Intimidate,Thick Fat,Multiscale,Cursed Body,Snow Warning,Knock Off:Drain Punch:Fake Out:Detect,Overheat:Parting Shot:Fake Out:Protect,Yawn:Encore:Fissure:Protect,Dragon Claw:Low Kick:Extreme Speed:Protect,Sludge Bomb:Shadow Ball:Perish Song:Protect,Blizzard:Disable:Encore:Protect
2026-06-29,2026-06-29T12:00:03Z,pikalytics,gen9championsvgc2026regma,"Best Pokemon, teams, and builds in Pokemon Champions VGC 2026",https://pikalytics.com/pokedex/gen9championsvgc2026regma,10,6,adilor232,adilor232,5-0,5,0,0,5,100.00,London Corviknight VGC Weekly tour 2!,2026-06-25,1,1,26,London Corviknight VGC Weekly tour 2! Rank #1,https://play.limitlesstcg.com/tournament/6a37c0f2af50e1230840795c/player/adilor232/teamlist,https://play.limitlesstcg.com/tournament/6a37c0f2af50e1230840795c/standings,Lycanroc:Basculegion:Kingambit:Scizor-Mega:Sableye:Archaludon,Lycanroc,Basculegion,Kingambit,Scizor-Mega,Sableye,Archaludon,Focus Sash,Life Orb,Black Glasses,Scizorite,Roseli Berry,Leftovers,Tough Claws,Adaptability,Defiant,Technician,Prankster,Stamina,Psychic Fangs:Protect:Rock Slide:Accelerock,Wave Crash:Last Respects:Aqua Jet:Protect,Kowtow Cleave:Sucker Punch:Swords Dance:Protect,Protect:Bug Bite:Bullet Punch:Close Combat,Encore:Rain Dance:Disable:Will-O-Wisp,Electro Shot:Protect:Draco Meteor:Flash Cannon
2026-07-15,2026-07-15T12:00:06Z,pikalytics,gen9championsvgc2026regma,"Best Pokemon, teams, and builds in Pokemon Champions VGC 2026",https://pikalytics.com/pokedex/gen9championsvgc2026regma,12,6,Altkyle,Altkyle,9-0,9,0,0,9,100.00,Intimidators Champions Challenge #21 REG M-B,2026-06-25,1,1,31,Intimidators Champions Challenge #21 REG M-B Rank #1,https://play.limitlesstcg.com/tournament/6a388ad3ceacae7d6441c3d0/player/altkyle/teamlist,https://play.limitlesstcg.com/tournament/6a388ad3ceacae7d6441c3d0/standings,Dragonite-Mega:Basculegion:Scizor-Mega:Archaludon:Pelipper:Incineroar,Dragonite-Mega,Basculegion,Scizor-Mega,Archaludon,Pelipper,Incineroar,Dragoninite,Choice Scarf,Scizorite,Chople Berry,Focus Sash,Sitrus Berry,Inner Focus,Adaptability,Technician,Stamina,Drizzle,Intimidate,Dragon Pulse:Flamethrower:Tailwind:Protect,Wave Crash:Last Respects:Aqua Jet:Flip Turn,Bullet Punch:Close Combat:Swords Dance:Protect,Electro Shot:Dragon Pulse:Aura Sphere:Protect,Hurricane:Weather Ball:Tailwind:Protect,Fake Out:Flare Blitz:Throat Chop:Parting Shot
2026-06-29,2026-06-29T12:00:03Z,pikalytics,gen9championsvgc2026regma,"Best Pokemon, teams, and builds in Pokemon Champions VGC 2026",https://pikalytics.com/pokedex/gen9championsvgc2026regma,15,6,Rodrigo Javier,Rodrigo Javier,5-0,5,0,0,5,100.00,Tyrant Thursdays #2,2026-06-25,1,1,45,Tyrant Thursdays #2 Rank #1,https://play.limitlesstcg.com/tournament/6a3b53a483fd320299bcf113/player/pkmntrainerrod/teamlist,https://play.limitlesstcg.com/tournament/6a3b53a483fd320299bcf113/standings,Charizard-Mega-Y:Floette-Eternal-Mega:Whimsicott:Garchomp:Kingambit:Basculegion,Charizard-Mega-Y,Floette-Eternal-Mega,Whimsicott,Garchomp,Kingambit,Basculegion,Charizardite Y,Floettite,Focus Sash,Roseli Berry,Chople Berry,Life Orb,Solar Power,Flower Veil,Prankster,Rough Skin,Defiant,Adaptability,Protect:Heat Wave:Weather Ball:Solar Beam,Protect:Moonblast:Dazzling Gleam:Light of Ruin,Protect:Moonblast:Tailwind:Encore,Poison Jab:Dragon Claw:Earthquake:Rock Slide,Low Kick:Sucker Punch:Kowtow Cleave:Iron Head,Protect:Wave Crash:Last Respects:Aqua Jet
2026-07-15,2026-07-15T12:00:06Z,pikalytics,gen9championsvgc2026regma,"Best Pokemon, teams, and builds in Pokemon Champions VGC 2026",https://pikalytics.com/pokedex/gen9championsvgc2026regma,13,6,Scarlett01,Scarlett01,10-1,10,1,0,11,90.91,CHAMPIONS REG. M-B |👑CROWN FIGHT Bo3 TOUR #74👑,2026-06-26,1,1,41,CHAMPIONS REG. M-B |👑CROWN FIGHT Bo3 TOUR #74👑 Rank #1,https://play.limitlesstcg.com/tournament/6a2ccd742d97f3b0c2615436/player/scarlett01/teamlist,https://play.limitlesstcg.com/tournament/6a2ccd742d97f3b0c2615436/standings,Archaludon:Basculegion:Pelipper:Maushold:Gardevoir-Mega:Swampert-Mega,Archaludon,Basculegion,Pelipper,Maushold,Gardevoir-Mega,Swampert-Mega,Leftovers,Choice Scarf,Sitrus Berry,Focus Sash,Gardevoirite,Swampertite,Stamina,Adaptability,Drizzle,Friend Guard,Trace,Torrent,Dragon Pulse:Flash Cannon:Electro Shot:Protect,Wave Crash:Last Respects:Aqua Jet:Flip Turn,Hurricane:Weather Ball:Tailwind:Protect,Super Fang:Rain Dance:Follow Me:Protect,Psyshock:Hyper Voice:Trick Room:Protect,Wave Crash:High Horsepower:Ice Punch:Protect
2026-07-08,2026-07-08T12:00:02Z,pikalytics,gen9championsvgc2026regma,"Best Pokemon, teams, and builds in Pokemon Champions VGC 2026",https://pikalytics.com/pokedex/gen9championsvgc2026regma,16,6,TraceofLife,TraceofLife,13-4,13,4,0,17,76.47,Yosh Tournament #1 ( Rp 1.800.000 ),2026-06-26,1,1,159,Yosh Tournament #1 ( Rp 1.800.000 ) Rank #1,https://play.limitlesstcg.com/tournament/6a34614f2d97f3b0c26197a0/player/traceoflife/teamlist,https://play.limitlesstcg.com/tournament/6a34614f2d97f3b0c26197a0/standings,Charizard:Whimsicott:Basculegion:Floette-Eternal:Kingambit:Garchomp,Charizard,Whimsicott,Basculegion,Floette-Eternal,Kingambit,Garchomp,None,None,None,None,None,None,None,None,None,None,None,None,Protect,Protect,Protect,Protect,Protect,Protect
2026-07-08,2026-07-08T12:00:02Z,pikalytics,gen9championsvgc2026regma,"Best Pokemon, teams, and builds in Pokemon Champions VGC 2026",https://pikalytics.com/pokedex/gen9championsvgc2026regma,20,6,DUhZER4 - Blastoise,DUhZER4 - Blastoise,8-1,8,1,0,9,88.89,Thalera Champions Cheese #08 - Starters Edition,2026-06-26,1,1,22,Thalera Champions Cheese #08 - Starters Edition Rank #1,https://play.limitlesstcg.com/tournament/6a369a31af50e123084062cf/player/duhzer4/teamlist,https://play.limitlesstcg.com/tournament/6a369a31af50e123084062cf/standings,Blastoise-Mega:Farigiraf:Kingambit:Torkoal:Sylveon:Staraptor,Blastoise-Mega,Farigiraf,Kingambit,Torkoal,Sylveon,Staraptor,Blastoisinite,Colbur Berry,Life Orb,Charcoal,Fairy Feather,Choice Scarf,Rain Dish,Armor Tail,Defiant,Drought,Pixilate,Intimidate,Water Spout:Dark Pulse:Aura Sphere:Fake Out,Psychic:Light Screen:Helping Hand:Trick Room,Kowtow Cleave:Iron Head:Sucker Punch:Protect,Eruption:Weather Ball:Heat Wave:Protect,Hyper Voice:Hyper Beam:Calm Mind:Detect,Brave Bird:Sunny Day:U-turn:Final Gambit
2026-07-15,2026-07-15T12:00:06Z,pikalytics,gen9championsvgc2026regma,"Best Pokemon, teams, and builds in Pokemon Champions VGC 2026",https://pikalytics.com/pokedex/gen9championsvgc2026regma,1,6,JoeUX9,JoeUX9,14-2,14,2,0,16,87.50,4th Annual St. Jude VGC Charity Tournament,2026-06-27,1,1,727,4th Annual St. Jude VGC Charity Tournament Rank #1,https://play.limitlesstcg.com/tournament/69c7cead36f5b5c303dbfa0c/player/joeux9/teamlist,https://play.limitlesstcg.com/tournament/69c7cead36f5b5c303dbfa0c/standings,Charizard-Mega-Y:Farigiraf:Venusaur:Garchomp:Incineroar:Sylveon,Charizard-Mega-Y,Farigiraf,Venusaur,Garchomp,Incineroar,Sylveon,Charizardite Y,Colbur Berry,Focus Sash,Life Orb,Sitrus Berry,Fairy Feather,Blaze,Armor Tail,Chlorophyll,Rough Skin,Intimidate,Pixilate,Heat Wave:Weather Ball:Solar Beam:Protect,Psychic:Thunderbolt:Helping Hand:Trick Room,Leaf Storm:Sludge Bomb:Sleep Powder:Protect,Rock Slide:Dragon Claw:Earthquake:Protect,Flare Blitz:Darkest Lariat:Parting Shot:Fake Out,Hyper Voice:Hyper Beam:Quick Attack:Protect
2026-07-08,2026-07-08T12:00:02Z,pikalytics,gen9championsvgc2026regma,"Best Pokemon, teams, and builds in Pokemon Champions VGC 2026",https://pikalytics.com/pokedex/gen9championsvgc2026regma,17,6,JurassicJoints,JurassicJoints,9-0,9,0,0,9,100.00,Road to Area 229 #4,2026-06-27,1,1,24,Road to Area 229 #4 Rank #1,https://play.limitlesstcg.com/tournament/6a3c370fc87cd9ff0a30eaa1/player/jurassicjoints/teamlist,https://play.limitlesstcg.com/tournament/6a3c370fc87cd9ff0a30eaa1/standings,Hydreigon:Tyranitar-Mega:Excadrill:Rotom-Wash:Corviknight:Houndstone,Hydreigon,Tyranitar-Mega,Excadrill,Rotom-Wash,Corviknight,Houndstone,Choice Scarf,Tyranitarite,Focus Sash,Sitrus Berry,Leftovers,Spell Tag,Levitate,Sand Stream,Sand Rush,Levitate,Mirror Armor,Sand Rush,Heat Wave:Snarl:Draco Meteor:Dark Pulse,Rock Slide:Knock Off:Low Kick:Protect,Earthquake:Rock Slide:Protect:Iron Head,Thunderbolt:Will-O-Wisp:Protect:Hydro Pump,Brave Bird:Tailwind:Bulk Up:Roost,Phantom Force:Will-O-Wisp:Last Respects:Protect
2026-06-30,2026-06-30T12:00:03Z,pikalytics,gen9championsvgc2026regma,"Best Pokemon, teams, and builds in Pokemon Champions VGC 2026",https://pikalytics.com/pokedex/gen9championsvgc2026regma,19,6,Shedfan,Shedfan,5-0,5,0,0,5,100.00,INGAGE FRONTIER SERIES #1 TOP CUTS - 80$ PRIZE,2026-06-27,1,1,17,INGAGE FRONTIER SERIES #1 TOP CUTS - 80$ PRIZE Rank #1,https://play.limitlesstcg.com/tournament/6a3ce3c9c87cd9ff0a30ef12/player/shedfan/teamlist,https://play.limitlesstcg.com/tournament/6a3ce3c9c87cd9ff0a30ef12/standings,Incineroar:Gardevoir-Mega:Talonflame:Tsareena:Maushold:Basculegion,Incineroar,Gardevoir-Mega,Talonflame,Tsareena,Maushold,Basculegion,Passho Berry,Gardevoirite,Life Orb,Wide Lens,Focus Sash,Mystic Water,Intimidate,Trace,Gale Wings,Queenly Majesty,Friend Guard,Adaptability,Fake Out:Parting Shot:Throat Chop:Flare Blitz,Protect:Vacuum Wave:Psyshock:Hyper Voice,Protect:Tailwind:Flare Blitz:Brave Bird,Protect:Triple Axel:Low Kick:Power Whip,Protect:Taunt:Follow Me:Super Fang,Protect:Aqua Jet:Wave Crash:Last Respects
2026-07-08,2026-07-08T12:00:02Z,pikalytics,gen9championsvgc2026regma,"Best Pokemon, teams, and builds in Pokemon Champions VGC 2026",https://pikalytics.com/pokedex/gen9championsvgc2026regma,19,6,Vgcorner,Vgcorner,14-2,14,2,0,16,87.50,4th Annual St. Jude VGC Charity Tournament,2026-06-27,2,0,727,4th Annual St. Jude VGC Charity Tournament Rank #2,https://play.limitlesstcg.com/tournament/69c7cead36f5b5c303dbfa0c/player/vgcorner/teamlist,https://play.limitlesstcg.com/tournament/69c7cead36f5b5c303dbfa0c/standings,Incineroar:Kingambit:Sneasler:Floette-Eternal-Mega:Sinistcha:Dragonite,Incineroar,Kingambit,Sneasler,Floette-Eternal-Mega,Sinistcha,Dragonite,Sitrus Berry,Chople Berry,Focus Sash,Floettite,Leftovers,Lum Berry,Intimidate,Defiant,Poison Touch,Flower Veil,Hospitality,Multiscale,Fake Out:Flare Blitz:Darkest Lariat:Parting Shot,Kowtow Cleave:Sucker Punch:Swords Dance:Protect,Fake Out:Coaching:Close Combat:Poison Jab,Calm Mind:Protect:Draining Kiss:Dazzling Gleam,Trick Room:Rage Powder:Matcha Gotcha:Protect,Extreme Speed:Dragon Claw:Protect:Fire Punch
2026-07-15,2026-07-15T12:00:06Z,pikalytics,gen9championsvgc2026regma,"Best Pokemon, teams, and builds in Pokemon Champions VGC 2026",https://pikalytics.com/pokedex/gen9championsvgc2026regma,4,6,Force_India,Force_India,12-0,12,0,0,12,100.00,Pep_uni Pokémon Champions #1,2026-06-28,1,1,33,Pep_uni Pokémon Champions #1 Rank #1,https://play.limitlesstcg.com/tournament/6a3db5bdc87cd9ff0a30f75a/player/force_india/teamlist,https://play.limitlesstcg.com/tournament/6a3db5bdc87cd9ff0a30f75a/standings,Venusaur-Mega:Grimmsnarl:Pelipper:Archaludon:Swampert-Mega:Hydreigon,Venusaur-Mega,Grimmsnarl,Pelipper,Archaludon,Swampert-Mega,Hydreigon,Venusaurite,Light Clay,Sitrus Berry,Leftovers,Swampertite,Choice Scarf,Chlorophyll,Prankster,Drizzle,Stamina,Torrent,Levitate,Protect:Sludge Bomb:Giga Drain:Earth Power,Spirit Break:Reflect:Light Screen:Parting Shot,Hurricane:Weather Ball:Tailwind:Wide Guard,Protect:Electro Shot:Dragon Pulse:Flash Cannon,Protect:Wave Crash:Earthquake:Ice Punch,Dark Pulse:Snarl:Draco Meteor:U-turn
2026-07-08,2026-07-08T12:00:02Z,pikalytics,gen9championsvgc2026regma,"Best Pokemon, teams, and builds in Pokemon Champions VGC 2026",https://pikalytics.com/pokedex/gen9championsvgc2026regma,14,6,Mollusk,Mollusk,11-0,11,0,0,11,100.00,The Wide League Saturday Night Rumble #87 REG M-B,2026-06-28,1,1,34,The Wide League Saturday Night Rumble #87 REG M-B Rank #1,https://play.limitlesstcg.com/tournament/6a3dbda083fd320299bd0416/player/mollusck/teamlist,https://play.limitlesstcg.com/tournament/6a3dbda083fd320299bd0416/standings,Delphox-Mega:Whimsicott:Garchomp:Sinistcha:Staraptor-Mega:Maushold,Delphox-Mega,Whimsicott,Garchomp,Sinistcha,Staraptor-Mega,Maushold,Delphoxite,Focus Sash,Life Orb,Kasib Berry,Staraptite,Chople Berry,Blaze,Prankster,Rough Skin,Hospitality,Intimidate,Friend Guard,Heat Wave:Psychic:Substitute:Protect,Moonblast:Tailwind:Fake Tears:Sunny Day,Dragon Claw:Earthquake:Rock Slide:Protect,Matcha Gotcha:Rage Powder:Strength Sap:Trick Room,Close Combat:Brave Bird:Roost:Protect,Super Fang:Charm:Follow Me:Protect
2026-07-15,2026-07-15T12:00:06Z,pikalytics,gen9championsvgc2026regma,"Best Pokemon, teams, and builds in Pokemon Champions VGC 2026",https://pikalytics.com/pokedex/gen9championsvgc2026regma,15,6,Lorenzaooo,Lorenzaooo,11-0,11,0,0,11,100.00,GG´s Jade Shell Badge (Champions),2026-06-28,1,1,31,GG´s Jade Shell Badge (Champions) Rank #1,https://play.limitlesstcg.com/tournament/697fb1bc287864eaf0dc2c5a/player/lorenzaooo/teamlist,https://play.limitlesstcg.com/tournament/697fb1bc287864eaf0dc2c5a/standings,Scovillain-Mega:Sylveon:Kingambit:Lycanroc:Basculegion:Metagross-Mega,Scovillain-Mega,Sylveon,Kingambit,Lycanroc,Basculegion,Metagross-Mega,Scovillainite,Fairy Feather,Black Glasses,Focus Sash,Sitrus Berry,Metagrossite,Moody,Pixilate,Defiant,Tough Claws,Adaptability,Clear Body,Giga Drain:Overheat:Rage Powder:Protect,Hyper Voice:Hyper Beam:Quick Attack:Detect,Kowtow Cleave:Sucker Punch:Swords Dance:Protect,Close Combat:Accelerock:Rock Slide:Protect,Wave Crash:Last Respects:Aqua Jet:Protect,Iron Head:Psychic Fangs:Ice Punch:Protect
2026-07-08,2026-07-08T12:00:02Z,pikalytics,gen9championsvgc2026regma,"Best Pokemon, teams, and builds in Pokemon Champions VGC 2026",https://pikalytics.com/pokedex/gen9championsvgc2026regma,15,6,Swiss,Swiss,11-0,11,0,0,11,100.00,SNT Reg M-B Tour #1,2026-06-30,1,1,74,SNT Reg M-B Tour #1 Rank #1,https://play.limitlesstcg.com/tournament/6a3bd39383fd320299bcf26c/player/swiss/teamlist,https://play.limitlesstcg.com/tournament/6a3bd39383fd320299bcf26c/standings,Charizard-Mega-Y:Aerodactyl-Mega:Kingambit:Farigiraf:Sylveon:Garchomp,Charizard-Mega-Y,Aerodactyl-Mega,Kingambit,Farigiraf,Sylveon,Garchomp,Charizardite Y,Aerodactylite,Focus Sash,Sitrus Berry,Fairy Feather,Life Orb,Drought,Tough Claws,Defiant,Armor Tail,Pixilate,Rough Skin,Heat Wave:Solar Beam:Weather Ball:Protect,Rock Slide:Ice Fang:Dual Wingbeat:Tailwind,Kowtow Cleave:Iron Head:Sucker Punch:Low Kick,Psychic:Thunderbolt:Roar:Trick Room,Hyper Voice:Hyper Beam:Quick Attack:Protect,Earthquake:Dragon Claw:Stomping Tantrum:Protect
2026-07-15,2026-07-15T12:00:06Z,pikalytics,gen9championsvgc2026regma,"Best Pokemon, teams, and builds in Pokemon Champions VGC 2026",https://pikalytics.com/pokedex/gen9championsvgc2026regma,17,6,NMR | Gostzin I,NMR | Gostzin I,9-1,9,1,0,10,90.00,Intimidators Champions Challenge #22 REG M-B,2026-06-30,1,1,45,Intimidators Champions Challenge #22 REG M-B Rank #1,https://play.limitlesstcg.com/tournament/6a427367c87cd9ff0a312adf/player/gostzin/teamlist,https://play.limitlesstcg.com/tournament/6a427367c87cd9ff0a312adf/standings,Charizard-Mega-Y:Mamoswine:Toxapex:Incineroar:Kingambit:Maushold,Charizard-Mega-Y,Mamoswine,Toxapex,Incineroar,Kingambit,Maushold,Charizardite Y,Focus Sash,Leftovers,Sitrus Berry,Life Orb,Chople Berry,Blaze,Oblivious,Regenerator,Intimidate,Defiant,Friend Guard,Heat Wave:Protect:Solar Beam:Weather Ball,Ice Shard:Icicle Crash:Protect:Earthquake,Toxic:Wide Guard:Baneful Bunker:Infestation,Fake Out:Parting Shot:Flare Blitz:Darkest Lariat,Low Kick:Protect:Sucker Punch:Kowtow Cleave,Super Fang:Follow Me:Protect:Feint
2026-07-15,2026-07-15T12:00:06Z,pikalytics,gen9championsvgc2026regma,"Best Pokemon, teams, and builds in Pokemon Champions VGC 2026",https://pikalytics.com/pokedex/gen9championsvgc2026regma,18,6,IdoLazer,IdoLazer,8-0,8,0,0,8,100.00,VGC Gemeinde Showdown #10,2026-07-02,1,1,14,VGC Gemeinde Showdown #10 Rank #1,https://play.limitlesstcg.com/tournament/6a43c19783fd320299bd4bc8/player/idolazer/teamlist,https://play.limitlesstcg.com/tournament/6a43c19783fd320299bd4bc8/standings,Kingambit:Charizard-Mega-Y:Aerodactyl-Mega:Farigiraf:Garchomp:Sylveon,Kingambit,Charizard-Mega-Y,Aerodactyl-Mega,Farigiraf,Garchomp,Sylveon,Focus Sash,Charizardite Y,Aerodactylite,Sitrus Berry,Life Orb,Fairy Feather,Defiant,Blaze,Unnerve,Armor Tail,Rough Skin,Pixilate,Kowtow Cleave:Iron Head:Sucker Punch:Low Kick,Heat Wave:Solar Beam:Weather Ball:Protect,Rock Slide:Dual Wingbeat:Ice Fang:Tailwind,Psychic:Thunderbolt:Trick Room:Protect,Earthquake:Dragon Claw:Stomping Tantrum:Protect,Hyper Voice:Hyper Beam:Quick Attack:Protect
2026-07-15,2026-07-15T12:00:06Z,pikalytics,gen9championsvgc2026regma,"Best Pokemon, teams, and builds in Pokemon Champions VGC 2026",https://pikalytics.com/pokedex/gen9championsvgc2026regma,2,6,Magnetman,Magnetman,13-3-1,13,3,1,17,76.47,Yosh Tournament #2 ( Rp 3.000.000+ ),2026-07-03,1,1,199,Yosh Tournament #2 ( Rp 3.000.000+ ) Rank #1,https://play.limitlesstcg.com/tournament/6a41b45dc87cd9ff0a3125d8/player/magnetman/teamlist,https://play.limitlesstcg.com/tournament/6a41b45dc87cd9ff0a3125d8/standings,Excadrill:Tyranitar-Mega:Sinistcha:Milotic:Gholdengo:Staraptor-Mega,Excadrill,Tyranitar-Mega,Sinistcha,Milotic,Gholdengo,Staraptor-Mega,Focus Sash,Tyranitarite,Sitrus Berry,Leftovers,Life Orb,Staraptite,Sand Rush,Sand Stream,Hospitality,Competitive,Good as Gold,Intimidate,High Horsepower:Protect:Rock Slide:Iron Head,Knock Off:Low Kick:Protect:Rock Slide,Matcha Gotcha:Rage Powder:Trick Room:Protect,Scald:Ice Beam:Icy Wind:Protect,Make It Rain:Nasty Plot:Shadow Ball:Protect,Brave Bird:Close Combat:Tailwind:Protect
2026-07-15,2026-07-15T12:00:06Z,pikalytics,gen9championsvgc2026regma,"Best Pokemon, teams, and builds in Pokemon Champions VGC 2026",https://pikalytics.com/pokedex/gen9championsvgc2026regma,16,6,RoiRehh,RoiRehh,9-1,9,1,0,10,90.00,Rework Esport Champions Talent Cup 2 | 50€ CP,2026-07-03,1,1,35,Rework Esport Champions Talent Cup 2 | 50€ CP Rank #1,https://play.limitlesstcg.com/tournament/6a39af2883fd320299bce1f4/player/roirehh/teamlist,https://play.limitlesstcg.com/tournament/6a39af2883fd320299bce1f4/standings,Delphox-Mega:Incineroar:Sinistcha:Maushold:Blastoise-Mega:Sneasler,Delphox-Mega,Incineroar,Sinistcha,Maushold,Blastoise-Mega,Sneasler,Delphoxite,Passho Berry,Kasib Berry,Chople Berry,Blastoisinite,Focus Sash,Blaze,Intimidate,Hospitality,Friend Guard,Rain Dish,Poison Touch,Protect:Nasty Plot:Heat Wave:Psyshock,Flare Blitz:Fake Out:Throat Chop:Parting Shot,Protect:Matcha Gotcha:Rage Powder:Life Dew,Protect:Super Fang:Follow Me:Feint,Protect:Shell Smash:Water Spout:Dark Pulse,Quick Guard:Fake Out:Poison Jab:Close Combat
2026-07-15,2026-07-15T12:00:06Z,pikalytics,gen9championsvgc2026regma,"Best Pokemon, teams, and builds in Pokemon Champions VGC 2026",https://pikalytics.com/pokedex/gen9championsvgc2026regma,9,6,ScarletSkil,ScarletSkil,10-1,10,1,0,11,90.91,BFI'26 - Frontier Tournament #3,2026-07-04,1,1,37,BFI'26 - Frontier Tournament #3 Rank #1,https://play.limitlesstcg.com/tournament/6a3f7832c87cd9ff0a310b57/player/scarletskil/teamlist,https://play.limitlesstcg.com/tournament/6a3f7832c87cd9ff0a310b57/standings,Staraptor-Mega:Froslass-Mega:Kingambit:Toxapex:Garchomp:Incineroar,Staraptor-Mega,Froslass-Mega,Kingambit,Toxapex,Garchomp,Incineroar,Staraptite,Froslassite,Black Glasses,Leftovers,Life Orb,Sitrus Berry,Intimidate,Cursed Body,Defiant,Regenerator,Rough Skin,Intimidate,Close Combat:Brave Bird:Roost:Protect,Blizzard:Shadow Ball:Aurora Veil:Protect,Kowtow Cleave:Sucker Punch:Swords Dance:Protect,Infestation:Wide Guard:Toxic:Baneful Bunker,Dragon Claw:Earthquake:Rock Slide:Protect,Flare Blitz:Parting Shot:Throat Chop:Fake Out
2026-07-15,2026-07-15T12:00:06Z,pikalytics,gen9championsvgc2026regma,"Best Pokemon, teams, and builds in Pokemon Champions VGC 2026",https://pikalytics.com/pokedex/gen9championsvgc2026regma,5,6,Louie John Valencia,Louie John Valencia,13-1,13,1,0,14,92.86,Khun Champions Cup #2,2026-07-05,1,1,266,Khun Champions Cup #2 Rank #1,https://play.limitlesstcg.com/tournament/6a3ceab783fd320299bcfbff/player/lojica1/teamlist,https://play.limitlesstcg.com/tournament/6a3ceab783fd320299bcfbff/standings,Charizard-Mega-Y:Aerodactyl-Mega:Farigiraf:Garchomp:Sylveon:Kingambit,Charizard-Mega-Y,Aerodactyl-Mega,Farigiraf,Garchomp,Sylveon,Kingambit,Charizardite Y,Aerodactylite,Sitrus Berry,Life Orb,Fairy Feather,Focus Sash,Blaze,Unnerve,Armor Tail,Rough Skin,Pixilate,Defiant,Heat Wave:Solar Beam:Weather Ball:Protect,Rock Slide:Dual Wingbeat:Ice Fang:Tailwind,Psychic:Thunderbolt:Trick Room:Roar,Earthquake:Dragon Claw:Stomping Tantrum:Protect,Hyper Voice:Hyper Beam:Quick Attack:Detect,Kowtow Cleave:Iron Head:Sucker Punch:Low Kick
2026-07-15,2026-07-15T12:00:06Z,pikalytics,gen9championsvgc2026regma,"Best Pokemon, teams, and builds in Pokemon Champions VGC 2026",https://pikalytics.com/pokedex/gen9championsvgc2026regma,6,6,HyogaVGC,HyogaVGC,9-0,9,0,0,9,100.00,Sketch Academy Sunday Regulation M-B Tournament,2026-07-06,1,1,68,Sketch Academy Sunday Regulation M-B Tournament Rank #1,https://play.limitlesstcg.com/tournament/6a420efa83fd320299bd3c35/player/hyogavgc/teamlist,https://play.limitlesstcg.com/tournament/6a420efa83fd320299bd3c35/standings,Incineroar:Sinistcha:Sneasler:Kingambit:Delphox-Mega:Blastoise-Mega,Incineroar,Sinistcha,Sneasler,Kingambit,Delphox-Mega,Blastoise-Mega,Sitrus Berry,Kasib Berry,Focus Sash,Life Orb,Delphoxite,Blastoisinite,Intimidate,Hospitality,Poison Touch,Defiant,Blaze,Rain Dish,Flare Blitz:Throat Chop:Parting Shot:Fake Out,Matcha Gotcha:Rage Powder:Trick Room:Protect,Close Combat:Poison Jab:Quick Guard:Fake Out,Kowtow Cleave:Sucker Punch:Swords Dance:Protect,Heat Wave:Psyshock:Nasty Plot:Protect,Water Spout:Dark Pulse:Shell Smash:Protect
2026-07-15,2026-07-15T12:00:06Z,pikalytics,gen9championsvgc2026regma,"Best Pokemon, teams, and builds in Pokemon Champions VGC 2026",https://pikalytics.com/pokedex/gen9championsvgc2026regma,10,6,averagememer57,averagememer57,8-0,8,0,0,8,100.00,The Drywalls Series #10,2026-07-06,1,1,76,The Drywalls Series #10 Rank #1,https://play.limitlesstcg.com/tournament/6a4a47fd063cb29d318e3d02/player/averagememer57/teamlist,https://play.limitlesstcg.com/tournament/6a4a47fd063cb29d318e3d02/standings,Charizard-Mega-Y:Aerodactyl-Mega:Farigiraf:Garchomp:Sylveon:Kingambit,Charizard-Mega-Y,Aerodactyl-Mega,Farigiraf,Garchomp,Sylveon,Kingambit,Charizardite Y,Aerodactylite,Sitrus Berry,Life Orb,Fairy Feather,Focus Sash,Blaze,Unnerve,Armor Tail,Rough Skin,Pixilate,Defiant,Heat Wave:Weather Ball:Solar Beam:Protect,Rock Slide:Dual Wingbeat:Ice Fang:Tailwind,Psychic:Trick Room:Roar:Thunderbolt,Earthquake:Stomping Tantrum:Dragon Claw:Protect,Hyper Voice:Hyper Beam:Quick Attack:Detect,Kowtow Cleave:Sucker Punch:Iron Head:Low Kick
